<JSC034_Zao_1944.xml>
  <sections>
    <bow>
      <model>japan\ship\cruiser\JSC034_Zao_1944\JSC034_Zao_1944_bow_ports.model</model>
        <node>
           <name>HP_JGA_1</name>
           <model>japan\gun\aaircraft\JGA096_40mm_Bofors\JGA096_40mm_Bofors.model</model>
        </node>
        <node>
           <name>HP_JGA_2</name>
           <model>japan\gun\aaircraft\JGA018_25mm_Type96_single\JGA018_25mm_Type96_single.model</model>
        </node>
        <node>
           <name>HP_JGA_3</name>
           <model>japan\gun\aaircraft\JGA018_25mm_Type96_single\JGA018_25mm_Type96_single.model</model>
        </node>
        <node>
           <name>HP_JGA_4</name>
           <model>japan\gun\aaircraft\JGA096_40mm_Bofors\JGA096_40mm_Bofors.model</model>
        </node>
        <node>
           <name>HP_JGA_5</name>
           <model>japan\gun\aaircraft\JGA096_40mm_Bofors\JGA096_40mm_Bofors.model</model>
        </node>
        <node>
           <name>MP_JM141JSC034Bow_0_0</name>
           <model>japan\misc\JM141JSC034Bow\JM141JSC034Bow.model</model>
        </node>
        <node>
           <name>MP_JM033JSC034Bow_0_0</name>
           <model>japan\misc\JM033JSC034Bow\JM033JSC034Bow.model</model>
        </node>
        <node>
           <name>MP_JM064JSC034Bow_0_0</name>
           <model>japan\misc\JM064JSC034Bow\JM064JSC034Bow.model</model>
        </node>
        <node>
           <name>MP_JM058JSC034Bow_0_0</name>
           <model>japan\misc\JM058JSC034Bow\JM058JSC034Bow.model</model>
        </node>
        <node>
           <name>MP_JM029JSC034Bow_0_0</name>
           <model>japan\misc\JM029JSC034Bow\JM029JSC034Bow.model</model>
        </node>
        <node>
           <name>MP_JM168JSC034Bow_0_0</name>
           <model>japan\misc\JM168JSC034Bow\JM168JSC034Bow.model</model>
        </node>
        <node>
           <name>MP_JM062JSC034Bow_0_0</name>
           <model>japan\misc\JM062JSC034Bow\JM062JSC034Bow.model</model>
        </node>
        <node>
           <name>MP_JM119JSC034Bow_0_0</name>
           <model>japan\misc\JM119JSC034Bow\JM119JSC034Bow.model</model>
        </node>
        <node>
           <name>MP_CM086JSC034Bow_0_0</name>
           <model>common\misc\CM086JSC034Bow\CM086JSC034Bow.model</model>
        </node>
        <node>
           <name>MP_CM087JSC034Bow_0_0</name>
           <model>common\misc\CM087JSC034Bow\CM087JSC034Bow.model</model>
        </node>
        <node>
           <name>MP_JM018_Ventilators_2</name>
           <model>japan\misc\JM018\JM018.model</model>
        </node>
        <node>
           <name>MP_JM052_Deck_Hatch_1</name>
           <model>japan\misc\JM052\JM052.model</model>
        </node>
        <node>
           <name>MP_CM008JSC034Bow_0_0</name>
           <model>common\misc\CM008JSC034Bow\CM008JSC034Bow.model</model>
        </node>
        <node>
           <name>MP_CM019_Wood_Box_2</name>
           <model>common\misc\CM019\CM019.model</model>
        </node>
        <node>
           <name>MP_JM020JSC034Bow_0_0</name>
           <model>japan\misc\JM020JSC034Bow\JM020JSC034Bow.model</model>
        </node>
        <node>
           <name>MP_JM109_Deck_Hatch_11</name>
           <model>japan\misc\JM109\JM109.model</model>
        </node>
        <node>
           <name>MP_JM307JSC034Bow_0_0</name>
           <model>japan\misc\JM307JSC034Bow\JM307JSC034Bow.model</model>
        </node>
        <node>
           <name>MP_JM306_Chrysanthemum_mid</name>
           <model>japan\misc\JM306\JM306.model</model>
        </node>
        <node>
           <name>HP_Fire_Burn_1</name>
           <model>UNKNOWN_ITEM</model>
        </node>
    </bow>
    <midfront>
      <model>japan\ship\cruiser\JSC034_Zao_1944\JSC034_Zao_1944_MidFront_ports.model</model>
        <node>
           <name>HP_JD_1</name>
           <model>japan\director\JD019_Machine_Gun_ControlTower\JD019_Machine_Gun_ControlTower.model</model>
        </node>
        <node>
           <name>HP_JD_2</name>
           <model>japan\director\JD019_Machine_Gun_ControlTower\JD019_Machine_Gun_ControlTower.model</model>
        </node>
        <node>
           <name>HP_JD_3</name>
           <model>japan\director\JD019_Machine_Gun_ControlTower\JD019_Machine_Gun_ControlTower.model</model>
        </node>
        <node>
           <name>HP_JD_4</name>
           <model>japan\director\JD059_Torpedo_Director\JD059_Torpedo_Director.model</model>
        </node>
        <node>
           <name>HP_JD_5</name>
           <model>japan\director\JD059_Torpedo_Director\JD059_Torpedo_Director.model</model>
        </node>
        <node>
           <name>HP_JD_6</name>
           <model>japan\director\JD036_Director_Type_95_Mod3\JD036_Director_Type_95_Mod3.model</model>
        </node>
        <node>
           <name>HP_JD_7</name>
           <model>japan\director\JD019_Machine_Gun_ControlTower\JD019_Machine_Gun_ControlTower.model</model>
        </node>
        <node>
           <name>HP_JD_8</name>
           <model>japan\director\JD019_Machine_Gun_ControlTower\JD019_Machine_Gun_ControlTower.model</model>
        </node>
        <node>
           <name>HP_JF_1</name>
           <model>japan\finder\JF012_Rangefinder_1_5m_Fuso\JF012_Rangefinder_1_5m_Fuso.model</model>
        </node>
        <node>
           <name>HP_JF_2</name>
           <model>japan\finder\JF012_Rangefinder_1_5m_Fuso\JF012_Rangefinder_1_5m_Fuso.model</model>
        </node>
        <node>
           <name>HP_JF_3</name>
           <model>japan\finder\JF077_Rangefinder_6m\JF077_Rangefinder_6m.model</model>
        </node>
        <node>
           <name>HP_JF_4</name>
           <model>japan\finder\JF017_Rangefinder_4_5m\JF017_Rangefinder_4_5m.model</model>
        </node>
        <node>
           <name>HP_JF_5</name>
           <model>japan\finder\JF017_Rangefinder_4_5m\JF017_Rangefinder_4_5m.model</model>
        </node>
        <node>
           <name>HP_JGA_6</name>
           <model>japan\gun\aaircraft\JGA096_40mm_Bofors\JGA096_40mm_Bofors.model</model>
        </node>
        <node>
           <name>HP_JGA_7</name>
           <model>japan\gun\aaircraft\JGA096_40mm_Bofors\JGA096_40mm_Bofors.model</model>
        </node>
        <node>
           <name>HP_JGA_8</name>
           <model>japan\gun\aaircraft\JGA018_25mm_Type96_single\JGA018_25mm_Type96_single.model</model>
        </node>
        <node>
           <name>HP_JGA_9</name>
           <model>japan\gun\aaircraft\JGA018_25mm_Type96_single\JGA018_25mm_Type96_single.model</model>
        </node>
        <node>
           <name>HP_JGA_10</name>
           <model>japan\gun\aaircraft\JGA018_25mm_Type96_single\JGA018_25mm_Type96_single.model</model>
        </node>
        <node>
           <name>HP_JGA_11</name>
           <model>japan\gun\aaircraft\JGA018_25mm_Type96_single\JGA018_25mm_Type96_single.model</model>
        </node>
        <node>
           <name>HP_JGA_12</name>
           <model>japan\gun\aaircraft\JGA010_25mm_Type96\JGA010_25mm_Type96.model</model>
        </node>
        <node>
           <name>HP_JGA_13</name>
           <model>japan\gun\aaircraft\JGA010_25mm_Type96\JGA010_25mm_Type96.model</model>
        </node>
        <node>
           <name>HP_JGA_14</name>
           <model>japan\gun\aaircraft\JGA010_25mm_Type96\JGA010_25mm_Type96.model</model>
        </node>
        <node>
           <name>HP_JGA_15</name>
           <model>japan\gun\aaircraft\JGA010_25mm_Type96\JGA010_25mm_Type96.model</model>
        </node>
        <node>
           <name>HP_JGA_16</name>
           <model>japan\gun\aaircraft\JGA010_25mm_Type96\JGA010_25mm_Type96.model</model>
        </node>
        <node>
           <name>HP_JGA_17</name>
           <model>japan\gun\aaircraft\JGA010_25mm_Type96\JGA010_25mm_Type96.model</model>
        </node>
        <node>
           <name>HP_JGA_18</name>
           <model>japan\gun\aaircraft\JGA010_25mm_Type96\JGA010_25mm_Type96.model</model>
        </node>
        <node>
           <name>HP_JGA_19</name>
           <model>japan\gun\aaircraft\JGA010_25mm_Type96\JGA010_25mm_Type96.model</model>
        </node>
        <node>
           <name>HP_JGA_20</name>
           <model>japan\gun\aaircraft\JGA010_25mm_Type96\JGA010_25mm_Type96.model</model>
        </node>
        <node>
           <name>HP_JGA_21</name>
           <model>japan\gun\aaircraft\JGA010_25mm_Type96\JGA010_25mm_Type96.model</model>
        </node>
        <node>
           <name>HP_JGM_1</name>
           <model>japan\gun\main\JGM095_203mm55\JGM095_203mm55.model</model>
        </node>
        <node>
           <name>HP_JGM_2</name>
           <model>japan\gun\main\JGM092_203mm55\JGM092_203mm55.model</model>
        </node>
        <node>
           <name>HP_JGS_1</name>
           <model>japan\gun\main\JGM055_100mm65_Type98\JGM055_100mm65_Type98.model</model>
        </node>
        <node>
           <name>HP_JGS_2</name>
           <model>japan\gun\main\JGM055_100mm65_Type98\JGM055_100mm65_Type98.model</model>
        </node>
        <node>
           <name>HP_JGS_3</name>
           <model>japan\gun\main\JGM055_100mm65_Type98\JGM055_100mm65_Type98.model</model>
        </node>
        <node>
           <name>HP_JGS_4</name>
           <model>japan\gun\main\JGM055_100mm65_Type98\JGM055_100mm65_Type98.model</model>
        </node>
        <node>
           <name>HP_JGS_6</name>
           <model>japan\gun\main\JGM055_100mm65_Type98\JGM055_100mm65_Type98.model</model>
        </node>
        <node>
           <name>HP_JGS_5</name>
           <model>japan\gun\main\JGM055_100mm65_Type98\JGM055_100mm65_Type98.model</model>
        </node>
        <node>
           <name>HP_JRS_1</name>
           <model>japan\radar\search\JRS062_Radar_Type_A6\JRS062_Radar_Type_A6.model</model>
        </node>
        <node>
           <name>HP_JRS_2</name>
           <model>japan\radar\search\JRS079_Radar_Type_23\JRS079_Radar_Type_23.model</model>
        </node>
        <node>
           <name>HP_JRS_3</name>
           <model>japan\radar\search\JRS010_Radar_Type_13\JRS010_Radar_Type_13.model</model>
        </node>
        <node>
           <name>HP_JGA_23</name>
           <model>japan\gun\aaircraft\JGA018_25mm_Type96_single\JGA018_25mm_Type96_single.model</model>
        </node>
        <node>
           <name>HP_JGA_22</name>
           <model>japan\gun\aaircraft\JGA018_25mm_Type96_single\JGA018_25mm_Type96_single.model</model>
        </node>
        <node>
           <name>HP_flag_1</name>
           <model>japan\misc\JM001\JM001.model</model>
        </node>
        <node>
           <name>HP_flag_2</name>
           <model>japan\misc\JM001\JM001.model</model>
        </node>
        <node>
           <name>HP_flag_3</name>
           <model>japan\misc\JM001\JM001.model</model>
        </node>
        <node>
           <name>HP_flag_4</name>
           <model>japan\misc\JM001\JM001.model</model>
        </node>
        <node>
           <name>MP_JM271JSC034MidFront_0_0</name>
           <model>japan\misc\JM271JSC034MidFront\JM271JSC034MidFront.model</model>
        </node>
        <node>
           <name>MP_JM202JSC034MidFront_0_0</name>
           <model>japan\misc\JM202JSC034MidFront\JM202JSC034MidFront.model</model>
        </node>
        <node>
           <name>MP_JM002JSC034MidFront_0_0</name>
           <model>japan\misc\JM002JSC034MidFront\JM002JSC034MidFront.model</model>
        </node>
        <node>
           <name>MP_JM267_Wall_ring</name>
           <model>japan\misc\JM267\JM267.model</model>
        </node>
        <node>
           <name>MP_JM107JSC034MidFront_0_0</name>
           <model>japan\misc\JM107JSC034MidFront\JM107JSC034MidFront.model</model>
        </node>
        <node>
           <name>MP_CM004JSC034MidFront_0_0</name>
           <model>common\misc\CM004JSC034MidFront\CM004JSC034MidFront.model</model>
        </node>
        <node>
           <name>MP_JM093_Running_Lights_L</name>
           <model>japan\misc\JM093\JM093.model</model>
        </node>
        <node>
           <name>MP_JM248_Electric_gauge_R</name>
           <model>japan\misc\JM248\JM248.model</model>
        </node>
        <node>
           <name>MP_CM009JSC034MidFront_0_0</name>
           <model>common\misc\CM009JSC034MidFront\CM009JSC034MidFront.model</model>
        </node>
        <node>
           <name>MP_JM011JSC034MidFront_0_0</name>
           <model>japan\misc\JM011JSC034MidFront\JM011JSC034MidFront.model</model>
        </node>
        <node>
           <name>MP_CM029JSC034MidFront_0_0</name>
           <model>common\misc\CM029JSC034MidFront\CM029JSC034MidFront.model</model>
        </node>
        <node>
           <name>MP_JM145JSC034MidFront_0_0</name>
           <model>japan\misc\JM145JSC034MidFront\JM145JSC034MidFront.model</model>
        </node>
        <node>
           <name>MP_JM062JSC034MidFront_0_0</name>
           <model>japan\misc\JM062JSC034MidFront\JM062JSC034MidFront.model</model>
        </node>
        <node>
           <name>MP_JM031_Wind_Intensity</name>
           <model>japan\misc\JM031\JM031.model</model>
        </node>
        <node>
           <name>MP_CM014JSC034MidFront_0_0</name>
           <model>common\misc\CM014JSC034MidFront\CM014JSC034MidFront.model</model>
        </node>
        <node>
           <name>MP_JM265JSC034MidFront_0_0</name>
           <model>japan\misc\JM265JSC034MidFront\JM265JSC034MidFront.model</model>
        </node>
        <node>
           <name>MP_JM013JSC034MidFront_0_0</name>
           <model>japan\misc\JM013JSC034MidFront\JM013JSC034MidFront.model</model>
        </node>
        <node>
           <name>MP_JM268JSC034MidFront_0_0</name>
           <model>japan\misc\JM268JSC034MidFront\JM268JSC034MidFront.model</model>
        </node>
        <node>
           <name>MP_JM017JSC034MidFront_0_0</name>
           <model>japan\misc\JM017JSC034MidFront\JM017JSC034MidFront.model</model>
        </node>
        <node>
           <name>MP_JM266JSC034MidFront_0_0</name>
           <model>japan\misc\JM266JSC034MidFront\JM266JSC034MidFront.model</model>
        </node>
        <node>
           <name>MP_JM019JSC034MidFront_0_0</name>
           <model>japan\misc\JM019JSC034MidFront\JM019JSC034MidFront.model</model>
        </node>
        <node>
           <name>MP_JM058JSC034MidFront_0_0</name>
           <model>japan\misc\JM058JSC034MidFront\JM058JSC034MidFront.model</model>
        </node>
        <node>
           <name>MP_JM055JSC034MidFront_0_0</name>
           <model>japan\misc\JM055JSC034MidFront\JM055JSC034MidFront.model</model>
        </node>
        <node>
           <name>MP_JM261_Fuse_box_1</name>
           <model>japan\misc\JM261\JM261.model</model>
        </node>
        <node>
           <name>MP_JM125JSC034MidFront_0_0</name>
           <model>japan\misc\JM125JSC034MidFront\JM125JSC034MidFront.model</model>
        </node>
        <node>
           <name>MP_JM168JSC034MidFront_0_0</name>
           <model>japan\misc\JM168JSC034MidFront\JM168JSC034MidFront.model</model>
        </node>
        <node>
           <name>MP_JM008JSC034MidFront_0_0</name>
           <model>japan\misc\JM008JSC034MidFront\JM008JSC034MidFront.model</model>
        </node>
        <node>
           <name>MP_JM251JSC034MidFront_0_0</name>
           <model>japan\misc\JM251JSC034MidFront\JM251JSC034MidFront.model</model>
        </node>
        <node>
           <name>MP_CM010JSC034MidFront_0_0</name>
           <model>common\misc\CM010JSC034MidFront\CM010JSC034MidFront.model</model>
        </node>
        <node>
           <name>MP_CM019JSC034MidFront_0_0</name>
           <model>common\misc\CM019JSC034MidFront\CM019JSC034MidFront.model</model>
        </node>
        <node>
           <name>MP_JM260JSC034MidFront_0_0</name>
           <model>japan\misc\JM260JSC034MidFront\JM260JSC034MidFront.model</model>
        </node>
        <node>
           <name>MP_JM119JSC034MidFront_0_0</name>
           <model>japan\misc\JM119JSC034MidFront\JM119JSC034MidFront.model</model>
        </node>
        <node>
           <name>MP_JM109JSC034MidFront_0_0</name>
           <model>japan\misc\JM109JSC034MidFront\JM109JSC034MidFront.model</model>
        </node>
        <node>
           <name>MP_JM099JSC034MidFront_0_0</name>
           <model>japan\misc\JM099JSC034MidFront\JM099JSC034MidFront.model</model>
        </node>
        <node>
           <name>MP_JM166JSC034MidFront_0_0</name>
           <model>japan\misc\JM166JSC034MidFront\JM166JSC034MidFront.model</model>
        </node>
        <node>
           <name>MP_JM259JSC034MidFront_0_0</name>
           <model>japan\misc\JM259JSC034MidFront\JM259JSC034MidFront.model</model>
        </node>
        <node>
           <name>MP_JM021JSC034MidFront_0_0</name>
           <model>japan\misc\JM021JSC034MidFront\JM021JSC034MidFront.model</model>
        </node>
        <node>
           <name>MP_CM059JSC034MidFront_0_0</name>
           <model>common\misc\CM059JSC034MidFront\CM059JSC034MidFront.model</model>
        </node>
        <node>
           <name>MP_CM012JSC034MidFront_0_0</name>
           <model>common\misc\CM012JSC034MidFront\CM012JSC034MidFront.model</model>
        </node>
        <node>
           <name>MP_JM010JSC034MidFront_0_0</name>
           <model>japan\misc\JM010JSC034MidFront\JM010JSC034MidFront.model</model>
        </node>
        <node>
           <name>MP_CM011JSC034MidFront_0_0</name>
           <model>common\misc\CM011JSC034MidFront\CM011JSC034MidFront.model</model>
        </node>
        <node>
           <name>MP_JM037JSC034MidFront_0_0</name>
           <model>japan\misc\JM037JSC034MidFront\JM037JSC034MidFront.model</model>
        </node>
        <node>
           <name>MP_JM250JSC034MidFront_0_0</name>
           <model>japan\misc\JM250JSC034MidFront\JM250JSC034MidFront.model</model>
        </node>
        <node>
           <name>MP_JM039JSC034MidFront_0_0</name>
           <model>japan\misc\JM039JSC034MidFront\JM039JSC034MidFront.model</model>
        </node>
        <node>
           <name>MP_JM113JSC034MidFront_0_0</name>
           <model>japan\misc\JM113JSC034MidFront\JM113JSC034MidFront.model</model>
        </node>
        <node>
           <name>MP_JM030_Wind_Direction</name>
           <model>japan\misc\JM030\JM030.model</model>
        </node>
        <node>
           <name>MP_JM255JSC034MidFront_0_0</name>
           <model>japan\misc\JM255JSC034MidFront\JM255JSC034MidFront.model</model>
        </node>
        <node>
           <name>MP_JM234JSC034MidFront_0_0</name>
           <model>japan\misc\JM234JSC034MidFront\JM234JSC034MidFront.model</model>
        </node>
        <node>
           <name>MP_JM092_Running_Lights_R</name>
           <model>japan\misc\JM092\JM092.model</model>
        </node>
        <node>
           <name>MP_JM020JSC034MidFront_0_0</name>
           <model>japan\misc\JM020JSC034MidFront\JM020JSC034MidFront.model</model>
        </node>
        <node>
           <name>MP_JM263_Small_fuse_box</name>
           <model>japan\misc\JM263\JM263.model</model>
        </node>
        <node>
           <name>MP_JM262JSC034MidFront_0_0</name>
           <model>japan\misc\JM262JSC034MidFront\JM262JSC034MidFront.model</model>
        </node>
        <node>
           <name>MP_JM108JSC034MidFront_0_0</name>
           <model>japan\misc\JM108JSC034MidFront\JM108JSC034MidFront.model</model>
        </node>
        <node>
           <name>MP_JM247JSC034MidFront_0_0</name>
           <model>japan\misc\JM247JSC034MidFront\JM247JSC034MidFront.model</model>
        </node>
        <node>
           <name>MP_JM264_Wall_trigger_1</name>
           <model>japan\misc\JM264\JM264.model</model>
        </node>
        <node>
           <name>MP_CM008JSC034MidFront_0_0</name>
           <model>common\misc\CM008JSC034MidFront\CM008JSC034MidFront.model</model>
        </node>
        <node>
           <name>MP_JM009JSC034MidFront_0_0</name>
           <model>japan\misc\JM009JSC034MidFront\JM009JSC034MidFront.model</model>
        </node>
        <node>
           <name>MP_JM249_Gauge_1</name>
           <model>japan\misc\JM249\JM249.model</model>
        </node>
        <node>
           <name>MP_JM257JSC034MidFront_0_0</name>
           <model>japan\misc\JM257JSC034MidFront\JM257JSC034MidFront.model</model>
        </node>
        <node>
           <name>MP_JM111_Deck_Hatch_13</name>
           <model>japan\misc\JM111\JM111.model</model>
        </node>
        <node>
           <name>HP_Smoke_1</name>
           <model>UNKNOWN_ITEM</model>
        </node>
        <node>
           <name>HP_Smoke_2</name>
           <model>UNKNOWN_ITEM</model>
        </node>
        <node>
           <name>HP_NoseWave_Speed</name>
           <model>UNKNOWN_ITEM</model>
        </node>
        <node>
           <name>HP_Fire_Burn_2</name>
           <model>UNKNOWN_ITEM</model>
        </node>
    </midfront>
    <midback>
      <model>japan\ship\cruiser\JSC034_Zao_1944\JSC034_Zao_1944_MidBack_ports.model</model>
        <node>
           <name>HP_JD_9</name>
           <model>japan\director\JD036_Director_Type_95_Mod3\JD036_Director_Type_95_Mod3.model</model>
        </node>
        <node>
           <name>HP_JD_10</name>
           <model>japan\director\JD019_Machine_Gun_ControlTower\JD019_Machine_Gun_ControlTower.model</model>
        </node>
        <node>
           <name>HP_JD_11</name>
           <model>japan\director\JD019_Machine_Gun_ControlTower\JD019_Machine_Gun_ControlTower.model</model>
        </node>
        <node>
           <name>HP_JF_6</name>
           <model>japan\finder\JF077_Rangefinder_6m\JF077_Rangefinder_6m.model</model>
        </node>
        <node>
           <name>HP_JF_7</name>
           <model>japan\finder\JF017_Rangefinder_4_5m\JF017_Rangefinder_4_5m.model</model>
        </node>
        <node>
           <name>HP_JF_8</name>
           <model>japan\finder\JF017_Rangefinder_4_5m\JF017_Rangefinder_4_5m.model</model>
        </node>
        <node>
           <name>HP_JGA_24</name>
           <model>japan\gun\aaircraft\JGA018_25mm_Type96_single\JGA018_25mm_Type96_single.model</model>
        </node>
        <node>
           <name>HP_JGA_25</name>
           <model>japan\gun\aaircraft\JGA018_25mm_Type96_single\JGA018_25mm_Type96_single.model</model>
        </node>
        <node>
           <name>HP_JGA_26</name>
           <model>japan\gun\aaircraft\JGA018_25mm_Type96_single\JGA018_25mm_Type96_single.model</model>
        </node>
        <node>
           <name>HP_JGA_27</name>
           <model>japan\gun\aaircraft\JGA018_25mm_Type96_single\JGA018_25mm_Type96_single.model</model>
        </node>
        <node>
           <name>HP_JGA_28</name>
           <model>japan\gun\aaircraft\JGA010_25mm_Type96\JGA010_25mm_Type96.model</model>
        </node>
        <node>
           <name>HP_JGA_29</name>
           <model>japan\gun\aaircraft\JGA018_25mm_Type96_single\JGA018_25mm_Type96_single.model</model>
        </node>
        <node>
           <name>HP_JGA_30</name>
           <model>japan\gun\aaircraft\JGA018_25mm_Type96_single\JGA018_25mm_Type96_single.model</model>
        </node>
        <node>
           <name>HP_JGA_31</name>
           <model>japan\gun\aaircraft\JGA096_40mm_Bofors\JGA096_40mm_Bofors.model</model>
        </node>
        <node>
           <name>HP_JGA_32</name>
           <model>japan\gun\aaircraft\JGA096_40mm_Bofors\JGA096_40mm_Bofors.model</model>
        </node>
        <node>
           <name>HP_JGM_3</name>
           <model>japan\gun\main\JGM092_203mm55\JGM092_203mm55.model</model>
        </node>
        <node>
           <name>MP_CM029JSC034MidBack_0_0</name>
           <model>common\misc\CM029JSC034MidBack\CM029JSC034MidBack.model</model>
        </node>
        <node>
           <name>MP_JM125JSC034MidBack_0_0</name>
           <model>japan\misc\JM125JSC034MidBack\JM125JSC034MidBack.model</model>
        </node>
        <node>
           <name>MP_CM009JSC034MidBack_0_0</name>
           <model>common\misc\CM009JSC034MidBack\CM009JSC034MidBack.model</model>
        </node>
        <node>
           <name>MP_JM126JSC034MidBack_0_0</name>
           <model>japan\misc\JM126JSC034MidBack\JM126JSC034MidBack.model</model>
        </node>
        <node>
           <name>MP_JM157JSC034MidBack_0_0</name>
           <model>japan\misc\JM157JSC034MidBack\JM157JSC034MidBack.model</model>
        </node>
        <node>
           <name>MP_JM020JSC034MidBack_0_0</name>
           <model>japan\misc\JM020JSC034MidBack\JM020JSC034MidBack.model</model>
        </node>
        <node>
           <name>MP_JM021JSC034MidBack_0_0</name>
           <model>japan\misc\JM021JSC034MidBack\JM021JSC034MidBack.model</model>
        </node>
        <node>
           <name>MP_JM119JSC034MidBack_0_0</name>
           <model>japan\misc\JM119JSC034MidBack\JM119JSC034MidBack.model</model>
        </node>
        <node>
           <name>MP_CM012JSC034MidBack_0_0</name>
           <model>common\misc\CM012JSC034MidBack\CM012JSC034MidBack.model</model>
        </node>
        <node>
           <name>MP_JM211_Day_Light_WindDir</name>
           <model>japan\misc\JM211\JM211.model</model>
        </node>
        <node>
           <name>MP_JM037JSC034MidBack_0_0</name>
           <model>japan\misc\JM037JSC034MidBack\JM037JSC034MidBack.model</model>
        </node>
        <node>
           <name>MP_CM014JSC034MidBack_0_0</name>
           <model>common\misc\CM014JSC034MidBack\CM014JSC034MidBack.model</model>
        </node>
        <node>
           <name>MP_JM058JSC034MidBack_0_0</name>
           <model>japan\misc\JM058JSC034MidBack\JM058JSC034MidBack.model</model>
        </node>
        <node>
           <name>MP_JM202JSC034MidBack_0_0</name>
           <model>japan\misc\JM202JSC034MidBack\JM202JSC034MidBack.model</model>
        </node>
        <node>
           <name>MP_JM010JSC034MidBack_0_0</name>
           <model>japan\misc\JM010JSC034MidBack\JM010JSC034MidBack.model</model>
        </node>
        <node>
           <name>MP_JM225_Motor_Boats_9m</name>
           <model>japan\misc\JM225\JM225.model</model>
        </node>
        <node>
           <name>MP_JM018JSC034MidBack_0_0</name>
           <model>japan\misc\JM018JSC034MidBack\JM018JSC034MidBack.model</model>
        </node>
        <node>
           <name>MP_JM109JSC034MidBack_0_0</name>
           <model>japan\misc\JM109JSC034MidBack\JM109JSC034MidBack.model</model>
        </node>
        <node>
           <name>MP_JM011_Day_Light</name>
           <model>japan\misc\JM011\JM011.model</model>
        </node>
        <node>
           <name>MP_JM110_Deck_Hatch_12</name>
           <model>japan\misc\JM110\JM110.model</model>
        </node>
        <node>
           <name>MP_CM004JSC034MidBack_0_0</name>
           <model>common\misc\CM004JSC034MidBack\CM004JSC034MidBack.model</model>
        </node>
        <node>
           <name>MP_CM011JSC034MidBack_0_0</name>
           <model>common\misc\CM011JSC034MidBack\CM011JSC034MidBack.model</model>
        </node>
        <node>
           <name>MP_JM015JSC034MidBack_0_0</name>
           <model>japan\misc\JM015JSC034MidBack\JM015JSC034MidBack.model</model>
        </node>
        <node>
           <name>MP_JM019JSC034MidBack_0_0</name>
           <model>japan\misc\JM019JSC034MidBack\JM019JSC034MidBack.model</model>
        </node>
        <node>
           <name>MP_JM017JSC034MidBack_0_0</name>
           <model>japan\misc\JM017JSC034MidBack\JM017JSC034MidBack.model</model>
        </node>
        <node>
           <name>MP_JM038_Motor_Boats_11m</name>
           <model>japan\misc\JM038\JM038.model</model>
        </node>
        <node>
           <name>MP_JM124JSC034MidBack_0_0</name>
           <model>japan\misc\JM124JSC034MidBack\JM124JSC034MidBack.model</model>
        </node>
        <node>
           <name>HP_Fire_Burn_3</name>
           <model>UNKNOWN_ITEM</model>
        </node>
    </midback>
    <stern>
      <model>japan\ship\cruiser\JSC034_Zao_1944\JSC034_Zao_1944_Stern_ports.model</model>
        <node>
           <name>HP_JC_1</name>
           <model>japan\catapult\JC002_Catapult\JC002_Catapult.model</model>
        </node>
        <node>
           <name>HP_JGA_33</name>
           <model>japan\gun\aaircraft\JGA096_40mm_Bofors\JGA096_40mm_Bofors.model</model>
        </node>
        <node>
           <name>HP_JGA_34</name>
           <model>japan\gun\aaircraft\JGA096_40mm_Bofors\JGA096_40mm_Bofors.model</model>
        </node>
        <node>
           <name>HP_JGA_35</name>
           <model>japan\gun\aaircraft\JGA018_25mm_Type96_single\JGA018_25mm_Type96_single.model</model>
        </node>
        <node>
           <name>HP_JGA_36</name>
           <model>japan\gun\aaircraft\JGA018_25mm_Type96_single\JGA018_25mm_Type96_single.model</model>
        </node>
        <node>
           <name>HP_JGA_37</name>
           <model>japan\gun\aaircraft\JGA018_25mm_Type96_single\JGA018_25mm_Type96_single.model</model>
        </node>
        <node>
           <name>HP_JGA_38</name>
           <model>japan\gun\aaircraft\JGA018_25mm_Type96_single\JGA018_25mm_Type96_single.model</model>
        </node>
        <node>
           <name>HP_JGA_39</name>
           <model>japan\gun\aaircraft\JGA018_25mm_Type96_single\JGA018_25mm_Type96_single.model</model>
        </node>
        <node>
           <name>HP_JGA_40</name>
           <model>japan\gun\aaircraft\JGA018_25mm_Type96_single\JGA018_25mm_Type96_single.model</model>
        </node>
        <node>
           <name>HP_JGM_4</name>
           <model>japan\gun\main\JGM095_203mm55\JGM095_203mm55.model</model>
        </node>
        <node>
           <name>HP_JGT_1</name>
           <model>japan\gun\torpedo\JGT090_610mm5_Type_93R\JGT090_610mm5_Type_93R.model</model>
        </node>
        <node>
           <name>HP_JGT_2</name>
           <model>japan\gun\torpedo\JGT089_610mm5_Type_93L\JGT089_610mm5_Type_93L.model</model>
        </node>
        <node>
           <name>HP_JGT_3</name>
           <model>japan\gun\torpedo\JGT090_610mm5_Type_93R\JGT090_610mm5_Type_93R.model</model>
        </node>
        <node>
           <name>HP_JGT_4</name>
           <model>japan\gun\torpedo\JGT089_610mm5_Type_93L\JGT089_610mm5_Type_93L.model</model>
        </node>
        <node>
           <name>HP_flag_nation</name>
           <model>japan\misc\JM001\JM001.model</model>
        </node>
        <node>
           <name>MP_JM137JSC034Stern_0_0</name>
           <model>japan\misc\JM137JSC034Stern\JM137JSC034Stern.model</model>
        </node>
        <node>
           <name>MP_JM058JSC034Stern_0_0</name>
           <model>japan\misc\JM058JSC034Stern\JM058JSC034Stern.model</model>
        </node>
        <node>
           <name>MP_JM220JSC034Stern_0_0</name>
           <model>japan\misc\JM220JSC034Stern\JM220JSC034Stern.model</model>
        </node>
        <node>
           <name>MP_CM059JSC034Stern_0_0</name>
           <model>common\misc\CM059JSC034Stern\CM059JSC034Stern.model</model>
        </node>
        <node>
           <name>MP_JM018JSC034Stern_0_0</name>
           <model>japan\misc\JM018JSC034Stern\JM018JSC034Stern.model</model>
        </node>
        <node>
           <name>MP_JM017JSC034Stern_0_0</name>
           <model>japan\misc\JM017JSC034Stern\JM017JSC034Stern.model</model>
        </node>
        <node>
           <name>MP_JM219JSC034Stern_0_0</name>
           <model>japan\misc\JM219JSC034Stern\JM219JSC034Stern.model</model>
        </node>
        <node>
           <name>MP_CM001_Propeller3_L</name>
           <model>common\misc\CM001\CM001.model</model>
        </node>
        <node>
           <name>MP_JM021JSC034Stern_0_0</name>
           <model>japan\misc\JM021JSC034Stern\JM021JSC034Stern.model</model>
        </node>
        <node>
           <name>MP_CM008JSC034Stern_0_0</name>
           <model>common\misc\CM008JSC034Stern\CM008JSC034Stern.model</model>
        </node>
        <node>
           <name>MP_CM085JSC034Stern_0_0</name>
           <model>common\misc\CM085JSC034Stern\CM085JSC034Stern.model</model>
        </node>
        <node>
           <name>MP_JM066_Aircraft_Deck_Rails</name>
           <model>japan\misc\JM066\JM066.model</model>
        </node>
        <node>
           <name>MP_JM269_Crane</name>
           <model>japan\misc\JM269\JM269.model</model>
        </node>
        <node>
           <name>MP_CM004_Barbette_Out</name>
           <model>common\misc\CM004\CM004.model</model>
        </node>
        <node>
           <name>MP_JM061_Deck_Hatch_10</name>
           <model>japan\misc\JM061\JM061.model</model>
        </node>
        <node>
           <name>MP_CM032_Propeller3_R</name>
           <model>common\misc\CM032\CM032.model</model>
        </node>
        <node>
           <name>MP_CM011JSC034Stern_0_0</name>
           <model>common\misc\CM011JSC034Stern\CM011JSC034Stern.model</model>
        </node>
        <node>
           <name>MP_JM107JSC034Stern_0_0</name>
           <model>japan\misc\JM107JSC034Stern\JM107JSC034Stern.model</model>
        </node>
        <node>
           <name>MP_JM119JSC034Stern_0_0</name>
           <model>japan\misc\JM119JSC034Stern\JM119JSC034Stern.model</model>
        </node>
        <node>
           <name>MP_JM064JSC034Stern_0_0</name>
           <model>japan\misc\JM064JSC034Stern\JM064JSC034Stern.model</model>
        </node>
        <node>
           <name>MP_JM216JSC034Stern_0_0</name>
           <model>japan\misc\JM216JSC034Stern\JM216JSC034Stern.model</model>
        </node>
        <node>
           <name>MP_CM087JSC034Stern_0_0</name>
           <model>common\misc\CM087JSC034Stern\CM087JSC034Stern.model</model>
        </node>
        <node>
           <name>MP_JM055JSC034Stern_0_0</name>
           <model>japan\misc\JM055JSC034Stern\JM055JSC034Stern.model</model>
        </node>
        <node>
           <name>MP_JM125_Signal_Lamp_3</name>
           <model>japan\misc\JM125\JM125.model</model>
        </node>
        <node>
           <name>MP_JM062JSC034Stern_0_0</name>
           <model>japan\misc\JM062JSC034Stern\JM062JSC034Stern.model</model>
        </node>
        <node>
           <name>MP_JM217_Turntable_for_aircraft</name>
           <model>japan\misc\JM217\JM217.model</model>
        </node>
        <node>
           <name>MP_CM032_Propeller3_R_INDEX_1</name>
           <model>common\misc\CM032\CM032.model</model>
        </node>
        <node>
           <name>MP_JM044_After_Capstan</name>
           <model>japan\misc\JM044\JM044.model</model>
        </node>
        <node>
           <name>MP_JM171_CraneR</name>
           <model>japan\misc\JM171\JM171.model</model>
        </node>
        <node>
           <name>MP_JM013JSC034Stern_0_0</name>
           <model>japan\misc\JM013JSC034Stern\JM013JSC034Stern.model</model>
        </node>
        <node>
           <name>MP_JM019_Ventilators_3</name>
           <model>japan\misc\JM019\JM019.model</model>
        </node>
        <node>
           <name>MP_JM170_CraneL</name>
           <model>japan\misc\JM170\JM170.model</model>
        </node>
        <node>
           <name>MP_CM001_Propeller3_L_INDEX_1</name>
           <model>common\misc\CM001\CM001.model</model>
        </node>
        <node>
           <name>MP_JM117_Crew_Exercise_Machine</name>
           <model>japan\misc\JM117\JM117.model</model>
        </node>
        <node>
           <name>HP_Fire_Burn_4</name>
           <model>UNKNOWN_ITEM</model>
        </node>
    </stern>
  </sections>
</JSC034_Zao_1944.xml>
