<ASA002_Bogue_1942.xml>
  <sections>
    <bow>
      <model>usa\ship\aircarrier\ASA002_Bogue_1942\ASA002_Bogue_1942_bow_ports.model</model>
        <node>
           <name>HP_AD_2</name>
           <model>usa\director\AD003_Director_Mk51\AD003_Director_Mk51.model</model>
        </node>
        <node>
           <name>HP_AD_1</name>
           <model>usa\director\AD003_Director_Mk51\AD003_Director_Mk51.model</model>
        </node>
        <node>
           <name>HP_AGA_4</name>
           <model>usa\gun\aaircraft\AGA002_40mm_Bofors_Mk1\AGA002_40mm_Bofors_Mk1.model</model>
        </node>
        <node>
           <name>HP_AGA_3</name>
           <model>usa\gun\aaircraft\AGA002_40mm_Bofors_Mk1\AGA002_40mm_Bofors_Mk1.model</model>
        </node>
        <node>
           <name>HP_AGA_1</name>
           <model>usa\gun\aaircraft\AGA003_20mm_Oerlikon_MK4\AGA003_20mm_Oerlikon_MK4.model</model>
        </node>
        <node>
           <name>HP_AGA_2</name>
           <model>usa\gun\aaircraft\AGA003_20mm_Oerlikon_MK4\AGA003_20mm_Oerlikon_MK4.model</model>
        </node>
        <node>
           <name>MP_AM125_Fairlead_3</name>
           <model>usa\misc\AM125\AM125.model</model>
        </node>
        <node>
           <name>MP_AM125_Fairlead_3_INDEX_1</name>
           <model>usa\misc\AM125\AM125.model</model>
        </node>
        <node>
           <name>MP_AM219_Bollard</name>
           <model>usa\misc\AM219\AM219.model</model>
        </node>
        <node>
           <name>MP_AM219_Bollard_INDEX_1</name>
           <model>usa\misc\AM219\AM219.model</model>
        </node>
        <node>
           <name>MP_AM219_Bollard_INDEX_2</name>
           <model>usa\misc\AM219\AM219.model</model>
        </node>
        <node>
           <name>MP_AM219_Bollard_INDEX_3</name>
           <model>usa\misc\AM219\AM219.model</model>
        </node>
        <node>
           <name>MP_AM219_Bollard_INDEX_4</name>
           <model>usa\misc\AM219\AM219.model</model>
        </node>
        <node>
           <name>MP_AM242_fairlead</name>
           <model>usa\misc\AM242\AM242.model</model>
        </node>
        <node>
           <name>MP_AM242_fairlead_INDEX_1</name>
           <model>usa\misc\AM242\AM242.model</model>
        </node>
        <node>
           <name>MP_AM006_Reels_1</name>
           <model>usa\misc\AM006\AM006.model</model>
        </node>
        <node>
           <name>MP_AM428_Ammunition_box</name>
           <model>usa\misc\AM428\AM428.model</model>
        </node>
        <node>
           <name>MP_AM055_Boat_1</name>
           <model>usa\misc\AM055\AM055.model</model>
        </node>
        <node>
           <name>MP_AM048_Running_Lights_L</name>
           <model>usa\misc\AM048\AM048.model</model>
        </node>
        <node>
           <name>MP_AM047_Running_Lights_R</name>
           <model>usa\misc\AM047\AM047.model</model>
        </node>
        <node>
           <name>MP_AM071_Signal_Lamp_2</name>
           <model>usa\misc\AM071\AM071.model</model>
        </node>
        <node>
           <name>MP_AM208_Hatch</name>
           <model>usa\misc\AM208\AM208.model</model>
        </node>
        <node>
           <name>MP_AM463_Binoculars</name>
           <model>usa\misc\AM463\AM463.model</model>
        </node>
        <node>
           <name>MP_AM463_Binoculars_INDEX_1</name>
           <model>usa\misc\AM463\AM463.model</model>
        </node>
        <node>
           <name>MP_AM006_Reels_1_INDEX_1</name>
           <model>usa\misc\AM006\AM006.model</model>
        </node>
        <node>
           <name>MP_CM058_Fuel_Oil_Hose</name>
           <model>common\misc\CM058\CM058.model</model>
        </node>
        <node>
           <name>MP_CM058_Fuel_Oil_Hose_INDEX_1</name>
           <model>common\misc\CM058\CM058.model</model>
        </node>
        <node>
           <name>MP_AM189_Gasoline_Station</name>
           <model>usa\misc\AM189\AM189.model</model>
        </node>
        <node>
           <name>MP_CM029_Emergency_Box</name>
           <model>common\misc\CM029\CM029.model</model>
        </node>
        <node>
           <name>MP_CM029_Emergency_Box_INDEX_1</name>
           <model>common\misc\CM029\CM029.model</model>
        </node>
        <node>
           <name>MP_CM012_Fire_Hose_Rack_1</name>
           <model>common\misc\CM012\CM012.model</model>
        </node>
        <node>
           <name>MP_CM011_Fire_Fighting_Gear</name>
           <model>common\misc\CM011\CM011.model</model>
        </node>
        <node>
           <name>MP_CM029_Emergency_Box_INDEX_2</name>
           <model>common\misc\CM029\CM029.model</model>
        </node>
        <node>
           <name>MP_CM029_Emergency_Box_INDEX_3</name>
           <model>common\misc\CM029\CM029.model</model>
        </node>
        <node>
           <name>MP_AM178_Ammunition_Box_9</name>
           <model>usa\misc\AM178\AM178.model</model>
        </node>
        <node>
           <name>MP_AM100_Spare_barrel_tube</name>
           <model>usa\misc\AM100\AM100.model</model>
        </node>
        <node>
           <name>MP_AM100_Spare_barrel_tube_INDEX_1</name>
           <model>usa\misc\AM100\AM100.model</model>
        </node>
        <node>
           <name>MP_AM445_Switch_box_2</name>
           <model>usa\misc\AM445\AM445.model</model>
        </node>
        <node>
           <name>MP_AM445_Switch_box_2_INDEX_1</name>
           <model>usa\misc\AM445\AM445.model</model>
        </node>
        <node>
           <name>MP_AM445_Switch_box_2_INDEX_2</name>
           <model>usa\misc\AM445\AM445.model</model>
        </node>
        <node>
           <name>MP_AM445_Switch_box_2_INDEX_3</name>
           <model>usa\misc\AM445\AM445.model</model>
        </node>
        <node>
           <name>MP_AM445_Switch_box_2_INDEX_4</name>
           <model>usa\misc\AM445\AM445.model</model>
        </node>
        <node>
           <name>MP_AM445_Switch_box_2_INDEX_5</name>
           <model>usa\misc\AM445\AM445.model</model>
        </node>
        <node>
           <name>MP_AM445_Switch_box_2_INDEX_6</name>
           <model>usa\misc\AM445\AM445.model</model>
        </node>
        <node>
           <name>MP_AM438_Speakerphone</name>
           <model>usa\misc\AM438\AM438.model</model>
        </node>
        <node>
           <name>MP_AM438_Speakerphone_INDEX_1</name>
           <model>usa\misc\AM438\AM438.model</model>
        </node>
        <node>
           <name>MP_AM445_Switch_box_2_INDEX_7</name>
           <model>usa\misc\AM445\AM445.model</model>
        </node>
        <node>
           <name>MP_AM157_Telephone</name>
           <model>usa\misc\AM157\AM157.model</model>
        </node>
        <node>
           <name>MP_AM157_Telephone_INDEX_1</name>
           <model>usa\misc\AM157\AM157.model</model>
        </node>
        <node>
           <name>MP_CM012_Fire_Hose_Rack_1_INDEX_1</name>
           <model>common\misc\CM012\CM012.model</model>
        </node>
        <node>
           <name>MP_CM051_Fire_Fighting_Gear</name>
           <model>common\misc\CM051\CM051.model</model>
        </node>
        <node>
           <name>MP_CM012_Fire_Hose_Rack_1_INDEX_2</name>
           <model>common\misc\CM012\CM012.model</model>
        </node>
        <node>
           <name>MP_CM051_Fire_Fighting_Gear_INDEX_1</name>
           <model>common\misc\CM051\CM051.model</model>
        </node>
        <node>
           <name>MP_AM442_Multipole_Switch</name>
           <model>usa\misc\AM442\AM442.model</model>
        </node>
        <node>
           <name>MP_AM442_Multipole_Switch_INDEX_1</name>
           <model>usa\misc\AM442\AM442.model</model>
        </node>
        <node>
           <name>MP_AM442_Multipole_Switch_INDEX_2</name>
           <model>usa\misc\AM442\AM442.model</model>
        </node>
        <node>
           <name>MP_AM442_Multipole_Switch_INDEX_3</name>
           <model>usa\misc\AM442\AM442.model</model>
        </node>
        <node>
           <name>MP_AM356_Signal_Trap</name>
           <model>usa\misc\AM356\AM356.model</model>
        </node>
        <node>
           <name>MP_AM356_Signal_Trap_INDEX_1</name>
           <model>usa\misc\AM356\AM356.model</model>
        </node>
        <node>
           <name>MP_AM445_Switch_box_2_INDEX_8</name>
           <model>usa\misc\AM445\AM445.model</model>
        </node>
        <node>
           <name>MP_AM445_Switch_box_2_INDEX_9</name>
           <model>usa\misc\AM445\AM445.model</model>
        </node>
        <node>
           <name>MP_AM342_Fairlead</name>
           <model>usa\misc\AM342\AM342.model</model>
        </node>
        <node>
           <name>MP_AM219_Bollard_INDEX_5</name>
           <model>usa\misc\AM219\AM219.model</model>
        </node>
        <node>
           <name>MP_AM538_Loading_Machine_L</name>
           <model>usa\misc\AM538\AM538.model</model>
        </node>
        <node>
           <name>MP_AM129_Turtles_box</name>
           <model>usa\misc\AM129\AM129.model</model>
        </node>
        <node>
           <name>MP_AM129_Turtles_box_INDEX_1</name>
           <model>usa\misc\AM129\AM129.model</model>
        </node>
        <node>
           <name>MP_AM129_Turtles_box_INDEX_2</name>
           <model>usa\misc\AM129\AM129.model</model>
        </node>
        <node>
           <name>MP_AM129_Turtles_box_INDEX_3</name>
           <model>usa\misc\AM129\AM129.model</model>
        </node>
        <node>
           <name>MP_AM129_Turtles_box_INDEX_4</name>
           <model>usa\misc\AM129\AM129.model</model>
        </node>
        <node>
           <name>MP_AM129_Turtles_box_INDEX_5</name>
           <model>usa\misc\AM129\AM129.model</model>
        </node>
        <node>
           <name>MP_AM129_Turtles_box_INDEX_6</name>
           <model>usa\misc\AM129\AM129.model</model>
        </node>
        <node>
           <name>MP_AM129_Turtles_box_INDEX_7</name>
           <model>usa\misc\AM129\AM129.model</model>
        </node>
        <node>
           <name>MP_AM178_Ammunition_Box_9_INDEX_1</name>
           <model>usa\misc\AM178\AM178.model</model>
        </node>
        <node>
           <name>MP_AM342_Fairlead_INDEX_1</name>
           <model>usa\misc\AM342\AM342.model</model>
        </node>
        <node>
           <name>HP_LiftOffPoint</name>
           <model>usa\aircraft\bomber\AAB003_Martin_T3M\AAB003_Martin_T3M.model</model>
        </node>
        <node>
           <name>HP_Deck_16</name>
           <model>usa\aircraft\bomber\AAB003_Martin_T3M\AAB003_Martin_T3M.model</model>
        </node>
        <node>
           <name>HP_Deck_17</name>
           <model>UNKNOWN_ITEM</model>
        </node>
        <node>
           <name>HP_Deck_18</name>
           <model>UNKNOWN_ITEM</model>
        </node>
        <node>
           <name>HP_Deck_19</name>
           <model>UNKNOWN_ITEM</model>
        </node>
        <node>
           <name>HP_Deck_20</name>
           <model>UNKNOWN_ITEM</model>
        </node>
        <node>
           <name>HP_Deck_21</name>
           <model>UNKNOWN_ITEM</model>
        </node>
        <node>
           <name>HP_Deck_22</name>
           <model>UNKNOWN_ITEM</model>
        </node>
        <node>
           <name>HP_Deck_23</name>
           <model>UNKNOWN_ITEM</model>
        </node>
        <node>
           <name>HP_Deck_24</name>
           <model>UNKNOWN_ITEM</model>
        </node>
        <node>
           <name>HP_Deck_25</name>
           <model>UNKNOWN_ITEM</model>
        </node>
        <node>
           <name>HP_Deck_26</name>
           <model>UNKNOWN_ITEM</model>
        </node>
        <node>
           <name>HP_Deck_27</name>
           <model>UNKNOWN_ITEM</model>
        </node>
        <node>
           <name>HP_Deck_28</name>
           <model>UNKNOWN_ITEM</model>
        </node>
        <node>
           <name>HP_Deck_29</name>
           <model>UNKNOWN_ITEM</model>
        </node>
        <node>
           <name>HP_Deck_30</name>
           <model>UNKNOWN_ITEM</model>
        </node>
        <node>
           <name>HP_Deck_31</name>
           <model>UNKNOWN_ITEM</model>
        </node>
        <node>
           <name>HP_Deck_32</name>
           <model>UNKNOWN_ITEM</model>
        </node>
        <node>
           <name>HP_Deck_33</name>
           <model>UNKNOWN_ITEM</model>
        </node>
        <node>
           <name>HP_Deck_34</name>
           <model>UNKNOWN_ITEM</model>
        </node>
        <node>
           <name>HP_Deck_35</name>
           <model>UNKNOWN_ITEM</model>
        </node>
        <node>
           <name>HP_Fire_Burn_1</name>
           <model>UNKNOWN_ITEM</model>
        </node>
    </bow>
    <midfront>
      <model>usa\ship\aircarrier\ASA002_Bogue_1942\ASA002_Bogue_1942_MidFront_ports.model</model>
        <node>
           <name>HP_AF_1</name>
           <model>usa\finder\AF076_Rangefinder_2_5m\AF076_Rangefinder_2_5m.model</model>
        </node>
        <node>
           <name>HP_AGA_5</name>
           <model>usa\gun\aaircraft\AGA003_20mm_Oerlikon_MK4\AGA003_20mm_Oerlikon_MK4.model</model>
        </node>
        <node>
           <name>HP_ARS_1</name>
           <model>usa\radar\search\ARS004_Radar_SG\ARS004_Radar_SG.model</model>
        </node>
        <node>
           <name>HP_ARS_2</name>
           <model>usa\radar\search\ARS019_Radar_SC\ARS019_Radar_SC.model</model>
        </node>
        <node>
           <name>HP_flag_1</name>
           <model>usa\misc\AM032\AM032.model</model>
        </node>
        <node>
           <name>HP_flag_2</name>
           <model>usa\misc\AM032\AM032.model</model>
        </node>
        <node>
           <name>HP_flag_3</name>
           <model>usa\misc\AM032\AM032.model</model>
        </node>
        <node>
           <name>HP_flag_4</name>
           <model>usa\misc\AM032\AM032.model</model>
        </node>
        <node>
           <name>HP_flag_nation</name>
           <model>usa\misc\AM032\AM032.model</model>
        </node>
        <node>
           <name>MP_CM056_Ships_bell</name>
           <model>common\misc\CM056\CM056.model</model>
        </node>
        <node>
           <name>MP_AM071_Signal_Lamp_2</name>
           <model>usa\misc\AM071\AM071.model</model>
        </node>
        <node>
           <name>MP_AM006_Reels_1</name>
           <model>usa\misc\AM006\AM006.model</model>
        </node>
        <node>
           <name>MP_AM051_Fightin_Light_R</name>
           <model>usa\misc\AM051\AM051.model</model>
        </node>
        <node>
           <name>MP_AM091_Whaleboat_26ft</name>
           <model>usa\misc\AM091\AM091.model</model>
        </node>
        <node>
           <name>MP_AM091_Whaleboat_26ft_INDEX_1</name>
           <model>usa\misc\AM091\AM091.model</model>
        </node>
        <node>
           <name>MP_AM132_Flag_Box</name>
           <model>usa\misc\AM132\AM132.model</model>
        </node>
        <node>
           <name>MP_AM132_Flag_Box_INDEX_1</name>
           <model>usa\misc\AM132\AM132.model</model>
        </node>
        <node>
           <name>MP_AM077_Paravane</name>
           <model>usa\misc\AM077\AM077.model</model>
        </node>
        <node>
           <name>MP_AM077_Paravane_INDEX_1</name>
           <model>usa\misc\AM077\AM077.model</model>
        </node>
        <node>
           <name>MP_AM077_Paravane_INDEX_2</name>
           <model>usa\misc\AM077\AM077.model</model>
        </node>
        <node>
           <name>MP_AM219_Bollard</name>
           <model>usa\misc\AM219\AM219.model</model>
        </node>
        <node>
           <name>MP_AM219_Bollard_INDEX_1</name>
           <model>usa\misc\AM219\AM219.model</model>
        </node>
        <node>
           <name>MP_AM242_fairlead</name>
           <model>usa\misc\AM242\AM242.model</model>
        </node>
        <node>
           <name>MP_AM147_winch_3</name>
           <model>usa\misc\AM147\AM147.model</model>
        </node>
        <node>
           <name>MP_AM147_winch_3_INDEX_1</name>
           <model>usa\misc\AM147\AM147.model</model>
        </node>
        <node>
           <name>MP_AM115_RDF</name>
           <model>usa\misc\AM115\AM115.model</model>
        </node>
        <node>
           <name>MP_AM298_Flight_Control_Light_R</name>
           <model>usa\misc\AM298\AM298.model</model>
        </node>
        <node>
           <name>MP_AM299_Flight_Control_Light_L</name>
           <model>usa\misc\AM299\AM299.model</model>
        </node>
        <node>
           <name>MP_AM533_Wind_Speed_Direction</name>
           <model>usa\misc\AM533\AM533.model</model>
        </node>
        <node>
           <name>MP_AM018_Compass_Binnacle</name>
           <model>usa\misc\AM018\AM018.model</model>
        </node>
        <node>
           <name>MP_AM594_Towing_Light</name>
           <model>usa\misc\AM594\AM594.model</model>
        </node>
        <node>
           <name>MP_AM594_Towing_Light_INDEX_1</name>
           <model>usa\misc\AM594\AM594.model</model>
        </node>
        <node>
           <name>MP_AM085_TBS_Antenna</name>
           <model>usa\misc\AM085\AM085.model</model>
        </node>
        <node>
           <name>MP_AM064_Wind_Intensity</name>
           <model>usa\misc\AM064\AM064.model</model>
        </node>
        <node>
           <name>MP_AM071_Signal_Lamp_2_INDEX_1</name>
           <model>usa\misc\AM071\AM071.model</model>
        </node>
        <node>
           <name>MP_AM038_Searchlight_600mm</name>
           <model>usa\misc\AM038\AM038.model</model>
        </node>
        <node>
           <name>MP_AM025_Pelorus_Mk7</name>
           <model>usa\misc\AM025\AM025.model</model>
        </node>
        <node>
           <name>MP_AM061_Sky_Lookout_1</name>
           <model>usa\misc\AM061\AM061.model</model>
        </node>
        <node>
           <name>MP_AM061_Sky_Lookout_1_INDEX_1</name>
           <model>usa\misc\AM061\AM061.model</model>
        </node>
        <node>
           <name>MP_AM061_Sky_Lookout_1_INDEX_2</name>
           <model>usa\misc\AM061\AM061.model</model>
        </node>
        <node>
           <name>MP_AM061_Sky_Lookout_1_INDEX_3</name>
           <model>usa\misc\AM061\AM061.model</model>
        </node>
        <node>
           <name>MP_AM061_Sky_Lookout_1_INDEX_4</name>
           <model>usa\misc\AM061\AM061.model</model>
        </node>
        <node>
           <name>MP_AM061_Sky_Lookout_1_INDEX_5</name>
           <model>usa\misc\AM061\AM061.model</model>
        </node>
        <node>
           <name>MP_AM025_Pelorus_Mk7_INDEX_1</name>
           <model>usa\misc\AM025\AM025.model</model>
        </node>
        <node>
           <name>MP_AM463_Binoculars</name>
           <model>usa\misc\AM463\AM463.model</model>
        </node>
        <node>
           <name>MP_AM463_Binoculars_INDEX_1</name>
           <model>usa\misc\AM463\AM463.model</model>
        </node>
        <node>
           <name>MP_AM463_Binoculars_INDEX_2</name>
           <model>usa\misc\AM463\AM463.model</model>
        </node>
        <node>
           <name>MP_AM463_Binoculars_INDEX_3</name>
           <model>usa\misc\AM463\AM463.model</model>
        </node>
        <node>
           <name>MP_AM363_sound_reproducer</name>
           <model>usa\misc\AM363\AM363.model</model>
        </node>
        <node>
           <name>MP_AM151_Gyro_Repeater</name>
           <model>usa\misc\AM151\AM151.model</model>
        </node>
        <node>
           <name>MP_AM509_Voice_Tube_2</name>
           <model>usa\misc\AM509\AM509.model</model>
        </node>
        <node>
           <name>MP_AM157_Telephone</name>
           <model>usa\misc\AM157\AM157.model</model>
        </node>
        <node>
           <name>MP_AM141_Hatch_6</name>
           <model>usa\misc\AM141\AM141.model</model>
        </node>
        <node>
           <name>MP_AM141_Hatch_6_INDEX_1</name>
           <model>usa\misc\AM141\AM141.model</model>
        </node>
        <node>
           <name>MP_AM141_Hatch_6_INDEX_2</name>
           <model>usa\misc\AM141\AM141.model</model>
        </node>
        <node>
           <name>MP_AM141_Hatch_6_INDEX_3</name>
           <model>usa\misc\AM141\AM141.model</model>
        </node>
        <node>
           <name>MP_CM080_Anchor</name>
           <model>common\misc\CM080\CM080.model</model>
        </node>
        <node>
           <name>MP_CM036_Anchor_Close</name>
           <model>common\misc\CM036\CM036.model</model>
        </node>
        <node>
           <name>MP_CM012_Fire_Hose_Rack_1</name>
           <model>common\misc\CM012\CM012.model</model>
        </node>
        <node>
           <name>MP_CM011_Fire_Fighting_Gear</name>
           <model>common\misc\CM011\CM011.model</model>
        </node>
        <node>
           <name>MP_CM012_Fire_Hose_Rack_1_INDEX_1</name>
           <model>common\misc\CM012\CM012.model</model>
        </node>
        <node>
           <name>MP_CM011_Fire_Fighting_Gear_INDEX_1</name>
           <model>common\misc\CM011\CM011.model</model>
        </node>
        <node>
           <name>MP_AM189_Gasoline_Station</name>
           <model>usa\misc\AM189\AM189.model</model>
        </node>
        <node>
           <name>MP_CM058_Fuel_Oil_Hose</name>
           <model>common\misc\CM058\CM058.model</model>
        </node>
        <node>
           <name>MP_CM058_Fuel_Oil_Hose_INDEX_1</name>
           <model>common\misc\CM058\CM058.model</model>
        </node>
        <node>
           <name>MP_AM055_Boat_1</name>
           <model>usa\misc\AM055\AM055.model</model>
        </node>
        <node>
           <name>MP_AM055_Boat_1_INDEX_1</name>
           <model>usa\misc\AM055\AM055.model</model>
        </node>
        <node>
           <name>MP_AM055_Boat_1_INDEX_2</name>
           <model>usa\misc\AM055\AM055.model</model>
        </node>
        <node>
           <name>MP_AM449_Binoculars</name>
           <model>usa\misc\AM449\AM449.model</model>
        </node>
        <node>
           <name>MP_AM449_Binoculars_INDEX_1</name>
           <model>usa\misc\AM449\AM449.model</model>
        </node>
        <node>
           <name>MP_AM055_Boat_1_INDEX_3</name>
           <model>usa\misc\AM055\AM055.model</model>
        </node>
        <node>
           <name>MP_AM055_Boat_1_INDEX_4</name>
           <model>usa\misc\AM055\AM055.model</model>
        </node>
        <node>
           <name>MP_AM489_Franklin_Life_Buoy</name>
           <model>usa\misc\AM489\AM489.model</model>
        </node>
        <node>
           <name>MP_AM362_YE_Homing_Beacon</name>
           <model>usa\misc\AM362\AM362.model</model>
        </node>
        <node>
           <name>MP_AM055_Boat_1_INDEX_5</name>
           <model>usa\misc\AM055\AM055.model</model>
        </node>
        <node>
           <name>MP_AM489_Franklin_Life_Buoy_INDEX_1</name>
           <model>usa\misc\AM489\AM489.model</model>
        </node>
        <node>
           <name>MP_AM178_Ammunition_Box_9</name>
           <model>usa\misc\AM178\AM178.model</model>
        </node>
        <node>
           <name>MP_CM029_Emergency_Box</name>
           <model>common\misc\CM029\CM029.model</model>
        </node>
        <node>
           <name>MP_CM029_Emergency_Box_INDEX_1</name>
           <model>common\misc\CM029\CM029.model</model>
        </node>
        <node>
           <name>MP_CM029_Emergency_Box_INDEX_2</name>
           <model>common\misc\CM029\CM029.model</model>
        </node>
        <node>
           <name>MP_CM029_Emergency_Box_INDEX_3</name>
           <model>common\misc\CM029\CM029.model</model>
        </node>
        <node>
           <name>MP_CM012_Fire_Hose_Rack_1_INDEX_2</name>
           <model>common\misc\CM012\CM012.model</model>
        </node>
        <node>
           <name>MP_CM011_Fire_Fighting_Gear_INDEX_2</name>
           <model>common\misc\CM011\CM011.model</model>
        </node>
        <node>
           <name>MP_AM100_Spare_barrel_tube</name>
           <model>usa\misc\AM100\AM100.model</model>
        </node>
        <node>
           <name>MP_AM445_Switch_box_2</name>
           <model>usa\misc\AM445\AM445.model</model>
        </node>
        <node>
           <name>MP_AM180_Siren_2</name>
           <model>usa\misc\AM180\AM180.model</model>
        </node>
        <node>
           <name>MP_AM181_Siren_3</name>
           <model>usa\misc\AM181\AM181.model</model>
        </node>
        <node>
           <name>MP_AM433_MC_Box</name>
           <model>usa\misc\AM433\AM433.model</model>
        </node>
        <node>
           <name>MP_AM157_Telephone_INDEX_1</name>
           <model>usa\misc\AM157\AM157.model</model>
        </node>
        <node>
           <name>MP_CM012_Fire_Hose_Rack_1_INDEX_3</name>
           <model>common\misc\CM012\CM012.model</model>
        </node>
        <node>
           <name>MP_CM051_Fire_Fighting_Gear</name>
           <model>common\misc\CM051\CM051.model</model>
        </node>
        <node>
           <name>MP_CM012_Fire_Hose_Rack_1_INDEX_4</name>
           <model>common\misc\CM012\CM012.model</model>
        </node>
        <node>
           <name>MP_CM051_Fire_Fighting_Gear_INDEX_1</name>
           <model>common\misc\CM051\CM051.model</model>
        </node>
        <node>
           <name>MP_CM029_Emergency_Box_INDEX_4</name>
           <model>common\misc\CM029\CM029.model</model>
        </node>
        <node>
           <name>MP_CM029_Emergency_Box_INDEX_5</name>
           <model>common\misc\CM029\CM029.model</model>
        </node>
        <node>
           <name>MP_CM029_Emergency_Box_INDEX_6</name>
           <model>common\misc\CM029\CM029.model</model>
        </node>
        <node>
           <name>MP_CM029_Emergency_Box_INDEX_7</name>
           <model>common\misc\CM029\CM029.model</model>
        </node>
        <node>
           <name>MP_CM082_Rope</name>
           <model>common\misc\CM082\CM082.model</model>
        </node>
        <node>
           <name>MP_CM082_Rope_INDEX_1</name>
           <model>common\misc\CM082\CM082.model</model>
        </node>
        <node>
           <name>MP_CM082_Rope_INDEX_2</name>
           <model>common\misc\CM082\CM082.model</model>
        </node>
        <node>
           <name>MP_AM442_Multipole_Switch</name>
           <model>usa\misc\AM442\AM442.model</model>
        </node>
        <node>
           <name>MP_AM442_Multipole_Switch_INDEX_1</name>
           <model>usa\misc\AM442\AM442.model</model>
        </node>
        <node>
           <name>MP_AM442_Multipole_Switch_INDEX_2</name>
           <model>usa\misc\AM442\AM442.model</model>
        </node>
        <node>
           <name>MP_AM442_Multipole_Switch_INDEX_3</name>
           <model>usa\misc\AM442\AM442.model</model>
        </node>
        <node>
           <name>MP_AM451_Signal_Lamp</name>
           <model>usa\misc\AM451\AM451.model</model>
        </node>
        <node>
           <name>MP_AM451_Signal_Lamp_INDEX_1</name>
           <model>usa\misc\AM451\AM451.model</model>
        </node>
        <node>
           <name>MP_AM445_Switch_box_2_INDEX_1</name>
           <model>usa\misc\AM445\AM445.model</model>
        </node>
        <node>
           <name>MP_AM050_Fightin_Light</name>
           <model>usa\misc\AM050\AM050.model</model>
        </node>
        <node>
           <name>MP_AM050_Fightin_Light_INDEX_1</name>
           <model>usa\misc\AM050\AM050.model</model>
        </node>
        <node>
           <name>MP_AM050_Fightin_Light_INDEX_2</name>
           <model>usa\misc\AM050\AM050.model</model>
        </node>
        <node>
           <name>MP_AM164_Signal_Lamp_4</name>
           <model>usa\misc\AM164\AM164.model</model>
        </node>
        <node>
           <name>MP_AM049_Signal_Lamp_1</name>
           <model>usa\misc\AM049\AM049.model</model>
        </node>
        <node>
           <name>MP_AM049_Signal_Lamp_1_INDEX_1</name>
           <model>usa\misc\AM049\AM049.model</model>
        </node>
        <node>
           <name>MP_AM077_Paravane_INDEX_3</name>
           <model>usa\misc\AM077\AM077.model</model>
        </node>
        <node>
           <name>MP_AM242_fairlead_INDEX_1</name>
           <model>usa\misc\AM242\AM242.model</model>
        </node>
        <node>
           <name>MP_CM051_Fire_Fighting_Gear_INDEX_2</name>
           <model>common\misc\CM051\CM051.model</model>
        </node>
        <node>
           <name>MP_AM549_Life_Buoy</name>
           <model>usa\misc\AM549\AM549.model</model>
        </node>
        <node>
           <name>MP_AM549_Life_Buoy_INDEX_1</name>
           <model>usa\misc\AM549\AM549.model</model>
        </node>
        <node>
           <name>MP_CM029_Emergency_Box_INDEX_8</name>
           <model>common\misc\CM029\CM029.model</model>
        </node>
        <node>
           <name>MP_CM014_Fuel_Oil_Hose</name>
           <model>common\misc\CM014\CM014.model</model>
        </node>
        <node>
           <name>MP_CM014_Fuel_Oil_Hose_INDEX_1</name>
           <model>common\misc\CM014\CM014.model</model>
        </node>
        <node>
           <name>MP_CM014_Fuel_Oil_Hose_INDEX_2</name>
           <model>common\misc\CM014\CM014.model</model>
        </node>
        <node>
           <name>MP_CM014_Fuel_Oil_Hose_INDEX_3</name>
           <model>common\misc\CM014\CM014.model</model>
        </node>
        <node>
           <name>MP_AM010_Speaker_1</name>
           <model>usa\misc\AM010\AM010.model</model>
        </node>
        <node>
           <name>MP_AM531_Stretcher</name>
           <model>usa\misc\AM531\AM531.model</model>
        </node>
        <node>
           <name>MP_CM012_Fire_Hose_Rack_1_INDEX_5</name>
           <model>common\misc\CM012\CM012.model</model>
        </node>
        <node>
           <name>MP_CM012_Fire_Hose_Rack_1_INDEX_6</name>
           <model>common\misc\CM012\CM012.model</model>
        </node>
        <node>
           <name>MP_CM012_Fire_Hose_Rack_1_INDEX_7</name>
           <model>common\misc\CM012\CM012.model</model>
        </node>
        <node>
           <name>MP_AM445_Switch_box_2_INDEX_2</name>
           <model>usa\misc\AM445\AM445.model</model>
        </node>
        <node>
           <name>MP_AM445_Switch_box_2_INDEX_3</name>
           <model>usa\misc\AM445\AM445.model</model>
        </node>
        <node>
           <name>MP_AM445_Switch_box_2_INDEX_4</name>
           <model>usa\misc\AM445\AM445.model</model>
        </node>
        <node>
           <name>MP_AM445_Switch_box_2_INDEX_5</name>
           <model>usa\misc\AM445\AM445.model</model>
        </node>
        <node>
           <name>MP_AM445_Switch_box_2_INDEX_6</name>
           <model>usa\misc\AM445\AM445.model</model>
        </node>
        <node>
           <name>MP_AM445_Switch_box_2_INDEX_7</name>
           <model>usa\misc\AM445\AM445.model</model>
        </node>
        <node>
           <name>MP_AM445_Switch_box_2_INDEX_8</name>
           <model>usa\misc\AM445\AM445.model</model>
        </node>
        <node>
           <name>MP_AM445_Switch_box_2_INDEX_9</name>
           <model>usa\misc\AM445\AM445.model</model>
        </node>
        <node>
           <name>MP_AM445_Switch_box_2_INDEX_10</name>
           <model>usa\misc\AM445\AM445.model</model>
        </node>
        <node>
           <name>MP_AM445_Switch_box_2_INDEX_11</name>
           <model>usa\misc\AM445\AM445.model</model>
        </node>
        <node>
           <name>MP_AM445_Switch_box_2_INDEX_12</name>
           <model>usa\misc\AM445\AM445.model</model>
        </node>
        <node>
           <name>MP_AM445_Switch_box_2_INDEX_13</name>
           <model>usa\misc\AM445\AM445.model</model>
        </node>
        <node>
           <name>MP_AM445_Switch_box_2_INDEX_14</name>
           <model>usa\misc\AM445\AM445.model</model>
        </node>
        <node>
           <name>MP_AM164_Signal_Lamp_4_INDEX_1</name>
           <model>usa\misc\AM164\AM164.model</model>
        </node>
        <node>
           <name>MP_AM445_Switch_box_2_INDEX_15</name>
           <model>usa\misc\AM445\AM445.model</model>
        </node>
        <node>
           <name>MP_AM445_Switch_box_2_INDEX_16</name>
           <model>usa\misc\AM445\AM445.model</model>
        </node>
        <node>
           <name>MP_AM129_Turtles_box</name>
           <model>usa\misc\AM129\AM129.model</model>
        </node>
        <node>
           <name>MP_AM129_Turtles_box_INDEX_1</name>
           <model>usa\misc\AM129\AM129.model</model>
        </node>
        <node>
           <name>MP_AM129_Turtles_box_INDEX_2</name>
           <model>usa\misc\AM129\AM129.model</model>
        </node>
        <node>
           <name>MP_AM129_Turtles_box_INDEX_3</name>
           <model>usa\misc\AM129\AM129.model</model>
        </node>
        <node>
           <name>MP_AM129_Turtles_box_INDEX_4</name>
           <model>usa\misc\AM129\AM129.model</model>
        </node>
        <node>
           <name>MP_AM129_Turtles_box_INDEX_5</name>
           <model>usa\misc\AM129\AM129.model</model>
        </node>
        <node>
           <name>MP_AM129_Turtles_box_INDEX_6</name>
           <model>usa\misc\AM129\AM129.model</model>
        </node>
        <node>
           <name>MP_AM129_Turtles_box_INDEX_7</name>
           <model>usa\misc\AM129\AM129.model</model>
        </node>
        <node>
           <name>MP_AM129_Turtles_box_INDEX_8</name>
           <model>usa\misc\AM129\AM129.model</model>
        </node>
        <node>
           <name>MP_AM129_Turtles_box_INDEX_9</name>
           <model>usa\misc\AM129\AM129.model</model>
        </node>
        <node>
           <name>MP_AM129_Turtles_box_INDEX_10</name>
           <model>usa\misc\AM129\AM129.model</model>
        </node>
        <node>
           <name>MP_AM129_Turtles_box_INDEX_11</name>
           <model>usa\misc\AM129\AM129.model</model>
        </node>
        <node>
           <name>MP_AM129_Turtles_box_INDEX_12</name>
           <model>usa\misc\AM129\AM129.model</model>
        </node>
        <node>
           <name>MP_AM129_Turtles_box_INDEX_13</name>
           <model>usa\misc\AM129\AM129.model</model>
        </node>
        <node>
           <name>MP_AM071_Signal_Lamp_2_INDEX_2</name>
           <model>usa\misc\AM071\AM071.model</model>
        </node>
        <node>
           <name>MP_AM071_Signal_Lamp_2_INDEX_3</name>
           <model>usa\misc\AM071\AM071.model</model>
        </node>
        <node>
           <name>MP_AM050_Fightin_Light_INDEX_3</name>
           <model>usa\misc\AM050\AM050.model</model>
        </node>
        <node>
           <name>MP_AM050_Fightin_Light_INDEX_4</name>
           <model>usa\misc\AM050\AM050.model</model>
        </node>
        <node>
           <name>HP_DeckStart</name>
           <model>usa\aircraft\bomber\AAB003_Martin_T3M\AAB003_Martin_T3M.model</model>
        </node>
        <node>
           <name>HP_Deck_12</name>
           <model>usa\aircraft\bomber\AAB003_Martin_T3M\AAB003_Martin_T3M.model</model>
        </node>
        <node>
           <name>HP_Deck_13</name>
           <model>usa\aircraft\bomber\AAB003_Martin_T3M\AAB003_Martin_T3M.model</model>
        </node>
        <node>
           <name>HP_Deck_14</name>
           <model>usa\aircraft\bomber\AAB003_Martin_T3M\AAB003_Martin_T3M.model</model>
        </node>
        <node>
           <name>HP_Deck_15</name>
           <model>usa\aircraft\bomber\AAB003_Martin_T3M\AAB003_Martin_T3M.model</model>
        </node>
        <node>
           <name>HP_Fire_Burn_2</name>
           <model>UNKNOWN_ITEM</model>
        </node>
        <node>
           <name>HP_NoseWave_Speed</name>
           <model>UNKNOWN_ITEM</model>
        </node>
    </midfront>
    <midback>
      <model>usa\ship\aircarrier\ASA002_Bogue_1942\ASA002_Bogue_1942_MidBack_ports.model</model>
        <node>
           <name>HP_AGA_8</name>
           <model>usa\gun\aaircraft\AGA003_20mm_Oerlikon_MK4\AGA003_20mm_Oerlikon_MK4.model</model>
        </node>
        <node>
           <name>HP_AGA_6</name>
           <model>usa\gun\aaircraft\AGA003_20mm_Oerlikon_MK4\AGA003_20mm_Oerlikon_MK4.model</model>
        </node>
        <node>
           <name>HP_AGA_7</name>
           <model>usa\gun\aaircraft\AGA003_20mm_Oerlikon_MK4\AGA003_20mm_Oerlikon_MK4.model</model>
        </node>
        <node>
           <name>MP_AM055_Boat_1</name>
           <model>usa\misc\AM055\AM055.model</model>
        </node>
        <node>
           <name>MP_AM055_Boat_1_INDEX_1</name>
           <model>usa\misc\AM055\AM055.model</model>
        </node>
        <node>
           <name>MP_AM055_Boat_1_INDEX_2</name>
           <model>usa\misc\AM055\AM055.model</model>
        </node>
        <node>
           <name>MP_AM055_Boat_1_INDEX_3</name>
           <model>usa\misc\AM055\AM055.model</model>
        </node>
        <node>
           <name>MP_AM055_Boat_1_INDEX_4</name>
           <model>usa\misc\AM055\AM055.model</model>
        </node>
        <node>
           <name>MP_AM055_Boat_1_INDEX_5</name>
           <model>usa\misc\AM055\AM055.model</model>
        </node>
        <node>
           <name>MP_AM055_Boat_1_INDEX_6</name>
           <model>usa\misc\AM055\AM055.model</model>
        </node>
        <node>
           <name>MP_AM055_Boat_1_INDEX_7</name>
           <model>usa\misc\AM055\AM055.model</model>
        </node>
        <node>
           <name>MP_AM219_Bollard</name>
           <model>usa\misc\AM219\AM219.model</model>
        </node>
        <node>
           <name>MP_AM242_fairlead</name>
           <model>usa\misc\AM242\AM242.model</model>
        </node>
        <node>
           <name>MP_AM147_winch_3</name>
           <model>usa\misc\AM147\AM147.model</model>
        </node>
        <node>
           <name>MP_AM147_winch_3_INDEX_1</name>
           <model>usa\misc\AM147\AM147.model</model>
        </node>
        <node>
           <name>MP_AM593_Motor_launch_30ft</name>
           <model>usa\misc\AM593\AM593.model</model>
        </node>
        <node>
           <name>MP_AM593_Motor_launch_30ft_INDEX_1</name>
           <model>usa\misc\AM593\AM593.model</model>
        </node>
        <node>
           <name>MP_AM534_Insulator</name>
           <model>usa\misc\AM534\AM534.model</model>
        </node>
        <node>
           <name>MP_AM534_Insulator_INDEX_1</name>
           <model>usa\misc\AM534\AM534.model</model>
        </node>
        <node>
           <name>MP_AM534_Insulator_INDEX_2</name>
           <model>usa\misc\AM534\AM534.model</model>
        </node>
        <node>
           <name>MP_AM141_Hatch_6</name>
           <model>usa\misc\AM141\AM141.model</model>
        </node>
        <node>
           <name>MP_AM141_Hatch_6_INDEX_1</name>
           <model>usa\misc\AM141\AM141.model</model>
        </node>
        <node>
           <name>MP_AM141_Hatch_6_INDEX_2</name>
           <model>usa\misc\AM141\AM141.model</model>
        </node>
        <node>
           <name>MP_CM012_Fire_Hose_Rack_1</name>
           <model>common\misc\CM012\CM012.model</model>
        </node>
        <node>
           <name>MP_CM011_Fire_Fighting_Gear</name>
           <model>common\misc\CM011\CM011.model</model>
        </node>
        <node>
           <name>MP_CM012_Fire_Hose_Rack_1_INDEX_1</name>
           <model>common\misc\CM012\CM012.model</model>
        </node>
        <node>
           <name>MP_CM011_Fire_Fighting_Gear_INDEX_1</name>
           <model>common\misc\CM011\CM011.model</model>
        </node>
        <node>
           <name>MP_AM189_Gasoline_Station</name>
           <model>usa\misc\AM189\AM189.model</model>
        </node>
        <node>
           <name>MP_CM058_Fuel_Oil_Hose</name>
           <model>common\misc\CM058\CM058.model</model>
        </node>
        <node>
           <name>MP_CM058_Fuel_Oil_Hose_INDEX_1</name>
           <model>common\misc\CM058\CM058.model</model>
        </node>
        <node>
           <name>MP_AM189_Gasoline_Station_INDEX_1</name>
           <model>usa\misc\AM189\AM189.model</model>
        </node>
        <node>
           <name>MP_CM058_Fuel_Oil_Hose_INDEX_2</name>
           <model>common\misc\CM058\CM058.model</model>
        </node>
        <node>
           <name>MP_CM058_Fuel_Oil_Hose_INDEX_3</name>
           <model>common\misc\CM058\CM058.model</model>
        </node>
        <node>
           <name>MP_CM058_Fuel_Oil_Hose_INDEX_4</name>
           <model>common\misc\CM058\CM058.model</model>
        </node>
        <node>
           <name>MP_AM189_Gasoline_Station_INDEX_2</name>
           <model>usa\misc\AM189\AM189.model</model>
        </node>
        <node>
           <name>MP_CM058_Fuel_Oil_Hose_INDEX_5</name>
           <model>common\misc\CM058\CM058.model</model>
        </node>
        <node>
           <name>MP_CM058_Fuel_Oil_Hose_INDEX_6</name>
           <model>common\misc\CM058\CM058.model</model>
        </node>
        <node>
           <name>MP_AM189_Gasoline_Station_INDEX_3</name>
           <model>usa\misc\AM189\AM189.model</model>
        </node>
        <node>
           <name>MP_CM058_Fuel_Oil_Hose_INDEX_7</name>
           <model>common\misc\CM058\CM058.model</model>
        </node>
        <node>
           <name>MP_AM178_Ammunition_Box_9</name>
           <model>usa\misc\AM178\AM178.model</model>
        </node>
        <node>
           <name>MP_AM178_Ammunition_Box_9_INDEX_1</name>
           <model>usa\misc\AM178\AM178.model</model>
        </node>
        <node>
           <name>MP_AM178_Ammunition_Box_9_INDEX_2</name>
           <model>usa\misc\AM178\AM178.model</model>
        </node>
        <node>
           <name>MP_AM055_Boat_1_INDEX_8</name>
           <model>usa\misc\AM055\AM055.model</model>
        </node>
        <node>
           <name>MP_AM055_Boat_1_INDEX_9</name>
           <model>usa\misc\AM055\AM055.model</model>
        </node>
        <node>
           <name>MP_AM449_Binoculars</name>
           <model>usa\misc\AM449\AM449.model</model>
        </node>
        <node>
           <name>MP_AM449_Binoculars_INDEX_1</name>
           <model>usa\misc\AM449\AM449.model</model>
        </node>
        <node>
           <name>MP_AM055_Boat_1_INDEX_10</name>
           <model>usa\misc\AM055\AM055.model</model>
        </node>
        <node>
           <name>MP_AM055_Boat_1_INDEX_11</name>
           <model>usa\misc\AM055\AM055.model</model>
        </node>
        <node>
           <name>MP_AM055_Boat_1_INDEX_12</name>
           <model>usa\misc\AM055\AM055.model</model>
        </node>
        <node>
           <name>MP_AM055_Boat_1_INDEX_13</name>
           <model>usa\misc\AM055\AM055.model</model>
        </node>
        <node>
           <name>MP_AM055_Boat_1_INDEX_14</name>
           <model>usa\misc\AM055\AM055.model</model>
        </node>
        <node>
           <name>MP_AM178_Ammunition_Box_9_INDEX_3</name>
           <model>usa\misc\AM178\AM178.model</model>
        </node>
        <node>
           <name>MP_AM178_Ammunition_Box_9_INDEX_4</name>
           <model>usa\misc\AM178\AM178.model</model>
        </node>
        <node>
           <name>MP_CM029_Emergency_Box</name>
           <model>common\misc\CM029\CM029.model</model>
        </node>
        <node>
           <name>MP_CM029_Emergency_Box_INDEX_1</name>
           <model>common\misc\CM029\CM029.model</model>
        </node>
        <node>
           <name>MP_AM100_Spare_barrel_tube</name>
           <model>usa\misc\AM100\AM100.model</model>
        </node>
        <node>
           <name>MP_AM100_Spare_barrel_tube_INDEX_1</name>
           <model>usa\misc\AM100\AM100.model</model>
        </node>
        <node>
           <name>MP_AM445_Switch_box_2</name>
           <model>usa\misc\AM445\AM445.model</model>
        </node>
        <node>
           <name>MP_AM445_Switch_box_2_INDEX_1</name>
           <model>usa\misc\AM445\AM445.model</model>
        </node>
        <node>
           <name>MP_AM157_Telephone</name>
           <model>usa\misc\AM157\AM157.model</model>
        </node>
        <node>
           <name>MP_AM157_Telephone_INDEX_1</name>
           <model>usa\misc\AM157\AM157.model</model>
        </node>
        <node>
           <name>MP_CM012_Fire_Hose_Rack_1_INDEX_2</name>
           <model>common\misc\CM012\CM012.model</model>
        </node>
        <node>
           <name>MP_CM051_Fire_Fighting_Gear</name>
           <model>common\misc\CM051\CM051.model</model>
        </node>
        <node>
           <name>MP_CM012_Fire_Hose_Rack_1_INDEX_3</name>
           <model>common\misc\CM012\CM012.model</model>
        </node>
        <node>
           <name>MP_CM051_Fire_Fighting_Gear_INDEX_1</name>
           <model>common\misc\CM051\CM051.model</model>
        </node>
        <node>
           <name>MP_CM012_Fire_Hose_Rack_1_INDEX_4</name>
           <model>common\misc\CM012\CM012.model</model>
        </node>
        <node>
           <name>MP_CM051_Fire_Fighting_Gear_INDEX_2</name>
           <model>common\misc\CM051\CM051.model</model>
        </node>
        <node>
           <name>MP_CM012_Fire_Hose_Rack_1_INDEX_5</name>
           <model>common\misc\CM012\CM012.model</model>
        </node>
        <node>
           <name>MP_CM051_Fire_Fighting_Gear_INDEX_3</name>
           <model>common\misc\CM051\CM051.model</model>
        </node>
        <node>
           <name>MP_CM012_Fire_Hose_Rack_1_INDEX_6</name>
           <model>common\misc\CM012\CM012.model</model>
        </node>
        <node>
           <name>MP_CM051_Fire_Fighting_Gear_INDEX_4</name>
           <model>common\misc\CM051\CM051.model</model>
        </node>
        <node>
           <name>MP_CM012_Fire_Hose_Rack_1_INDEX_7</name>
           <model>common\misc\CM012\CM012.model</model>
        </node>
        <node>
           <name>MP_CM051_Fire_Fighting_Gear_INDEX_5</name>
           <model>common\misc\CM051\CM051.model</model>
        </node>
        <node>
           <name>MP_CM012_Fire_Hose_Rack_1_INDEX_8</name>
           <model>common\misc\CM012\CM012.model</model>
        </node>
        <node>
           <name>MP_CM051_Fire_Fighting_Gear_INDEX_6</name>
           <model>common\misc\CM051\CM051.model</model>
        </node>
        <node>
           <name>MP_CM012_Fire_Hose_Rack_1_INDEX_9</name>
           <model>common\misc\CM012\CM012.model</model>
        </node>
        <node>
           <name>MP_CM051_Fire_Fighting_Gear_INDEX_7</name>
           <model>common\misc\CM051\CM051.model</model>
        </node>
        <node>
           <name>MP_CM029_Emergency_Box_INDEX_2</name>
           <model>common\misc\CM029\CM029.model</model>
        </node>
        <node>
           <name>MP_CM029_Emergency_Box_INDEX_3</name>
           <model>common\misc\CM029\CM029.model</model>
        </node>
        <node>
           <name>MP_CM029_Emergency_Box_INDEX_4</name>
           <model>common\misc\CM029\CM029.model</model>
        </node>
        <node>
           <name>MP_CM029_Emergency_Box_INDEX_5</name>
           <model>common\misc\CM029\CM029.model</model>
        </node>
        <node>
           <name>MP_CM012_Fire_Hose_Rack_1_INDEX_10</name>
           <model>common\misc\CM012\CM012.model</model>
        </node>
        <node>
           <name>MP_CM051_Fire_Fighting_Gear_INDEX_8</name>
           <model>common\misc\CM051\CM051.model</model>
        </node>
        <node>
           <name>MP_CM051_Fire_Fighting_Gear_INDEX_9</name>
           <model>common\misc\CM051\CM051.model</model>
        </node>
        <node>
           <name>MP_CM012_Fire_Hose_Rack_1_INDEX_11</name>
           <model>common\misc\CM012\CM012.model</model>
        </node>
        <node>
           <name>MP_AM442_Multipole_Switch</name>
           <model>usa\misc\AM442\AM442.model</model>
        </node>
        <node>
           <name>MP_AM442_Multipole_Switch_INDEX_1</name>
           <model>usa\misc\AM442\AM442.model</model>
        </node>
        <node>
           <name>MP_AM100_Spare_barrel_tube_INDEX_2</name>
           <model>usa\misc\AM100\AM100.model</model>
        </node>
        <node>
           <name>MP_CM012_Fire_Hose_Rack_1_INDEX_12</name>
           <model>common\misc\CM012\CM012.model</model>
        </node>
        <node>
           <name>MP_AM549_Life_Buoy</name>
           <model>usa\misc\AM549\AM549.model</model>
        </node>
        <node>
           <name>MP_AM549_Life_Buoy_INDEX_1</name>
           <model>usa\misc\AM549\AM549.model</model>
        </node>
        <node>
           <name>MP_CM043_Accommodation_Ladder</name>
           <model>common\misc\CM043\CM043.model</model>
        </node>
        <node>
           <name>MP_CM043_Accommodation_Ladder_INDEX_1</name>
           <model>common\misc\CM043\CM043.model</model>
        </node>
        <node>
           <name>MP_CM014_Fuel_Oil_Hose</name>
           <model>common\misc\CM014\CM014.model</model>
        </node>
        <node>
           <name>MP_CM014_Fuel_Oil_Hose_INDEX_1</name>
           <model>common\misc\CM014\CM014.model</model>
        </node>
        <node>
           <name>MP_CM014_Fuel_Oil_Hose_INDEX_2</name>
           <model>common\misc\CM014\CM014.model</model>
        </node>
        <node>
           <name>MP_CM014_Fuel_Oil_Hose_INDEX_3</name>
           <model>common\misc\CM014\CM014.model</model>
        </node>
        <node>
           <name>MP_AM445_Switch_box_2_INDEX_2</name>
           <model>usa\misc\AM445\AM445.model</model>
        </node>
        <node>
           <name>MP_AM445_Switch_box_2_INDEX_3</name>
           <model>usa\misc\AM445\AM445.model</model>
        </node>
        <node>
           <name>MP_AM129_Turtles_box</name>
           <model>usa\misc\AM129\AM129.model</model>
        </node>
        <node>
           <name>MP_AM129_Turtles_box_INDEX_1</name>
           <model>usa\misc\AM129\AM129.model</model>
        </node>
        <node>
           <name>MP_AM129_Turtles_box_INDEX_2</name>
           <model>usa\misc\AM129\AM129.model</model>
        </node>
        <node>
           <name>MP_AM129_Turtles_box_INDEX_3</name>
           <model>usa\misc\AM129\AM129.model</model>
        </node>
        <node>
           <name>MP_AM129_Turtles_box_INDEX_4</name>
           <model>usa\misc\AM129\AM129.model</model>
        </node>
        <node>
           <name>MP_AM129_Turtles_box_INDEX_5</name>
           <model>usa\misc\AM129\AM129.model</model>
        </node>
        <node>
           <name>MP_CM051_Fire_Fighting_Gear_INDEX_10</name>
           <model>common\misc\CM051\CM051.model</model>
        </node>
        <node>
           <name>HP_Deck_04</name>
           <model>usa\aircraft\fighter\AAF013_Curtiss_F6C\AAF013_Curtiss_F6C.model</model>
        </node>
        <node>
           <name>HP_Deck_05</name>
           <model>usa\aircraft\fighter\AAF013_Curtiss_F6C\AAF013_Curtiss_F6C.model</model>
        </node>
        <node>
           <name>HP_Deck_06</name>
           <model>usa\aircraft\bomber\AAB003_Martin_T3M\AAB003_Martin_T3M.model</model>
        </node>
        <node>
           <name>HP_Deck_07</name>
           <model>usa\aircraft\bomber\AAB003_Martin_T3M\AAB003_Martin_T3M.model</model>
        </node>
        <node>
           <name>HP_Deck_08</name>
           <model>usa\aircraft\bomber\AAB003_Martin_T3M\AAB003_Martin_T3M.model</model>
        </node>
        <node>
           <name>HP_Deck_09</name>
           <model>usa\aircraft\bomber\AAB003_Martin_T3M\AAB003_Martin_T3M.model</model>
        </node>
        <node>
           <name>HP_Deck_10</name>
           <model>usa\aircraft\bomber\AAB003_Martin_T3M\AAB003_Martin_T3M.model</model>
        </node>
        <node>
           <name>HP_Fire_Burn_3</name>
           <model>UNKNOWN_ITEM</model>
        </node>
        <node>
           <name>HP_Smoke_2</name>
           <model>UNKNOWN_ITEM</model>
        </node>
        <node>
           <name>HP_Smoke_1</name>
           <model>UNKNOWN_ITEM</model>
        </node>
    </midback>
    <stern>
      <model>usa\ship\aircarrier\ASA002_Bogue_1942\ASA002_Bogue_1942_Stern_ports.model</model>
        <node>
           <name>HP_AD_4</name>
           <model>usa\director\AD003_Director_Mk51\AD003_Director_Mk51.model</model>
        </node>
        <node>
           <name>HP_AD_3</name>
           <model>usa\director\AD003_Director_Mk51\AD003_Director_Mk51.model</model>
        </node>
        <node>
           <name>HP_AGA_14</name>
           <model>usa\gun\aaircraft\AGA002_40mm_Bofors_Mk1\AGA002_40mm_Bofors_Mk1.model</model>
        </node>
        <node>
           <name>HP_AGA_13</name>
           <model>usa\gun\aaircraft\AGA002_40mm_Bofors_Mk1\AGA002_40mm_Bofors_Mk1.model</model>
        </node>
        <node>
           <name>HP_AGA_12</name>
           <model>usa\gun\aaircraft\AGA003_20mm_Oerlikon_MK4\AGA003_20mm_Oerlikon_MK4.model</model>
        </node>
        <node>
           <name>HP_AGA_11</name>
           <model>usa\gun\aaircraft\AGA003_20mm_Oerlikon_MK4\AGA003_20mm_Oerlikon_MK4.model</model>
        </node>
        <node>
           <name>HP_AGS_2</name>
           <model>usa\gun\secondary\AGS029_5in51_Mk_7\AGS029_5in51_Mk_7.model</model>
        </node>
        <node>
           <name>HP_AGS_1</name>
           <model>usa\gun\secondary\AGS029_5in51_Mk_7\AGS029_5in51_Mk_7.model</model>
        </node>
        <node>
           <name>HP_AGA_10</name>
           <model>usa\gun\aaircraft\AGA003_20mm_Oerlikon_MK4\AGA003_20mm_Oerlikon_MK4.model</model>
        </node>
        <node>
           <name>HP_AGA_9</name>
           <model>usa\gun\aaircraft\AGA003_20mm_Oerlikon_MK4\AGA003_20mm_Oerlikon_MK4.model</model>
        </node>
        <node>
           <name>MP_CM033_Propeller4_R</name>
           <model>common\misc\CM033\CM033.model</model>
        </node>
        <node>
           <name>MP_AM055_Boat_1</name>
           <model>usa\misc\AM055\AM055.model</model>
        </node>
        <node>
           <name>MP_AM055_Boat_1_INDEX_1</name>
           <model>usa\misc\AM055\AM055.model</model>
        </node>
        <node>
           <name>MP_AM055_Boat_1_INDEX_2</name>
           <model>usa\misc\AM055\AM055.model</model>
        </node>
        <node>
           <name>MP_AM049_Signal_Lamp_1</name>
           <model>usa\misc\AM049\AM049.model</model>
        </node>
        <node>
           <name>MP_AM352_Stern_Light</name>
           <model>usa\misc\AM352\AM352.model</model>
        </node>
        <node>
           <name>MP_AM293_Reels</name>
           <model>usa\misc\AM293\AM293.model</model>
        </node>
        <node>
           <name>MP_AM219_Bollard</name>
           <model>usa\misc\AM219\AM219.model</model>
        </node>
        <node>
           <name>MP_AM342_Fairlead</name>
           <model>usa\misc\AM342\AM342.model</model>
        </node>
        <node>
           <name>MP_AM342_Fairlead_INDEX_1</name>
           <model>usa\misc\AM342\AM342.model</model>
        </node>
        <node>
           <name>MP_AM219_Bollard_INDEX_1</name>
           <model>usa\misc\AM219\AM219.model</model>
        </node>
        <node>
           <name>MP_AM219_Bollard_INDEX_2</name>
           <model>usa\misc\AM219\AM219.model</model>
        </node>
        <node>
           <name>MP_AM219_Bollard_INDEX_3</name>
           <model>usa\misc\AM219\AM219.model</model>
        </node>
        <node>
           <name>MP_AM242_fairlead</name>
           <model>usa\misc\AM242\AM242.model</model>
        </node>
        <node>
           <name>MP_AM363_sound_reproducer</name>
           <model>usa\misc\AM363\AM363.model</model>
        </node>
        <node>
           <name>MP_AM200_Screened_speed_light</name>
           <model>usa\misc\AM200\AM200.model</model>
        </node>
        <node>
           <name>MP_AM549_Life_Buoy</name>
           <model>usa\misc\AM549\AM549.model</model>
        </node>
        <node>
           <name>MP_AM549_Life_Buoy_INDEX_1</name>
           <model>usa\misc\AM549\AM549.model</model>
        </node>
        <node>
           <name>MP_AM148_Hatch_8</name>
           <model>usa\misc\AM148\AM148.model</model>
        </node>
        <node>
           <name>MP_AM028_Ammunition_Box2</name>
           <model>usa\misc\AM028\AM028.model</model>
        </node>
        <node>
           <name>MP_AM178_Ammunition_Box_9</name>
           <model>usa\misc\AM178\AM178.model</model>
        </node>
        <node>
           <name>MP_AM178_Ammunition_Box_9_INDEX_1</name>
           <model>usa\misc\AM178\AM178.model</model>
        </node>
        <node>
           <name>MP_AM141_Hatch_6</name>
           <model>usa\misc\AM141\AM141.model</model>
        </node>
        <node>
           <name>MP_AM141_Hatch_6_INDEX_1</name>
           <model>usa\misc\AM141\AM141.model</model>
        </node>
        <node>
           <name>MP_AM141_Hatch_6_INDEX_2</name>
           <model>usa\misc\AM141\AM141.model</model>
        </node>
        <node>
           <name>MP_AM010_Speaker_1</name>
           <model>usa\misc\AM010\AM010.model</model>
        </node>
        <node>
           <name>MP_AM038_Searchlight_600mm</name>
           <model>usa\misc\AM038\AM038.model</model>
        </node>
        <node>
           <name>MP_AM025_Pelorus_Mk7</name>
           <model>usa\misc\AM025\AM025.model</model>
        </node>
        <node>
           <name>MP_AM153_Steering_Column</name>
           <model>usa\misc\AM153\AM153.model</model>
        </node>
        <node>
           <name>MP_AM164_Signal_Lamp_4</name>
           <model>usa\misc\AM164\AM164.model</model>
        </node>
        <node>
           <name>MP_AM164_Signal_Lamp_4_INDEX_1</name>
           <model>usa\misc\AM164\AM164.model</model>
        </node>
        <node>
           <name>MP_AM055_Boat_1_INDEX_3</name>
           <model>usa\misc\AM055\AM055.model</model>
        </node>
        <node>
           <name>MP_AM055_Boat_1_INDEX_4</name>
           <model>usa\misc\AM055\AM055.model</model>
        </node>
        <node>
           <name>MP_AM293_Reels_INDEX_1</name>
           <model>usa\misc\AM293\AM293.model</model>
        </node>
        <node>
           <name>MP_AM038_Searchlight_600mm_INDEX_1</name>
           <model>usa\misc\AM038\AM038.model</model>
        </node>
        <node>
           <name>MP_AM178_Ammunition_Box_9_INDEX_2</name>
           <model>usa\misc\AM178\AM178.model</model>
        </node>
        <node>
           <name>MP_AM178_Ammunition_Box_9_INDEX_3</name>
           <model>usa\misc\AM178\AM178.model</model>
        </node>
        <node>
           <name>MP_AM489_Franklin_Life_Buoy</name>
           <model>usa\misc\AM489\AM489.model</model>
        </node>
        <node>
           <name>MP_AM489_Franklin_Life_Buoy_INDEX_1</name>
           <model>usa\misc\AM489\AM489.model</model>
        </node>
        <node>
           <name>MP_CM011_Fire_Fighting_Gear</name>
           <model>common\misc\CM011\CM011.model</model>
        </node>
        <node>
           <name>MP_CM012_Fire_Hose_Rack_1</name>
           <model>common\misc\CM012\CM012.model</model>
        </node>
        <node>
           <name>MP_CM011_Fire_Fighting_Gear_INDEX_1</name>
           <model>common\misc\CM011\CM011.model</model>
        </node>
        <node>
           <name>MP_CM012_Fire_Hose_Rack_1_INDEX_1</name>
           <model>common\misc\CM012\CM012.model</model>
        </node>
        <node>
           <name>MP_CM012_Fire_Hose_Rack_1_INDEX_2</name>
           <model>common\misc\CM012\CM012.model</model>
        </node>
        <node>
           <name>MP_CM011_Fire_Fighting_Gear_INDEX_2</name>
           <model>common\misc\CM011\CM011.model</model>
        </node>
        <node>
           <name>MP_CM029_Emergency_Box</name>
           <model>common\misc\CM029\CM029.model</model>
        </node>
        <node>
           <name>MP_CM029_Emergency_Box_INDEX_1</name>
           <model>common\misc\CM029\CM029.model</model>
        </node>
        <node>
           <name>MP_CM029_Emergency_Box_INDEX_2</name>
           <model>common\misc\CM029\CM029.model</model>
        </node>
        <node>
           <name>MP_CM029_Emergency_Box_INDEX_3</name>
           <model>common\misc\CM029\CM029.model</model>
        </node>
        <node>
           <name>MP_CM029_Emergency_Box_INDEX_4</name>
           <model>common\misc\CM029\CM029.model</model>
        </node>
        <node>
           <name>MP_CM029_Emergency_Box_INDEX_5</name>
           <model>common\misc\CM029\CM029.model</model>
        </node>
        <node>
           <name>MP_AM100_Spare_barrel_tube</name>
           <model>usa\misc\AM100\AM100.model</model>
        </node>
        <node>
           <name>MP_AM100_Spare_barrel_tube_INDEX_1</name>
           <model>usa\misc\AM100\AM100.model</model>
        </node>
        <node>
           <name>MP_AM445_Switch_box_2</name>
           <model>usa\misc\AM445\AM445.model</model>
        </node>
        <node>
           <name>MP_AM445_Switch_box_2_INDEX_1</name>
           <model>usa\misc\AM445\AM445.model</model>
        </node>
        <node>
           <name>MP_AM445_Switch_box_2_INDEX_2</name>
           <model>usa\misc\AM445\AM445.model</model>
        </node>
        <node>
           <name>MP_AM445_Switch_box_2_INDEX_3</name>
           <model>usa\misc\AM445\AM445.model</model>
        </node>
        <node>
           <name>MP_AM445_Switch_box_2_INDEX_4</name>
           <model>usa\misc\AM445\AM445.model</model>
        </node>
        <node>
           <name>MP_AM445_Switch_box_2_INDEX_5</name>
           <model>usa\misc\AM445\AM445.model</model>
        </node>
        <node>
           <name>MP_AM445_Switch_box_2_INDEX_6</name>
           <model>usa\misc\AM445\AM445.model</model>
        </node>
        <node>
           <name>MP_AM438_Speakerphone</name>
           <model>usa\misc\AM438\AM438.model</model>
        </node>
        <node>
           <name>MP_AM164_Signal_Lamp_4_INDEX_2</name>
           <model>usa\misc\AM164\AM164.model</model>
        </node>
        <node>
           <name>MP_AM157_Telephone</name>
           <model>usa\misc\AM157\AM157.model</model>
        </node>
        <node>
           <name>MP_AM157_Telephone_INDEX_1</name>
           <model>usa\misc\AM157\AM157.model</model>
        </node>
        <node>
           <name>MP_AM157_Telephone_INDEX_2</name>
           <model>usa\misc\AM157\AM157.model</model>
        </node>
        <node>
           <name>MP_AM157_Telephone_INDEX_3</name>
           <model>usa\misc\AM157\AM157.model</model>
        </node>
        <node>
           <name>MP_AM157_Telephone_INDEX_4</name>
           <model>usa\misc\AM157\AM157.model</model>
        </node>
        <node>
           <name>MP_AM157_Telephone_INDEX_5</name>
           <model>usa\misc\AM157\AM157.model</model>
        </node>
        <node>
           <name>MP_AM157_Telephone_INDEX_6</name>
           <model>usa\misc\AM157\AM157.model</model>
        </node>
        <node>
           <name>MP_CM058_Fuel_Oil_Hose</name>
           <model>common\misc\CM058\CM058.model</model>
        </node>
        <node>
           <name>MP_CM058_Fuel_Oil_Hose_INDEX_1</name>
           <model>common\misc\CM058\CM058.model</model>
        </node>
        <node>
           <name>MP_AM189_Gasoline_Station</name>
           <model>usa\misc\AM189\AM189.model</model>
        </node>
        <node>
           <name>MP_CM012_Fire_Hose_Rack_1_INDEX_3</name>
           <model>common\misc\CM012\CM012.model</model>
        </node>
        <node>
           <name>MP_CM051_Fire_Fighting_Gear</name>
           <model>common\misc\CM051\CM051.model</model>
        </node>
        <node>
           <name>MP_CM051_Fire_Fighting_Gear_INDEX_1</name>
           <model>common\misc\CM051\CM051.model</model>
        </node>
        <node>
           <name>MP_CM012_Fire_Hose_Rack_1_INDEX_4</name>
           <model>common\misc\CM012\CM012.model</model>
        </node>
        <node>
           <name>MP_CM029_Emergency_Box_INDEX_6</name>
           <model>common\misc\CM029\CM029.model</model>
        </node>
        <node>
           <name>MP_CM029_Emergency_Box_INDEX_7</name>
           <model>common\misc\CM029\CM029.model</model>
        </node>
        <node>
           <name>MP_CM029_Emergency_Box_INDEX_8</name>
           <model>common\misc\CM029\CM029.model</model>
        </node>
        <node>
           <name>MP_CM029_Emergency_Box_INDEX_9</name>
           <model>common\misc\CM029\CM029.model</model>
        </node>
        <node>
           <name>MP_CM012_Fire_Hose_Rack_1_INDEX_5</name>
           <model>common\misc\CM012\CM012.model</model>
        </node>
        <node>
           <name>MP_CM051_Fire_Fighting_Gear_INDEX_2</name>
           <model>common\misc\CM051\CM051.model</model>
        </node>
        <node>
           <name>MP_CM012_Fire_Hose_Rack_1_INDEX_6</name>
           <model>common\misc\CM012\CM012.model</model>
        </node>
        <node>
           <name>MP_CM051_Fire_Fighting_Gear_INDEX_3</name>
           <model>common\misc\CM051\CM051.model</model>
        </node>
        <node>
           <name>MP_AM442_Multipole_Switch</name>
           <model>usa\misc\AM442\AM442.model</model>
        </node>
        <node>
           <name>MP_AM442_Multipole_Switch_INDEX_1</name>
           <model>usa\misc\AM442\AM442.model</model>
        </node>
        <node>
           <name>MP_AM442_Multipole_Switch_INDEX_2</name>
           <model>usa\misc\AM442\AM442.model</model>
        </node>
        <node>
           <name>MP_AM442_Multipole_Switch_INDEX_3</name>
           <model>usa\misc\AM442\AM442.model</model>
        </node>
        <node>
           <name>MP_AM442_Multipole_Switch_INDEX_4</name>
           <model>usa\misc\AM442\AM442.model</model>
        </node>
        <node>
           <name>MP_AM442_Multipole_Switch_INDEX_5</name>
           <model>usa\misc\AM442\AM442.model</model>
        </node>
        <node>
           <name>MP_AM442_Multipole_Switch_INDEX_6</name>
           <model>usa\misc\AM442\AM442.model</model>
        </node>
        <node>
           <name>MP_AM442_Multipole_Switch_INDEX_7</name>
           <model>usa\misc\AM442\AM442.model</model>
        </node>
        <node>
           <name>MP_AM445_Switch_box_2_INDEX_7</name>
           <model>usa\misc\AM445\AM445.model</model>
        </node>
        <node>
           <name>MP_AM442_Multipole_Switch_INDEX_8</name>
           <model>usa\misc\AM442\AM442.model</model>
        </node>
        <node>
           <name>MP_AM100_Spare_barrel_tube_INDEX_2</name>
           <model>usa\misc\AM100\AM100.model</model>
        </node>
        <node>
           <name>MP_AM100_Spare_barrel_tube_INDEX_3</name>
           <model>usa\misc\AM100\AM100.model</model>
        </node>
        <node>
           <name>MP_AM028_Ammunition_Box2_INDEX_1</name>
           <model>usa\misc\AM028\AM028.model</model>
        </node>
        <node>
           <name>MP_AM445_Switch_box_2_INDEX_8</name>
           <model>usa\misc\AM445\AM445.model</model>
        </node>
        <node>
           <name>MP_AM445_Switch_box_2_INDEX_9</name>
           <model>usa\misc\AM445\AM445.model</model>
        </node>
        <node>
           <name>MP_AM532_Sky_Lookout_2</name>
           <model>usa\misc\AM532\AM532.model</model>
        </node>
        <node>
           <name>MP_AM532_Sky_Lookout_2_INDEX_1</name>
           <model>usa\misc\AM532\AM532.model</model>
        </node>
        <node>
           <name>MP_AM208_Hatch</name>
           <model>usa\misc\AM208\AM208.model</model>
        </node>
        <node>
           <name>MP_AM006_Reels_1</name>
           <model>usa\misc\AM006\AM006.model</model>
        </node>
        <node>
           <name>MP_AM006_Reels_1_INDEX_1</name>
           <model>usa\misc\AM006\AM006.model</model>
        </node>
        <node>
           <name>MP_AM055_Boat_1_INDEX_5</name>
           <model>usa\misc\AM055\AM055.model</model>
        </node>
        <node>
           <name>MP_AM108_Reels_4</name>
           <model>usa\misc\AM108\AM108.model</model>
        </node>
        <node>
           <name>MP_AM108_Reels_4_INDEX_1</name>
           <model>usa\misc\AM108\AM108.model</model>
        </node>
        <node>
           <name>MP_AM108_Reels_4_INDEX_2</name>
           <model>usa\misc\AM108\AM108.model</model>
        </node>
        <node>
           <name>MP_AM445_Switch_box_2_INDEX_10</name>
           <model>usa\misc\AM445\AM445.model</model>
        </node>
        <node>
           <name>MP_AM445_Switch_box_2_INDEX_11</name>
           <model>usa\misc\AM445\AM445.model</model>
        </node>
        <node>
           <name>MP_AM129_Turtles_box</name>
           <model>usa\misc\AM129\AM129.model</model>
        </node>
        <node>
           <name>MP_AM129_Turtles_box_INDEX_1</name>
           <model>usa\misc\AM129\AM129.model</model>
        </node>
        <node>
           <name>MP_AM129_Turtles_box_INDEX_2</name>
           <model>usa\misc\AM129\AM129.model</model>
        </node>
        <node>
           <name>MP_AM129_Turtles_box_INDEX_3</name>
           <model>usa\misc\AM129\AM129.model</model>
        </node>
        <node>
           <name>MP_AM129_Turtles_box_INDEX_4</name>
           <model>usa\misc\AM129\AM129.model</model>
        </node>
        <node>
           <name>MP_AM129_Turtles_box_INDEX_5</name>
           <model>usa\misc\AM129\AM129.model</model>
        </node>
        <node>
           <name>MP_AM129_Turtles_box_INDEX_6</name>
           <model>usa\misc\AM129\AM129.model</model>
        </node>
        <node>
           <name>MP_AM129_Turtles_box_INDEX_7</name>
           <model>usa\misc\AM129\AM129.model</model>
        </node>
        <node>
           <name>MP_AM129_Turtles_box_INDEX_8</name>
           <model>usa\misc\AM129\AM129.model</model>
        </node>
        <node>
           <name>MP_AM129_Turtles_box_INDEX_9</name>
           <model>usa\misc\AM129\AM129.model</model>
        </node>
        <node>
           <name>MP_AM129_Turtles_box_INDEX_10</name>
           <model>usa\misc\AM129\AM129.model</model>
        </node>
        <node>
           <name>MP_AM129_Turtles_box_INDEX_11</name>
           <model>usa\misc\AM129\AM129.model</model>
        </node>
        <node>
           <name>MP_AM129_Turtles_box_INDEX_12</name>
           <model>usa\misc\AM129\AM129.model</model>
        </node>
        <node>
           <name>MP_AM129_Turtles_box_INDEX_13</name>
           <model>usa\misc\AM129\AM129.model</model>
        </node>
        <node>
           <name>MP_AM129_Turtles_box_INDEX_14</name>
           <model>usa\misc\AM129\AM129.model</model>
        </node>
        <node>
           <name>MP_AM129_Turtles_box_INDEX_15</name>
           <model>usa\misc\AM129\AM129.model</model>
        </node>
        <node>
           <name>MP_AM129_Turtles_box_INDEX_16</name>
           <model>usa\misc\AM129\AM129.model</model>
        </node>
        <node>
           <name>HP_DeckLand</name>
           <model>usa\aircraft\bomber\AAB003_Martin_T3M\AAB003_Martin_T3M.model</model>
        </node>
        <node>
           <name>HP_Deck_00</name>
           <model>usa\aircraft\fighter\AAF013_Curtiss_F6C\AAF013_Curtiss_F6C.model</model>
        </node>
        <node>
           <name>HP_Deck_01</name>
           <model>usa\aircraft\fighter\AAF013_Curtiss_F6C\AAF013_Curtiss_F6C.model</model>
        </node>
        <node>
           <name>HP_Deck_02</name>
           <model>usa\aircraft\fighter\AAF013_Curtiss_F6C\AAF013_Curtiss_F6C.model</model>
        </node>
        <node>
           <name>HP_Deck_03</name>
           <model>usa\aircraft\fighter\AAF013_Curtiss_F6C\AAF013_Curtiss_F6C.model</model>
        </node>
        <node>
           <name>HP_Deck_11</name>
           <model>usa\aircraft\bomber\AAB003_Martin_T3M\AAB003_Martin_T3M.model</model>
        </node>
        <node>
           <name>HP_DisappearPoint</name>
           <model>usa\aircraft\bomber\AAB003_Martin_T3M\AAB003_Martin_T3M.model</model>
        </node>
        <node>
           <name>HP_Fire_Burn_4</name>
           <model>UNKNOWN_ITEM</model>
        </node>
    </stern>
  </sections>
</ASA002_Bogue_1942.xml>
