<?xml version="1.0" encoding="UTF-8"?>
<Surfaces>
 <Mesh>
  <BlockVersion name="Mesh" version="1"/>
  <SurfaceName>C_MF_Brother_Standard_2</SurfaceName>
  <SurfaceParameters>
   <BlockVersion name="SurfaceParameters" version="2"/>
   <Category>Combo</Category>
   <ShaderClass>SkinAlphaPlayerColor</ShaderClass>
   <TypeFloatParameter>
    <BlockVersion name="TypeFloatParameter" version="2"/>
   </TypeFloatParameter>
   <TypeFloat2Parameter>
    <BlockVersion name="TypeFloat2Parameter" version="2"/>
   </TypeFloat2Parameter>
   <TypeFloat3Parameter>
    <BlockVersion name="TypeFloat3Parameter" version="2"/>
   </TypeFloat3Parameter>
   <TypeFloat4Parameter>
    <BlockVersion name="TypeFloat4Parameter" version="2"/>
   </TypeFloat4Parameter>
  </SurfaceParameters>
  <Material>
   <BlockVersion name="Material" version="1"/>
   <Name></Name>
   <Color>false</Color>
   <Shader>true</Shader>
   <Diffuse_Texture>true</Diffuse_Texture>
   <Normal_Texture>false</Normal_Texture>
   <Bump_Texture>false</Bump_Texture>
   <Height_Texture>false</Height_Texture>
   <Alpha_Texture>false</Alpha_Texture>
   <Light_Texture>false</Light_Texture>
   <Shadow_Texture>false</Shadow_Texture>
   <Specular_Texture>false</Specular_Texture>
   <Environment_Texture>false</Environment_Texture>
   <Cliff_Texture>false</Cliff_Texture>
   <ShaderData>
    <BlockVersion name="ShaderData" version="1"/>
    <ShaderName></ShaderName>
    <High_Pass_Blend_Factor>1.</High_Pass_Blend_Factor>
    <Shadow_Softness>0.25</Shadow_Softness>
    <Displacement>1.9999999552965164e-002</Displacement>
    <ShaderParameters>
     <BlockVersion name="ShaderParameters" version="2"/>
     <Category>Combo</Category>
     <ShaderClass>SkinAlphaPlayerColor</ShaderClass>
     <TypeFloatParameter>
      <BlockVersion name="TypeFloatParameter" version="2"/>
      <g_AlphaRef>100.</g_AlphaRef>
      <g_GlowStrength>0.</g_GlowStrength>
      <g_PSFabric>0.</g_PSFabric>
     </TypeFloatParameter>
     <TypeFloat2Parameter>
      <BlockVersion name="TypeFloat2Parameter" version="2"/>
      <g_Specular>
       <BlockVersion name="g_Specular" version="1"/>
       <X>0.</X>
       <Y>0.</Y>
      </g_Specular>
     </TypeFloat2Parameter>
     <TypeFloat3Parameter>
      <BlockVersion name="TypeFloat3Parameter" version="2"/>
      <g_VSFabric>
       <BlockVersion name="g_VSFabric" version="1"/>
       <X>0.</X>
       <Y>0.</Y>
       <Z>0.</Z>
      </g_VSFabric>
     </TypeFloat3Parameter>
     <TypeFloat4Parameter>
      <BlockVersion name="TypeFloat4Parameter" version="2"/>
     </TypeFloat4Parameter>
    </ShaderParameters>
   </ShaderData>
   <Textures>
    <TextureEdge>
     <BlockVersion name="TextureEdge" version="1"/>
     <Usage>Diffuse</Usage>
     <Dimension>2D</Dimension>
     <TextureData>
      <BlockVersion name="TextureData" version="1"/>
      <Name>Graphics\Textures\Units\C_MF_Brother_d.dds</Name>
     </TextureData>
    </TextureEdge>
   </Textures>
   <Type>Unknown</Type>
  </Material>
 </Mesh>
</Surfaces>
