<ASB004_Arkansas_1912.xml>
  <sections>
    <bow>
      <model>usa\ship\battleship\ASB004_Arkansas_1912\ASB004_Arkansas_1912_bow_ports.model</model>
        <node>
           <name>HP_AGM_1</name>
           <model>usa\gun\main\AGM155_12in50_Mk7\AGM155_12in50_Mk7.model</model>
        </node>
        <node>
           <name>HP_AGS_1</name>
           <model>usa\gun\secondary\AGS029_5in51_Mk_7\AGS029_5in51_Mk_7.model</model>
        </node>
        <node>
           <name>HP_AGS_2</name>
           <model>usa\gun\secondary\AGS029_5in51_Mk_7\AGS029_5in51_Mk_7.model</model>
        </node>
        <node>
           <name>MP_AM218_Hatch</name>
           <model>usa\misc\AM218\AM218.model</model>
        </node>
        <node>
           <name>MP_AM347_Fairlead</name>
           <model>usa\misc\AM347\AM347.model</model>
        </node>
        <node>
           <name>MP_AM347_Fairlead_INDEX_1</name>
           <model>usa\misc\AM347\AM347.model</model>
        </node>
        <node>
           <name>MP_AM003_Fairlead_1</name>
           <model>usa\misc\AM003\AM003.model</model>
        </node>
        <node>
           <name>MP_AM023_Hatch_1</name>
           <model>usa\misc\AM023\AM023.model</model>
        </node>
        <node>
           <name>MP_AM023_Hatch_1_INDEX_1</name>
           <model>usa\misc\AM023\AM023.model</model>
        </node>
        <node>
           <name>MP_CM004_Barbette_Out</name>
           <model>common\misc\CM004\CM004.model</model>
        </node>
        <node>
           <name>MP_AM001_Bollard_2</name>
           <model>usa\misc\AM001\AM001.model</model>
        </node>
        <node>
           <name>MP_AM218_Hatch_INDEX_1</name>
           <model>usa\misc\AM218\AM218.model</model>
        </node>
        <node>
           <name>MP_AM211_Ventilation</name>
           <model>usa\misc\AM211\AM211.model</model>
        </node>
        <node>
           <name>MP_AM001_Bollard_2_INDEX_1</name>
           <model>usa\misc\AM001\AM001.model</model>
        </node>
        <node>
           <name>MP_AM001_Bollard_2_INDEX_2</name>
           <model>usa\misc\AM001\AM001.model</model>
        </node>
        <node>
           <name>MP_AM023_Hatch_1_INDEX_2</name>
           <model>usa\misc\AM023\AM023.model</model>
        </node>
        <node>
           <name>MP_AM394_Boat_Winch</name>
           <model>usa\misc\AM394\AM394.model</model>
        </node>
        <node>
           <name>MP_AM001_Bollard_2_INDEX_3</name>
           <model>usa\misc\AM001\AM001.model</model>
        </node>
        <node>
           <name>MP_AM003_Fairlead_1_INDEX_1</name>
           <model>usa\misc\AM003\AM003.model</model>
        </node>
        <node>
           <name>MP_AM347_Fairlead_INDEX_2</name>
           <model>usa\misc\AM347\AM347.model</model>
        </node>
        <node>
           <name>MP_AM023_Hatch_1_INDEX_3</name>
           <model>usa\misc\AM023\AM023.model</model>
        </node>
        <node>
           <name>MP_AM347_Fairlead_INDEX_3</name>
           <model>usa\misc\AM347\AM347.model</model>
        </node>
        <node>
           <name>MP_AM217_Hatch</name>
           <model>usa\misc\AM217\AM217.model</model>
        </node>
        <node>
           <name>MP_AM347_Fairlead_INDEX_4</name>
           <model>usa\misc\AM347\AM347.model</model>
        </node>
        <node>
           <name>MP_AM347_Fairlead_INDEX_5</name>
           <model>usa\misc\AM347\AM347.model</model>
        </node>
        <node>
           <name>MP_AM600_Skylight_Hatch</name>
           <model>usa\misc\AM600\AM600.model</model>
        </node>
        <node>
           <name>MP_AM600_Skylight_Hatch_INDEX_1</name>
           <model>usa\misc\AM600\AM600.model</model>
        </node>
        <node>
           <name>MP_AM003_Fairlead_1_INDEX_2</name>
           <model>usa\misc\AM003\AM003.model</model>
        </node>
        <node>
           <name>HP_Fire_Burn_1</name>
           <model>UNKNOWN_ITEM</model>
        </node>
    </bow>
    <midfront>
      <model>usa\ship\battleship\ASB004_Arkansas_1912\ASB004_Arkansas_1912_MidFront_ports.model</model>
        <node>
           <name>HP_AF_1</name>
           <model>usa\finder\AF098_Rangefinder_3m_armored\AF098_Rangefinder_3m_armored.model</model>
        </node>
        <node>
           <name>HP_AGM_2</name>
           <model>usa\gun\main\AGM155_12in50_Mk7\AGM155_12in50_Mk7.model</model>
        </node>
        <node>
           <name>HP_AGS_3</name>
           <model>usa\gun\secondary\AGS029_5in51_Mk_7\AGS029_5in51_Mk_7.model</model>
        </node>
        <node>
           <name>HP_AGS_4</name>
           <model>usa\gun\secondary\AGS029_5in51_Mk_7\AGS029_5in51_Mk_7.model</model>
        </node>
        <node>
           <name>HP_AGS_5</name>
           <model>usa\gun\secondary\AGS149_5in_51_Mk7\AGS149_5in_51_Mk7.model</model>
        </node>
        <node>
           <name>HP_AGS_6</name>
           <model>usa\gun\secondary\AGS149_5in_51_Mk7\AGS149_5in_51_Mk7.model</model>
        </node>
        <node>
           <name>HP_AGS_7</name>
           <model>usa\gun\secondary\AGS029_5in51_Mk_7\AGS029_5in51_Mk_7.model</model>
        </node>
        <node>
           <name>HP_AGS_8</name>
           <model>usa\gun\secondary\AGS029_5in51_Mk_7\AGS029_5in51_Mk_7.model</model>
        </node>
        <node>
           <name>HP_AGS_9</name>
           <model>usa\gun\secondary\AGS149_5in_51_Mk7\AGS149_5in_51_Mk7.model</model>
        </node>
        <node>
           <name>HP_AGS_10</name>
           <model>usa\gun\secondary\AGS149_5in_51_Mk7\AGS149_5in_51_Mk7.model</model>
        </node>
        <node>
           <name>HP_AGS_11</name>
           <model>usa\gun\secondary\AGS149_5in_51_Mk7\AGS149_5in_51_Mk7.model</model>
        </node>
        <node>
           <name>HP_AGS_12</name>
           <model>usa\gun\secondary\AGS149_5in_51_Mk7\AGS149_5in_51_Mk7.model</model>
        </node>
        <node>
           <name>HP_AGS_13</name>
           <model>usa\gun\secondary\AGS149_5in_51_Mk7\AGS149_5in_51_Mk7.model</model>
        </node>
        <node>
           <name>HP_AGS_14</name>
           <model>usa\gun\secondary\AGS149_5in_51_Mk7\AGS149_5in_51_Mk7.model</model>
        </node>
        <node>
           <name>HP_AGS_15</name>
           <model>usa\gun\secondary\AGS149_5in_51_Mk7\AGS149_5in_51_Mk7.model</model>
        </node>
        <node>
           <name>HP_AGS_16</name>
           <model>usa\gun\secondary\AGS149_5in_51_Mk7\AGS149_5in_51_Mk7.model</model>
        </node>
        <node>
           <name>HP_AGM_3</name>
           <model>usa\gun\main\AGM155_12in50_Mk7\AGM155_12in50_Mk7.model</model>
        </node>
        <node>
           <name>HP_flag_1</name>
           <model>usa\misc\AM032\AM032.model</model>
        </node>
        <node>
           <name>HP_flag_2</name>
           <model>usa\misc\AM032\AM032.model</model>
        </node>
        <node>
           <name>HP_flag_3</name>
           <model>usa\misc\AM032\AM032.model</model>
        </node>
        <node>
           <name>HP_flag_4</name>
           <model>usa\misc\AM032\AM032.model</model>
        </node>
        <node>
           <name>HP_flag_nation</name>
           <model>usa\misc\AM032\AM032.model</model>
        </node>
        <node>
           <name>MP_AM503_Ammunition_Box</name>
           <model>usa\misc\AM503\AM503.model</model>
        </node>
        <node>
           <name>MP_AM218_Hatch</name>
           <model>usa\misc\AM218\AM218.model</model>
        </node>
        <node>
           <name>MP_AM428_Ammunition_box</name>
           <model>usa\misc\AM428\AM428.model</model>
        </node>
        <node>
           <name>MP_AM108_Reels_4</name>
           <model>usa\misc\AM108\AM108.model</model>
        </node>
        <node>
           <name>MP_AM428_Ammunition_box_INDEX_1</name>
           <model>usa\misc\AM428\AM428.model</model>
        </node>
        <node>
           <name>MP_AM047_Running_Lights_R</name>
           <model>usa\misc\AM047\AM047.model</model>
        </node>
        <node>
           <name>MP_AM225_Searchlight_900mm</name>
           <model>usa\misc\AM225\AM225.model</model>
        </node>
        <node>
           <name>MP_AM225_Searchlight_900mm_INDEX_1</name>
           <model>usa\misc\AM225\AM225.model</model>
        </node>
        <node>
           <name>MP_AM173_Insulator_1</name>
           <model>usa\misc\AM173\AM173.model</model>
        </node>
        <node>
           <name>MP_AM288_Franklin_Life_Buoy</name>
           <model>usa\misc\AM288\AM288.model</model>
        </node>
        <node>
           <name>MP_AM476_Kingpost</name>
           <model>usa\misc\AM476\AM476.model</model>
        </node>
        <node>
           <name>MP_AM225_Searchlight_900mm_INDEX_2</name>
           <model>usa\misc\AM225\AM225.model</model>
        </node>
        <node>
           <name>MP_CM011_Fire_Fighting_Gear</name>
           <model>common\misc\CM011\CM011.model</model>
        </node>
        <node>
           <name>MP_CM012_Fire_Hose_Rack_1</name>
           <model>common\misc\CM012\CM012.model</model>
        </node>
        <node>
           <name>MP_AM049_Signal_Lamp_1</name>
           <model>usa\misc\AM049\AM049.model</model>
        </node>
        <node>
           <name>MP_AM018_Compass_Binnacle</name>
           <model>usa\misc\AM018\AM018.model</model>
        </node>
        <node>
           <name>MP_CM053_Telegraph</name>
           <model>common\misc\CM053\CM053.model</model>
        </node>
        <node>
           <name>MP_AM001_Bollard_2</name>
           <model>usa\misc\AM001\AM001.model</model>
        </node>
        <node>
           <name>MP_CM011_Fire_Fighting_Gear_INDEX_1</name>
           <model>common\misc\CM011\CM011.model</model>
        </node>
        <node>
           <name>MP_CM012_Fire_Hose_Rack_1_INDEX_1</name>
           <model>common\misc\CM012\CM012.model</model>
        </node>
        <node>
           <name>MP_AM522_Electric_Stand</name>
           <model>usa\misc\AM522\AM522.model</model>
        </node>
        <node>
           <name>MP_AM347_Fairlead</name>
           <model>usa\misc\AM347\AM347.model</model>
        </node>
        <node>
           <name>MP_CM004_Barbette_Out</name>
           <model>common\misc\CM004\CM004.model</model>
        </node>
        <node>
           <name>MP_AM476_Kingpost_INDEX_1</name>
           <model>usa\misc\AM476\AM476.model</model>
        </node>
        <node>
           <name>MP_AM347_Fairlead_INDEX_1</name>
           <model>usa\misc\AM347\AM347.model</model>
        </node>
        <node>
           <name>MP_AM225_Searchlight_900mm_INDEX_3</name>
           <model>usa\misc\AM225\AM225.model</model>
        </node>
        <node>
           <name>MP_AM230_Launch_40ft</name>
           <model>usa\misc\AM230\AM230.model</model>
        </node>
        <node>
           <name>MP_CM080_Anchor</name>
           <model>common\misc\CM080\CM080.model</model>
        </node>
        <node>
           <name>MP_AM509_Voice_Tube_2</name>
           <model>usa\misc\AM509\AM509.model</model>
        </node>
        <node>
           <name>MP_AM358_Signal_Lamp</name>
           <model>usa\misc\AM358\AM358.model</model>
        </node>
        <node>
           <name>MP_CM061_Barrel</name>
           <model>common\misc\CM061\CM061.model</model>
        </node>
        <node>
           <name>MP_AM582_Semaphore</name>
           <model>usa\misc\AM582\AM582.model</model>
        </node>
        <node>
           <name>MP_AM230_Launch_40ft_INDEX_1</name>
           <model>usa\misc\AM230\AM230.model</model>
        </node>
        <node>
           <name>MP_AM225_Searchlight_900mm_INDEX_4</name>
           <model>usa\misc\AM225\AM225.model</model>
        </node>
        <node>
           <name>MP_AM476_Kingpost_INDEX_2</name>
           <model>usa\misc\AM476\AM476.model</model>
        </node>
        <node>
           <name>MP_AM428_Ammunition_box_INDEX_2</name>
           <model>usa\misc\AM428\AM428.model</model>
        </node>
        <node>
           <name>MP_AM225_Searchlight_900mm_INDEX_5</name>
           <model>usa\misc\AM225\AM225.model</model>
        </node>
        <node>
           <name>MP_AM597_Boat_crane</name>
           <model>usa\misc\AM597\AM597.model</model>
        </node>
        <node>
           <name>MP_CM011_Fire_Fighting_Gear_INDEX_2</name>
           <model>common\misc\CM011\CM011.model</model>
        </node>
        <node>
           <name>MP_AM218_Hatch_INDEX_1</name>
           <model>usa\misc\AM218\AM218.model</model>
        </node>
        <node>
           <name>MP_AM476_Kingpost_INDEX_3</name>
           <model>usa\misc\AM476\AM476.model</model>
        </node>
        <node>
           <name>MP_AM025_Pelorus_Mk7</name>
           <model>usa\misc\AM025\AM025.model</model>
        </node>
        <node>
           <name>MP_CM011_Fire_Fighting_Gear_INDEX_3</name>
           <model>common\misc\CM011\CM011.model</model>
        </node>
        <node>
           <name>MP_CM004_Barbette_Out_INDEX_1</name>
           <model>common\misc\CM004\CM004.model</model>
        </node>
        <node>
           <name>MP_AM347_Fairlead_INDEX_2</name>
           <model>usa\misc\AM347\AM347.model</model>
        </node>
        <node>
           <name>MP_CM019_Wood_Box_2</name>
           <model>common\misc\CM019\CM019.model</model>
        </node>
        <node>
           <name>MP_AM170_Flag_Box_2</name>
           <model>usa\misc\AM170\AM170.model</model>
        </node>
        <node>
           <name>MP_AM529_Life_Buoy</name>
           <model>usa\misc\AM529\AM529.model</model>
        </node>
        <node>
           <name>MP_AM347_Fairlead_INDEX_3</name>
           <model>usa\misc\AM347\AM347.model</model>
        </node>
        <node>
           <name>MP_CM019_Wood_Box_2_INDEX_1</name>
           <model>common\misc\CM019\CM019.model</model>
        </node>
        <node>
           <name>MP_CM019_Wood_Box_2_INDEX_2</name>
           <model>common\misc\CM019\CM019.model</model>
        </node>
        <node>
           <name>MP_AM460_3pdr_Saluting_Gun</name>
           <model>usa\misc\AM460\AM460.model</model>
        </node>
        <node>
           <name>MP_CM056_Ships_bell</name>
           <model>common\misc\CM056\CM056.model</model>
        </node>
        <node>
           <name>MP_AM518_Flag_Box</name>
           <model>usa\misc\AM518\AM518.model</model>
        </node>
        <node>
           <name>MP_AM518_Flag_Box_INDEX_1</name>
           <model>usa\misc\AM518\AM518.model</model>
        </node>
        <node>
           <name>MP_AM218_Hatch_INDEX_2</name>
           <model>usa\misc\AM218\AM218.model</model>
        </node>
        <node>
           <name>MP_AM218_Hatch_INDEX_3</name>
           <model>usa\misc\AM218\AM218.model</model>
        </node>
        <node>
           <name>MP_AM097_Motor_launch_50ft</name>
           <model>usa\misc\AM097\AM097.model</model>
        </node>
        <node>
           <name>MP_CM012_Fire_Hose_Rack_1_INDEX_2</name>
           <model>common\misc\CM012\CM012.model</model>
        </node>
        <node>
           <name>MP_AM347_Fairlead_INDEX_4</name>
           <model>usa\misc\AM347\AM347.model</model>
        </node>
        <node>
           <name>MP_CM012_Fire_Hose_Rack_1_INDEX_3</name>
           <model>common\misc\CM012\CM012.model</model>
        </node>
        <node>
           <name>MP_AM428_Ammunition_box_INDEX_3</name>
           <model>usa\misc\AM428\AM428.model</model>
        </node>
        <node>
           <name>MP_AM218_Hatch_INDEX_4</name>
           <model>usa\misc\AM218\AM218.model</model>
        </node>
        <node>
           <name>MP_AM518_Flag_Box_INDEX_2</name>
           <model>usa\misc\AM518\AM518.model</model>
        </node>
        <node>
           <name>MP_CM019_Wood_Box_2_INDEX_3</name>
           <model>common\misc\CM019\CM019.model</model>
        </node>
        <node>
           <name>MP_AM347_Fairlead_INDEX_5</name>
           <model>usa\misc\AM347\AM347.model</model>
        </node>
        <node>
           <name>MP_CM061_Barrel_INDEX_1</name>
           <model>common\misc\CM061\CM061.model</model>
        </node>
        <node>
           <name>MP_CM028_Swab_Rack</name>
           <model>common\misc\CM028\CM028.model</model>
        </node>
        <node>
           <name>MP_AM476_Kingpost_INDEX_4</name>
           <model>usa\misc\AM476\AM476.model</model>
        </node>
        <node>
           <name>MP_AM347_Fairlead_INDEX_6</name>
           <model>usa\misc\AM347\AM347.model</model>
        </node>
        <node>
           <name>MP_AM225_Searchlight_900mm_INDEX_6</name>
           <model>usa\misc\AM225\AM225.model</model>
        </node>
        <node>
           <name>MP_CM011_Fire_Fighting_Gear_INDEX_4</name>
           <model>common\misc\CM011\CM011.model</model>
        </node>
        <node>
           <name>MP_AM225_Searchlight_900mm_INDEX_7</name>
           <model>usa\misc\AM225\AM225.model</model>
        </node>
        <node>
           <name>MP_AM225_Searchlight_900mm_INDEX_8</name>
           <model>usa\misc\AM225\AM225.model</model>
        </node>
        <node>
           <name>MP_AM001_Bollard_2_INDEX_1</name>
           <model>usa\misc\AM001\AM001.model</model>
        </node>
        <node>
           <name>MP_AM225_Searchlight_900mm_INDEX_9</name>
           <model>usa\misc\AM225\AM225.model</model>
        </node>
        <node>
           <name>MP_AM001_Bollard_2_INDEX_2</name>
           <model>usa\misc\AM001\AM001.model</model>
        </node>
        <node>
           <name>MP_AM288_Franklin_Life_Buoy_INDEX_1</name>
           <model>usa\misc\AM288\AM288.model</model>
        </node>
        <node>
           <name>MP_AM476_Kingpost_INDEX_5</name>
           <model>usa\misc\AM476\AM476.model</model>
        </node>
        <node>
           <name>MP_AM170_Flag_Box_2_INDEX_1</name>
           <model>usa\misc\AM170\AM170.model</model>
        </node>
        <node>
           <name>MP_AM094_Motor_launch_36ft</name>
           <model>usa\misc\AM094\AM094.model</model>
        </node>
        <node>
           <name>MP_CM019_Wood_Box_2_INDEX_4</name>
           <model>common\misc\CM019\CM019.model</model>
        </node>
        <node>
           <name>MP_AM582_Semaphore_INDEX_1</name>
           <model>usa\misc\AM582\AM582.model</model>
        </node>
        <node>
           <name>MP_AM476_Kingpost_INDEX_6</name>
           <model>usa\misc\AM476\AM476.model</model>
        </node>
        <node>
           <name>MP_AM025_Pelorus_Mk7_INDEX_1</name>
           <model>usa\misc\AM025\AM025.model</model>
        </node>
        <node>
           <name>MP_AM217_Hatch</name>
           <model>usa\misc\AM217\AM217.model</model>
        </node>
        <node>
           <name>MP_CM011_Fire_Fighting_Gear_INDEX_5</name>
           <model>common\misc\CM011\CM011.model</model>
        </node>
        <node>
           <name>MP_CM011_Fire_Fighting_Gear_INDEX_6</name>
           <model>common\misc\CM011\CM011.model</model>
        </node>
        <node>
           <name>MP_AM518_Flag_Box_INDEX_3</name>
           <model>usa\misc\AM518\AM518.model</model>
        </node>
        <node>
           <name>MP_AM225_Searchlight_900mm_INDEX_10</name>
           <model>usa\misc\AM225\AM225.model</model>
        </node>
        <node>
           <name>MP_AM094_Motor_launch_36ft_INDEX_1</name>
           <model>usa\misc\AM094\AM094.model</model>
        </node>
        <node>
           <name>MP_AM509_Voice_Tube_2_INDEX_1</name>
           <model>usa\misc\AM509\AM509.model</model>
        </node>
        <node>
           <name>MP_CM028_Swab_Rack_INDEX_1</name>
           <model>common\misc\CM028\CM028.model</model>
        </node>
        <node>
           <name>MP_CM011_Fire_Fighting_Gear_INDEX_7</name>
           <model>common\misc\CM011\CM011.model</model>
        </node>
        <node>
           <name>MP_CM061_Barrel_INDEX_2</name>
           <model>common\misc\CM061\CM061.model</model>
        </node>
        <node>
           <name>MP_AM475_Coaling_booms</name>
           <model>usa\misc\AM475\AM475.model</model>
        </node>
        <node>
           <name>MP_AM225_Searchlight_900mm_INDEX_11</name>
           <model>usa\misc\AM225\AM225.model</model>
        </node>
        <node>
           <name>MP_AM049_Signal_Lamp_1_INDEX_1</name>
           <model>usa\misc\AM049\AM049.model</model>
        </node>
        <node>
           <name>MP_AM261_Steam_Launch</name>
           <model>usa\misc\AM261\AM261.model</model>
        </node>
        <node>
           <name>MP_AM518_Flag_Box_INDEX_4</name>
           <model>usa\misc\AM518\AM518.model</model>
        </node>
        <node>
           <name>MP_AM503_Ammunition_Box_INDEX_1</name>
           <model>usa\misc\AM503\AM503.model</model>
        </node>
        <node>
           <name>MP_AM048_Running_Lights_L</name>
           <model>usa\misc\AM048\AM048.model</model>
        </node>
        <node>
           <name>MP_AM001_Bollard_2_INDEX_3</name>
           <model>usa\misc\AM001\AM001.model</model>
        </node>
        <node>
           <name>MP_AM347_Fairlead_INDEX_7</name>
           <model>usa\misc\AM347\AM347.model</model>
        </node>
        <node>
           <name>MP_AM476_Kingpost_INDEX_7</name>
           <model>usa\misc\AM476\AM476.model</model>
        </node>
        <node>
           <name>MP_CM061_Barrel_INDEX_3</name>
           <model>common\misc\CM061\CM061.model</model>
        </node>
        <node>
           <name>MP_AM225_Searchlight_900mm_INDEX_12</name>
           <model>usa\misc\AM225\AM225.model</model>
        </node>
        <node>
           <name>MP_CM012_Fire_Hose_Rack_1_INDEX_4</name>
           <model>common\misc\CM012\CM012.model</model>
        </node>
        <node>
           <name>MP_CM011_Fire_Fighting_Gear_INDEX_8</name>
           <model>common\misc\CM011\CM011.model</model>
        </node>
        <node>
           <name>MP_CM012_Fire_Hose_Rack_1_INDEX_5</name>
           <model>common\misc\CM012\CM012.model</model>
        </node>
        <node>
           <name>MP_AM261_Steam_Launch_INDEX_1</name>
           <model>usa\misc\AM261\AM261.model</model>
        </node>
        <node>
           <name>MP_AM509_Voice_Tube_2_INDEX_2</name>
           <model>usa\misc\AM509\AM509.model</model>
        </node>
        <node>
           <name>MP_CM012_Fire_Hose_Rack_1_INDEX_6</name>
           <model>common\misc\CM012\CM012.model</model>
        </node>
        <node>
           <name>MP_CM004_Barbette_Out_INDEX_2</name>
           <model>common\misc\CM004\CM004.model</model>
        </node>
        <node>
           <name>MP_AM225_Searchlight_900mm_INDEX_13</name>
           <model>usa\misc\AM225\AM225.model</model>
        </node>
        <node>
           <name>MP_AM097_Motor_launch_50ft_INDEX_1</name>
           <model>usa\misc\AM097\AM097.model</model>
        </node>
        <node>
           <name>MP_AM347_Fairlead_INDEX_8</name>
           <model>usa\misc\AM347\AM347.model</model>
        </node>
        <node>
           <name>MP_CM019_Wood_Box_2_INDEX_5</name>
           <model>common\misc\CM019\CM019.model</model>
        </node>
        <node>
           <name>MP_AM509_Voice_Tube_2_INDEX_3</name>
           <model>usa\misc\AM509\AM509.model</model>
        </node>
        <node>
           <name>MP_AM428_Ammunition_box_INDEX_4</name>
           <model>usa\misc\AM428\AM428.model</model>
        </node>
        <node>
           <name>MP_AM018_Compass_Binnacle_INDEX_1</name>
           <model>usa\misc\AM018\AM018.model</model>
        </node>
        <node>
           <name>MP_AM218_Hatch_INDEX_5</name>
           <model>usa\misc\AM218\AM218.model</model>
        </node>
        <node>
           <name>MP_CM012_Fire_Hose_Rack_1_INDEX_7</name>
           <model>common\misc\CM012\CM012.model</model>
        </node>
        <node>
           <name>MP_CM011_Fire_Fighting_Gear_INDEX_9</name>
           <model>common\misc\CM011\CM011.model</model>
        </node>
        <node>
           <name>MP_AM378_Ammunition_box</name>
           <model>usa\misc\AM378\AM378.model</model>
        </node>
        <node>
           <name>MP_AM347_Fairlead_INDEX_9</name>
           <model>usa\misc\AM347\AM347.model</model>
        </node>
        <node>
           <name>MP_AM225_Searchlight_900mm_INDEX_14</name>
           <model>usa\misc\AM225\AM225.model</model>
        </node>
        <node>
           <name>MP_AM378_Ammunition_box_INDEX_1</name>
           <model>usa\misc\AM378\AM378.model</model>
        </node>
        <node>
           <name>MP_AM347_Fairlead_INDEX_10</name>
           <model>usa\misc\AM347\AM347.model</model>
        </node>
        <node>
           <name>MP_AM248_Ammunition_Box</name>
           <model>usa\misc\AM248\AM248.model</model>
        </node>
        <node>
           <name>MP_AM001_Bollard_2_INDEX_4</name>
           <model>usa\misc\AM001\AM001.model</model>
        </node>
        <node>
           <name>MP_CM012_Fire_Hose_Rack_1_INDEX_8</name>
           <model>common\misc\CM012\CM012.model</model>
        </node>
        <node>
           <name>MP_CM080_Anchor_INDEX_1</name>
           <model>common\misc\CM080\CM080.model</model>
        </node>
        <node>
           <name>MP_AM476_Kingpost_INDEX_8</name>
           <model>usa\misc\AM476\AM476.model</model>
        </node>
        <node>
           <name>MP_AM529_Life_Buoy_INDEX_1</name>
           <model>usa\misc\AM529\AM529.model</model>
        </node>
        <node>
           <name>MP_AM248_Ammunition_Box_INDEX_1</name>
           <model>usa\misc\AM248\AM248.model</model>
        </node>
        <node>
           <name>MP_AM225_Searchlight_900mm_INDEX_15</name>
           <model>usa\misc\AM225\AM225.model</model>
        </node>
        <node>
           <name>MP_CM012_Fire_Hose_Rack_1_INDEX_9</name>
           <model>common\misc\CM012\CM012.model</model>
        </node>
        <node>
           <name>MP_AM347_Fairlead_INDEX_11</name>
           <model>usa\misc\AM347\AM347.model</model>
        </node>
        <node>
           <name>MP_AM001_Bollard_2_INDEX_5</name>
           <model>usa\misc\AM001\AM001.model</model>
        </node>
        <node>
           <name>MP_AM347_Fairlead_INDEX_12</name>
           <model>usa\misc\AM347\AM347.model</model>
        </node>
        <node>
           <name>MP_CM040_Steering_Wheel</name>
           <model>common\misc\CM040\CM040.model</model>
        </node>
        <node>
           <name>MP_AM460_3pdr_Saluting_Gun_INDEX_1</name>
           <model>usa\misc\AM460\AM460.model</model>
        </node>
        <node>
           <name>MP_CM011_Fire_Fighting_Gear_INDEX_10</name>
           <model>common\misc\CM011\CM011.model</model>
        </node>
        <node>
           <name>MP_AM476_Kingpost_INDEX_9</name>
           <model>usa\misc\AM476\AM476.model</model>
        </node>
        <node>
           <name>MP_AM475_Coaling_booms_INDEX_1</name>
           <model>usa\misc\AM475\AM475.model</model>
        </node>
        <node>
           <name>MP_AM518_Flag_Box_INDEX_5</name>
           <model>usa\misc\AM518\AM518.model</model>
        </node>
        <node>
           <name>MP_CM061_Barrel_INDEX_4</name>
           <model>common\misc\CM061\CM061.model</model>
        </node>
        <node>
           <name>MP_AM460_3pdr_Saluting_Gun_INDEX_2</name>
           <model>usa\misc\AM460\AM460.model</model>
        </node>
        <node>
           <name>MP_AM358_Signal_Lamp_INDEX_1</name>
           <model>usa\misc\AM358\AM358.model</model>
        </node>
        <node>
           <name>MP_CM012_Fire_Hose_Rack_1_INDEX_10</name>
           <model>common\misc\CM012\CM012.model</model>
        </node>
        <node>
           <name>MP_CM011_Fire_Fighting_Gear_INDEX_11</name>
           <model>common\misc\CM011\CM011.model</model>
        </node>
        <node>
           <name>MP_CM012_Fire_Hose_Rack_1_INDEX_11</name>
           <model>common\misc\CM012\CM012.model</model>
        </node>
        <node>
           <name>MP_AM460_3pdr_Saluting_Gun_INDEX_3</name>
           <model>usa\misc\AM460\AM460.model</model>
        </node>
        <node>
           <name>MP_AM518_Flag_Box_INDEX_6</name>
           <model>usa\misc\AM518\AM518.model</model>
        </node>
        <node>
           <name>MP_AM399_Hatch</name>
           <model>usa\misc\AM399\AM399.model</model>
        </node>
        <node>
           <name>MP_AM399_Hatch_INDEX_1</name>
           <model>usa\misc\AM399\AM399.model</model>
        </node>
        <node>
           <name>MP_AM399_Hatch_INDEX_2</name>
           <model>usa\misc\AM399\AM399.model</model>
        </node>
        <node>
           <name>MP_AM459_Hatch</name>
           <model>usa\misc\AM459\AM459.model</model>
        </node>
        <node>
           <name>MP_AM599_Skylight_Hatch</name>
           <model>usa\misc\AM599\AM599.model</model>
        </node>
        <node>
           <name>MP_AM601_Skylight_Hatch</name>
           <model>usa\misc\AM601\AM601.model</model>
        </node>
        <node>
           <name>MP_AM600_Skylight_Hatch</name>
           <model>usa\misc\AM600\AM600.model</model>
        </node>
        <node>
           <name>MP_AM599_Skylight_Hatch_INDEX_1</name>
           <model>usa\misc\AM599\AM599.model</model>
        </node>
        <node>
           <name>MP_AM601_Skylight_Hatch_INDEX_1</name>
           <model>usa\misc\AM601\AM601.model</model>
        </node>
        <node>
           <name>MP_AM601_Skylight_Hatch_INDEX_2</name>
           <model>usa\misc\AM601\AM601.model</model>
        </node>
        <node>
           <name>MP_AM597_Boat_crane_INDEX_1</name>
           <model>usa\misc\AM597\AM597.model</model>
        </node>
        <node>
           <name>HP_Smoke_1</name>
           <model>UNKNOWN_ITEM</model>
        </node>
        <node>
           <name>HP_Fire_Burn_2</name>
           <model>UNKNOWN_ITEM</model>
        </node>
        <node>
           <name>HP_NoseWave_Speed</name>
           <model>UNKNOWN_ITEM</model>
        </node>
    </midfront>
    <midback>
      <model>usa\ship\battleship\ASB004_Arkansas_1912\ASB004_Arkansas_1912_MidBack_ports.model</model>
        <node>
           <name>HP_AGM_4</name>
           <model>usa\gun\main\AGM155_12in50_Mk7\AGM155_12in50_Mk7.model</model>
        </node>
        <node>
           <name>HP_AGM_5</name>
           <model>usa\gun\main\AGM155_12in50_Mk7\AGM155_12in50_Mk7.model</model>
        </node>
        <node>
           <name>MP_AM347_Fairlead</name>
           <model>usa\misc\AM347\AM347.model</model>
        </node>
        <node>
           <name>MP_AM347_Fairlead_INDEX_1</name>
           <model>usa\misc\AM347\AM347.model</model>
        </node>
        <node>
           <name>MP_CM011_Fire_Fighting_Gear</name>
           <model>common\misc\CM011\CM011.model</model>
        </node>
        <node>
           <name>MP_AM529_Life_Buoy</name>
           <model>usa\misc\AM529\AM529.model</model>
        </node>
        <node>
           <name>MP_AM217_Hatch</name>
           <model>usa\misc\AM217\AM217.model</model>
        </node>
        <node>
           <name>MP_AM529_Life_Buoy_INDEX_1</name>
           <model>usa\misc\AM529\AM529.model</model>
        </node>
        <node>
           <name>MP_AM282_Ammunition_Box</name>
           <model>usa\misc\AM282\AM282.model</model>
        </node>
        <node>
           <name>MP_CM028_Swab_Rack</name>
           <model>common\misc\CM028\CM028.model</model>
        </node>
        <node>
           <name>MP_AM395_Whaleboat_30ft</name>
           <model>usa\misc\AM395\AM395.model</model>
        </node>
        <node>
           <name>MP_AM218_Hatch</name>
           <model>usa\misc\AM218\AM218.model</model>
        </node>
        <node>
           <name>MP_AM347_Fairlead_INDEX_2</name>
           <model>usa\misc\AM347\AM347.model</model>
        </node>
        <node>
           <name>MP_AM503_Ammunition_Box</name>
           <model>usa\misc\AM503\AM503.model</model>
        </node>
        <node>
           <name>MP_AM319_Hatch</name>
           <model>usa\misc\AM319\AM319.model</model>
        </node>
        <node>
           <name>MP_AM218_Hatch_INDEX_1</name>
           <model>usa\misc\AM218\AM218.model</model>
        </node>
        <node>
           <name>MP_AM218_Hatch_INDEX_2</name>
           <model>usa\misc\AM218\AM218.model</model>
        </node>
        <node>
           <name>MP_AM347_Fairlead_INDEX_3</name>
           <model>usa\misc\AM347\AM347.model</model>
        </node>
        <node>
           <name>MP_AM319_Hatch_INDEX_1</name>
           <model>usa\misc\AM319\AM319.model</model>
        </node>
        <node>
           <name>MP_AM319_Hatch_INDEX_2</name>
           <model>usa\misc\AM319\AM319.model</model>
        </node>
        <node>
           <name>MP_CM012_Fire_Hose_Rack_1</name>
           <model>common\misc\CM012\CM012.model</model>
        </node>
        <node>
           <name>MP_AM195_Ammunition_Box_12</name>
           <model>usa\misc\AM195\AM195.model</model>
        </node>
        <node>
           <name>MP_AM319_Hatch_INDEX_3</name>
           <model>usa\misc\AM319\AM319.model</model>
        </node>
        <node>
           <name>MP_AM347_Fairlead_INDEX_4</name>
           <model>usa\misc\AM347\AM347.model</model>
        </node>
        <node>
           <name>MP_CM012_Fire_Hose_Rack_1_INDEX_1</name>
           <model>common\misc\CM012\CM012.model</model>
        </node>
        <node>
           <name>MP_CM011_Fire_Fighting_Gear_INDEX_1</name>
           <model>common\misc\CM011\CM011.model</model>
        </node>
        <node>
           <name>MP_AM108_Reels_4</name>
           <model>usa\misc\AM108\AM108.model</model>
        </node>
        <node>
           <name>MP_CM013_Fire_Hose_Rack_2</name>
           <model>common\misc\CM013\CM013.model</model>
        </node>
        <node>
           <name>MP_AM213_Ventilation</name>
           <model>usa\misc\AM213\AM213.model</model>
        </node>
        <node>
           <name>MP_AM395_Whaleboat_30ft_INDEX_1</name>
           <model>usa\misc\AM395\AM395.model</model>
        </node>
        <node>
           <name>MP_AM347_Fairlead_INDEX_5</name>
           <model>usa\misc\AM347\AM347.model</model>
        </node>
        <node>
           <name>MP_AM347_Fairlead_INDEX_6</name>
           <model>usa\misc\AM347\AM347.model</model>
        </node>
        <node>
           <name>MP_AM001_Bollard_2</name>
           <model>usa\misc\AM001\AM001.model</model>
        </node>
        <node>
           <name>MP_AM001_Bollard_2_INDEX_1</name>
           <model>usa\misc\AM001\AM001.model</model>
        </node>
        <node>
           <name>MP_AM108_Reels_4_INDEX_1</name>
           <model>usa\misc\AM108\AM108.model</model>
        </node>
        <node>
           <name>MP_AM195_Ammunition_Box_12_INDEX_1</name>
           <model>usa\misc\AM195\AM195.model</model>
        </node>
        <node>
           <name>MP_AM218_Hatch_INDEX_3</name>
           <model>usa\misc\AM218\AM218.model</model>
        </node>
        <node>
           <name>MP_AM319_Hatch_INDEX_4</name>
           <model>usa\misc\AM319\AM319.model</model>
        </node>
        <node>
           <name>MP_AM001_Bollard_2_INDEX_2</name>
           <model>usa\misc\AM001\AM001.model</model>
        </node>
        <node>
           <name>MP_AM217_Hatch_INDEX_1</name>
           <model>usa\misc\AM217\AM217.model</model>
        </node>
        <node>
           <name>MP_AM218_Hatch_INDEX_4</name>
           <model>usa\misc\AM218\AM218.model</model>
        </node>
        <node>
           <name>MP_AM108_Reels_4_INDEX_2</name>
           <model>usa\misc\AM108\AM108.model</model>
        </node>
        <node>
           <name>MP_AM347_Fairlead_INDEX_7</name>
           <model>usa\misc\AM347\AM347.model</model>
        </node>
        <node>
           <name>MP_AM347_Fairlead_INDEX_8</name>
           <model>usa\misc\AM347\AM347.model</model>
        </node>
        <node>
           <name>MP_AM001_Bollard_2_INDEX_3</name>
           <model>usa\misc\AM001\AM001.model</model>
        </node>
        <node>
           <name>MP_CM011_Fire_Fighting_Gear_INDEX_2</name>
           <model>common\misc\CM011\CM011.model</model>
        </node>
        <node>
           <name>MP_AM319_Hatch_INDEX_5</name>
           <model>usa\misc\AM319\AM319.model</model>
        </node>
        <node>
           <name>MP_AM282_Ammunition_Box_INDEX_1</name>
           <model>usa\misc\AM282\AM282.model</model>
        </node>
        <node>
           <name>MP_AM218_Hatch_INDEX_5</name>
           <model>usa\misc\AM218\AM218.model</model>
        </node>
        <node>
           <name>MP_AM213_Ventilation_INDEX_1</name>
           <model>usa\misc\AM213\AM213.model</model>
        </node>
        <node>
           <name>MP_AM282_Ammunition_Box_INDEX_2</name>
           <model>usa\misc\AM282\AM282.model</model>
        </node>
        <node>
           <name>MP_CM004_Barbette_Out</name>
           <model>common\misc\CM004\CM004.model</model>
        </node>
        <node>
           <name>MP_CM011_Fire_Fighting_Gear_INDEX_3</name>
           <model>common\misc\CM011\CM011.model</model>
        </node>
        <node>
           <name>MP_CM004_Barbette_Out_INDEX_1</name>
           <model>common\misc\CM004\CM004.model</model>
        </node>
        <node>
           <name>MP_CM013_Fire_Hose_Rack_2_INDEX_1</name>
           <model>common\misc\CM013\CM013.model</model>
        </node>
        <node>
           <name>MP_AM319_Hatch_INDEX_6</name>
           <model>usa\misc\AM319\AM319.model</model>
        </node>
        <node>
           <name>MP_AM427_Hatch</name>
           <model>usa\misc\AM427\AM427.model</model>
        </node>
        <node>
           <name>MP_AM427_Hatch_INDEX_1</name>
           <model>usa\misc\AM427\AM427.model</model>
        </node>
        <node>
           <name>MP_AM601_Skylight_Hatch</name>
           <model>usa\misc\AM601\AM601.model</model>
        </node>
        <node>
           <name>HP_Smoke_2</name>
           <model>UNKNOWN_ITEM</model>
        </node>
        <node>
           <name>HP_Fire_Burn_3</name>
           <model>UNKNOWN_ITEM</model>
        </node>
    </midback>
    <stern>
      <model>usa\ship\battleship\ASB004_Arkansas_1912\ASB004_Arkansas_1912_Stern_ports.model</model>
        <node>
           <name>HP_AGM_6</name>
           <model>usa\gun\main\AGM155_12in50_Mk7\AGM155_12in50_Mk7.model</model>
        </node>
        <node>
           <name>HP_AGS_17</name>
           <model>usa\gun\secondary\AGS029_5in51_Mk_7\AGS029_5in51_Mk_7.model</model>
        </node>
        <node>
           <name>HP_AGS_18</name>
           <model>usa\gun\secondary\AGS029_5in51_Mk_7\AGS029_5in51_Mk_7.model</model>
        </node>
        <node>
           <name>HP_AGS_19</name>
           <model>usa\gun\secondary\AGS029_5in51_Mk_7\AGS029_5in51_Mk_7.model</model>
        </node>
        <node>
           <name>HP_AGS_20</name>
           <model>usa\gun\secondary\AGS029_5in51_Mk_7\AGS029_5in51_Mk_7.model</model>
        </node>
        <node>
           <name>HP_AGS_21</name>
           <model>usa\gun\secondary\AGS029_5in51_Mk_7\AGS029_5in51_Mk_7.model</model>
        </node>
        <node>
           <name>MP_AM001_Bollard_2</name>
           <model>usa\misc\AM001\AM001.model</model>
        </node>
        <node>
           <name>MP_CM001_Propeller3_L</name>
           <model>common\misc\CM001\CM001.model</model>
        </node>
        <node>
           <name>MP_CM011_Fire_Fighting_Gear</name>
           <model>common\misc\CM011\CM011.model</model>
        </node>
        <node>
           <name>MP_CM032_Propeller3_R</name>
           <model>common\misc\CM032\CM032.model</model>
        </node>
        <node>
           <name>MP_AM378_Ammunition_box</name>
           <model>usa\misc\AM378\AM378.model</model>
        </node>
        <node>
           <name>MP_AM218_Hatch</name>
           <model>usa\misc\AM218\AM218.model</model>
        </node>
        <node>
           <name>MP_AM288_Franklin_Life_Buoy</name>
           <model>usa\misc\AM288\AM288.model</model>
        </node>
        <node>
           <name>MP_CM013_Fire_Hose_Rack_2</name>
           <model>common\misc\CM013\CM013.model</model>
        </node>
        <node>
           <name>MP_AM001_Bollard_2_INDEX_1</name>
           <model>usa\misc\AM001\AM001.model</model>
        </node>
        <node>
           <name>MP_AM347_Fairlead</name>
           <model>usa\misc\AM347\AM347.model</model>
        </node>
        <node>
           <name>MP_CM028_Swab_Rack</name>
           <model>common\misc\CM028\CM028.model</model>
        </node>
        <node>
           <name>MP_AM394_Boat_Winch</name>
           <model>usa\misc\AM394\AM394.model</model>
        </node>
        <node>
           <name>MP_AM378_Ammunition_box_INDEX_1</name>
           <model>usa\misc\AM378\AM378.model</model>
        </node>
        <node>
           <name>MP_AM211_Ventilation</name>
           <model>usa\misc\AM211\AM211.model</model>
        </node>
        <node>
           <name>MP_AM319_Hatch</name>
           <model>usa\misc\AM319\AM319.model</model>
        </node>
        <node>
           <name>MP_CM032_Propeller3_R_INDEX_1</name>
           <model>common\misc\CM032\CM032.model</model>
        </node>
        <node>
           <name>MP_AM288_Franklin_Life_Buoy_INDEX_1</name>
           <model>usa\misc\AM288\AM288.model</model>
        </node>
        <node>
           <name>MP_AM218_Hatch_INDEX_1</name>
           <model>usa\misc\AM218\AM218.model</model>
        </node>
        <node>
           <name>MP_CM011_Fire_Fighting_Gear_INDEX_1</name>
           <model>common\misc\CM011\CM011.model</model>
        </node>
        <node>
           <name>MP_CM004_Barbette_Out</name>
           <model>common\misc\CM004\CM004.model</model>
        </node>
        <node>
           <name>MP_CM028_Swab_Rack_INDEX_1</name>
           <model>common\misc\CM028\CM028.model</model>
        </node>
        <node>
           <name>MP_CM013_Fire_Hose_Rack_2_INDEX_1</name>
           <model>common\misc\CM013\CM013.model</model>
        </node>
        <node>
           <name>MP_AM347_Fairlead_INDEX_1</name>
           <model>usa\misc\AM347\AM347.model</model>
        </node>
        <node>
           <name>MP_CM001_Propeller3_L_INDEX_1</name>
           <model>common\misc\CM001\CM001.model</model>
        </node>
        <node>
           <name>HP_Fire_Burn_4</name>
           <model>UNKNOWN_ITEM</model>
        </node>
    </stern>
  </sections>
</ASB004_Arkansas_1912.xml>
