<ASA011_Lexington_1942.xml>
  <sections>
    <bow>
      <model>usa\ship\aircarrier\ASA011_Lexington_1942\ASA011_Lexington_1942_bow_ports.model</model>
        <node>
           <name>HP_AD_2</name>
           <model>usa\director\AD003_Director_Mk51\AD003_Director_Mk51.model</model>
        </node>
        <node>
           <name>HP_AD_1</name>
           <model>usa\director\AD003_Director_Mk51\AD003_Director_Mk51.model</model>
        </node>
        <node>
           <name>HP_AGA_4</name>
           <model>usa\gun\aaircraft\AGA003_20mm_Oerlikon_MK4\AGA003_20mm_Oerlikon_MK4.model</model>
        </node>
        <node>
           <name>HP_AGA_6</name>
           <model>usa\gun\aaircraft\AGA003_20mm_Oerlikon_MK4\AGA003_20mm_Oerlikon_MK4.model</model>
        </node>
        <node>
           <name>HP_AGA_5</name>
           <model>usa\gun\aaircraft\AGA003_20mm_Oerlikon_MK4\AGA003_20mm_Oerlikon_MK4.model</model>
        </node>
        <node>
           <name>HP_AGA_3</name>
           <model>usa\gun\aaircraft\AGA003_20mm_Oerlikon_MK4\AGA003_20mm_Oerlikon_MK4.model</model>
        </node>
        <node>
           <name>HP_AGA_1</name>
           <model>usa\gun\aaircraft\AGA008_40mm_Bofors_Mk2\AGA008_40mm_Bofors_Mk2.model</model>
        </node>
        <node>
           <name>HP_AGA_2</name>
           <model>usa\gun\aaircraft\AGA008_40mm_Bofors_Mk2\AGA008_40mm_Bofors_Mk2.model</model>
        </node>
        <node>
           <name>HP_LiftOffPoint</name>
           <model>usa\aircraft\bomber\AAB012_Consolidated_TBY_1\AAB012_Consolidated_TBY_1.model</model>
        </node>
        <node>
           <name>HP_Deck_32</name>
           <model>usa\aircraft\dive\AAD003_Vought_SB2U\AAD003_Vought_SB2U.model</model>
        </node>
        <node>
           <name>MP_CM006ASA011Bow_0_0</name>
           <model>common\misc\CM006ASA011Bow\CM006ASA011Bow.model</model>
        </node>
        <node>
           <name>MP_AM144ASA011Bow_0_0</name>
           <model>usa\misc\AM144ASA011Bow\AM144ASA011Bow.model</model>
        </node>
        <node>
           <name>MP_AM077ASA011Bow_0_0</name>
           <model>usa\misc\AM077ASA011Bow\AM077ASA011Bow.model</model>
        </node>
        <node>
           <name>MP_AM029ASA011Bow_0_0</name>
           <model>usa\misc\AM029ASA011Bow\AM029ASA011Bow.model</model>
        </node>
        <node>
           <name>MP_AM080ASA011Bow_0_0</name>
           <model>usa\misc\AM080ASA011Bow\AM080ASA011Bow.model</model>
        </node>
        <node>
           <name>MP_CM013ASA011Bow_0_0</name>
           <model>common\misc\CM013ASA011Bow\CM013ASA011Bow.model</model>
        </node>
        <node>
           <name>MP_CM051ASA011Bow_0_0</name>
           <model>common\misc\CM051ASA011Bow\CM051ASA011Bow.model</model>
        </node>
        <node>
           <name>MP_AM549ASA011Bow_0_0</name>
           <model>usa\misc\AM549ASA011Bow\AM549ASA011Bow.model</model>
        </node>
        <node>
           <name>MP_CM029ASA011Bow_0_0</name>
           <model>common\misc\CM029ASA011Bow\CM029ASA011Bow.model</model>
        </node>
        <node>
           <name>MP_AM046ASA011Bow_0_0</name>
           <model>usa\misc\AM046ASA011Bow\AM046ASA011Bow.model</model>
        </node>
        <node>
           <name>MP_AM442ASA011Bow_0_0</name>
           <model>usa\misc\AM442ASA011Bow\AM442ASA011Bow.model</model>
        </node>
        <node>
           <name>HP_LiftOffPoint</name>
           <model>UNKNOWN_ITEM</model>
        </node>
        <node>
           <name>HP_Deck_32</name>
           <model>UNKNOWN_ITEM</model>
        </node>
        <node>
           <name>HP_Fire_Burn_1</name>
           <model>UNKNOWN_ITEM</model>
        </node>
    </bow>
    <midfront>
      <model>usa\ship\aircarrier\ASA011_Lexington_1942\ASA011_Lexington_1942_MidFront_ports.model</model>
        <node>
           <name>HP_AD_3</name>
           <model>usa\director\AD003_Director_Mk51\AD003_Director_Mk51.model</model>
        </node>
        <node>
           <name>HP_AGA_7</name>
           <model>usa\gun\aaircraft\AGA008_40mm_Bofors_Mk2\AGA008_40mm_Bofors_Mk2.model</model>
        </node>
        <node>
           <name>HP_AGS_2</name>
           <model>usa\gun\secondary\AGS022_5in38_Mk24\AGS022_5in38_Mk24.model</model>
        </node>
        <node>
           <name>HP_AGS_1</name>
           <model>usa\gun\secondary\AGS022_5in38_Mk24\AGS022_5in38_Mk24.model</model>
        </node>
        <node>
           <name>HP_AF_1</name>
           <model>usa\finder\AF032_Rangefinder_2m\AF032_Rangefinder_2m.model</model>
        </node>
        <node>
           <name>HP_AGS_6</name>
           <model>usa\gun\secondary\AGS010_5in38_Mk32_Mod12\AGS010_5in38_Mk32_Mod12.model</model>
        </node>
        <node>
           <name>HP_AGS_5</name>
           <model>usa\gun\secondary\AGS010_5in38_Mk32_Mod12\AGS010_5in38_Mk32_Mod12.model</model>
        </node>
        <node>
           <name>HP_AD_5</name>
           <model>usa\director\AD102_Director_Mk37_empty\AD102_Director_Mk37_empty.model</model>
        </node>
        <node>
           <name>HP_ARS_1</name>
           <model>usa\radar\search\ARS004_Radar_SG\ARS004_Radar_SG.model</model>
        </node>
        <node>
           <name>HP_AD_4</name>
           <model>usa\director\AD003_Director_Mk51\AD003_Director_Mk51.model</model>
        </node>
        <node>
           <name>HP_AGA_8</name>
           <model>usa\gun\aaircraft\AGA008_40mm_Bofors_Mk2\AGA008_40mm_Bofors_Mk2.model</model>
        </node>
        <node>
           <name>HP_AGS_3</name>
           <model>usa\gun\secondary\AGS022_5in38_Mk24\AGS022_5in38_Mk24.model</model>
        </node>
        <node>
           <name>HP_AGS_4</name>
           <model>usa\gun\secondary\AGS022_5in38_Mk24\AGS022_5in38_Mk24.model</model>
        </node>
        <node>
           <name>HP_AGA_9</name>
           <model>usa\gun\aaircraft\AGA003_20mm_Oerlikon_MK4\AGA003_20mm_Oerlikon_MK4.model</model>
        </node>
        <node>
           <name>HP_AGA_10</name>
           <model>usa\gun\aaircraft\AGA003_20mm_Oerlikon_MK4\AGA003_20mm_Oerlikon_MK4.model</model>
        </node>
        <node>
           <name>HP_AGA_11</name>
           <model>usa\gun\aaircraft\AGA003_20mm_Oerlikon_MK4\AGA003_20mm_Oerlikon_MK4.model</model>
        </node>
        <node>
           <name>HP_AGA_12</name>
           <model>usa\gun\aaircraft\AGA003_20mm_Oerlikon_MK4\AGA003_20mm_Oerlikon_MK4.model</model>
        </node>
        <node>
           <name>HP_AGA_13</name>
           <model>usa\gun\aaircraft\AGA003_20mm_Oerlikon_MK4\AGA003_20mm_Oerlikon_MK4.model</model>
        </node>
        <node>
           <name>HP_AGA_14</name>
           <model>usa\gun\aaircraft\AGA003_20mm_Oerlikon_MK4\AGA003_20mm_Oerlikon_MK4.model</model>
        </node>
        <node>
           <name>HP_AGA_15</name>
           <model>usa\gun\aaircraft\AGA003_20mm_Oerlikon_MK4\AGA003_20mm_Oerlikon_MK4.model</model>
        </node>
        <node>
           <name>HP_DeckStart</name>
           <model>usa\aircraft\bomber\AAB012_Consolidated_TBY_1\AAB012_Consolidated_TBY_1.model</model>
        </node>
        <node>
           <name>HP_Deck_33</name>
           <model>usa\aircraft\dive\AAD003_Vought_SB2U\AAD003_Vought_SB2U.model</model>
        </node>
        <node>
           <name>HP_Deck_34</name>
           <model>usa\aircraft\dive\AAD003_Vought_SB2U\AAD003_Vought_SB2U.model</model>
        </node>
        <node>
           <name>HP_Deck_35</name>
           <model>usa\aircraft\dive\AAD003_Vought_SB2U\AAD003_Vought_SB2U.model</model>
        </node>
        <node>
           <name>HP_flag_1</name>
           <model>usa\misc\AM032\AM032.model</model>
        </node>
        <node>
           <name>HP_flag_2</name>
           <model>usa\misc\AM032\AM032.model</model>
        </node>
        <node>
           <name>HP_flag_3</name>
           <model>usa\misc\AM032\AM032.model</model>
        </node>
        <node>
           <name>HP_flag_4</name>
           <model>usa\misc\AM032\AM032.model</model>
        </node>
        <node>
           <name>HP_flag_nation</name>
           <model>usa\misc\AM032\AM032.model</model>
        </node>
        <node>
           <name>MP_AM107_Aircraft_Cran_2</name>
           <model>usa\misc\AM107\AM107.model</model>
        </node>
        <node>
           <name>MP_AM078_Crane_Control_Wheel</name>
           <model>usa\misc\AM078\AM078.model</model>
        </node>
        <node>
           <name>MP_AM038ASA011MidFront_0_0</name>
           <model>usa\misc\AM038ASA011MidFront\AM038ASA011MidFront.model</model>
        </node>
        <node>
           <name>MP_AM072_Ships_bell</name>
           <model>usa\misc\AM072\AM072.model</model>
        </node>
        <node>
           <name>MP_AM123_Winch_1</name>
           <model>usa\misc\AM123\AM123.model</model>
        </node>
        <node>
           <name>MP_AM050ASA011MidFront_0_0</name>
           <model>usa\misc\AM050ASA011MidFront\AM050ASA011MidFront.model</model>
        </node>
        <node>
           <name>MP_AM062_IFF_Antenna</name>
           <model>usa\misc\AM062\AM062.model</model>
        </node>
        <node>
           <name>MP_AM063_Wind_Direction</name>
           <model>usa\misc\AM063\AM063.model</model>
        </node>
        <node>
           <name>MP_AM061ASA011MidFront_0_0</name>
           <model>usa\misc\AM061ASA011MidFront\AM061ASA011MidFront.model</model>
        </node>
        <node>
           <name>MP_AM025ASA011MidFront_0_0</name>
           <model>usa\misc\AM025ASA011MidFront\AM025ASA011MidFront.model</model>
        </node>
        <node>
           <name>MP_AM018_Compass_Binnacle</name>
           <model>usa\misc\AM018\AM018.model</model>
        </node>
        <node>
           <name>MP_AM049ASA011MidFront_0_0</name>
           <model>usa\misc\AM049ASA011MidFront\AM049ASA011MidFront.model</model>
        </node>
        <node>
           <name>MP_AM047_Running_Lights_R</name>
           <model>usa\misc\AM047\AM047.model</model>
        </node>
        <node>
           <name>MP_AM048_Running_Lights_L</name>
           <model>usa\misc\AM048\AM048.model</model>
        </node>
        <node>
           <name>MP_AM115_RDF</name>
           <model>usa\misc\AM115\AM115.model</model>
        </node>
        <node>
           <name>MP_AM086_TBS_Antenna_2</name>
           <model>usa\misc\AM086\AM086.model</model>
        </node>
        <node>
           <name>MP_AM010ASA011MidFront_0_0</name>
           <model>usa\misc\AM010ASA011MidFront\AM010ASA011MidFront.model</model>
        </node>
        <node>
           <name>MP_CM010_Fire_Hose_Reel</name>
           <model>common\misc\CM010\CM010.model</model>
        </node>
        <node>
           <name>MP_AM154ASA011MidFront_0_0</name>
           <model>usa\misc\AM154ASA011MidFront\AM154ASA011MidFront.model</model>
        </node>
        <node>
           <name>MP_AM155ASA011MidFront_0_0</name>
           <model>usa\misc\AM155ASA011MidFront\AM155ASA011MidFront.model</model>
        </node>
        <node>
           <name>MP_AM157ASA011MidFront_0_0</name>
           <model>usa\misc\AM157ASA011MidFront\AM157ASA011MidFront.model</model>
        </node>
        <node>
           <name>MP_AM029ASA011MidFront_0_0</name>
           <model>usa\misc\AM029ASA011MidFront\AM029ASA011MidFront.model</model>
        </node>
        <node>
           <name>MP_AM189ASA011MidFront_0_0</name>
           <model>usa\misc\AM189ASA011MidFront\AM189ASA011MidFront.model</model>
        </node>
        <node>
           <name>MP_AM030ASA011MidFront_0_0</name>
           <model>usa\misc\AM030ASA011MidFront\AM030ASA011MidFront.model</model>
        </node>
        <node>
           <name>MP_AM091ASA011MidFront_0_0</name>
           <model>usa\misc\AM091ASA011MidFront\AM091ASA011MidFront.model</model>
        </node>
        <node>
           <name>MP_AM071ASA011MidFront_0_0</name>
           <model>usa\misc\AM071ASA011MidFront\AM071ASA011MidFront.model</model>
        </node>
        <node>
           <name>MP_AM533ASA011MidFront_0_0</name>
           <model>usa\misc\AM533ASA011MidFront\AM533ASA011MidFront.model</model>
        </node>
        <node>
           <name>MP_AM465ASA011MidFront_0_0</name>
           <model>usa\misc\AM465ASA011MidFront\AM465ASA011MidFront.model</model>
        </node>
        <node>
           <name>MP_AM142_Running_Lights_FW</name>
           <model>usa\misc\AM142\AM142.model</model>
        </node>
        <node>
           <name>MP_CM013ASA011MidFront_0_0</name>
           <model>common\misc\CM013ASA011MidFront\CM013ASA011MidFront.model</model>
        </node>
        <node>
           <name>MP_AM170ASA011MidFront_0_0</name>
           <model>usa\misc\AM170ASA011MidFront\AM170ASA011MidFront.model</model>
        </node>
        <node>
           <name>MP_CM004ASA011MidFront_0_0</name>
           <model>common\misc\CM004ASA011MidFront\CM004ASA011MidFront.model</model>
        </node>
        <node>
           <name>MP_CM079ASA011MidFront_0_0</name>
           <model>common\misc\CM079ASA011MidFront\CM079ASA011MidFront.model</model>
        </node>
        <node>
           <name>MP_AM164ASA011MidFront_0_0</name>
           <model>usa\misc\AM164ASA011MidFront\AM164ASA011MidFront.model</model>
        </node>
        <node>
           <name>MP_CM051ASA011MidFront_0_0</name>
           <model>common\misc\CM051ASA011MidFront\CM051ASA011MidFront.model</model>
        </node>
        <node>
           <name>MP_CM012ASA011MidFront_0_0</name>
           <model>common\misc\CM012ASA011MidFront\CM012ASA011MidFront.model</model>
        </node>
        <node>
           <name>MP_AM549ASA011MidFront_0_0</name>
           <model>usa\misc\AM549ASA011MidFront\AM549ASA011MidFront.model</model>
        </node>
        <node>
           <name>MP_CM029ASA011MidFront_0_0</name>
           <model>common\misc\CM029ASA011MidFront\CM029ASA011MidFront.model</model>
        </node>
        <node>
           <name>MP_AM298_Flight_Control_Light_R</name>
           <model>usa\misc\AM298\AM298.model</model>
        </node>
        <node>
           <name>MP_AM151_Gyro_Repeater</name>
           <model>usa\misc\AM151\AM151.model</model>
        </node>
        <node>
           <name>MP_AM176ASA011MidFront_0_0</name>
           <model>usa\misc\AM176ASA011MidFront\AM176ASA011MidFront.model</model>
        </node>
        <node>
           <name>MP_AM435ASA011MidFront_0_0</name>
           <model>usa\misc\AM435ASA011MidFront\AM435ASA011MidFront.model</model>
        </node>
        <node>
           <name>MP_AM445_Switch_box_2</name>
           <model>usa\misc\AM445\AM445.model</model>
        </node>
        <node>
           <name>MP_AM444ASA011MidFront_0_0</name>
           <model>usa\misc\AM444ASA011MidFront\AM444ASA011MidFront.model</model>
        </node>
        <node>
           <name>MP_AM438ASA011MidFront_0_0</name>
           <model>usa\misc\AM438ASA011MidFront\AM438ASA011MidFront.model</model>
        </node>
        <node>
           <name>MP_AM446ASA011MidFront_0_0</name>
           <model>usa\misc\AM446ASA011MidFront\AM446ASA011MidFront.model</model>
        </node>
        <node>
           <name>MP_AM535_Elec_Panel</name>
           <model>usa\misc\AM535\AM535.model</model>
        </node>
        <node>
           <name>MP_AM537_Elec_Panel</name>
           <model>usa\misc\AM537\AM537.model</model>
        </node>
        <node>
           <name>MP_AM156ASA011MidFront_0_0</name>
           <model>usa\misc\AM156ASA011MidFront\AM156ASA011MidFront.model</model>
        </node>
        <node>
           <name>MP_AM442ASA011MidFront_0_0</name>
           <model>usa\misc\AM442ASA011MidFront\AM442ASA011MidFront.model</model>
        </node>
        <node>
           <name>MP_AM433_MC_Box</name>
           <model>usa\misc\AM433\AM433.model</model>
        </node>
        <node>
           <name>MP_AM559_Alarm_Tool</name>
           <model>usa\misc\AM559\AM559.model</model>
        </node>
        <node>
           <name>MP_AM129ASA011MidFront_0_0</name>
           <model>usa\misc\AM129ASA011MidFront\AM129ASA011MidFront.model</model>
        </node>
        <node>
           <name>MP_AM295_Speaker_4</name>
           <model>usa\misc\AM295\AM295.model</model>
        </node>
        <node>
           <name>MP_AM440_Switch_Box</name>
           <model>usa\misc\AM440\AM440.model</model>
        </node>
        <node>
           <name>MP_AM524ASA011MidFront_0_0</name>
           <model>usa\misc\AM524ASA011MidFront\AM524ASA011MidFront.model</model>
        </node>
        <node>
           <name>MP_AM547_Ammunition_Box</name>
           <model>usa\misc\AM547\AM547.model</model>
        </node>
        <node>
           <name>MP_AM098_Siren</name>
           <model>usa\misc\AM098\AM098.model</model>
        </node>
        <node>
           <name>MP_AM224ASA011MidFront_0_0</name>
           <model>usa\misc\AM224ASA011MidFront\AM224ASA011MidFront.model</model>
        </node>
        <node>
           <name>MP_AM450_Antenna_YE_ZB</name>
           <model>usa\misc\AM450\AM450.model</model>
        </node>
        <node>
           <name>MP_AM510ASA011MidFront_0_0</name>
           <model>usa\misc\AM510ASA011MidFront\AM510ASA011MidFront.model</model>
        </node>
        <node>
           <name>MP_AM248ASA011MidFront_0_0</name>
           <model>usa\misc\AM248ASA011MidFront\AM248ASA011MidFront.model</model>
        </node>
        <node>
           <name>MP_AM249_Ammunition_Box</name>
           <model>usa\misc\AM249\AM249.model</model>
        </node>
        <node>
           <name>MP_CM082_Rope</name>
           <model>common\misc\CM082\CM082.model</model>
        </node>
        <node>
           <name>MP_AM005ASA011MidFront_0_0</name>
           <model>usa\misc\AM005ASA011MidFront\AM005ASA011MidFront.model</model>
        </node>
        <node>
           <name>MP_CM011_Fire_Fighting_Gear</name>
           <model>common\misc\CM011\CM011.model</model>
        </node>
        <node>
           <name>MP_AM088ASA011MidFront_0_0</name>
           <model>usa\misc\AM088ASA011MidFront\AM088ASA011MidFront.model</model>
        </node>
        <node>
           <name>MP_AM531_Stretcher</name>
           <model>usa\misc\AM531\AM531.model</model>
        </node>
        <node>
           <name>MP_AM602_Pelorus</name>
           <model>usa\misc\AM602\AM602.model</model>
        </node>
        <node>
           <name>HP_DeckStart</name>
           <model>UNKNOWN_ITEM</model>
        </node>
        <node>
           <name>HP_Deck_33</name>
           <model>UNKNOWN_ITEM</model>
        </node>
        <node>
           <name>HP_Deck_34</name>
           <model>UNKNOWN_ITEM</model>
        </node>
        <node>
           <name>HP_Deck_35</name>
           <model>UNKNOWN_ITEM</model>
        </node>
        <node>
           <name>HP_Smoke_1</name>
           <model>UNKNOWN_ITEM</model>
        </node>
        <node>
           <name>HP_Smoke_2</name>
           <model>UNKNOWN_ITEM</model>
        </node>
        <node>
           <name>HP_Fire_Burn_2</name>
           <model>UNKNOWN_ITEM</model>
        </node>
        <node>
           <name>HP_NoseWave_Speed</name>
           <model>UNKNOWN_ITEM</model>
        </node>
    </midfront>
    <midback>
      <model>usa\ship\aircarrier\ASA011_Lexington_1942\ASA011_Lexington_1942_MidBack_ports.model</model>
        <node>
           <name>HP_AD_7</name>
           <model>usa\director\AD102_Director_Mk37_empty\AD102_Director_Mk37_empty.model</model>
        </node>
        <node>
           <name>HP_AGA_31</name>
           <model>usa\gun\aaircraft\AGA003_20mm_Oerlikon_MK4\AGA003_20mm_Oerlikon_MK4.model</model>
        </node>
        <node>
           <name>HP_AGA_30</name>
           <model>usa\gun\aaircraft\AGA003_20mm_Oerlikon_MK4\AGA003_20mm_Oerlikon_MK4.model</model>
        </node>
        <node>
           <name>HP_AGA_29</name>
           <model>usa\gun\aaircraft\AGA003_20mm_Oerlikon_MK4\AGA003_20mm_Oerlikon_MK4.model</model>
        </node>
        <node>
           <name>HP_AGA_28</name>
           <model>usa\gun\aaircraft\AGA003_20mm_Oerlikon_MK4\AGA003_20mm_Oerlikon_MK4.model</model>
        </node>
        <node>
           <name>HP_AGA_27</name>
           <model>usa\gun\aaircraft\AGA003_20mm_Oerlikon_MK4\AGA003_20mm_Oerlikon_MK4.model</model>
        </node>
        <node>
           <name>HP_AGA_26</name>
           <model>usa\gun\aaircraft\AGA003_20mm_Oerlikon_MK4\AGA003_20mm_Oerlikon_MK4.model</model>
        </node>
        <node>
           <name>HP_AGA_24</name>
           <model>usa\gun\aaircraft\AGA003_20mm_Oerlikon_MK4\AGA003_20mm_Oerlikon_MK4.model</model>
        </node>
        <node>
           <name>HP_AGA_22</name>
           <model>usa\gun\aaircraft\AGA003_20mm_Oerlikon_MK4\AGA003_20mm_Oerlikon_MK4.model</model>
        </node>
        <node>
           <name>HP_AGA_19</name>
           <model>usa\gun\aaircraft\AGA003_20mm_Oerlikon_MK4\AGA003_20mm_Oerlikon_MK4.model</model>
        </node>
        <node>
           <name>HP_AGS_7</name>
           <model>usa\gun\secondary\AGS010_5in38_Mk32_Mod12\AGS010_5in38_Mk32_Mod12.model</model>
        </node>
        <node>
           <name>HP_AGS_8</name>
           <model>usa\gun\secondary\AGS010_5in38_Mk32_Mod12\AGS010_5in38_Mk32_Mod12.model</model>
        </node>
        <node>
           <name>HP_ARS_3</name>
           <model>usa\radar\search\ARS019_Radar_SC\ARS019_Radar_SC.model</model>
        </node>
        <node>
           <name>HP_AD_6</name>
           <model>usa\director\AD003_Director_Mk51\AD003_Director_Mk51.model</model>
        </node>
        <node>
           <name>HP_AGA_16</name>
           <model>usa\gun\aaircraft\AGA008_40mm_Bofors_Mk2\AGA008_40mm_Bofors_Mk2.model</model>
        </node>
        <node>
           <name>HP_ARS_2</name>
           <model>usa\radar\search\ARS026_Radar_CXAM1\ARS026_Radar_CXAM1.model</model>
        </node>
        <node>
           <name>HP_AGA_17</name>
           <model>usa\gun\aaircraft\AGA003_20mm_Oerlikon_MK4\AGA003_20mm_Oerlikon_MK4.model</model>
        </node>
        <node>
           <name>HP_AGA_18</name>
           <model>usa\gun\aaircraft\AGA003_20mm_Oerlikon_MK4\AGA003_20mm_Oerlikon_MK4.model</model>
        </node>
        <node>
           <name>HP_AGA_20</name>
           <model>usa\gun\aaircraft\AGA003_20mm_Oerlikon_MK4\AGA003_20mm_Oerlikon_MK4.model</model>
        </node>
        <node>
           <name>HP_AGA_21</name>
           <model>usa\gun\aaircraft\AGA003_20mm_Oerlikon_MK4\AGA003_20mm_Oerlikon_MK4.model</model>
        </node>
        <node>
           <name>HP_AGA_23</name>
           <model>usa\gun\aaircraft\AGA003_20mm_Oerlikon_MK4\AGA003_20mm_Oerlikon_MK4.model</model>
        </node>
        <node>
           <name>HP_AGA_25</name>
           <model>usa\gun\aaircraft\AGA003_20mm_Oerlikon_MK4\AGA003_20mm_Oerlikon_MK4.model</model>
        </node>
        <node>
           <name>HP_AGA_32</name>
           <model>usa\gun\aaircraft\AGA003_20mm_Oerlikon_MK4\AGA003_20mm_Oerlikon_MK4.model</model>
        </node>
        <node>
           <name>HP_AGA_33</name>
           <model>usa\gun\aaircraft\AGA003_20mm_Oerlikon_MK4\AGA003_20mm_Oerlikon_MK4.model</model>
        </node>
        <node>
           <name>HP_AGA_34</name>
           <model>usa\gun\aaircraft\AGA003_20mm_Oerlikon_MK4\AGA003_20mm_Oerlikon_MK4.model</model>
        </node>
        <node>
           <name>HP_AGA_35</name>
           <model>usa\gun\aaircraft\AGA003_20mm_Oerlikon_MK4\AGA003_20mm_Oerlikon_MK4.model</model>
        </node>
        <node>
           <name>HP_AGA_41</name>
           <model>usa\gun\aaircraft\AGA003_20mm_Oerlikon_MK4\AGA003_20mm_Oerlikon_MK4.model</model>
        </node>
        <node>
           <name>HP_AGA_40</name>
           <model>usa\gun\aaircraft\AGA003_20mm_Oerlikon_MK4\AGA003_20mm_Oerlikon_MK4.model</model>
        </node>
        <node>
           <name>HP_AGA_39</name>
           <model>usa\gun\aaircraft\AGA003_20mm_Oerlikon_MK4\AGA003_20mm_Oerlikon_MK4.model</model>
        </node>
        <node>
           <name>HP_AGA_38</name>
           <model>usa\gun\aaircraft\AGA003_20mm_Oerlikon_MK4\AGA003_20mm_Oerlikon_MK4.model</model>
        </node>
        <node>
           <name>HP_AGA_37</name>
           <model>usa\gun\aaircraft\AGA003_20mm_Oerlikon_MK4\AGA003_20mm_Oerlikon_MK4.model</model>
        </node>
        <node>
           <name>HP_AGA_36</name>
           <model>usa\gun\aaircraft\AGA003_20mm_Oerlikon_MK4\AGA003_20mm_Oerlikon_MK4.model</model>
        </node>
        <node>
           <name>HP_Deck_19</name>
           <model>usa\aircraft\dive\AAD003_Vought_SB2U\AAD003_Vought_SB2U.model</model>
        </node>
        <node>
           <name>HP_Deck_20</name>
           <model>usa\aircraft\dive\AAD003_Vought_SB2U\AAD003_Vought_SB2U.model</model>
        </node>
        <node>
           <name>HP_Deck_21</name>
           <model>usa\aircraft\dive\AAD003_Vought_SB2U\AAD003_Vought_SB2U.model</model>
        </node>
        <node>
           <name>HP_Deck_22</name>
           <model>usa\aircraft\dive\AAD003_Vought_SB2U\AAD003_Vought_SB2U.model</model>
        </node>
        <node>
           <name>HP_Deck_23</name>
           <model>usa\aircraft\dive\AAD003_Vought_SB2U\AAD003_Vought_SB2U.model</model>
        </node>
        <node>
           <name>HP_Deck_24</name>
           <model>usa\aircraft\dive\AAD003_Vought_SB2U\AAD003_Vought_SB2U.model</model>
        </node>
        <node>
           <name>HP_Deck_25</name>
           <model>usa\aircraft\dive\AAD003_Vought_SB2U\AAD003_Vought_SB2U.model</model>
        </node>
        <node>
           <name>HP_Deck_26</name>
           <model>usa\aircraft\dive\AAD003_Vought_SB2U\AAD003_Vought_SB2U.model</model>
        </node>
        <node>
           <name>HP_Deck_27</name>
           <model>usa\aircraft\dive\AAD003_Vought_SB2U\AAD003_Vought_SB2U.model</model>
        </node>
        <node>
           <name>HP_Deck_28</name>
           <model>usa\aircraft\dive\AAD003_Vought_SB2U\AAD003_Vought_SB2U.model</model>
        </node>
        <node>
           <name>HP_Deck_29</name>
           <model>usa\aircraft\dive\AAD003_Vought_SB2U\AAD003_Vought_SB2U.model</model>
        </node>
        <node>
           <name>HP_Deck_30</name>
           <model>usa\aircraft\dive\AAD003_Vought_SB2U\AAD003_Vought_SB2U.model</model>
        </node>
        <node>
           <name>HP_Deck_31</name>
           <model>usa\aircraft\dive\AAD003_Vought_SB2U\AAD003_Vought_SB2U.model</model>
        </node>
        <node>
           <name>HP_Deck_17</name>
           <model>usa\aircraft\bomber\AAB012_Consolidated_TBY_1\AAB012_Consolidated_TBY_1.model</model>
        </node>
        <node>
           <name>HP_Deck_16</name>
           <model>usa\aircraft\bomber\AAB012_Consolidated_TBY_1\AAB012_Consolidated_TBY_1.model</model>
        </node>
        <node>
           <name>HP_Deck_18</name>
           <model>usa\aircraft\dive\AAD003_Vought_SB2U\AAD003_Vought_SB2U.model</model>
        </node>
        <node>
           <name>MP_AM003ASA011MidBack_0_0</name>
           <model>usa\misc\AM003ASA011MidBack\AM003ASA011MidBack.model</model>
        </node>
        <node>
           <name>MP_AM037ASA011MidBack_0_0</name>
           <model>usa\misc\AM037ASA011MidBack\AM037ASA011MidBack.model</model>
        </node>
        <node>
           <name>MP_AM025ASA011MidBack_0_0</name>
           <model>usa\misc\AM025ASA011MidBack\AM025ASA011MidBack.model</model>
        </node>
        <node>
           <name>MP_AM061ASA011MidBack_0_0</name>
           <model>usa\misc\AM061ASA011MidBack\AM061ASA011MidBack.model</model>
        </node>
        <node>
           <name>MP_AM165ASA011MidBack_0_0</name>
           <model>usa\misc\AM165ASA011MidBack\AM165ASA011MidBack.model</model>
        </node>
        <node>
           <name>MP_AM049ASA011MidBack_0_0</name>
           <model>usa\misc\AM049ASA011MidBack\AM049ASA011MidBack.model</model>
        </node>
        <node>
           <name>MP_AM062_IFF_Antenna</name>
           <model>usa\misc\AM062\AM062.model</model>
        </node>
        <node>
           <name>MP_AM010ASA011MidBack_0_0</name>
           <model>usa\misc\AM010ASA011MidBack\AM010ASA011MidBack.model</model>
        </node>
        <node>
           <name>MP_CM010ASA011MidBack_0_0</name>
           <model>common\misc\CM010ASA011MidBack\CM010ASA011MidBack.model</model>
        </node>
        <node>
           <name>MP_CM025_Stairway_Big_R</name>
           <model>common\misc\CM025\CM025.model</model>
        </node>
        <node>
           <name>MP_CM027_Stairway_Small_R</name>
           <model>common\misc\CM027\CM027.model</model>
        </node>
        <node>
           <name>MP_AM154ASA011MidBack_0_0</name>
           <model>usa\misc\AM154ASA011MidBack\AM154ASA011MidBack.model</model>
        </node>
        <node>
           <name>MP_AM155ASA011MidBack_0_0</name>
           <model>usa\misc\AM155ASA011MidBack\AM155ASA011MidBack.model</model>
        </node>
        <node>
           <name>MP_AM173ASA011MidBack_0_0</name>
           <model>usa\misc\AM173ASA011MidBack\AM173ASA011MidBack.model</model>
        </node>
        <node>
           <name>MP_AM029ASA011MidBack_0_0</name>
           <model>usa\misc\AM029ASA011MidBack\AM029ASA011MidBack.model</model>
        </node>
        <node>
           <name>MP_AM189ASA011MidBack_0_0</name>
           <model>usa\misc\AM189ASA011MidBack\AM189ASA011MidBack.model</model>
        </node>
        <node>
           <name>MP_AM057ASA011MidBack_0_0</name>
           <model>usa\misc\AM057ASA011MidBack\AM057ASA011MidBack.model</model>
        </node>
        <node>
           <name>MP_AM056ASA011MidBack_0_0</name>
           <model>usa\misc\AM056ASA011MidBack\AM056ASA011MidBack.model</model>
        </node>
        <node>
           <name>MP_AM137ASA011MidBack_0_0</name>
           <model>usa\misc\AM137ASA011MidBack\AM137ASA011MidBack.model</model>
        </node>
        <node>
           <name>MP_CM026_Stairway_Small_L</name>
           <model>common\misc\CM026\CM026.model</model>
        </node>
        <node>
           <name>MP_CM024_Stairway_Big_L</name>
           <model>common\misc\CM024\CM024.model</model>
        </node>
        <node>
           <name>MP_AM080ASA011MidBack_0_0</name>
           <model>usa\misc\AM080ASA011MidBack\AM080ASA011MidBack.model</model>
        </node>
        <node>
           <name>MP_AM030ASA011MidBack_0_0</name>
           <model>usa\misc\AM030ASA011MidBack\AM030ASA011MidBack.model</model>
        </node>
        <node>
           <name>MP_AM421ASA011MidBack_0_0</name>
           <model>usa\misc\AM421ASA011MidBack\AM421ASA011MidBack.model</model>
        </node>
        <node>
           <name>MP_AM055ASA011MidBack_0_0</name>
           <model>usa\misc\AM055ASA011MidBack\AM055ASA011MidBack.model</model>
        </node>
        <node>
           <name>MP_AM133ASA011MidBack_0_0</name>
           <model>usa\misc\AM133ASA011MidBack\AM133ASA011MidBack.model</model>
        </node>
        <node>
           <name>MP_CM082ASA011MidBack_0_0</name>
           <model>common\misc\CM082ASA011MidBack\CM082ASA011MidBack.model</model>
        </node>
        <node>
           <name>MP_AM072_Ships_bell</name>
           <model>usa\misc\AM072\AM072.model</model>
        </node>
        <node>
           <name>MP_AM135ASA011MidBack_0_0</name>
           <model>usa\misc\AM135ASA011MidBack\AM135ASA011MidBack.model</model>
        </node>
        <node>
           <name>MP_AM115_RDF</name>
           <model>usa\misc\AM115\AM115.model</model>
        </node>
        <node>
           <name>MP_AM465_Fire_Extinguisher</name>
           <model>usa\misc\AM465\AM465.model</model>
        </node>
        <node>
           <name>MP_CM013ASA011MidBack_0_0</name>
           <model>common\misc\CM013ASA011MidBack\CM013ASA011MidBack.model</model>
        </node>
        <node>
           <name>MP_CM004ASA011MidBack_0_0</name>
           <model>common\misc\CM004ASA011MidBack\CM004ASA011MidBack.model</model>
        </node>
        <node>
           <name>MP_CM051ASA011MidBack_0_0</name>
           <model>common\misc\CM051ASA011MidBack\CM051ASA011MidBack.model</model>
        </node>
        <node>
           <name>MP_AM549ASA011MidBack_0_0</name>
           <model>usa\misc\AM549ASA011MidBack\AM549ASA011MidBack.model</model>
        </node>
        <node>
           <name>MP_CM029ASA011MidBack_0_0</name>
           <model>common\misc\CM029ASA011MidBack\CM029ASA011MidBack.model</model>
        </node>
        <node>
           <name>MP_AM157ASA011MidBack_0_0</name>
           <model>usa\misc\AM157ASA011MidBack\AM157ASA011MidBack.model</model>
        </node>
        <node>
           <name>MP_AM299_Flight_Control_Light_L</name>
           <model>usa\misc\AM299\AM299.model</model>
        </node>
        <node>
           <name>MP_AM200_Screened_speed_light</name>
           <model>usa\misc\AM200\AM200.model</model>
        </node>
        <node>
           <name>MP_AM071_Signal_Lamp_2</name>
           <model>usa\misc\AM071\AM071.model</model>
        </node>
        <node>
           <name>MP_AM444ASA011MidBack_0_0</name>
           <model>usa\misc\AM444ASA011MidBack\AM444ASA011MidBack.model</model>
        </node>
        <node>
           <name>MP_AM438ASA011MidBack_0_0</name>
           <model>usa\misc\AM438ASA011MidBack\AM438ASA011MidBack.model</model>
        </node>
        <node>
           <name>MP_AM156_Switch_Panel_3</name>
           <model>usa\misc\AM156\AM156.model</model>
        </node>
        <node>
           <name>MP_AM536_Elec_Panel</name>
           <model>usa\misc\AM536\AM536.model</model>
        </node>
        <node>
           <name>MP_AM224ASA011MidBack_0_0</name>
           <model>usa\misc\AM224ASA011MidBack\AM224ASA011MidBack.model</model>
        </node>
        <node>
           <name>MP_AM067_Speaker_2</name>
           <model>usa\misc\AM067\AM067.model</model>
        </node>
        <node>
           <name>MP_AM524ASA011MidBack_0_0</name>
           <model>usa\misc\AM524ASA011MidBack\AM524ASA011MidBack.model</model>
        </node>
        <node>
           <name>MP_AM433_MC_Box</name>
           <model>usa\misc\AM433\AM433.model</model>
        </node>
        <node>
           <name>MP_AM129ASA011MidBack_0_0</name>
           <model>usa\misc\AM129ASA011MidBack\AM129ASA011MidBack.model</model>
        </node>
        <node>
           <name>MP_AM363_sound_reproducer</name>
           <model>usa\misc\AM363\AM363.model</model>
        </node>
        <node>
           <name>MP_AM295_Speaker_4</name>
           <model>usa\misc\AM295\AM295.model</model>
        </node>
        <node>
           <name>MP_CM012ASA011MidBack_0_0</name>
           <model>common\misc\CM012ASA011MidBack\CM012ASA011MidBack.model</model>
        </node>
        <node>
           <name>MP_AM446_Headphones_locker</name>
           <model>usa\misc\AM446\AM446.model</model>
        </node>
        <node>
           <name>MP_AM098_Siren</name>
           <model>usa\misc\AM098\AM098.model</model>
        </node>
        <node>
           <name>MP_AM296_Speaker_5</name>
           <model>usa\misc\AM296\AM296.model</model>
        </node>
        <node>
           <name>MP_AM005_Bollard_1</name>
           <model>usa\misc\AM005\AM005.model</model>
        </node>
        <node>
           <name>MP_CM014ASA011MidBack_0_0</name>
           <model>common\misc\CM014ASA011MidBack\CM014ASA011MidBack.model</model>
        </node>
        <node>
           <name>MP_AM130ASA011MidBack_0_0</name>
           <model>usa\misc\AM130ASA011MidBack\AM130ASA011MidBack.model</model>
        </node>
        <node>
           <name>MP_AM065_Ammunition_Box_6</name>
           <model>usa\misc\AM065\AM065.model</model>
        </node>
        <node>
           <name>MP_AM531_Stretcher</name>
           <model>usa\misc\AM531\AM531.model</model>
        </node>
        <node>
           <name>MP_AM479ASA011MidBack_0_0</name>
           <model>usa\misc\AM479ASA011MidBack\AM479ASA011MidBack.model</model>
        </node>
        <node>
           <name>HP_Deck_19</name>
           <model>UNKNOWN_ITEM</model>
        </node>
        <node>
           <name>HP_Deck_20</name>
           <model>UNKNOWN_ITEM</model>
        </node>
        <node>
           <name>HP_Deck_21</name>
           <model>UNKNOWN_ITEM</model>
        </node>
        <node>
           <name>HP_Deck_22</name>
           <model>UNKNOWN_ITEM</model>
        </node>
        <node>
           <name>HP_Deck_23</name>
           <model>UNKNOWN_ITEM</model>
        </node>
        <node>
           <name>HP_Deck_24</name>
           <model>UNKNOWN_ITEM</model>
        </node>
        <node>
           <name>HP_Deck_25</name>
           <model>UNKNOWN_ITEM</model>
        </node>
        <node>
           <name>HP_Deck_26</name>
           <model>UNKNOWN_ITEM</model>
        </node>
        <node>
           <name>HP_Deck_27</name>
           <model>UNKNOWN_ITEM</model>
        </node>
        <node>
           <name>HP_Deck_28</name>
           <model>UNKNOWN_ITEM</model>
        </node>
        <node>
           <name>HP_Deck_29</name>
           <model>UNKNOWN_ITEM</model>
        </node>
        <node>
           <name>HP_Deck_30</name>
           <model>UNKNOWN_ITEM</model>
        </node>
        <node>
           <name>HP_Deck_31</name>
           <model>UNKNOWN_ITEM</model>
        </node>
        <node>
           <name>HP_Deck_17</name>
           <model>UNKNOWN_ITEM</model>
        </node>
        <node>
           <name>HP_Deck_16</name>
           <model>UNKNOWN_ITEM</model>
        </node>
        <node>
           <name>HP_Deck_18</name>
           <model>UNKNOWN_ITEM</model>
        </node>
        <node>
           <name>HP_Smoke_3</name>
           <model>UNKNOWN_ITEM</model>
        </node>
        <node>
           <name>HP_Smoke_4</name>
           <model>UNKNOWN_ITEM</model>
        </node>
        <node>
           <name>HP_Fire_Burn_3</name>
           <model>UNKNOWN_ITEM</model>
        </node>
    </midback>
    <stern>
      <model>usa\ship\aircarrier\ASA011_Lexington_1942\ASA011_Lexington_1942_Stern_ports.model</model>
        <node>
           <name>HP_AD_9</name>
           <model>usa\director\AD003_Director_Mk51\AD003_Director_Mk51.model</model>
        </node>
        <node>
           <name>HP_AD_8</name>
           <model>usa\director\AD003_Director_Mk51\AD003_Director_Mk51.model</model>
        </node>
        <node>
           <name>HP_AD_10</name>
           <model>usa\director\AD003_Director_Mk51\AD003_Director_Mk51.model</model>
        </node>
        <node>
           <name>HP_AD_11</name>
           <model>usa\director\AD003_Director_Mk51\AD003_Director_Mk51.model</model>
        </node>
        <node>
           <name>HP_AGA_47</name>
           <model>usa\gun\aaircraft\AGA003_20mm_Oerlikon_MK4\AGA003_20mm_Oerlikon_MK4.model</model>
        </node>
        <node>
           <name>HP_AGA_49</name>
           <model>usa\gun\aaircraft\AGA003_20mm_Oerlikon_MK4\AGA003_20mm_Oerlikon_MK4.model</model>
        </node>
        <node>
           <name>HP_AGA_51</name>
           <model>usa\gun\aaircraft\AGA003_20mm_Oerlikon_MK4\AGA003_20mm_Oerlikon_MK4.model</model>
        </node>
        <node>
           <name>HP_AGA_53</name>
           <model>usa\gun\aaircraft\AGA003_20mm_Oerlikon_MK4\AGA003_20mm_Oerlikon_MK4.model</model>
        </node>
        <node>
           <name>HP_AGA_46</name>
           <model>usa\gun\aaircraft\AGA003_20mm_Oerlikon_MK4\AGA003_20mm_Oerlikon_MK4.model</model>
        </node>
        <node>
           <name>HP_AGA_48</name>
           <model>usa\gun\aaircraft\AGA003_20mm_Oerlikon_MK4\AGA003_20mm_Oerlikon_MK4.model</model>
        </node>
        <node>
           <name>HP_AGA_50</name>
           <model>usa\gun\aaircraft\AGA003_20mm_Oerlikon_MK4\AGA003_20mm_Oerlikon_MK4.model</model>
        </node>
        <node>
           <name>HP_AGA_52</name>
           <model>usa\gun\aaircraft\AGA003_20mm_Oerlikon_MK4\AGA003_20mm_Oerlikon_MK4.model</model>
        </node>
        <node>
           <name>HP_AGA_54</name>
           <model>usa\gun\aaircraft\AGA003_20mm_Oerlikon_MK4\AGA003_20mm_Oerlikon_MK4.model</model>
        </node>
        <node>
           <name>HP_AGA_56</name>
           <model>usa\gun\aaircraft\AGA003_20mm_Oerlikon_MK4\AGA003_20mm_Oerlikon_MK4.model</model>
        </node>
        <node>
           <name>HP_AGA_57</name>
           <model>usa\gun\aaircraft\AGA003_20mm_Oerlikon_MK4\AGA003_20mm_Oerlikon_MK4.model</model>
        </node>
        <node>
           <name>HP_AGA_55</name>
           <model>usa\gun\aaircraft\AGA003_20mm_Oerlikon_MK4\AGA003_20mm_Oerlikon_MK4.model</model>
        </node>
        <node>
           <name>HP_AGA_58</name>
           <model>usa\gun\aaircraft\AGA003_20mm_Oerlikon_MK4\AGA003_20mm_Oerlikon_MK4.model</model>
        </node>
        <node>
           <name>HP_AGA_59</name>
           <model>usa\gun\aaircraft\AGA003_20mm_Oerlikon_MK4\AGA003_20mm_Oerlikon_MK4.model</model>
        </node>
        <node>
           <name>HP_AGA_60</name>
           <model>usa\gun\aaircraft\AGA003_20mm_Oerlikon_MK4\AGA003_20mm_Oerlikon_MK4.model</model>
        </node>
        <node>
           <name>HP_AGA_61</name>
           <model>usa\gun\aaircraft\AGA003_20mm_Oerlikon_MK4\AGA003_20mm_Oerlikon_MK4.model</model>
        </node>
        <node>
           <name>HP_AGA_43</name>
           <model>usa\gun\aaircraft\AGA008_40mm_Bofors_Mk2\AGA008_40mm_Bofors_Mk2.model</model>
        </node>
        <node>
           <name>HP_AGA_42</name>
           <model>usa\gun\aaircraft\AGA008_40mm_Bofors_Mk2\AGA008_40mm_Bofors_Mk2.model</model>
        </node>
        <node>
           <name>HP_AGA_44</name>
           <model>usa\gun\aaircraft\AGA008_40mm_Bofors_Mk2\AGA008_40mm_Bofors_Mk2.model</model>
        </node>
        <node>
           <name>HP_AGA_45</name>
           <model>usa\gun\aaircraft\AGA008_40mm_Bofors_Mk2\AGA008_40mm_Bofors_Mk2.model</model>
        </node>
        <node>
           <name>HP_AGS_12</name>
           <model>usa\gun\secondary\AGS022_5in38_Mk24\AGS022_5in38_Mk24.model</model>
        </node>
        <node>
           <name>HP_AGS_9</name>
           <model>usa\gun\secondary\AGS022_5in38_Mk24\AGS022_5in38_Mk24.model</model>
        </node>
        <node>
           <name>HP_AGS_11</name>
           <model>usa\gun\secondary\AGS022_5in38_Mk24\AGS022_5in38_Mk24.model</model>
        </node>
        <node>
           <name>HP_AGS_10</name>
           <model>usa\gun\secondary\AGS022_5in38_Mk24\AGS022_5in38_Mk24.model</model>
        </node>
        <node>
           <name>HP_Deck_00</name>
           <model>usa\aircraft\fighter\AAF009_Grumman_F4F\AAF009_Grumman_F4F.model</model>
        </node>
        <node>
           <name>HP_Deck_01</name>
           <model>usa\aircraft\fighter\AAF009_Grumman_F4F\AAF009_Grumman_F4F.model</model>
        </node>
        <node>
           <name>HP_Deck_02</name>
           <model>usa\aircraft\fighter\AAF009_Grumman_F4F\AAF009_Grumman_F4F.model</model>
        </node>
        <node>
           <name>HP_Deck_03</name>
           <model>usa\aircraft\fighter\AAF009_Grumman_F4F\AAF009_Grumman_F4F.model</model>
        </node>
        <node>
           <name>HP_Deck_04</name>
           <model>usa\aircraft\fighter\AAF009_Grumman_F4F\AAF009_Grumman_F4F.model</model>
        </node>
        <node>
           <name>HP_Deck_05</name>
           <model>usa\aircraft\fighter\AAF009_Grumman_F4F\AAF009_Grumman_F4F.model</model>
        </node>
        <node>
           <name>HP_Deck_06</name>
           <model>usa\aircraft\fighter\AAF009_Grumman_F4F\AAF009_Grumman_F4F.model</model>
        </node>
        <node>
           <name>HP_Deck_07</name>
           <model>usa\aircraft\fighter\AAF009_Grumman_F4F\AAF009_Grumman_F4F.model</model>
        </node>
        <node>
           <name>HP_Deck_08</name>
           <model>usa\aircraft\fighter\AAF009_Grumman_F4F\AAF009_Grumman_F4F.model</model>
        </node>
        <node>
           <name>HP_Deck_09</name>
           <model>usa\aircraft\fighter\AAF009_Grumman_F4F\AAF009_Grumman_F4F.model</model>
        </node>
        <node>
           <name>HP_Deck_10</name>
           <model>usa\aircraft\fighter\AAF009_Grumman_F4F\AAF009_Grumman_F4F.model</model>
        </node>
        <node>
           <name>HP_Deck_11</name>
           <model>usa\aircraft\fighter\AAF009_Grumman_F4F\AAF009_Grumman_F4F.model</model>
        </node>
        <node>
           <name>HP_Deck_12</name>
           <model>usa\aircraft\bomber\AAB012_Consolidated_TBY_1\AAB012_Consolidated_TBY_1.model</model>
        </node>
        <node>
           <name>HP_Deck_13</name>
           <model>usa\aircraft\bomber\AAB012_Consolidated_TBY_1\AAB012_Consolidated_TBY_1.model</model>
        </node>
        <node>
           <name>HP_Deck_14</name>
           <model>usa\aircraft\bomber\AAB012_Consolidated_TBY_1\AAB012_Consolidated_TBY_1.model</model>
        </node>
        <node>
           <name>HP_DeckLand</name>
           <model>usa\aircraft\bomber\AAB012_Consolidated_TBY_1\AAB012_Consolidated_TBY_1.model</model>
        </node>
        <node>
           <name>HP_DisappearPoint</name>
           <model>usa\aircraft\bomber\AAB012_Consolidated_TBY_1\AAB012_Consolidated_TBY_1.model</model>
        </node>
        <node>
           <name>HP_Deck_15</name>
           <model>usa\aircraft\bomber\AAB012_Consolidated_TBY_1\AAB012_Consolidated_TBY_1.model</model>
        </node>
        <node>
           <name>MP_AM003ASA011Stern_0_0</name>
           <model>usa\misc\AM003ASA011Stern\AM003ASA011Stern.model</model>
        </node>
        <node>
           <name>MP_AM088ASA011Stern_0_0</name>
           <model>usa\misc\AM088ASA011Stern\AM088ASA011Stern.model</model>
        </node>
        <node>
           <name>MP_CM032_Propeller3_R</name>
           <model>common\misc\CM032\CM032.model</model>
        </node>
        <node>
           <name>MP_CM032_Propeller3_R_INDEX_1</name>
           <model>common\misc\CM032\CM032.model</model>
        </node>
        <node>
           <name>MP_AM029ASA011Stern_0_0</name>
           <model>usa\misc\AM029ASA011Stern\AM029ASA011Stern.model</model>
        </node>
        <node>
           <name>MP_AM057ASA011Stern_0_0</name>
           <model>usa\misc\AM057ASA011Stern\AM057ASA011Stern.model</model>
        </node>
        <node>
           <name>MP_AM056ASA011Stern_0_0</name>
           <model>usa\misc\AM056ASA011Stern\AM056ASA011Stern.model</model>
        </node>
        <node>
           <name>MP_AM005ASA011Stern_0_0</name>
           <model>usa\misc\AM005ASA011Stern\AM005ASA011Stern.model</model>
        </node>
        <node>
           <name>MP_AM030ASA011Stern_0_0</name>
           <model>usa\misc\AM030ASA011Stern\AM030ASA011Stern.model</model>
        </node>
        <node>
           <name>MP_AM004ASA011Stern_0_0</name>
           <model>usa\misc\AM004ASA011Stern\AM004ASA011Stern.model</model>
        </node>
        <node>
           <name>MP_CM001_Propeller3_L</name>
           <model>common\misc\CM001\CM001.model</model>
        </node>
        <node>
           <name>MP_CM001_Propeller3_L_INDEX_1</name>
           <model>common\misc\CM001\CM001.model</model>
        </node>
        <node>
           <name>MP_CM013ASA011Stern_0_0</name>
           <model>common\misc\CM013ASA011Stern\CM013ASA011Stern.model</model>
        </node>
        <node>
           <name>MP_CM051ASA011Stern_0_0</name>
           <model>common\misc\CM051ASA011Stern\CM051ASA011Stern.model</model>
        </node>
        <node>
           <name>MP_CM012ASA011Stern_0_0</name>
           <model>common\misc\CM012ASA011Stern\CM012ASA011Stern.model</model>
        </node>
        <node>
           <name>MP_AM549ASA011Stern_0_0</name>
           <model>usa\misc\AM549ASA011Stern\AM549ASA011Stern.model</model>
        </node>
        <node>
           <name>MP_CM029ASA011Stern_0_0</name>
           <model>common\misc\CM029ASA011Stern\CM029ASA011Stern.model</model>
        </node>
        <node>
           <name>MP_AM352_Stern_Light</name>
           <model>usa\misc\AM352\AM352.model</model>
        </node>
        <node>
           <name>MP_AM129ASA011Stern_0_0</name>
           <model>usa\misc\AM129ASA011Stern\AM129ASA011Stern.model</model>
        </node>
        <node>
           <name>MP_AM442ASA011Stern_0_0</name>
           <model>usa\misc\AM442ASA011Stern\AM442ASA011Stern.model</model>
        </node>
        <node>
           <name>HP_Deck_00</name>
           <model>UNKNOWN_ITEM</model>
        </node>
        <node>
           <name>HP_Deck_01</name>
           <model>UNKNOWN_ITEM</model>
        </node>
        <node>
           <name>HP_Deck_02</name>
           <model>UNKNOWN_ITEM</model>
        </node>
        <node>
           <name>HP_Deck_03</name>
           <model>UNKNOWN_ITEM</model>
        </node>
        <node>
           <name>HP_Deck_04</name>
           <model>UNKNOWN_ITEM</model>
        </node>
        <node>
           <name>HP_Deck_05</name>
           <model>UNKNOWN_ITEM</model>
        </node>
        <node>
           <name>HP_Deck_06</name>
           <model>UNKNOWN_ITEM</model>
        </node>
        <node>
           <name>HP_Deck_07</name>
           <model>UNKNOWN_ITEM</model>
        </node>
        <node>
           <name>HP_Deck_08</name>
           <model>UNKNOWN_ITEM</model>
        </node>
        <node>
           <name>HP_Deck_09</name>
           <model>UNKNOWN_ITEM</model>
        </node>
        <node>
           <name>HP_Deck_10</name>
           <model>UNKNOWN_ITEM</model>
        </node>
        <node>
           <name>HP_Deck_11</name>
           <model>UNKNOWN_ITEM</model>
        </node>
        <node>
           <name>HP_Deck_12</name>
           <model>UNKNOWN_ITEM</model>
        </node>
        <node>
           <name>HP_Deck_13</name>
           <model>UNKNOWN_ITEM</model>
        </node>
        <node>
           <name>HP_Deck_14</name>
           <model>UNKNOWN_ITEM</model>
        </node>
        <node>
           <name>HP_DeckLand</name>
           <model>UNKNOWN_ITEM</model>
        </node>
        <node>
           <name>HP_DisappearPoint</name>
           <model>UNKNOWN_ITEM</model>
        </node>
        <node>
           <name>HP_Deck_15</name>
           <model>UNKNOWN_ITEM</model>
        </node>
        <node>
           <name>HP_Fire_Burn_4</name>
           <model>UNKNOWN_ITEM</model>
        </node>
    </stern>
  </sections>
</ASA011_Lexington_1942.xml>
