<JSD001_Tachibana_1912.xml>
  <sections>
    <bow>
      <model>japan\ship\destroyer\JSD001_Tachibana_1912\JSD001_Tachibana_1912_bow_ports.model</model>
        <node>
           <name>HP_JGM_1</name>
           <model>japan\gun\secondary\JGS065_3in40_mk1\JGS065_3in40_mk1.model</model>
        </node>
        <node>
           <name>MP_CM005JSD001Bow_0_0</name>
           <model>common\misc\CM005JSD001Bow\CM005JSD001Bow.model</model>
        </node>
        <node>
           <name>MP_JM026JSD001Bow_0_0</name>
           <model>japan\misc\JM026JSD001Bow\JM026JSD001Bow.model</model>
        </node>
        <node>
           <name>MP_JM156JSD001Bow_0_0</name>
           <model>japan\misc\JM156JSD001Bow\JM156JSD001Bow.model</model>
        </node>
        <node>
           <name>MP_JM125_Signal_Lamp_3</name>
           <model>japan\misc\JM125\JM125.model</model>
        </node>
        <node>
           <name>MP_JM141_Break_Handwheel_1</name>
           <model>japan\misc\JM141\JM141.model</model>
        </node>
        <node>
           <name>HP_Fire_Burn_1</name>
           <model>UNKNOWN_ITEM</model>
        </node>
    </bow>
    <midfront>
      <model>japan\ship\destroyer\JSD001_Tachibana_1912\JSD001_Tachibana_1912_MidFront_ports.model</model>
        <node>
           <name>HP_JGM_2</name>
           <model>japan\gun\secondary\JGS065_3in40_mk1\JGS065_3in40_mk1.model</model>
        </node>
        <node>
           <name>HP_JGM_3</name>
           <model>japan\gun\secondary\JGS065_3in40_mk1\JGS065_3in40_mk1.model</model>
        </node>
        <node>
           <name>HP_JGT_1</name>
           <model>japan\gun\torpedo\JGT060_457mm_2\JGT060_457mm_2.model</model>
        </node>
        <node>
           <name>HP_flag_1</name>
           <model>japan\misc\JM001\JM001.model</model>
        </node>
        <node>
           <name>HP_flag_2</name>
           <model>japan\misc\JM001\JM001.model</model>
        </node>
        <node>
           <name>HP_flag_3</name>
           <model>japan\misc\JM001\JM001.model</model>
        </node>
        <node>
           <name>HP_flag_4</name>
           <model>japan\misc\JM001\JM001.model</model>
        </node>
        <node>
           <name>MP_JM092_Running_Lights_R</name>
           <model>japan\misc\JM092\JM092.model</model>
        </node>
        <node>
           <name>MP_JM093_Running_Lights_L</name>
           <model>japan\misc\JM093\JM093.model</model>
        </node>
        <node>
           <name>MP_JM113JSD001MidFront_0_0</name>
           <model>japan\misc\JM113JSD001MidFront\JM113JSD001MidFront.model</model>
        </node>
        <node>
           <name>MP_JM158_Main_Wheel</name>
           <model>japan\misc\JM158\JM158.model</model>
        </node>
        <node>
           <name>MP_JM164_Turning_Indicator</name>
           <model>japan\misc\JM164\JM164.model</model>
        </node>
        <node>
           <name>MP_JM166_Voice_Tube</name>
           <model>japan\misc\JM166\JM166.model</model>
        </node>
        <node>
           <name>MP_JM059_Deck_Hatch_8</name>
           <model>japan\misc\JM059\JM059.model</model>
        </node>
        <node>
           <name>MP_JM058_Deck_Hatch_7</name>
           <model>japan\misc\JM058\JM058.model</model>
        </node>
        <node>
           <name>MP_JM014_Reels_2</name>
           <model>japan\misc\JM014\JM014.model</model>
        </node>
        <node>
           <name>MP_JM060JSD001MidFront_0_0</name>
           <model>japan\misc\JM060JSD001MidFront\JM060JSD001MidFront.model</model>
        </node>
        <node>
           <name>MP_JM157JSD001MidFront_0_0</name>
           <model>japan\misc\JM157JSD001MidFront\JM157JSD001MidFront.model</model>
        </node>
        <node>
           <name>MP_JM125JSD001MidFront_0_0</name>
           <model>japan\misc\JM125JSD001MidFront\JM125JSD001MidFront.model</model>
        </node>
        <node>
           <name>MP_JM156JSD001MidFront_0_0</name>
           <model>japan\misc\JM156JSD001MidFront\JM156JSD001MidFront.model</model>
        </node>
        <node>
           <name>MP_CM029JSD001MidFront_0_0</name>
           <model>common\misc\CM029JSD001MidFront\CM029JSD001MidFront.model</model>
        </node>
        <node>
           <name>MP_CM011JSD001MidFront_0_0</name>
           <model>common\misc\CM011JSD001MidFront\CM011JSD001MidFront.model</model>
        </node>
        <node>
           <name>MP_CM012JSD001MidFront_0_0</name>
           <model>common\misc\CM012JSD001MidFront\CM012JSD001MidFront.model</model>
        </node>
        <node>
           <name>MP_JM062_Deck_Hatch_11</name>
           <model>japan\misc\JM062\JM062.model</model>
        </node>
        <node>
           <name>MP_JM035JSD001MidFront_0_0</name>
           <model>japan\misc\JM035JSD001MidFront\JM035JSD001MidFront.model</model>
        </node>
        <node>
           <name>MP_CM009JSD001MidFront_0_0</name>
           <model>common\misc\CM009JSD001MidFront\CM009JSD001MidFront.model</model>
        </node>
        <node>
           <name>MP_CM030_Swab_Rack_2</name>
           <model>common\misc\CM030\CM030.model</model>
        </node>
        <node>
           <name>MP_CM059_Ladder_Cruiser</name>
           <model>common\misc\CM059\CM059.model</model>
        </node>
        <node>
           <name>MP_JM189_Compass_Binnacle</name>
           <model>japan\misc\JM189\JM189.model</model>
        </node>
        <node>
           <name>MP_JM172JSD001MidFront_0_0</name>
           <model>japan\misc\JM172JSD001MidFront\JM172JSD001MidFront.model</model>
        </node>
        <node>
           <name>MP_JM209_Searchlight_early</name>
           <model>japan\misc\JM209\JM209.model</model>
        </node>
        <node>
           <name>MP_JM219_Barbette_TA</name>
           <model>japan\misc\JM219\JM219.model</model>
        </node>
        <node>
           <name>HP_Smoke_1</name>
           <model>UNKNOWN_ITEM</model>
        </node>
        <node>
           <name>HP_Smoke_2</name>
           <model>UNKNOWN_ITEM</model>
        </node>
        <node>
           <name>HP_Fire_Burn_2</name>
           <model>UNKNOWN_ITEM</model>
        </node>
        <node>
           <name>HP_NoseWave_Speed</name>
           <model>UNKNOWN_ITEM</model>
        </node>
    </midfront>
    <midback>
      <model>japan\ship\destroyer\JSD001_Tachibana_1912\JSD001_Tachibana_1912_MidBack_ports.model</model>
        <node>
           <name>HP_JGM_4</name>
           <model>japan\gun\secondary\JGS065_3in40_mk1\JGS065_3in40_mk1.model</model>
        </node>
        <node>
           <name>MP_CM008JSD001MidBack_0_0</name>
           <model>common\misc\CM008JSD001MidBack\CM008JSD001MidBack.model</model>
        </node>
        <node>
           <name>MP_JM058JSD001MidBack_0_0</name>
           <model>japan\misc\JM058JSD001MidBack\JM058JSD001MidBack.model</model>
        </node>
        <node>
           <name>MP_JM143JSD001MidBack_0_0</name>
           <model>japan\misc\JM143JSD001MidBack\JM143JSD001MidBack.model</model>
        </node>
        <node>
           <name>MP_JM156JSD001MidBack_0_0</name>
           <model>japan\misc\JM156JSD001MidBack\JM156JSD001MidBack.model</model>
        </node>
        <node>
           <name>MP_CM019JSD001MidBack_0_0</name>
           <model>common\misc\CM019JSD001MidBack\CM019JSD001MidBack.model</model>
        </node>
        <node>
           <name>MP_CM010_Fire_Hose_Reel</name>
           <model>common\misc\CM010\CM010.model</model>
        </node>
        <node>
           <name>MP_CM011JSD001MidBack_0_0</name>
           <model>common\misc\CM011JSD001MidBack\CM011JSD001MidBack.model</model>
        </node>
        <node>
           <name>MP_CM013_Fire_Hose_Rack_2</name>
           <model>common\misc\CM013\CM013.model</model>
        </node>
        <node>
           <name>MP_CM014JSD001MidBack_0_0</name>
           <model>common\misc\CM014JSD001MidBack\CM014JSD001MidBack.model</model>
        </node>
        <node>
           <name>MP_JM052_Deck_Hatch_1</name>
           <model>japan\misc\JM052\JM052.model</model>
        </node>
        <node>
           <name>MP_CM012_Fire_Hose_Rack_1</name>
           <model>common\misc\CM012\CM012.model</model>
        </node>
        <node>
           <name>MP_CM029JSD001MidBack_0_0</name>
           <model>common\misc\CM029JSD001MidBack\CM029JSD001MidBack.model</model>
        </node>
        <node>
           <name>HP_Smoke_3</name>
           <model>UNKNOWN_ITEM</model>
        </node>
    </midback>
    <stern>
      <model>japan\ship\destroyer\JSD001_Tachibana_1912\JSD001_Tachibana_1912_Stern_ports.model</model>
        <node>
           <name>HP_JGM_5</name>
           <model>japan\gun\secondary\JGS065_3in40_mk1\JGS065_3in40_mk1.model</model>
        </node>
        <node>
           <name>HP_JGT_2</name>
           <model>japan\gun\torpedo\JGT060_457mm_2\JGT060_457mm_2.model</model>
        </node>
        <node>
           <name>HP_flag_nation</name>
           <model>japan\misc\JM001\JM001.model</model>
        </node>
        <node>
           <name>MP_CM001_Propeller3_L</name>
           <model>common\misc\CM001\CM001.model</model>
        </node>
        <node>
           <name>MP_CM001_Propeller3_L_INDEX_1</name>
           <model>common\misc\CM001\CM001.model</model>
        </node>
        <node>
           <name>MP_CM032_Propeller3_R</name>
           <model>common\misc\CM032\CM032.model</model>
        </node>
        <node>
           <name>MP_CM008JSD001Stern_0_0</name>
           <model>common\misc\CM008JSD001Stern\CM008JSD001Stern.model</model>
        </node>
        <node>
           <name>MP_JM026JSD001Stern_0_0</name>
           <model>japan\misc\JM026JSD001Stern\JM026JSD001Stern.model</model>
        </node>
        <node>
           <name>MP_JM156JSD001Stern_0_0</name>
           <model>japan\misc\JM156JSD001Stern\JM156JSD001Stern.model</model>
        </node>
        <node>
           <name>MP_JM125JSD001Stern_0_0</name>
           <model>japan\misc\JM125JSD001Stern\JM125JSD001Stern.model</model>
        </node>
        <node>
           <name>MP_CM015_Bundle_1</name>
           <model>common\misc\CM015\CM015.model</model>
        </node>
        <node>
           <name>MP_JM062JSD001Stern_0_0</name>
           <model>japan\misc\JM062JSD001Stern\JM062JSD001Stern.model</model>
        </node>
        <node>
           <name>MP_JM058_Deck_Hatch_7</name>
           <model>japan\misc\JM058\JM058.model</model>
        </node>
        <node>
           <name>MP_JM014JSD001Stern_0_0</name>
           <model>japan\misc\JM014JSD001Stern\JM014JSD001Stern.model</model>
        </node>
        <node>
           <name>MP_CM059_Ladder_Cruiser</name>
           <model>common\misc\CM059\CM059.model</model>
        </node>
        <node>
           <name>MP_JM219_Barbette_TA</name>
           <model>japan\misc\JM219\JM219.model</model>
        </node>
        <node>
           <name>HP_Fire_Burn_3</name>
           <model>UNKNOWN_ITEM</model>
        </node>
    </stern>
  </sections>
</JSD001_Tachibana_1912.xml>
