<JSA015_Taiho_1944.xml>
  <sections>
    <bow>
      <model>japan\ship\aircarrier\JSA015_Taiho_1944\JSA015_Taiho_1944_bow_ports.model</model>
        <node>
           <name>HP_LiftOffPoint</name>
           <model>japan\aircraft\bomber\JAB002_Nakajima_B6N\JAB002_Nakajima_B6N.model</model>
        </node>
        <node>
           <name>MP_JM179_Bench</name>
           <model>japan\misc\JM179\JM179.model</model>
        </node>
        <node>
           <name>MP_CM086_Anchor_top</name>
           <model>common\misc\CM086\CM086.model</model>
        </node>
        <node>
           <name>MP_JM099_Signal_Lamp_1</name>
           <model>japan\misc\JM099\JM099.model</model>
        </node>
        <node>
           <name>MP_JM099_Signal_Lamp_1_INDEX_1</name>
           <model>japan\misc\JM099\JM099.model</model>
        </node>
        <node>
           <name>MP_JM099_Signal_Lamp_1_INDEX_2</name>
           <model>japan\misc\JM099\JM099.model</model>
        </node>
        <node>
           <name>MP_JM180_Deck_Light</name>
           <model>japan\misc\JM180\JM180.model</model>
        </node>
        <node>
           <name>MP_JM026_Bollards</name>
           <model>japan\misc\JM026\JM026.model</model>
        </node>
        <node>
           <name>MP_JM099_Signal_Lamp_1_INDEX_3</name>
           <model>japan\misc\JM099\JM099.model</model>
        </node>
        <node>
           <name>MP_JM099_Signal_Lamp_1_INDEX_4</name>
           <model>japan\misc\JM099\JM099.model</model>
        </node>
        <node>
           <name>MP_CM087_Anchor_down</name>
           <model>common\misc\CM087\CM087.model</model>
        </node>
        <node>
           <name>MP_JM180_Deck_Light_INDEX_1</name>
           <model>japan\misc\JM180\JM180.model</model>
        </node>
        <node>
           <name>MP_JM099_Signal_Lamp_1_INDEX_5</name>
           <model>japan\misc\JM099\JM099.model</model>
        </node>
        <node>
           <name>MP_JM093_Running_Lights_L</name>
           <model>japan\misc\JM093\JM093.model</model>
        </node>
        <node>
           <name>MP_JM180_Deck_Light_INDEX_2</name>
           <model>japan\misc\JM180\JM180.model</model>
        </node>
        <node>
           <name>MP_JM180_Deck_Light_INDEX_3</name>
           <model>japan\misc\JM180\JM180.model</model>
        </node>
        <node>
           <name>MP_CM087_Anchor_down_INDEX_1</name>
           <model>common\misc\CM087\CM087.model</model>
        </node>
        <node>
           <name>MP_JM310_Chrysanthemum_full</name>
           <model>japan\misc\JM310\JM310.model</model>
        </node>
        <node>
           <name>MP_JM026_Bollards_INDEX_1</name>
           <model>japan\misc\JM026\JM026.model</model>
        </node>
        <node>
           <name>MP_JM099_Signal_Lamp_1_INDEX_6</name>
           <model>japan\misc\JM099\JM099.model</model>
        </node>
        <node>
           <name>MP_JM099_Signal_Lamp_1_INDEX_7</name>
           <model>japan\misc\JM099\JM099.model</model>
        </node>
        <node>
           <name>MP_JM092_Running_Lights_R</name>
           <model>japan\misc\JM092\JM092.model</model>
        </node>
        <node>
           <name>MP_JM179_Bench_INDEX_1</name>
           <model>japan\misc\JM179\JM179.model</model>
        </node>
        <node>
           <name>MP_CM086_Anchor_top_INDEX_1</name>
           <model>common\misc\CM086\CM086.model</model>
        </node>
        <node>
           <name>HP_Fire_Burn_1</name>
           <model>UNKNOWN_ITEM</model>
        </node>
    </bow>
    <midfront>
      <model>japan\ship\aircarrier\JSA015_Taiho_1944\JSA015_Taiho_1944_MidFront_ports.model</model>
        <node>
           <name>HP_JD_1</name>
           <model>japan\director\JD082_Director_Type_94\JD082_Director_Type_94.model</model>
        </node>
        <node>
           <name>HP_JD_2</name>
           <model>japan\director\JD056_MachineGun_Control_Position\JD056_MachineGun_Control_Position.model</model>
        </node>
        <node>
           <name>HP_JD_3</name>
           <model>japan\director\JD056_MachineGun_Control_Position\JD056_MachineGun_Control_Position.model</model>
        </node>
        <node>
           <name>HP_JD_4</name>
           <model>japan\director\JD056_MachineGun_Control_Position\JD056_MachineGun_Control_Position.model</model>
        </node>
        <node>
           <name>HP_JD_5</name>
           <model>japan\director\JD082_Director_Type_94\JD082_Director_Type_94.model</model>
        </node>
        <node>
           <name>HP_JF_1</name>
           <model>japan\finder\JF033_Rangefinder_1_5m\JF033_Rangefinder_1_5m.model</model>
        </node>
        <node>
           <name>HP_JGA_1</name>
           <model>japan\gun\aaircraft\JGA010_25mm_Type96\JGA010_25mm_Type96.model</model>
        </node>
        <node>
           <name>HP_JGA_2</name>
           <model>japan\gun\aaircraft\JGA010_25mm_Type96\JGA010_25mm_Type96.model</model>
        </node>
        <node>
           <name>HP_JGA_3</name>
           <model>japan\gun\aaircraft\JGA010_25mm_Type96\JGA010_25mm_Type96.model</model>
        </node>
        <node>
           <name>HP_JGA_4</name>
           <model>japan\gun\aaircraft\JGA010_25mm_Type96\JGA010_25mm_Type96.model</model>
        </node>
        <node>
           <name>HP_JGA_5</name>
           <model>japan\gun\aaircraft\JGA010_25mm_Type96\JGA010_25mm_Type96.model</model>
        </node>
        <node>
           <name>HP_JGA_6</name>
           <model>japan\gun\aaircraft\JGA010_25mm_Type96\JGA010_25mm_Type96.model</model>
        </node>
        <node>
           <name>HP_JGA_7</name>
           <model>japan\gun\aaircraft\JGA010_25mm_Type96\JGA010_25mm_Type96.model</model>
        </node>
        <node>
           <name>HP_JGS_1</name>
           <model>japan\gun\secondary\JGS076_100mm65_Type_98\JGS076_100mm65_Type_98.model</model>
        </node>
        <node>
           <name>HP_JGS_2</name>
           <model>japan\gun\secondary\JGS076_100mm65_Type_98\JGS076_100mm65_Type_98.model</model>
        </node>
        <node>
           <name>HP_JGS_3</name>
           <model>japan\gun\secondary\JGS076_100mm65_Type_98\JGS076_100mm65_Type_98.model</model>
        </node>
        <node>
           <name>HP_JRS_1</name>
           <model>japan\radar\search\JRS069_Radar_Type21_Stand_3\JRS069_Radar_Type21_Stand_3.model</model>
        </node>
        <node>
           <name>HP_JRS_2</name>
           <model>japan\radar\search\JRS010_Radar_Type_13\JRS010_Radar_Type_13.model</model>
        </node>
        <node>
           <name>HP_JRS_3</name>
           <model>japan\radar\search\JRS062_Radar_Type_A6\JRS062_Radar_Type_A6.model</model>
        </node>
        <node>
           <name>HP_JRS_4</name>
           <model>japan\radar\search\JRS069_Radar_Type21_Stand_3\JRS069_Radar_Type21_Stand_3.model</model>
        </node>
        <node>
           <name>HP_DeckStart</name>
           <model>japan\aircraft\bomber\JAB002_Nakajima_B6N\JAB002_Nakajima_B6N.model</model>
        </node>
        <node>
           <name>HP_Deck_32</name>
           <model>japan\aircraft\dive\JAD003_D4Y2\JAD003_D4Y2.model</model>
        </node>
        <node>
           <name>HP_Deck_31</name>
           <model>japan\aircraft\dive\JAD003_D4Y2\JAD003_D4Y2.model</model>
        </node>
        <node>
           <name>HP_Deck_34</name>
           <model>japan\aircraft\dive\JAD003_D4Y2\JAD003_D4Y2.model</model>
        </node>
        <node>
           <name>HP_Deck_33</name>
           <model>japan\aircraft\dive\JAD003_D4Y2\JAD003_D4Y2.model</model>
        </node>
        <node>
           <name>HP_Deck_35</name>
           <model>japan\aircraft\dive\JAD003_D4Y2\JAD003_D4Y2.model</model>
        </node>
        <node>
           <name>HP_Deck_24</name>
           <model>japan\aircraft\dive\JAD003_D4Y2\JAD003_D4Y2.model</model>
        </node>
        <node>
           <name>HP_Deck_26</name>
           <model>japan\aircraft\dive\JAD003_D4Y2\JAD003_D4Y2.model</model>
        </node>
        <node>
           <name>HP_Deck_28</name>
           <model>japan\aircraft\dive\JAD003_D4Y2\JAD003_D4Y2.model</model>
        </node>
        <node>
           <name>HP_Deck_25</name>
           <model>japan\aircraft\dive\JAD003_D4Y2\JAD003_D4Y2.model</model>
        </node>
        <node>
           <name>HP_Deck_27</name>
           <model>japan\aircraft\dive\JAD003_D4Y2\JAD003_D4Y2.model</model>
        </node>
        <node>
           <name>HP_Deck_30</name>
           <model>japan\aircraft\dive\JAD003_D4Y2\JAD003_D4Y2.model</model>
        </node>
        <node>
           <name>HP_Deck_29</name>
           <model>japan\aircraft\dive\JAD003_D4Y2\JAD003_D4Y2.model</model>
        </node>
        <node>
           <name>HP_Deck_22</name>
           <model>japan\aircraft\dive\JAD003_D4Y2\JAD003_D4Y2.model</model>
        </node>
        <node>
           <name>HP_Deck_23</name>
           <model>japan\aircraft\dive\JAD003_D4Y2\JAD003_D4Y2.model</model>
        </node>
        <node>
           <name>HP_flag_1</name>
           <model>japan\misc\JM001\JM001.model</model>
        </node>
        <node>
           <name>HP_flag_2</name>
           <model>japan\misc\JM001\JM001.model</model>
        </node>
        <node>
           <name>HP_flag_3</name>
           <model>japan\misc\JM001\JM001.model</model>
        </node>
        <node>
           <name>HP_flag_4</name>
           <model>japan\misc\JM001\JM001.model</model>
        </node>
        <node>
           <name>HP_flag_nation</name>
           <model>japan\misc\JM001\JM001.model</model>
        </node>
        <node>
           <name>MP_CM010_Fire_Hose_Reel</name>
           <model>common\misc\CM010\CM010.model</model>
        </node>
        <node>
           <name>MP_CM011_Fire_Fighting_Gear</name>
           <model>common\misc\CM011\CM011.model</model>
        </node>
        <node>
           <name>MP_JM006_Binocular_1</name>
           <model>japan\misc\JM006\JM006.model</model>
        </node>
        <node>
           <name>MP_JM108_Binocular_3</name>
           <model>japan\misc\JM108\JM108.model</model>
        </node>
        <node>
           <name>MP_JM271_Telephone</name>
           <model>japan\misc\JM271\JM271.model</model>
        </node>
        <node>
           <name>MP_JM104_Runway_Lights_2R</name>
           <model>japan\misc\JM104\JM104.model</model>
        </node>
        <node>
           <name>MP_JM265_Wall_trigger_2</name>
           <model>japan\misc\JM265\JM265.model</model>
        </node>
        <node>
           <name>MP_JM249_Gauge_1</name>
           <model>japan\misc\JM249\JM249.model</model>
        </node>
        <node>
           <name>MP_JM249_Gauge_1_INDEX_1</name>
           <model>japan\misc\JM249\JM249.model</model>
        </node>
        <node>
           <name>MP_JM058_Deck_Hatch_7</name>
           <model>japan\misc\JM058\JM058.model</model>
        </node>
        <node>
           <name>MP_JM099_Signal_Lamp_1</name>
           <model>japan\misc\JM099\JM099.model</model>
        </node>
        <node>
           <name>MP_JM099_Signal_Lamp_1_INDEX_1</name>
           <model>japan\misc\JM099\JM099.model</model>
        </node>
        <node>
           <name>MP_JM190_Gyro_Repeater</name>
           <model>japan\misc\JM190\JM190.model</model>
        </node>
        <node>
           <name>MP_JM263_Small_fuse_box</name>
           <model>japan\misc\JM263\JM263.model</model>
        </node>
        <node>
           <name>MP_JM251_Gauge_3</name>
           <model>japan\misc\JM251\JM251.model</model>
        </node>
        <node>
           <name>MP_CM011_Fire_Fighting_Gear_INDEX_1</name>
           <model>common\misc\CM011\CM011.model</model>
        </node>
        <node>
           <name>MP_JM099_Signal_Lamp_1_INDEX_2</name>
           <model>japan\misc\JM099\JM099.model</model>
        </node>
        <node>
           <name>MP_JM196_Binocular_with_signal_lamp</name>
           <model>japan\misc\JM196\JM196.model</model>
        </node>
        <node>
           <name>MP_JM238_Speaker_tube_2</name>
           <model>japan\misc\JM238\JM238.model</model>
        </node>
        <node>
           <name>MP_JM238_Speaker_tube_2_INDEX_1</name>
           <model>japan\misc\JM238\JM238.model</model>
        </node>
        <node>
           <name>MP_JM180_Deck_Light</name>
           <model>japan\misc\JM180\JM180.model</model>
        </node>
        <node>
           <name>MP_CM029_Emergency_Box</name>
           <model>common\misc\CM029\CM029.model</model>
        </node>
        <node>
           <name>MP_JM238_Speaker_tube_2_INDEX_2</name>
           <model>japan\misc\JM238\JM238.model</model>
        </node>
        <node>
           <name>MP_JM189_Compass_Binnacle</name>
           <model>japan\misc\JM189\JM189.model</model>
        </node>
        <node>
           <name>MP_JM238_Speaker_tube_2_INDEX_3</name>
           <model>japan\misc\JM238\JM238.model</model>
        </node>
        <node>
           <name>MP_CM029_Emergency_Box_INDEX_1</name>
           <model>common\misc\CM029\CM029.model</model>
        </node>
        <node>
           <name>MP_JM180_Deck_Light_INDEX_1</name>
           <model>japan\misc\JM180\JM180.model</model>
        </node>
        <node>
           <name>MP_CM011_Fire_Fighting_Gear_INDEX_2</name>
           <model>common\misc\CM011\CM011.model</model>
        </node>
        <node>
           <name>MP_JM268_Wall_indicator</name>
           <model>japan\misc\JM268\JM268.model</model>
        </node>
        <node>
           <name>MP_JM058_Deck_Hatch_7_INDEX_1</name>
           <model>japan\misc\JM058\JM058.model</model>
        </node>
        <node>
           <name>MP_JM265_Wall_trigger_2_INDEX_1</name>
           <model>japan\misc\JM265\JM265.model</model>
        </node>
        <node>
           <name>MP_CM029_Emergency_Box_INDEX_2</name>
           <model>common\misc\CM029\CM029.model</model>
        </node>
        <node>
           <name>MP_CM009_Life_Buoy_2</name>
           <model>common\misc\CM009\CM009.model</model>
        </node>
        <node>
           <name>MP_JM262_Fuse_Box_2</name>
           <model>japan\misc\JM262\JM262.model</model>
        </node>
        <node>
           <name>MP_CM014_Fuel_Oil_Hose</name>
           <model>common\misc\CM014\CM014.model</model>
        </node>
        <node>
           <name>MP_JM263_Small_fuse_box_INDEX_1</name>
           <model>japan\misc\JM263\JM263.model</model>
        </node>
        <node>
           <name>MP_JM254_Gauge_6</name>
           <model>japan\misc\JM254\JM254.model</model>
        </node>
        <node>
           <name>MP_JM058_Deck_Hatch_7_INDEX_2</name>
           <model>japan\misc\JM058\JM058.model</model>
        </node>
        <node>
           <name>MP_JM263_Small_fuse_box_INDEX_2</name>
           <model>japan\misc\JM263\JM263.model</model>
        </node>
        <node>
           <name>MP_JM271_Telephone_INDEX_1</name>
           <model>japan\misc\JM271\JM271.model</model>
        </node>
        <node>
           <name>MP_JM037_Cutter_9m</name>
           <model>japan\misc\JM037\JM037.model</model>
        </node>
        <node>
           <name>MP_JM255_Double_Gauge</name>
           <model>japan\misc\JM255\JM255.model</model>
        </node>
        <node>
           <name>MP_JM238_Speaker_tube_2_INDEX_4</name>
           <model>japan\misc\JM238\JM238.model</model>
        </node>
        <node>
           <name>MP_JM238_Speaker_tube_2_INDEX_5</name>
           <model>japan\misc\JM238\JM238.model</model>
        </node>
        <node>
           <name>MP_CM014_Fuel_Oil_Hose_INDEX_1</name>
           <model>common\misc\CM014\CM014.model</model>
        </node>
        <node>
           <name>MP_CM010_Fire_Hose_Reel_INDEX_1</name>
           <model>common\misc\CM010\CM010.model</model>
        </node>
        <node>
           <name>MP_JM238_Speaker_tube_2_INDEX_6</name>
           <model>japan\misc\JM238\JM238.model</model>
        </node>
        <node>
           <name>MP_JM238_Speaker_tube_2_INDEX_7</name>
           <model>japan\misc\JM238\JM238.model</model>
        </node>
        <node>
           <name>MP_JM263_Small_fuse_box_INDEX_3</name>
           <model>japan\misc\JM263\JM263.model</model>
        </node>
        <node>
           <name>MP_JM263_Small_fuse_box_INDEX_4</name>
           <model>japan\misc\JM263\JM263.model</model>
        </node>
        <node>
           <name>MP_CM029_Emergency_Box_INDEX_3</name>
           <model>common\misc\CM029\CM029.model</model>
        </node>
        <node>
           <name>MP_JM238_Speaker_tube_2_INDEX_8</name>
           <model>japan\misc\JM238\JM238.model</model>
        </node>
        <node>
           <name>MP_JM254_Gauge_6_INDEX_1</name>
           <model>japan\misc\JM254\JM254.model</model>
        </node>
        <node>
           <name>MP_JM008_Searchlight</name>
           <model>japan\misc\JM008\JM008.model</model>
        </node>
        <node>
           <name>MP_JM186_Elevating_Mast_L</name>
           <model>japan\misc\JM186\JM186.model</model>
        </node>
        <node>
           <name>MP_CM012_Fire_Hose_Rack_1</name>
           <model>common\misc\CM012\CM012.model</model>
        </node>
        <node>
           <name>MP_JM058_Deck_Hatch_7_INDEX_3</name>
           <model>japan\misc\JM058\JM058.model</model>
        </node>
        <node>
           <name>MP_CM059_Ladder_Cruiser</name>
           <model>common\misc\CM059\CM059.model</model>
        </node>
        <node>
           <name>MP_JM249_Gauge_1_INDEX_2</name>
           <model>japan\misc\JM249\JM249.model</model>
        </node>
        <node>
           <name>MP_JM259_Gauge_8</name>
           <model>japan\misc\JM259\JM259.model</model>
        </node>
        <node>
           <name>MP_JM263_Small_fuse_box_INDEX_5</name>
           <model>japan\misc\JM263\JM263.model</model>
        </node>
        <node>
           <name>MP_JM258_Double_Gauge_2</name>
           <model>japan\misc\JM258\JM258.model</model>
        </node>
        <node>
           <name>MP_CM012_Fire_Hose_Rack_1_INDEX_1</name>
           <model>common\misc\CM012\CM012.model</model>
        </node>
        <node>
           <name>MP_JM180_Deck_Light_INDEX_2</name>
           <model>japan\misc\JM180\JM180.model</model>
        </node>
        <node>
           <name>MP_JM190_Gyro_Repeater_INDEX_1</name>
           <model>japan\misc\JM190\JM190.model</model>
        </node>
        <node>
           <name>MP_JM009_Signal_Lamp</name>
           <model>japan\misc\JM009\JM009.model</model>
        </node>
        <node>
           <name>MP_JM108_Binocular_3_INDEX_1</name>
           <model>japan\misc\JM108\JM108.model</model>
        </node>
        <node>
           <name>MP_JM172_Binoculars_Bridge</name>
           <model>japan\misc\JM172\JM172.model</model>
        </node>
        <node>
           <name>MP_JM037_Cutter_9m_INDEX_1</name>
           <model>japan\misc\JM037\JM037.model</model>
        </node>
        <node>
           <name>MP_CM010_Fire_Hose_Reel_INDEX_2</name>
           <model>common\misc\CM010\CM010.model</model>
        </node>
        <node>
           <name>MP_CM009_Life_Buoy_2_INDEX_1</name>
           <model>common\misc\CM009\CM009.model</model>
        </node>
        <node>
           <name>MP_JM172_Binoculars_Bridge_INDEX_1</name>
           <model>japan\misc\JM172\JM172.model</model>
        </node>
        <node>
           <name>MP_JM251_Gauge_3_INDEX_1</name>
           <model>japan\misc\JM251\JM251.model</model>
        </node>
        <node>
           <name>MP_JM089_Signal_Platform_1</name>
           <model>japan\misc\JM089\JM089.model</model>
        </node>
        <node>
           <name>MP_CM010_Fire_Hose_Reel_INDEX_3</name>
           <model>common\misc\CM010\CM010.model</model>
        </node>
        <node>
           <name>MP_JM238_Speaker_tube_2_INDEX_9</name>
           <model>japan\misc\JM238\JM238.model</model>
        </node>
        <node>
           <name>MP_CM029_Emergency_Box_INDEX_4</name>
           <model>common\misc\CM029\CM029.model</model>
        </node>
        <node>
           <name>MP_JM263_Small_fuse_box_INDEX_6</name>
           <model>japan\misc\JM263\JM263.model</model>
        </node>
        <node>
           <name>MP_JM006_Binocular_1_INDEX_1</name>
           <model>japan\misc\JM006\JM006.model</model>
        </node>
        <node>
           <name>MP_JM262_Fuse_Box_2_INDEX_1</name>
           <model>japan\misc\JM262\JM262.model</model>
        </node>
        <node>
           <name>MP_JM261_Fuse_box_1</name>
           <model>japan\misc\JM261\JM261.model</model>
        </node>
        <node>
           <name>MP_JM238_Speaker_tube_2_INDEX_10</name>
           <model>japan\misc\JM238\JM238.model</model>
        </node>
        <node>
           <name>MP_JM265_Wall_trigger_2_INDEX_2</name>
           <model>japan\misc\JM265\JM265.model</model>
        </node>
        <node>
           <name>MP_JM179_Bench</name>
           <model>japan\misc\JM179\JM179.model</model>
        </node>
        <node>
           <name>MP_JM172_Binoculars_Bridge_INDEX_2</name>
           <model>japan\misc\JM172\JM172.model</model>
        </node>
        <node>
           <name>MP_JM263_Small_fuse_box_INDEX_7</name>
           <model>japan\misc\JM263\JM263.model</model>
        </node>
        <node>
           <name>MP_JM238_Speaker_tube_2_INDEX_11</name>
           <model>japan\misc\JM238\JM238.model</model>
        </node>
        <node>
           <name>MP_JM263_Small_fuse_box_INDEX_8</name>
           <model>japan\misc\JM263\JM263.model</model>
        </node>
        <node>
           <name>MP_JM263_Small_fuse_box_INDEX_9</name>
           <model>japan\misc\JM263\JM263.model</model>
        </node>
        <node>
           <name>MP_JM238_Speaker_tube_2_INDEX_12</name>
           <model>japan\misc\JM238\JM238.model</model>
        </node>
        <node>
           <name>MP_JM238_Speaker_tube_2_INDEX_13</name>
           <model>japan\misc\JM238\JM238.model</model>
        </node>
        <node>
           <name>MP_JM238_Speaker_tube_2_INDEX_14</name>
           <model>japan\misc\JM238\JM238.model</model>
        </node>
        <node>
           <name>MP_JM238_Speaker_tube_2_INDEX_15</name>
           <model>japan\misc\JM238\JM238.model</model>
        </node>
        <node>
           <name>MP_JM249_Gauge_1_INDEX_3</name>
           <model>japan\misc\JM249\JM249.model</model>
        </node>
        <node>
           <name>MP_JM265_Wall_trigger_2_INDEX_3</name>
           <model>japan\misc\JM265\JM265.model</model>
        </node>
        <node>
           <name>MP_JM265_Wall_trigger_2_INDEX_4</name>
           <model>japan\misc\JM265\JM265.model</model>
        </node>
        <node>
           <name>MP_CM009_Life_Buoy_2_INDEX_2</name>
           <model>common\misc\CM009\CM009.model</model>
        </node>
        <node>
           <name>MP_JM263_Small_fuse_box_INDEX_10</name>
           <model>japan\misc\JM263\JM263.model</model>
        </node>
        <node>
           <name>MP_JM196_Binocular_with_signal_lamp_INDEX_1</name>
           <model>japan\misc\JM196\JM196.model</model>
        </node>
        <node>
           <name>MP_JM099_Signal_Lamp_1_INDEX_3</name>
           <model>japan\misc\JM099\JM099.model</model>
        </node>
        <node>
           <name>MP_JM002_Paravane</name>
           <model>japan\misc\JM002\JM002.model</model>
        </node>
        <node>
           <name>MP_CM029_Emergency_Box_INDEX_5</name>
           <model>common\misc\CM029\CM029.model</model>
        </node>
        <node>
           <name>MP_JM234_Antenna</name>
           <model>japan\misc\JM234\JM234.model</model>
        </node>
        <node>
           <name>MP_JM058_Deck_Hatch_7_INDEX_4</name>
           <model>japan\misc\JM058\JM058.model</model>
        </node>
        <node>
           <name>MP_JM172_Binoculars_Bridge_INDEX_3</name>
           <model>japan\misc\JM172\JM172.model</model>
        </node>
        <node>
           <name>MP_CM010_Fire_Hose_Reel_INDEX_4</name>
           <model>common\misc\CM010\CM010.model</model>
        </node>
        <node>
           <name>MP_JM002_Paravane_INDEX_1</name>
           <model>japan\misc\JM002\JM002.model</model>
        </node>
        <node>
           <name>MP_CM012_Fire_Hose_Rack_1_INDEX_2</name>
           <model>common\misc\CM012\CM012.model</model>
        </node>
        <node>
           <name>MP_JM238_Speaker_tube_2_INDEX_16</name>
           <model>japan\misc\JM238\JM238.model</model>
        </node>
        <node>
           <name>MP_JM263_Small_fuse_box_INDEX_11</name>
           <model>japan\misc\JM263\JM263.model</model>
        </node>
        <node>
           <name>MP_JM267_Wall_ring</name>
           <model>japan\misc\JM267\JM267.model</model>
        </node>
        <node>
           <name>MP_JM113_Flag_Box</name>
           <model>japan\misc\JM113\JM113.model</model>
        </node>
        <node>
           <name>MP_JM030_Wind_Direction</name>
           <model>japan\misc\JM030\JM030.model</model>
        </node>
        <node>
           <name>MP_JM108_Binocular_3_INDEX_2</name>
           <model>japan\misc\JM108\JM108.model</model>
        </node>
        <node>
           <name>MP_JM263_Small_fuse_box_INDEX_12</name>
           <model>japan\misc\JM263\JM263.model</model>
        </node>
        <node>
           <name>MP_JM032_Electric_Deck_Winch</name>
           <model>japan\misc\JM032\JM032.model</model>
        </node>
        <node>
           <name>MP_JM253_Gauge_5</name>
           <model>japan\misc\JM253\JM253.model</model>
        </node>
        <node>
           <name>MP_JM031_Wind_Intensity</name>
           <model>japan\misc\JM031\JM031.model</model>
        </node>
        <node>
           <name>MP_JM179_Bench_INDEX_1</name>
           <model>japan\misc\JM179\JM179.model</model>
        </node>
        <node>
           <name>MP_CM059_Ladder_Cruiser_INDEX_1</name>
           <model>common\misc\CM059\CM059.model</model>
        </node>
        <node>
           <name>MP_JM172_Binoculars_Bridge_INDEX_4</name>
           <model>japan\misc\JM172\JM172.model</model>
        </node>
        <node>
           <name>MP_JM099_Signal_Lamp_1_INDEX_4</name>
           <model>japan\misc\JM099\JM099.model</model>
        </node>
        <node>
           <name>MP_JM255_Double_Gauge_INDEX_1</name>
           <model>japan\misc\JM255\JM255.model</model>
        </node>
        <node>
           <name>MP_JM256_Gauge_7</name>
           <model>japan\misc\JM256\JM256.model</model>
        </node>
        <node>
           <name>MP_JM238_Speaker_tube_2_INDEX_17</name>
           <model>japan\misc\JM238\JM238.model</model>
        </node>
        <node>
           <name>MP_JM255_Double_Gauge_INDEX_2</name>
           <model>japan\misc\JM255\JM255.model</model>
        </node>
        <node>
           <name>MP_JM263_Small_fuse_box_INDEX_13</name>
           <model>japan\misc\JM263\JM263.model</model>
        </node>
        <node>
           <name>MP_JM002_Paravane_INDEX_2</name>
           <model>japan\misc\JM002\JM002.model</model>
        </node>
        <node>
           <name>MP_JM263_Small_fuse_box_INDEX_14</name>
           <model>japan\misc\JM263\JM263.model</model>
        </node>
        <node>
           <name>MP_JM172_Binoculars_Bridge_INDEX_5</name>
           <model>japan\misc\JM172\JM172.model</model>
        </node>
        <node>
           <name>MP_JM102_Runway_Lights_1R</name>
           <model>japan\misc\JM102\JM102.model</model>
        </node>
        <node>
           <name>MP_JM262_Fuse_Box_2_INDEX_2</name>
           <model>japan\misc\JM262\JM262.model</model>
        </node>
        <node>
           <name>MP_JM263_Small_fuse_box_INDEX_15</name>
           <model>japan\misc\JM263\JM263.model</model>
        </node>
        <node>
           <name>MP_JM058_Deck_Hatch_7_INDEX_5</name>
           <model>japan\misc\JM058\JM058.model</model>
        </node>
        <node>
           <name>MP_JM258_Double_Gauge_2_INDEX_1</name>
           <model>japan\misc\JM258\JM258.model</model>
        </node>
        <node>
           <name>MP_JM179_Bench_INDEX_2</name>
           <model>japan\misc\JM179\JM179.model</model>
        </node>
        <node>
           <name>MP_JM238_Speaker_tube_2_INDEX_18</name>
           <model>japan\misc\JM238\JM238.model</model>
        </node>
        <node>
           <name>MP_CM009_Life_Buoy_2_INDEX_3</name>
           <model>common\misc\CM009\CM009.model</model>
        </node>
        <node>
           <name>MP_CM029_Emergency_Box_INDEX_6</name>
           <model>common\misc\CM029\CM029.model</model>
        </node>
        <node>
           <name>MP_JM238_Speaker_tube_2_INDEX_19</name>
           <model>japan\misc\JM238\JM238.model</model>
        </node>
        <node>
           <name>MP_JM049_Davit_2</name>
           <model>japan\misc\JM049\JM049.model</model>
        </node>
        <node>
           <name>MP_JM238_Speaker_tube_2_INDEX_20</name>
           <model>japan\misc\JM238\JM238.model</model>
        </node>
        <node>
           <name>MP_JM263_Small_fuse_box_INDEX_16</name>
           <model>japan\misc\JM263\JM263.model</model>
        </node>
        <node>
           <name>MP_JM032_Electric_Deck_Winch_INDEX_1</name>
           <model>japan\misc\JM032\JM032.model</model>
        </node>
        <node>
           <name>MP_JM052_Deck_Hatch_1</name>
           <model>japan\misc\JM052\JM052.model</model>
        </node>
        <node>
           <name>MP_JM058_Deck_Hatch_7_INDEX_6</name>
           <model>japan\misc\JM058\JM058.model</model>
        </node>
        <node>
           <name>MP_JM238_Speaker_tube_2_INDEX_21</name>
           <model>japan\misc\JM238\JM238.model</model>
        </node>
        <node>
           <name>MP_JM247_Electric_gauge_L</name>
           <model>japan\misc\JM247\JM247.model</model>
        </node>
        <node>
           <name>MP_CM011_Fire_Fighting_Gear_INDEX_3</name>
           <model>common\misc\CM011\CM011.model</model>
        </node>
        <node>
           <name>MP_JM172_Binoculars_Bridge_INDEX_6</name>
           <model>japan\misc\JM172\JM172.model</model>
        </node>
        <node>
           <name>MP_JM265_Wall_trigger_2_INDEX_5</name>
           <model>japan\misc\JM265\JM265.model</model>
        </node>
        <node>
           <name>MP_JM180_Deck_Light_INDEX_3</name>
           <model>japan\misc\JM180\JM180.model</model>
        </node>
        <node>
           <name>MP_CM029_Emergency_Box_INDEX_7</name>
           <model>common\misc\CM029\CM029.model</model>
        </node>
        <node>
           <name>MP_JM108_Binocular_3_INDEX_3</name>
           <model>japan\misc\JM108\JM108.model</model>
        </node>
        <node>
           <name>MP_JM258_Double_Gauge_2_INDEX_2</name>
           <model>japan\misc\JM258\JM258.model</model>
        </node>
        <node>
           <name>MP_JM267_Wall_ring_INDEX_1</name>
           <model>japan\misc\JM267\JM267.model</model>
        </node>
        <node>
           <name>MP_CM009_Life_Buoy_2_INDEX_4</name>
           <model>common\misc\CM009\CM009.model</model>
        </node>
        <node>
           <name>MP_JM180_Deck_Light_INDEX_4</name>
           <model>japan\misc\JM180\JM180.model</model>
        </node>
        <node>
           <name>MP_JM099_Signal_Lamp_1_INDEX_5</name>
           <model>japan\misc\JM099\JM099.model</model>
        </node>
        <node>
           <name>MP_JM180_Deck_Light_INDEX_5</name>
           <model>japan\misc\JM180\JM180.model</model>
        </node>
        <node>
           <name>MP_JM264_Wall_trigger_1</name>
           <model>japan\misc\JM264\JM264.model</model>
        </node>
        <node>
           <name>MP_JM249_Gauge_1_INDEX_4</name>
           <model>japan\misc\JM249\JM249.model</model>
        </node>
        <node>
           <name>MP_JM263_Small_fuse_box_INDEX_17</name>
           <model>japan\misc\JM263\JM263.model</model>
        </node>
        <node>
           <name>MP_JM265_Wall_trigger_2_INDEX_6</name>
           <model>japan\misc\JM265\JM265.model</model>
        </node>
        <node>
           <name>MP_JM265_Wall_trigger_2_INDEX_7</name>
           <model>japan\misc\JM265\JM265.model</model>
        </node>
        <node>
           <name>MP_JM267_Wall_ring_INDEX_2</name>
           <model>japan\misc\JM267\JM267.model</model>
        </node>
        <node>
           <name>MP_JM179_Bench_INDEX_3</name>
           <model>japan\misc\JM179\JM179.model</model>
        </node>
        <node>
           <name>MP_CM029_Emergency_Box_INDEX_8</name>
           <model>common\misc\CM029\CM029.model</model>
        </node>
        <node>
           <name>MP_JM099_Signal_Lamp_1_INDEX_6</name>
           <model>japan\misc\JM099\JM099.model</model>
        </node>
        <node>
           <name>MP_JM262_Fuse_Box_2_INDEX_3</name>
           <model>japan\misc\JM262\JM262.model</model>
        </node>
        <node>
           <name>MP_JM256_Gauge_7_INDEX_1</name>
           <model>japan\misc\JM256\JM256.model</model>
        </node>
        <node>
           <name>MP_JM096_Davit_3</name>
           <model>japan\misc\JM096\JM096.model</model>
        </node>
        <node>
           <name>MP_JM058_Deck_Hatch_7_INDEX_7</name>
           <model>japan\misc\JM058\JM058.model</model>
        </node>
        <node>
           <name>MP_JM265_Wall_trigger_2_INDEX_8</name>
           <model>japan\misc\JM265\JM265.model</model>
        </node>
        <node>
           <name>MP_JM265_Wall_trigger_2_INDEX_9</name>
           <model>japan\misc\JM265\JM265.model</model>
        </node>
        <node>
           <name>MP_JM250_Gauge_2</name>
           <model>japan\misc\JM250\JM250.model</model>
        </node>
        <node>
           <name>MP_JM058_Deck_Hatch_7_INDEX_8</name>
           <model>japan\misc\JM058\JM058.model</model>
        </node>
        <node>
           <name>MP_CM029_Emergency_Box_INDEX_9</name>
           <model>common\misc\CM029\CM029.model</model>
        </node>
        <node>
           <name>MP_JM238_Speaker_tube_2_INDEX_22</name>
           <model>japan\misc\JM238\JM238.model</model>
        </node>
        <node>
           <name>MP_JM058_Deck_Hatch_7_INDEX_9</name>
           <model>japan\misc\JM058\JM058.model</model>
        </node>
        <node>
           <name>MP_JM180_Deck_Light_INDEX_6</name>
           <model>japan\misc\JM180\JM180.model</model>
        </node>
        <node>
           <name>MP_JM172_Binoculars_Bridge_INDEX_7</name>
           <model>japan\misc\JM172\JM172.model</model>
        </node>
        <node>
           <name>MP_JM255_Double_Gauge_INDEX_3</name>
           <model>japan\misc\JM255\JM255.model</model>
        </node>
        <node>
           <name>MP_JM238_Speaker_tube_2_INDEX_23</name>
           <model>japan\misc\JM238\JM238.model</model>
        </node>
        <node>
           <name>MP_JM263_Small_fuse_box_INDEX_18</name>
           <model>japan\misc\JM263\JM263.model</model>
        </node>
        <node>
           <name>MP_JM058_Deck_Hatch_7_INDEX_10</name>
           <model>japan\misc\JM058\JM058.model</model>
        </node>
        <node>
           <name>MP_JM195_Winch_Elevating_Mast</name>
           <model>japan\misc\JM195\JM195.model</model>
        </node>
        <node>
           <name>MP_JM058_Deck_Hatch_7_INDEX_11</name>
           <model>japan\misc\JM058\JM058.model</model>
        </node>
        <node>
           <name>MP_JM058_Deck_Hatch_7_INDEX_12</name>
           <model>japan\misc\JM058\JM058.model</model>
        </node>
        <node>
           <name>MP_CM011_Fire_Fighting_Gear_INDEX_4</name>
           <model>common\misc\CM011\CM011.model</model>
        </node>
        <node>
           <name>MP_JM234_Antenna_INDEX_1</name>
           <model>japan\misc\JM234\JM234.model</model>
        </node>
        <node>
           <name>MP_JM099_Signal_Lamp_1_INDEX_7</name>
           <model>japan\misc\JM099\JM099.model</model>
        </node>
        <node>
           <name>MP_CM029_Emergency_Box_INDEX_10</name>
           <model>common\misc\CM029\CM029.model</model>
        </node>
        <node>
           <name>MP_JM058_Deck_Hatch_7_INDEX_13</name>
           <model>japan\misc\JM058\JM058.model</model>
        </node>
        <node>
           <name>MP_JM265_Wall_trigger_2_INDEX_10</name>
           <model>japan\misc\JM265\JM265.model</model>
        </node>
        <node>
           <name>MP_JM238_Speaker_tube_2_INDEX_24</name>
           <model>japan\misc\JM238\JM238.model</model>
        </node>
        <node>
           <name>MP_JM253_Gauge_5_INDEX_1</name>
           <model>japan\misc\JM253\JM253.model</model>
        </node>
        <node>
           <name>MP_JM011_Day_Light</name>
           <model>japan\misc\JM011\JM011.model</model>
        </node>
        <node>
           <name>MP_JM258_Double_Gauge_2_INDEX_3</name>
           <model>japan\misc\JM258\JM258.model</model>
        </node>
        <node>
           <name>MP_JM234_Antenna_INDEX_2</name>
           <model>japan\misc\JM234\JM234.model</model>
        </node>
        <node>
           <name>MP_JM268_Wall_indicator_INDEX_1</name>
           <model>japan\misc\JM268\JM268.model</model>
        </node>
        <node>
           <name>MP_JM009_Signal_Lamp_INDEX_1</name>
           <model>japan\misc\JM009\JM009.model</model>
        </node>
        <node>
           <name>MP_JM263_Small_fuse_box_INDEX_19</name>
           <model>japan\misc\JM263\JM263.model</model>
        </node>
        <node>
           <name>MP_JM216_Board_Crane</name>
           <model>japan\misc\JM216\JM216.model</model>
        </node>
        <node>
           <name>MP_JM058_Deck_Hatch_7_INDEX_14</name>
           <model>japan\misc\JM058\JM058.model</model>
        </node>
        <node>
           <name>MP_JM238_Speaker_tube_2_INDEX_25</name>
           <model>japan\misc\JM238\JM238.model</model>
        </node>
        <node>
           <name>MP_CM014_Fuel_Oil_Hose_INDEX_2</name>
           <model>common\misc\CM014\CM014.model</model>
        </node>
        <node>
           <name>MP_JM099_Signal_Lamp_1_INDEX_8</name>
           <model>japan\misc\JM099\JM099.model</model>
        </node>
        <node>
           <name>MP_JM259_Gauge_8_INDEX_1</name>
           <model>japan\misc\JM259\JM259.model</model>
        </node>
        <node>
           <name>MP_CM010_Fire_Hose_Reel_INDEX_5</name>
           <model>common\misc\CM010\CM010.model</model>
        </node>
        <node>
           <name>MP_JM032_Electric_Deck_Winch_INDEX_2</name>
           <model>japan\misc\JM032\JM032.model</model>
        </node>
        <node>
           <name>MP_CM014_Fuel_Oil_Hose_INDEX_3</name>
           <model>common\misc\CM014\CM014.model</model>
        </node>
        <node>
           <name>MP_JM180_Deck_Light_INDEX_7</name>
           <model>japan\misc\JM180\JM180.model</model>
        </node>
        <node>
           <name>MP_JM101_Runway_Lights_1L</name>
           <model>japan\misc\JM101\JM101.model</model>
        </node>
        <node>
           <name>MP_JM172_Binoculars_Bridge_INDEX_8</name>
           <model>japan\misc\JM172\JM172.model</model>
        </node>
        <node>
           <name>MP_JM268_Wall_indicator_INDEX_2</name>
           <model>japan\misc\JM268\JM268.model</model>
        </node>
        <node>
           <name>MP_JM179_Bench_INDEX_4</name>
           <model>japan\misc\JM179\JM179.model</model>
        </node>
        <node>
           <name>MP_CM012_Fire_Hose_Rack_1_INDEX_3</name>
           <model>common\misc\CM012\CM012.model</model>
        </node>
        <node>
           <name>MP_JM238_Speaker_tube_2_INDEX_26</name>
           <model>japan\misc\JM238\JM238.model</model>
        </node>
        <node>
           <name>MP_JM258_Double_Gauge_2_INDEX_4</name>
           <model>japan\misc\JM258\JM258.model</model>
        </node>
        <node>
           <name>MP_CM010_Fire_Hose_Reel_INDEX_6</name>
           <model>common\misc\CM010\CM010.model</model>
        </node>
        <node>
           <name>MP_JM172_Binoculars_Bridge_INDEX_9</name>
           <model>japan\misc\JM172\JM172.model</model>
        </node>
        <node>
           <name>MP_CM029_Emergency_Box_INDEX_11</name>
           <model>common\misc\CM029\CM029.model</model>
        </node>
        <node>
           <name>MP_JM190_Gyro_Repeater_INDEX_2</name>
           <model>japan\misc\JM190\JM190.model</model>
        </node>
        <node>
           <name>MP_JM172_Binoculars_Bridge_INDEX_10</name>
           <model>japan\misc\JM172\JM172.model</model>
        </node>
        <node>
           <name>MP_JM002_Paravane_INDEX_3</name>
           <model>japan\misc\JM002\JM002.model</model>
        </node>
        <node>
           <name>MP_JM103_Runway_Lights_2L</name>
           <model>japan\misc\JM103\JM103.model</model>
        </node>
        <node>
           <name>MP_JM208_Controler_Sl</name>
           <model>japan\misc\JM208\JM208.model</model>
        </node>
        <node>
           <name>MP_JM006_Binocular_1_INDEX_2</name>
           <model>japan\misc\JM006\JM006.model</model>
        </node>
        <node>
           <name>MP_JM058_Deck_Hatch_7_INDEX_15</name>
           <model>japan\misc\JM058\JM058.model</model>
        </node>
        <node>
           <name>MP_JM238_Speaker_tube_2_INDEX_27</name>
           <model>japan\misc\JM238\JM238.model</model>
        </node>
        <node>
           <name>MP_JM172_Binoculars_Bridge_INDEX_11</name>
           <model>japan\misc\JM172\JM172.model</model>
        </node>
        <node>
           <name>MP_JM058_Deck_Hatch_7_INDEX_16</name>
           <model>japan\misc\JM058\JM058.model</model>
        </node>
        <node>
           <name>MP_CM012_Fire_Hose_Rack_1_INDEX_4</name>
           <model>common\misc\CM012\CM012.model</model>
        </node>
        <node>
           <name>MP_JM238_Speaker_tube_2_INDEX_28</name>
           <model>japan\misc\JM238\JM238.model</model>
        </node>
        <node>
           <name>MP_JM179_Bench_INDEX_5</name>
           <model>japan\misc\JM179\JM179.model</model>
        </node>
        <node>
           <name>MP_JM255_Double_Gauge_INDEX_4</name>
           <model>japan\misc\JM255\JM255.model</model>
        </node>
        <node>
           <name>MP_JM238_Speaker_tube_2_INDEX_29</name>
           <model>japan\misc\JM238\JM238.model</model>
        </node>
        <node>
           <name>MP_JM058_Deck_Hatch_7_INDEX_17</name>
           <model>japan\misc\JM058\JM058.model</model>
        </node>
        <node>
           <name>MP_JM238_Speaker_tube_2_INDEX_30</name>
           <model>japan\misc\JM238\JM238.model</model>
        </node>
        <node>
           <name>MP_JM113_Flag_Box_INDEX_1</name>
           <model>japan\misc\JM113\JM113.model</model>
        </node>
        <node>
           <name>MP_JM099_Signal_Lamp_1_INDEX_9</name>
           <model>japan\misc\JM099\JM099.model</model>
        </node>
        <node>
           <name>MP_CM029_Emergency_Box_INDEX_12</name>
           <model>common\misc\CM029\CM029.model</model>
        </node>
        <node>
           <name>MP_JM238_Speaker_tube_2_INDEX_31</name>
           <model>japan\misc\JM238\JM238.model</model>
        </node>
        <node>
           <name>MP_JM238_Speaker_tube_2_INDEX_32</name>
           <model>japan\misc\JM238\JM238.model</model>
        </node>
        <node>
           <name>MP_JM032_Electric_Deck_Winch_INDEX_3</name>
           <model>japan\misc\JM032\JM032.model</model>
        </node>
        <node>
           <name>MP_JM099_Signal_Lamp_1_INDEX_10</name>
           <model>japan\misc\JM099\JM099.model</model>
        </node>
        <node>
           <name>MP_JM125_Signal_Lamp_3</name>
           <model>japan\misc\JM125\JM125.model</model>
        </node>
        <node>
           <name>MP_JM058_Deck_Hatch_7_INDEX_18</name>
           <model>japan\misc\JM058\JM058.model</model>
        </node>
        <node>
           <name>MP_JM265_Wall_trigger_2_INDEX_11</name>
           <model>japan\misc\JM265\JM265.model</model>
        </node>
        <node>
           <name>MP_JM263_Small_fuse_box_INDEX_20</name>
           <model>japan\misc\JM263\JM263.model</model>
        </node>
        <node>
           <name>MP_JM263_Small_fuse_box_INDEX_21</name>
           <model>japan\misc\JM263\JM263.model</model>
        </node>
        <node>
           <name>MP_JM208_Controler_Sl_INDEX_1</name>
           <model>japan\misc\JM208\JM208.model</model>
        </node>
        <node>
           <name>MP_JM263_Small_fuse_box_INDEX_22</name>
           <model>japan\misc\JM263\JM263.model</model>
        </node>
        <node>
           <name>MP_JM238_Speaker_tube_2_INDEX_33</name>
           <model>japan\misc\JM238\JM238.model</model>
        </node>
        <node>
           <name>MP_JM238_Speaker_tube_2_INDEX_34</name>
           <model>japan\misc\JM238\JM238.model</model>
        </node>
        <node>
           <name>HP_Fire_Burn_2</name>
           <model>UNKNOWN_ITEM</model>
        </node>
        <node>
           <name>HP_NoseWave_Speed</name>
           <model>UNKNOWN_ITEM</model>
        </node>
        <node>
           <name>HP_Smoke_1</name>
           <model>UNKNOWN_ITEM</model>
        </node>
        <node>
           <name>HP_Smoke_2</name>
           <model>UNKNOWN_ITEM</model>
        </node>
    </midfront>
    <midback>
      <model>japan\ship\aircarrier\JSA015_Taiho_1944\JSA015_Taiho_1944_MidBack_ports.model</model>
        <node>
           <name>HP_JD_6</name>
           <model>japan\director\JD056_MachineGun_Control_Position\JD056_MachineGun_Control_Position.model</model>
        </node>
        <node>
           <name>HP_JD_7</name>
           <model>japan\director\JD056_MachineGun_Control_Position\JD056_MachineGun_Control_Position.model</model>
        </node>
        <node>
           <name>HP_JD_8</name>
           <model>japan\director\JD056_MachineGun_Control_Position\JD056_MachineGun_Control_Position.model</model>
        </node>
        <node>
           <name>HP_JGA_8</name>
           <model>japan\gun\aaircraft\JGA010_25mm_Type96\JGA010_25mm_Type96.model</model>
        </node>
        <node>
           <name>HP_JGA_9</name>
           <model>japan\gun\aaircraft\JGA010_25mm_Type96\JGA010_25mm_Type96.model</model>
        </node>
        <node>
           <name>HP_JGA_10</name>
           <model>japan\gun\aaircraft\JGA010_25mm_Type96\JGA010_25mm_Type96.model</model>
        </node>
        <node>
           <name>HP_JGA_11</name>
           <model>japan\gun\aaircraft\JGA010_25mm_Type96\JGA010_25mm_Type96.model</model>
        </node>
        <node>
           <name>HP_JGA_12</name>
           <model>japan\gun\aaircraft\JGA010_25mm_Type96\JGA010_25mm_Type96.model</model>
        </node>
        <node>
           <name>HP_JGS_4</name>
           <model>japan\gun\secondary\JGS076_100mm65_Type_98\JGS076_100mm65_Type_98.model</model>
        </node>
        <node>
           <name>HP_JGS_5</name>
           <model>japan\gun\secondary\JGS076_100mm65_Type_98\JGS076_100mm65_Type_98.model</model>
        </node>
        <node>
           <name>HP_JGS_6</name>
           <model>japan\gun\secondary\JGS076_100mm65_Type_98\JGS076_100mm65_Type_98.model</model>
        </node>
        <node>
           <name>MP_JM195_Winch_Elevating_Mast</name>
           <model>japan\misc\JM195\JM195.model</model>
        </node>
        <node>
           <name>MP_CM029_Emergency_Box</name>
           <model>common\misc\CM029\CM029.model</model>
        </node>
        <node>
           <name>MP_JM099_Signal_Lamp_1</name>
           <model>japan\misc\JM099\JM099.model</model>
        </node>
        <node>
           <name>MP_CM029_Emergency_Box_INDEX_1</name>
           <model>common\misc\CM029\CM029.model</model>
        </node>
        <node>
           <name>MP_JM263_Small_fuse_box</name>
           <model>japan\misc\JM263\JM263.model</model>
        </node>
        <node>
           <name>MP_JM102_Runway_Lights_1R</name>
           <model>japan\misc\JM102\JM102.model</model>
        </node>
        <node>
           <name>MP_JM058_Deck_Hatch_7</name>
           <model>japan\misc\JM058\JM058.model</model>
        </node>
        <node>
           <name>MP_JM099_Signal_Lamp_1_INDEX_1</name>
           <model>japan\misc\JM099\JM099.model</model>
        </node>
        <node>
           <name>MP_JM058_Deck_Hatch_7_INDEX_1</name>
           <model>japan\misc\JM058\JM058.model</model>
        </node>
        <node>
           <name>MP_JM195_Winch_Elevating_Mast_INDEX_1</name>
           <model>japan\misc\JM195\JM195.model</model>
        </node>
        <node>
           <name>MP_JM265_Wall_trigger_2</name>
           <model>japan\misc\JM265\JM265.model</model>
        </node>
        <node>
           <name>MP_JM179_Bench</name>
           <model>japan\misc\JM179\JM179.model</model>
        </node>
        <node>
           <name>MP_JM058_Deck_Hatch_7_INDEX_2</name>
           <model>japan\misc\JM058\JM058.model</model>
        </node>
        <node>
           <name>MP_CM001_Propeller3_L</name>
           <model>common\misc\CM001\CM001.model</model>
        </node>
        <node>
           <name>MP_JM099_Signal_Lamp_1_INDEX_2</name>
           <model>japan\misc\JM099\JM099.model</model>
        </node>
        <node>
           <name>MP_JM058_Deck_Hatch_7_INDEX_3</name>
           <model>japan\misc\JM058\JM058.model</model>
        </node>
        <node>
           <name>MP_CM029_Emergency_Box_INDEX_2</name>
           <model>common\misc\CM029\CM029.model</model>
        </node>
        <node>
           <name>MP_JM058_Deck_Hatch_7_INDEX_4</name>
           <model>japan\misc\JM058\JM058.model</model>
        </node>
        <node>
           <name>MP_JM195_Winch_Elevating_Mast_INDEX_2</name>
           <model>japan\misc\JM195\JM195.model</model>
        </node>
        <node>
           <name>MP_JM179_Bench_INDEX_1</name>
           <model>japan\misc\JM179\JM179.model</model>
        </node>
        <node>
           <name>MP_JM101_Runway_Lights_1L</name>
           <model>japan\misc\JM101\JM101.model</model>
        </node>
        <node>
           <name>MP_CM010_Fire_Hose_Reel</name>
           <model>common\misc\CM010\CM010.model</model>
        </node>
        <node>
           <name>MP_JM216_Board_Crane</name>
           <model>japan\misc\JM216\JM216.model</model>
        </node>
        <node>
           <name>MP_JM238_Speaker_tube_2</name>
           <model>japan\misc\JM238\JM238.model</model>
        </node>
        <node>
           <name>MP_JM058_Deck_Hatch_7_INDEX_5</name>
           <model>japan\misc\JM058\JM058.model</model>
        </node>
        <node>
           <name>MP_CM029_Emergency_Box_INDEX_3</name>
           <model>common\misc\CM029\CM029.model</model>
        </node>
        <node>
           <name>MP_JM238_Speaker_tube_2_INDEX_1</name>
           <model>japan\misc\JM238\JM238.model</model>
        </node>
        <node>
           <name>MP_JM099_Signal_Lamp_1_INDEX_3</name>
           <model>japan\misc\JM099\JM099.model</model>
        </node>
        <node>
           <name>MP_JM099_Signal_Lamp_1_INDEX_4</name>
           <model>japan\misc\JM099\JM099.model</model>
        </node>
        <node>
           <name>MP_JM058_Deck_Hatch_7_INDEX_6</name>
           <model>japan\misc\JM058\JM058.model</model>
        </node>
        <node>
           <name>MP_CM010_Fire_Hose_Reel_INDEX_1</name>
           <model>common\misc\CM010\CM010.model</model>
        </node>
        <node>
           <name>MP_JM263_Small_fuse_box_INDEX_1</name>
           <model>japan\misc\JM263\JM263.model</model>
        </node>
        <node>
           <name>MP_CM014_Fuel_Oil_Hose</name>
           <model>common\misc\CM014\CM014.model</model>
        </node>
        <node>
           <name>MP_JM058_Deck_Hatch_7_INDEX_7</name>
           <model>japan\misc\JM058\JM058.model</model>
        </node>
        <node>
           <name>MP_CM029_Emergency_Box_INDEX_4</name>
           <model>common\misc\CM029\CM029.model</model>
        </node>
        <node>
           <name>MP_JM099_Signal_Lamp_1_INDEX_5</name>
           <model>japan\misc\JM099\JM099.model</model>
        </node>
        <node>
           <name>MP_CM009_Life_Buoy_2</name>
           <model>common\misc\CM009\CM009.model</model>
        </node>
        <node>
           <name>MP_JM238_Speaker_tube_2_INDEX_2</name>
           <model>japan\misc\JM238\JM238.model</model>
        </node>
        <node>
           <name>MP_JM058_Deck_Hatch_7_INDEX_8</name>
           <model>japan\misc\JM058\JM058.model</model>
        </node>
        <node>
           <name>MP_JM265_Wall_trigger_2_INDEX_1</name>
           <model>japan\misc\JM265\JM265.model</model>
        </node>
        <node>
           <name>MP_JM058_Deck_Hatch_7_INDEX_9</name>
           <model>japan\misc\JM058\JM058.model</model>
        </node>
        <node>
           <name>MP_JM058_Deck_Hatch_7_INDEX_10</name>
           <model>japan\misc\JM058\JM058.model</model>
        </node>
        <node>
           <name>MP_JM180_Deck_Light</name>
           <model>japan\misc\JM180\JM180.model</model>
        </node>
        <node>
           <name>MP_CM009_Life_Buoy_2_INDEX_1</name>
           <model>common\misc\CM009\CM009.model</model>
        </node>
        <node>
           <name>MP_JM058_Deck_Hatch_7_INDEX_11</name>
           <model>japan\misc\JM058\JM058.model</model>
        </node>
        <node>
           <name>MP_JM103_Runway_Lights_2L</name>
           <model>japan\misc\JM103\JM103.model</model>
        </node>
        <node>
           <name>MP_CM014_Fuel_Oil_Hose_INDEX_1</name>
           <model>common\misc\CM014\CM014.model</model>
        </node>
        <node>
           <name>MP_JM186_Elevating_Mast_L</name>
           <model>japan\misc\JM186\JM186.model</model>
        </node>
        <node>
           <name>MP_JM179_Bench_INDEX_2</name>
           <model>japan\misc\JM179\JM179.model</model>
        </node>
        <node>
           <name>MP_CM032_Propeller3_R</name>
           <model>common\misc\CM032\CM032.model</model>
        </node>
        <node>
           <name>MP_JM099_Signal_Lamp_1_INDEX_6</name>
           <model>japan\misc\JM099\JM099.model</model>
        </node>
        <node>
           <name>MP_JM265_Wall_trigger_2_INDEX_2</name>
           <model>japan\misc\JM265\JM265.model</model>
        </node>
        <node>
           <name>MP_JM058_Deck_Hatch_7_INDEX_12</name>
           <model>japan\misc\JM058\JM058.model</model>
        </node>
        <node>
           <name>MP_CM014_Fuel_Oil_Hose_INDEX_2</name>
           <model>common\misc\CM014\CM014.model</model>
        </node>
        <node>
           <name>MP_JM058_Deck_Hatch_7_INDEX_13</name>
           <model>japan\misc\JM058\JM058.model</model>
        </node>
        <node>
           <name>MP_JM180_Deck_Light_INDEX_1</name>
           <model>japan\misc\JM180\JM180.model</model>
        </node>
        <node>
           <name>MP_JM104_Runway_Lights_2R</name>
           <model>japan\misc\JM104\JM104.model</model>
        </node>
        <node>
           <name>MP_JM179_Bench_INDEX_3</name>
           <model>japan\misc\JM179\JM179.model</model>
        </node>
        <node>
           <name>MP_JM180_Deck_Light_INDEX_2</name>
           <model>japan\misc\JM180\JM180.model</model>
        </node>
        <node>
           <name>MP_JM185_Elevating_Mast_R</name>
           <model>japan\misc\JM185\JM185.model</model>
        </node>
        <node>
           <name>MP_CM029_Emergency_Box_INDEX_5</name>
           <model>common\misc\CM029\CM029.model</model>
        </node>
        <node>
           <name>MP_CM029_Emergency_Box_INDEX_6</name>
           <model>common\misc\CM029\CM029.model</model>
        </node>
        <node>
           <name>MP_CM029_Emergency_Box_INDEX_7</name>
           <model>common\misc\CM029\CM029.model</model>
        </node>
        <node>
           <name>MP_JM180_Deck_Light_INDEX_3</name>
           <model>japan\misc\JM180\JM180.model</model>
        </node>
        <node>
           <name>MP_JM179_Bench_INDEX_4</name>
           <model>japan\misc\JM179\JM179.model</model>
        </node>
        <node>
           <name>MP_JM180_Deck_Light_INDEX_4</name>
           <model>japan\misc\JM180\JM180.model</model>
        </node>
        <node>
           <name>MP_JM058_Deck_Hatch_7_INDEX_14</name>
           <model>japan\misc\JM058\JM058.model</model>
        </node>
        <node>
           <name>MP_JM185_Elevating_Mast_R_INDEX_1</name>
           <model>japan\misc\JM185\JM185.model</model>
        </node>
        <node>
           <name>MP_JM058_Deck_Hatch_7_INDEX_15</name>
           <model>japan\misc\JM058\JM058.model</model>
        </node>
        <node>
           <name>MP_JM180_Deck_Light_INDEX_5</name>
           <model>japan\misc\JM180\JM180.model</model>
        </node>
        <node>
           <name>MP_JM263_Small_fuse_box_INDEX_2</name>
           <model>japan\misc\JM263\JM263.model</model>
        </node>
        <node>
           <name>HP_Deck_21</name>
           <model>japan\aircraft\dive\JAD003_D4Y2\JAD003_D4Y2.model</model>
        </node>
        <node>
           <name>HP_Deck_14</name>
           <model>japan\aircraft\bomber\JAB002_Nakajima_B6N\JAB002_Nakajima_B6N.model</model>
        </node>
        <node>
           <name>HP_Deck_15</name>
           <model>japan\aircraft\bomber\JAB002_Nakajima_B6N\JAB002_Nakajima_B6N.model</model>
        </node>
        <node>
           <name>HP_Deck_16</name>
           <model>japan\aircraft\dive\JAD003_D4Y2\JAD003_D4Y2.model</model>
        </node>
        <node>
           <name>HP_Deck_17</name>
           <model>japan\aircraft\dive\JAD003_D4Y2\JAD003_D4Y2.model</model>
        </node>
        <node>
           <name>HP_Deck_18</name>
           <model>japan\aircraft\dive\JAD003_D4Y2\JAD003_D4Y2.model</model>
        </node>
        <node>
           <name>HP_Deck_19</name>
           <model>japan\aircraft\dive\JAD003_D4Y2\JAD003_D4Y2.model</model>
        </node>
        <node>
           <name>HP_Deck_20</name>
           <model>japan\aircraft\dive\JAD003_D4Y2\JAD003_D4Y2.model</model>
        </node>
        <node>
           <name>HP_Deck_08</name>
           <model>japan\aircraft\bomber\JAB002_Nakajima_B6N\JAB002_Nakajima_B6N.model</model>
        </node>
        <node>
           <name>HP_Deck_09</name>
           <model>japan\aircraft\bomber\JAB002_Nakajima_B6N\JAB002_Nakajima_B6N.model</model>
        </node>
        <node>
           <name>HP_Deck_10</name>
           <model>japan\aircraft\bomber\JAB002_Nakajima_B6N\JAB002_Nakajima_B6N.model</model>
        </node>
        <node>
           <name>HP_Deck_11</name>
           <model>japan\aircraft\bomber\JAB002_Nakajima_B6N\JAB002_Nakajima_B6N.model</model>
        </node>
        <node>
           <name>HP_Deck_12</name>
           <model>japan\aircraft\bomber\JAB002_Nakajima_B6N\JAB002_Nakajima_B6N.model</model>
        </node>
        <node>
           <name>HP_Deck_13</name>
           <model>japan\aircraft\bomber\JAB002_Nakajima_B6N\JAB002_Nakajima_B6N.model</model>
        </node>
        <node>
           <name>HP_Fire_Burn_3</name>
           <model>UNKNOWN_ITEM</model>
        </node>
    </midback>
    <stern>
      <model>japan\ship\aircarrier\JSA015_Taiho_1944\JSA015_Taiho_1944_Stern_ports.model</model>
        <node>
           <name>HP_JD_9</name>
           <model>japan\director\JD011_Director_Type_95_Mod3\JD011_Director_Type_95_Mod3.model</model>
        </node>
        <node>
           <name>HP_JGA_13</name>
           <model>japan\gun\aaircraft\JGA010_25mm_Type96\JGA010_25mm_Type96.model</model>
        </node>
        <node>
           <name>HP_JGA_14</name>
           <model>japan\gun\aaircraft\JGA010_25mm_Type96\JGA010_25mm_Type96.model</model>
        </node>
        <node>
           <name>HP_JGA_15</name>
           <model>japan\gun\aaircraft\JGA010_25mm_Type96\JGA010_25mm_Type96.model</model>
        </node>
        <node>
           <name>HP_JGA_16</name>
           <model>japan\gun\aaircraft\JGA010_25mm_Type96\JGA010_25mm_Type96.model</model>
        </node>
        <node>
           <name>HP_JGA_17</name>
           <model>japan\gun\aaircraft\JGA010_25mm_Type96\JGA010_25mm_Type96.model</model>
        </node>
        <node>
           <name>HP_DisappearPoint</name>
           <model>japan\aircraft\bomber\JAB002_Nakajima_B6N\JAB002_Nakajima_B6N.model</model>
        </node>
        <node>
           <name>HP_DeckLand</name>
           <model>japan\aircraft\bomber\JAB002_Nakajima_B6N\JAB002_Nakajima_B6N.model</model>
        </node>
        <node>
           <name>MP_JM017_Ventilators_1</name>
           <model>japan\misc\JM017\JM017.model</model>
        </node>
        <node>
           <name>MP_JM027_Fairlead_2</name>
           <model>japan\misc\JM027\JM027.model</model>
        </node>
        <node>
           <name>MP_CM029_Emergency_Box</name>
           <model>common\misc\CM029\CM029.model</model>
        </node>
        <node>
           <name>MP_JM058_Deck_Hatch_7</name>
           <model>japan\misc\JM058\JM058.model</model>
        </node>
        <node>
           <name>MP_JM127_Ventilators_11</name>
           <model>japan\misc\JM127\JM127.model</model>
        </node>
        <node>
           <name>MP_CM009_Life_Buoy_2</name>
           <model>common\misc\CM009\CM009.model</model>
        </node>
        <node>
           <name>MP_JM180_Deck_Light</name>
           <model>japan\misc\JM180\JM180.model</model>
        </node>
        <node>
           <name>MP_JM058_Deck_Hatch_7_INDEX_1</name>
           <model>japan\misc\JM058\JM058.model</model>
        </node>
        <node>
           <name>MP_JM049_Davit_2</name>
           <model>japan\misc\JM049\JM049.model</model>
        </node>
        <node>
           <name>MP_JM058_Deck_Hatch_7_INDEX_2</name>
           <model>japan\misc\JM058\JM058.model</model>
        </node>
        <node>
           <name>MP_JM198_Winch_Crane</name>
           <model>japan\misc\JM198\JM198.model</model>
        </node>
        <node>
           <name>MP_CM032_Propeller3_R</name>
           <model>common\misc\CM032\CM032.model</model>
        </node>
        <node>
           <name>MP_JM017_Ventilators_1_INDEX_1</name>
           <model>japan\misc\JM017\JM017.model</model>
        </node>
        <node>
           <name>MP_CM012_Fire_Hose_Rack_1</name>
           <model>common\misc\CM012\CM012.model</model>
        </node>
        <node>
           <name>MP_JM198_Winch_Crane_INDEX_1</name>
           <model>japan\misc\JM198\JM198.model</model>
        </node>
        <node>
           <name>MP_CM086_Anchor_top</name>
           <model>common\misc\CM086\CM086.model</model>
        </node>
        <node>
           <name>MP_CM010_Fire_Hose_Reel</name>
           <model>common\misc\CM010\CM010.model</model>
        </node>
        <node>
           <name>MP_JM207_Cargo_Boat</name>
           <model>japan\misc\JM207\JM207.model</model>
        </node>
        <node>
           <name>MP_JM127_Ventilators_11_INDEX_1</name>
           <model>japan\misc\JM127\JM127.model</model>
        </node>
        <node>
           <name>MP_JM017_Ventilators_1_INDEX_2</name>
           <model>japan\misc\JM017\JM017.model</model>
        </node>
        <node>
           <name>MP_JM058_Deck_Hatch_7_INDEX_3</name>
           <model>japan\misc\JM058\JM058.model</model>
        </node>
        <node>
           <name>MP_JM027_Fairlead_2_INDEX_1</name>
           <model>japan\misc\JM027\JM027.model</model>
        </node>
        <node>
           <name>MP_JM179_Bench</name>
           <model>japan\misc\JM179\JM179.model</model>
        </node>
        <node>
           <name>MP_JM148_Motor_Boats_12m</name>
           <model>japan\misc\JM148\JM148.model</model>
        </node>
        <node>
           <name>MP_CM029_Emergency_Box_INDEX_1</name>
           <model>common\misc\CM029\CM029.model</model>
        </node>
        <node>
           <name>MP_CM014_Fuel_Oil_Hose</name>
           <model>common\misc\CM014\CM014.model</model>
        </node>
        <node>
           <name>MP_JM198_Winch_Crane_INDEX_2</name>
           <model>japan\misc\JM198\JM198.model</model>
        </node>
        <node>
           <name>MP_JM148_Motor_Boats_12m_INDEX_1</name>
           <model>japan\misc\JM148\JM148.model</model>
        </node>
        <node>
           <name>MP_JM207_Cargo_Boat_INDEX_1</name>
           <model>japan\misc\JM207\JM207.model</model>
        </node>
        <node>
           <name>MP_CM029_Emergency_Box_INDEX_2</name>
           <model>common\misc\CM029\CM029.model</model>
        </node>
        <node>
           <name>MP_JM039_Motor_Launch_12m</name>
           <model>japan\misc\JM039\JM039.model</model>
        </node>
        <node>
           <name>MP_JM017_Ventilators_1_INDEX_3</name>
           <model>japan\misc\JM017\JM017.model</model>
        </node>
        <node>
           <name>MP_CM059_Ladder_Cruiser</name>
           <model>common\misc\CM059\CM059.model</model>
        </node>
        <node>
           <name>MP_CM014_Fuel_Oil_Hose_INDEX_1</name>
           <model>common\misc\CM014\CM014.model</model>
        </node>
        <node>
           <name>MP_JM179_Bench_INDEX_1</name>
           <model>japan\misc\JM179\JM179.model</model>
        </node>
        <node>
           <name>MP_CM012_Fire_Hose_Rack_1_INDEX_1</name>
           <model>common\misc\CM012\CM012.model</model>
        </node>
        <node>
           <name>MP_CM011_Fire_Fighting_Gear</name>
           <model>common\misc\CM011\CM011.model</model>
        </node>
        <node>
           <name>MP_JM180_Deck_Light_INDEX_1</name>
           <model>japan\misc\JM180\JM180.model</model>
        </node>
        <node>
           <name>MP_JM141_Break_Handwheel_1</name>
           <model>japan\misc\JM141\JM141.model</model>
        </node>
        <node>
           <name>MP_JM058_Deck_Hatch_7_INDEX_4</name>
           <model>japan\misc\JM058\JM058.model</model>
        </node>
        <node>
           <name>MP_CM029_Emergency_Box_INDEX_3</name>
           <model>common\misc\CM029\CM029.model</model>
        </node>
        <node>
           <name>MP_JM179_Bench_INDEX_2</name>
           <model>japan\misc\JM179\JM179.model</model>
        </node>
        <node>
           <name>MP_CM009_Life_Buoy_2_INDEX_1</name>
           <model>common\misc\CM009\CM009.model</model>
        </node>
        <node>
           <name>MP_JM039_Motor_Launch_12m_INDEX_1</name>
           <model>japan\misc\JM039\JM039.model</model>
        </node>
        <node>
           <name>MP_CM009_Life_Buoy_2_INDEX_2</name>
           <model>common\misc\CM009\CM009.model</model>
        </node>
        <node>
           <name>MP_JM198_Winch_Crane_INDEX_3</name>
           <model>japan\misc\JM198\JM198.model</model>
        </node>
        <node>
           <name>MP_JM058_Deck_Hatch_7_INDEX_5</name>
           <model>japan\misc\JM058\JM058.model</model>
        </node>
        <node>
           <name>MP_CM059_Ladder_Cruiser_INDEX_1</name>
           <model>common\misc\CM059\CM059.model</model>
        </node>
        <node>
           <name>MP_JM026_Bollards</name>
           <model>japan\misc\JM026\JM026.model</model>
        </node>
        <node>
           <name>MP_CM087_Anchor_down</name>
           <model>common\misc\CM087\CM087.model</model>
        </node>
        <node>
           <name>MP_JM135_Runway_Lights_Back</name>
           <model>japan\misc\JM135\JM135.model</model>
        </node>
        <node>
           <name>MP_JM099_Signal_Lamp_1</name>
           <model>japan\misc\JM099\JM099.model</model>
        </node>
        <node>
           <name>MP_JM026_Bollards_INDEX_1</name>
           <model>japan\misc\JM026\JM026.model</model>
        </node>
        <node>
           <name>MP_CM011_Fire_Fighting_Gear_INDEX_1</name>
           <model>common\misc\CM011\CM011.model</model>
        </node>
        <node>
           <name>MP_JM125_Signal_Lamp_3</name>
           <model>japan\misc\JM125\JM125.model</model>
        </node>
        <node>
           <name>MP_JM148_Motor_Boats_12m_INDEX_2</name>
           <model>japan\misc\JM148\JM148.model</model>
        </node>
        <node>
           <name>MP_JM099_Signal_Lamp_1_INDEX_1</name>
           <model>japan\misc\JM099\JM099.model</model>
        </node>
        <node>
           <name>MP_JM058_Deck_Hatch_7_INDEX_6</name>
           <model>japan\misc\JM058\JM058.model</model>
        </node>
        <node>
           <name>MP_JM099_Signal_Lamp_1_INDEX_2</name>
           <model>japan\misc\JM099\JM099.model</model>
        </node>
        <node>
           <name>MP_CM012_Fire_Hose_Rack_1_INDEX_2</name>
           <model>common\misc\CM012\CM012.model</model>
        </node>
        <node>
           <name>MP_JM096_Davit_3</name>
           <model>japan\misc\JM096\JM096.model</model>
        </node>
        <node>
           <name>MP_JM099_Signal_Lamp_1_INDEX_3</name>
           <model>japan\misc\JM099\JM099.model</model>
        </node>
        <node>
           <name>MP_CM011_Fire_Fighting_Gear_INDEX_2</name>
           <model>common\misc\CM011\CM011.model</model>
        </node>
        <node>
           <name>MP_CM001_Propeller3_L</name>
           <model>common\misc\CM001\CM001.model</model>
        </node>
        <node>
           <name>MP_JM058_Deck_Hatch_7_INDEX_7</name>
           <model>japan\misc\JM058\JM058.model</model>
        </node>
        <node>
           <name>HP_Deck_07</name>
           <model>japan\aircraft\fighter\JAF009_Kawanishi_N1K5_A\JAF009_Kawanishi_N1K5_A.model</model>
        </node>
        <node>
           <name>HP_Deck_00</name>
           <model>japan\aircraft\fighter\JAF009_Kawanishi_N1K5_A\JAF009_Kawanishi_N1K5_A.model</model>
        </node>
        <node>
           <name>HP_Deck_01</name>
           <model>japan\aircraft\fighter\JAF009_Kawanishi_N1K5_A\JAF009_Kawanishi_N1K5_A.model</model>
        </node>
        <node>
           <name>HP_Deck_02</name>
           <model>japan\aircraft\fighter\JAF009_Kawanishi_N1K5_A\JAF009_Kawanishi_N1K5_A.model</model>
        </node>
        <node>
           <name>HP_Deck_03</name>
           <model>japan\aircraft\fighter\JAF009_Kawanishi_N1K5_A\JAF009_Kawanishi_N1K5_A.model</model>
        </node>
        <node>
           <name>HP_Deck_04</name>
           <model>japan\aircraft\fighter\JAF009_Kawanishi_N1K5_A\JAF009_Kawanishi_N1K5_A.model</model>
        </node>
        <node>
           <name>HP_Deck_05</name>
           <model>japan\aircraft\fighter\JAF009_Kawanishi_N1K5_A\JAF009_Kawanishi_N1K5_A.model</model>
        </node>
        <node>
           <name>HP_Deck_06</name>
           <model>japan\aircraft\fighter\JAF009_Kawanishi_N1K5_A\JAF009_Kawanishi_N1K5_A.model</model>
        </node>
        <node>
           <name>HP_Fire_Burn_4</name>
           <model>UNKNOWN_ITEM</model>
        </node>
    </stern>
  </sections>
</JSA015_Taiho_1944.xml>
