<JSC031_Kuma_1920.xml>
  <sections>
    <bow>
      <model>japan\ship\cruiser\JSC031_Kuma_1920\JSC031_Kuma_1920_bow_ports.model</model>
        <node>
           <name>HP_JGM_1</name>
           <model>japan\gun\main\JGM035_140mm50_Type_3Year\JGM035_140mm50_Type_3Year.model</model>
        </node>
        <node>
           <name>HP_JGM_2</name>
           <model>japan\gun\main\JGM035_140mm50_Type_3Year\JGM035_140mm50_Type_3Year.model</model>
        </node>
        <node>
           <name>MP_JM033_Roller_Fairled</name>
           <model>japan\misc\JM033\JM033.model</model>
        </node>
        <node>
           <name>MP_JM062_Deck_Hatch_11</name>
           <model>japan\misc\JM062\JM062.model</model>
        </node>
        <node>
           <name>MP_CM011_Fire_Fighting_Gear</name>
           <model>common\misc\CM011\CM011.model</model>
        </node>
        <node>
           <name>MP_JM141JSC031Bow_0_0</name>
           <model>japan\misc\JM141JSC031Bow\JM141JSC031Bow.model</model>
        </node>
        <node>
           <name>MP_CM087JSC031Bow_0_0</name>
           <model>common\misc\CM087JSC031Bow\CM087JSC031Bow.model</model>
        </node>
        <node>
           <name>MP_CM086JSC031Bow_0_0</name>
           <model>common\misc\CM086JSC031Bow\CM086JSC031Bow.model</model>
        </node>
        <node>
           <name>MP_JM064JSC031Bow_0_0</name>
           <model>japan\misc\JM064JSC031Bow\JM064JSC031Bow.model</model>
        </node>
        <node>
           <name>MP_JM079_Roller_Fairled</name>
           <model>japan\misc\JM079\JM079.model</model>
        </node>
        <node>
           <name>MP_JM027JSC031Bow_0_0</name>
           <model>japan\misc\JM027JSC031Bow\JM027JSC031Bow.model</model>
        </node>
        <node>
           <name>MP_JM029JSC031Bow_0_0</name>
           <model>japan\misc\JM029JSC031Bow\JM029JSC031Bow.model</model>
        </node>
        <node>
           <name>MP_JM019_Ventilators_3</name>
           <model>japan\misc\JM019\JM019.model</model>
        </node>
        <node>
           <name>MP_JM310_Chrysanthemum_full</name>
           <model>japan\misc\JM310\JM310.model</model>
        </node>
        <node>
           <name>HP_Fire_Burn_1</name>
           <model>UNKNOWN_ITEM</model>
        </node>
    </bow>
    <midfront>
      <model>japan\ship\cruiser\JSC031_Kuma_1920\JSC031_Kuma_1920_MidFront_ports.model</model>
        <node>
           <name>HP_JD_1</name>
           <model>japan\director\JD074_Director_Type_13\JD074_Director_Type_13.model</model>
        </node>
        <node>
           <name>HP_JF_1</name>
           <model>japan\finder\JF057_Rangefinder_1_5m\JF057_Rangefinder_1_5m.model</model>
        </node>
        <node>
           <name>HP_JGA_1</name>
           <model>japan\gun\aaircraft\JGA081_M_14_Schwarzlose_6_5mm\JGA081_M_14_Schwarzlose_6_5mm.model</model>
        </node>
        <node>
           <name>HP_JGA_2</name>
           <model>japan\gun\aaircraft\JGA081_M_14_Schwarzlose_6_5mm\JGA081_M_14_Schwarzlose_6_5mm.model</model>
        </node>
        <node>
           <name>HP_JGA_3</name>
           <model>japan\gun\aaircraft\JGA081_M_14_Schwarzlose_6_5mm\JGA081_M_14_Schwarzlose_6_5mm.model</model>
        </node>
        <node>
           <name>HP_JGA_4</name>
           <model>japan\gun\aaircraft\JGA081_M_14_Schwarzlose_6_5mm\JGA081_M_14_Schwarzlose_6_5mm.model</model>
        </node>
        <node>
           <name>HP_JGM_3</name>
           <model>japan\gun\main\JGM035_140mm50_Type_3Year\JGM035_140mm50_Type_3Year.model</model>
        </node>
        <node>
           <name>HP_JGM_4</name>
           <model>japan\gun\main\JGM035_140mm50_Type_3Year\JGM035_140mm50_Type_3Year.model</model>
        </node>
        <node>
           <name>HP_JGT_1</name>
           <model>japan\gun\torpedo\JGT057_533mm_2\JGT057_533mm_2.model</model>
        </node>
        <node>
           <name>HP_JGT_2</name>
           <model>japan\gun\torpedo\JGT057_533mm_2\JGT057_533mm_2.model</model>
        </node>
        <node>
           <name>HP_flag_1</name>
           <model>japan\misc\JM001\JM001.model</model>
        </node>
        <node>
           <name>HP_flag_2</name>
           <model>japan\misc\JM001\JM001.model</model>
        </node>
        <node>
           <name>HP_flag_3</name>
           <model>japan\misc\JM001\JM001.model</model>
        </node>
        <node>
           <name>HP_flag_4</name>
           <model>japan\misc\JM001\JM001.model</model>
        </node>
        <node>
           <name>MP_CM017JSC031MidFront_0_0</name>
           <model>common\misc\CM017JSC031MidFront\CM017JSC031MidFront.model</model>
        </node>
        <node>
           <name>MP_JM058JSC031MidFront_0_0</name>
           <model>japan\misc\JM058JSC031MidFront\JM058JSC031MidFront.model</model>
        </node>
        <node>
           <name>MP_JM002JSC031MidFront_0_0</name>
           <model>japan\misc\JM002JSC031MidFront\JM002JSC031MidFront.model</model>
        </node>
        <node>
           <name>MP_CM009JSC031MidFront_0_0</name>
           <model>common\misc\CM009JSC031MidFront\CM009JSC031MidFront.model</model>
        </node>
        <node>
           <name>MP_JM166JSC031MidFront_0_0</name>
           <model>japan\misc\JM166JSC031MidFront\JM166JSC031MidFront.model</model>
        </node>
        <node>
           <name>MP_JM161JSC031MidFront_0_0</name>
           <model>japan\misc\JM161JSC031MidFront\JM161JSC031MidFront.model</model>
        </node>
        <node>
           <name>MP_JM062JSC031MidFront_0_0</name>
           <model>japan\misc\JM062JSC031MidFront\JM062JSC031MidFront.model</model>
        </node>
        <node>
           <name>MP_CM060JSC031MidFront_0_0</name>
           <model>common\misc\CM060JSC031MidFront\CM060JSC031MidFront.model</model>
        </node>
        <node>
           <name>MP_JM064JSC031MidFront_0_0</name>
           <model>japan\misc\JM064JSC031MidFront\JM064JSC031MidFront.model</model>
        </node>
        <node>
           <name>MP_JM125JSC031MidFront_0_0</name>
           <model>japan\misc\JM125JSC031MidFront\JM125JSC031MidFront.model</model>
        </node>
        <node>
           <name>MP_JM059JSC031MidFront_0_0</name>
           <model>japan\misc\JM059JSC031MidFront\JM059JSC031MidFront.model</model>
        </node>
        <node>
           <name>MP_JM106JSC031MidFront_0_0</name>
           <model>japan\misc\JM106JSC031MidFront\JM106JSC031MidFront.model</model>
        </node>
        <node>
           <name>MP_JM009JSC031MidFront_0_0</name>
           <model>japan\misc\JM009JSC031MidFront\JM009JSC031MidFront.model</model>
        </node>
        <node>
           <name>MP_JM158_Main_Wheel</name>
           <model>japan\misc\JM158\JM158.model</model>
        </node>
        <node>
           <name>MP_JM190JSC031MidFront_0_0</name>
           <model>japan\misc\JM190JSC031MidFront\JM190JSC031MidFront.model</model>
        </node>
        <node>
           <name>MP_JM030_Wind_Direction</name>
           <model>japan\misc\JM030\JM030.model</model>
        </node>
        <node>
           <name>MP_JM202JSC031MidFront_0_0</name>
           <model>japan\misc\JM202JSC031MidFront\JM202JSC031MidFront.model</model>
        </node>
        <node>
           <name>MP_JM225_Motor_Boats_9m</name>
           <model>japan\misc\JM225\JM225.model</model>
        </node>
        <node>
           <name>MP_JM164_Turning_Indicator</name>
           <model>japan\misc\JM164\JM164.model</model>
        </node>
        <node>
           <name>MP_JM215_Day_Light_Wind_Intensity</name>
           <model>japan\misc\JM215\JM215.model</model>
        </node>
        <node>
           <name>MP_JM019JSC031MidFront_0_0</name>
           <model>japan\misc\JM019JSC031MidFront\JM019JSC031MidFront.model</model>
        </node>
        <node>
           <name>MP_JM029JSC031MidFront_0_0</name>
           <model>japan\misc\JM029JSC031MidFront\JM029JSC031MidFront.model</model>
        </node>
        <node>
           <name>MP_JM192JSC031MidFront_0_0</name>
           <model>japan\misc\JM192JSC031MidFront\JM192JSC031MidFront.model</model>
        </node>
        <node>
           <name>MP_JM165_Telegraph_Engine</name>
           <model>japan\misc\JM165\JM165.model</model>
        </node>
        <node>
           <name>MP_JM191_SanBox</name>
           <model>japan\misc\JM191\JM191.model</model>
        </node>
        <node>
           <name>MP_JM072JSC031MidFront_0_0</name>
           <model>japan\misc\JM072JSC031MidFront\JM072JSC031MidFront.model</model>
        </node>
        <node>
           <name>MP_JM092_Running_Lights_R</name>
           <model>japan\misc\JM092\JM092.model</model>
        </node>
        <node>
           <name>MP_JM219JSC031MidFront_0_0</name>
           <model>japan\misc\JM219JSC031MidFront\JM219JSC031MidFront.model</model>
        </node>
        <node>
           <name>MP_CM011JSC031MidFront_0_0</name>
           <model>common\misc\CM011JSC031MidFront\CM011JSC031MidFront.model</model>
        </node>
        <node>
           <name>MP_JM052JSC031MidFront_0_0</name>
           <model>japan\misc\JM052JSC031MidFront\JM052JSC031MidFront.model</model>
        </node>
        <node>
           <name>MP_JM078JSC031MidFront_0_0</name>
           <model>japan\misc\JM078JSC031MidFront\JM078JSC031MidFront.model</model>
        </node>
        <node>
           <name>MP_JM189_Compass_Binnacle</name>
           <model>japan\misc\JM189\JM189.model</model>
        </node>
        <node>
           <name>MP_JM172JSC031MidFront_0_0</name>
           <model>japan\misc\JM172JSC031MidFront\JM172JSC031MidFront.model</model>
        </node>
        <node>
           <name>MP_JM093_Running_Lights_L</name>
           <model>japan\misc\JM093\JM093.model</model>
        </node>
        <node>
           <name>MP_JM006JSC031MidFront_0_0</name>
           <model>japan\misc\JM006JSC031MidFront\JM006JSC031MidFront.model</model>
        </node>
        <node>
           <name>MP_JM037_Cutter_9m</name>
           <model>japan\misc\JM037\JM037.model</model>
        </node>
        <node>
           <name>MP_JM183_Table</name>
           <model>japan\misc\JM183\JM183.model</model>
        </node>
        <node>
           <name>MP_CM012JSC031MidFront_0_0</name>
           <model>common\misc\CM012JSC031MidFront\CM012JSC031MidFront.model</model>
        </node>
        <node>
           <name>MP_JM023JSC031MidFront_0_0</name>
           <model>japan\misc\JM023JSC031MidFront\JM023JSC031MidFront.model</model>
        </node>
        <node>
           <name>MP_JM099_Signal_Lamp_1</name>
           <model>japan\misc\JM099\JM099.model</model>
        </node>
        <node>
           <name>HP_Smoke_1</name>
           <model>UNKNOWN_ITEM</model>
        </node>
        <node>
           <name>HP_Smoke_2</name>
           <model>UNKNOWN_ITEM</model>
        </node>
        <node>
           <name>HP_NoseWave_Speed</name>
           <model>UNKNOWN_ITEM</model>
        </node>
        <node>
           <name>HP_Fire_Burn_2</name>
           <model>UNKNOWN_ITEM</model>
        </node>
        <node>
           <name>HP_Smoke_3</name>
           <model>UNKNOWN_ITEM</model>
        </node>
    </midfront>
    <midback>
      <model>japan\ship\cruiser\JSC031_Kuma_1920\JSC031_Kuma_1920_MidBack_ports.model</model>
        <node>
           <name>HP_JD_2</name>
           <model>japan\director\JD061_Torpedo_Director\JD061_Torpedo_Director.model</model>
        </node>
        <node>
           <name>HP_JD_3</name>
           <model>japan\director\JD061_Torpedo_Director\JD061_Torpedo_Director.model</model>
        </node>
        <node>
           <name>HP_JF_2</name>
           <model>japan\finder\JF054_Rangefinder_2_5m\JF054_Rangefinder_2_5m.model</model>
        </node>
        <node>
           <name>HP_JGM_5</name>
           <model>japan\gun\main\JGM035_140mm50_Type_3Year\JGM035_140mm50_Type_3Year.model</model>
        </node>
        <node>
           <name>HP_JGM_6</name>
           <model>japan\gun\main\JGM035_140mm50_Type_3Year\JGM035_140mm50_Type_3Year.model</model>
        </node>
        <node>
           <name>HP_JGT_3</name>
           <model>japan\gun\torpedo\JGT057_533mm_2\JGT057_533mm_2.model</model>
        </node>
        <node>
           <name>HP_JGT_4</name>
           <model>japan\gun\torpedo\JGT057_533mm_2\JGT057_533mm_2.model</model>
        </node>
        <node>
           <name>MP_JM019JSC031MidBack_0_0</name>
           <model>japan\misc\JM019JSC031MidBack\JM019JSC031MidBack.model</model>
        </node>
        <node>
           <name>MP_JM037JSC031MidBack_0_0</name>
           <model>japan\misc\JM037JSC031MidBack\JM037JSC031MidBack.model</model>
        </node>
        <node>
           <name>MP_JM059JSC031MidBack_0_0</name>
           <model>japan\misc\JM059JSC031MidBack\JM059JSC031MidBack.model</model>
        </node>
        <node>
           <name>MP_JM062JSC031MidBack_0_0</name>
           <model>japan\misc\JM062JSC031MidBack\JM062JSC031MidBack.model</model>
        </node>
        <node>
           <name>MP_CM017JSC031MidBack_0_0</name>
           <model>common\misc\CM017JSC031MidBack\CM017JSC031MidBack.model</model>
        </node>
        <node>
           <name>MP_JM219JSC031MidBack_0_0</name>
           <model>japan\misc\JM219JSC031MidBack\JM219JSC031MidBack.model</model>
        </node>
        <node>
           <name>MP_CM019_Wood_Box_2</name>
           <model>common\misc\CM019\CM019.model</model>
        </node>
        <node>
           <name>MP_JM106JSC031MidBack_0_0</name>
           <model>japan\misc\JM106JSC031MidBack\JM106JSC031MidBack.model</model>
        </node>
        <node>
           <name>MP_CM011JSC031MidBack_0_0</name>
           <model>common\misc\CM011JSC031MidBack\CM011JSC031MidBack.model</model>
        </node>
        <node>
           <name>MP_JM172JSC031MidBack_0_0</name>
           <model>japan\misc\JM172JSC031MidBack\JM172JSC031MidBack.model</model>
        </node>
        <node>
           <name>MP_JM158_Main_Wheel</name>
           <model>japan\misc\JM158\JM158.model</model>
        </node>
        <node>
           <name>MP_CM059JSC031MidBack_0_0</name>
           <model>common\misc\CM059JSC031MidBack\CM059JSC031MidBack.model</model>
        </node>
        <node>
           <name>MP_JM281JSC031MidBack_0_0</name>
           <model>japan\misc\JM281JSC031MidBack\JM281JSC031MidBack.model</model>
        </node>
        <node>
           <name>MP_CM008JSC031MidBack_0_0</name>
           <model>common\misc\CM008JSC031MidBack\CM008JSC031MidBack.model</model>
        </node>
        <node>
           <name>MP_JM058JSC031MidBack_0_0</name>
           <model>japan\misc\JM058JSC031MidBack\JM058JSC031MidBack.model</model>
        </node>
        <node>
           <name>MP_JM166_Voice_Tube</name>
           <model>japan\misc\JM166\JM166.model</model>
        </node>
        <node>
           <name>MP_JM039JSC031MidBack_0_0</name>
           <model>japan\misc\JM039JSC031MidBack\JM039JSC031MidBack.model</model>
        </node>
        <node>
           <name>MP_JM072_Crane_Small_1</name>
           <model>japan\misc\JM072\JM072.model</model>
        </node>
        <node>
           <name>MP_JM023JSC031MidBack_0_0</name>
           <model>japan\misc\JM023JSC031MidBack\JM023JSC031MidBack.model</model>
        </node>
        <node>
           <name>MP_CM009JSC031MidBack_0_0</name>
           <model>common\misc\CM009JSC031MidBack\CM009JSC031MidBack.model</model>
        </node>
        <node>
           <name>MP_CM012JSC031MidBack_0_0</name>
           <model>common\misc\CM012JSC031MidBack\CM012JSC031MidBack.model</model>
        </node>
        <node>
           <name>MP_JM032JSC031MidBack_0_0</name>
           <model>japan\misc\JM032JSC031MidBack\JM032JSC031MidBack.model</model>
        </node>
        <node>
           <name>MP_CM056_Ships_bell</name>
           <model>common\misc\CM056\CM056.model</model>
        </node>
        <node>
           <name>MP_JM028_Deck_Winch_1</name>
           <model>japan\misc\JM028\JM028.model</model>
        </node>
        <node>
           <name>MP_JM030_Wind_Direction</name>
           <model>japan\misc\JM030\JM030.model</model>
        </node>
        <node>
           <name>MP_JM189_Compass_Binnacle</name>
           <model>japan\misc\JM189\JM189.model</model>
        </node>
        <node>
           <name>MP_JM135_Runway_Lights_Back</name>
           <model>japan\misc\JM135\JM135.model</model>
        </node>
        <node>
           <name>MP_JM161_Ventilation</name>
           <model>japan\misc\JM161\JM161.model</model>
        </node>
        <node>
           <name>MP_JM009_Signal_Lamp</name>
           <model>japan\misc\JM009\JM009.model</model>
        </node>
        <node>
           <name>MP_JM125_Signal_Lamp_3</name>
           <model>japan\misc\JM125\JM125.model</model>
        </node>
        <node>
           <name>HP_Fire_Burn_3</name>
           <model>UNKNOWN_ITEM</model>
        </node>
    </midback>
    <stern>
      <model>japan\ship\cruiser\JSC031_Kuma_1920\JSC031_Kuma_1920_Stern_ports.model</model>
        <node>
           <name>HP_JGM_7</name>
           <model>japan\gun\main\JGM035_140mm50_Type_3Year\JGM035_140mm50_Type_3Year.model</model>
        </node>
        <node>
           <name>HP_flag_nation</name>
           <model>japan\misc\JM001\JM001.model</model>
        </node>
        <node>
           <name>MP_CM011_Fire_Fighting_Gear</name>
           <model>common\misc\CM011\CM011.model</model>
        </node>
        <node>
           <name>MP_JM023_Ventilators_7</name>
           <model>japan\misc\JM023\JM023.model</model>
        </node>
        <node>
           <name>MP_JM052_Deck_Hatch_1</name>
           <model>japan\misc\JM052\JM052.model</model>
        </node>
        <node>
           <name>MP_JM187JSC031Stern_0_0</name>
           <model>japan\misc\JM187JSC031Stern\JM187JSC031Stern.model</model>
        </node>
        <node>
           <name>MP_CM008JSC031Stern_0_0</name>
           <model>common\misc\CM008JSC031Stern\CM008JSC031Stern.model</model>
        </node>
        <node>
           <name>MP_JM072JSC031Stern_0_0</name>
           <model>japan\misc\JM072JSC031Stern\JM072JSC031Stern.model</model>
        </node>
        <node>
           <name>MP_JM064JSC031Stern_0_0</name>
           <model>japan\misc\JM064JSC031Stern\JM064JSC031Stern.model</model>
        </node>
        <node>
           <name>MP_JM059JSC031Stern_0_0</name>
           <model>japan\misc\JM059JSC031Stern\JM059JSC031Stern.model</model>
        </node>
        <node>
           <name>MP_JM206JSC031Stern_0_0</name>
           <model>japan\misc\JM206JSC031Stern\JM206JSC031Stern.model</model>
        </node>
        <node>
           <name>MP_JM058JSC031Stern_0_0</name>
           <model>japan\misc\JM058JSC031Stern\JM058JSC031Stern.model</model>
        </node>
        <node>
           <name>MP_CM001_Propeller3_L</name>
           <model>common\misc\CM001\CM001.model</model>
        </node>
        <node>
           <name>MP_CM032_Propeller3_R</name>
           <model>common\misc\CM032\CM032.model</model>
        </node>
        <node>
           <name>MP_JM028JSC031Stern_0_0</name>
           <model>japan\misc\JM028JSC031Stern\JM028JSC031Stern.model</model>
        </node>
        <node>
           <name>MP_JM188JSC031Stern_0_0</name>
           <model>japan\misc\JM188JSC031Stern\JM188JSC031Stern.model</model>
        </node>
        <node>
           <name>MP_CM032_Propeller3_R_INDEX_1</name>
           <model>common\misc\CM032\CM032.model</model>
        </node>
        <node>
           <name>MP_CM022JSC031Stern_0_0</name>
           <model>common\misc\CM022JSC031Stern\CM022JSC031Stern.model</model>
        </node>
        <node>
           <name>MP_JM027JSC031Stern_0_0</name>
           <model>japan\misc\JM027JSC031Stern\JM027JSC031Stern.model</model>
        </node>
        <node>
           <name>MP_CM012_Fire_Hose_Rack_1</name>
           <model>common\misc\CM012\CM012.model</model>
        </node>
        <node>
           <name>MP_JM111JSC031Stern_0_0</name>
           <model>japan\misc\JM111JSC031Stern\JM111JSC031Stern.model</model>
        </node>
        <node>
           <name>MP_JM019_Ventilators_3</name>
           <model>japan\misc\JM019\JM019.model</model>
        </node>
        <node>
           <name>MP_JM014JSC031Stern_0_0</name>
           <model>japan\misc\JM014JSC031Stern\JM014JSC031Stern.model</model>
        </node>
        <node>
           <name>MP_JM168_Ventilation</name>
           <model>japan\misc\JM168\JM168.model</model>
        </node>
        <node>
           <name>MP_JM062_Deck_Hatch_11</name>
           <model>japan\misc\JM062\JM062.model</model>
        </node>
        <node>
           <name>MP_JM044_After_Capstan</name>
           <model>japan\misc\JM044\JM044.model</model>
        </node>
        <node>
           <name>MP_CM001_Propeller3_L_INDEX_1</name>
           <model>common\misc\CM001\CM001.model</model>
        </node>
        <node>
           <name>HP_Fire_Burn_4</name>
           <model>UNKNOWN_ITEM</model>
        </node>
    </stern>
  </sections>
</JSC031_Kuma_1920.xml>
