{"header":{"file_version":5,"format_version":1,"library_version":1},"profiles":{"ColorCorrection":{"defaults":[{"Default":[["CC_Tags",""]]}],"selection":[],"overrides":[],"priority":[]},





"CPU":{

"defaults":[{"Default":[[

"physics_simulationMode",2,
"Physics Thread (0 no threaded, 1 full threaded, 2 threaded with render)","[0;2]"]]}],

"priority":[]},





"GPU":{

"defaults":[{"Default":[[

"models_carHighestQualityLODIngame",1,
"Car highest LOD ingame","[0;7]"],[

"models_carHighestQualityLODMenu",0,
"Car Highest LOD in menu","[0;7]"],[

"postFX_useSSRInGarage",true,
"Screen Space Reflections (Garage)","[;]"],[

"postFX_useDOFInGarage",true,
"Depth of field effect (Garage)","[;]"],[

"postFX_useToneMap",true,
"Tonemap effect","[;]"],[

"postFX_useVignette",true,
"Vignette effect","[;]"],[

"postFX_useLensflare",true,
"Lensflare effect","[;]"],[

"postFX_useFilmGrain",true,
"FilmGrain effect","[;]"],[

"postFX_useBokeh",true,
"Bokeh Effect","[;]"],[

"postFX_colorGradingQuality",1,
"Color Grading Quality (0 Disabled, 1 Normal, 2 High)","[0;2]"],[

"postFX_useMotionBlur",true,
"Motion Blur effect","[;]"],[

"postFX_numAASamples",1,
"Highest AA (1 means no AA)","[1;8]"],[

"render_maxSkinNodesCount",10,
"Maximum number of skinned nodes","[10;50]"],[

"render_cullingRadius",2.0,
"Culling Radius (milimeters)","[0.5;5.0]"],[

"render_useHighQualityDriver",true,
"Use high quality driver?","[;]"],[

"particles_quality",2,
"Particles Quality (0 = Lowest, 1 = Low, 2 = Medium, 3 = High)","[0;3]"],[

"render_showCarDriverIngame",true,
"Render Car Driver while ingame","[;]"],[

"render_useRoadAndTerrainSpecular",true,
"Use road and terrain specular","[;]"],[

"render_offscreenTransparentsRatio",0.70,
"Ratio for RT offscreen transparents (if enabled)","[0.25;1.0]"],[

"render_hdrMode",2,
"0 = Low HDR (RGBA8) 1 = Medium HDR (R11G11B10) or 2 = High HDR","[0;2]"],[

"sound_nonFocusedVehicleSoundQuality",1,
"None = 0, Low = 1, Medium = 2, High = 3","[0;3]"],[

"postFX_useRaindrops",true,
"Use rain drops effect","[;]"],[

"render_scene3DResolutionScale",0.4,
"3D\/PostFX Scene resolution scale","[0.5;1.0]"],[

"render_scene2DResolutionScale",0.1,
"UI\/2D Scene resolution scale","[0.5;1.0]"],[

"render_useScaleDpi",false,
"Should we override dpi scale to scene3DResolutionScale?","[;]"],[

"render_targetDpi",200.0,
"target DPI for scaling","[200;500]"],[

"render_useMipmapBias",true,
"Additional offset used to compute the mipmapping level.","[;]"],[

"postFX_useSSRInGameplay",true,
"SSR in Gameplay","[;]"],[

"postFX_useDOFInGameplay",true,
"DOF effect (gameplay)","[;]"],[

"breakables_breakEnabledDistance",70,
"Breakable update distance","[50;1000]"],[

"carpaint_useDiffuseReflection",true,
"Diffuse reflection","[;]"],[

"carpaint_useFloorAO",true,
"Car Paint Use Floor AO","[;]"],[

"carpaint_usePaintFlakes",true,
"Car Paint Use Paint Flakes","[;]"],[

"carpaint_useSpecularAA",true,
"Car Paint Use Specular AA","[;]"],[

"carpaint_useDirt",true,
"Car Paint Use Dirt","[;]"],[

"render_useCarTrails",true,
"Use Car Trails","[;]"],[

"particles_wheelParticlesDistance",40.0,
"Wheel particles distance","[-1.0;200.0]"],[

"render_reflectionMode",1,
"Reflection mode (0: disable, 1:low - car only, 2:medium, 3:high)","[0;3]"],[

"breakables_maxBreakFragmentsDuration",250,
"How much time to keep fragments alive (ms) ..0 - clara default","[0;15000]"],[

"breakables_maxBreakBlinkingDuration",250,
"How much time to keep fragments blinking (ms) ..0 - clara default","[0;15000]"],[

"physics_frequency",90.0,
"Physics update frequency","[0;60]"],[

"render_nonFocusedVehicleShadowQuality",1,
"Non Focused Shadow Quality (0 = None, 1 = Low, 2 = Medium, 3 = High)","[0;3]"],[

"postFX_bloomQualityInGameplay",1,
"Bloom Quality Effect while in gameplay (0 Disabled, 1 Low, 2 High)","[0;2]"],[

"postFX_bloomQualityInGarage",1,
"Bloom quality while in garage (0 disabled, 1 low, 2 high)","[0;2]"],[

"postFX_godRaysQuality",1,
"GodRays Quality (0 Disable, 1 Low, 2 High)","[0;2]"],[

"render_forceDisableCarDriver",false,
"Disable car driver for everywhere.","[;]"],[

"particles_maxParticlesAllowed",100,
"Max particles allowed","[0;1000]"],[

"sound_focusedVehicleSoundQuality",1,
"None = 0, Low = 1, Medium = 2, High = 3","[0;3]"],[

"render_sceneDPIScaleLimit",0.5,
"Lower limit of resolution scale used for DPI scaling","[0.3;1.0]"],[

"particles_carParticlesDistance",15.0,
"Distance allow car particle render\/update ; 0 mean no limit","[0.0;100.0]"],[

"particles_showEnvironmentParticles",false,
"Render\/Update enviroment related particles","[;]"],[

"render_useCarContrail",true,
"Disable contrail when your car is in the air","[;]"],[

"models_carLodScreenRatioMinThresholdOffset",0.1,
"Custom cars lod, where far cars will use higher LOD","[0.0;10.0]"],[

"render_useCarVisualBrake",true,
"render_useCarVisualBrake","[;]"],[

"render_useCarVisualLight",true,
"render_useCarVisualLight","[;]"],[

"car_enableCarMovingSurfaces",true,
"Enable car animations (spoiler\/break)","[;]"],[

"render_render3DDirectlyToScreen",true,
"Render 3D directly to screen","[;]"],[

"render_allowSoftParticles",true,
"render_allowSoftParticles","[;]"],[

"breakables_enableDynamic",true,
"breakables_enableDynamic","[;]"],[

"gameplay_allowReplayFreeCam",true,
"gameplay_allowReplayFreeCam","[;]"],[

"gpu_texturesAnisotropyCapacity",1,
"Maximum possible value device can affort for textures_highestAnisotropy","[0;8]"],[

"gpu_mipmapLevelCapacity",2,
"Lowest possible value device can affort for textures_bestMipmapLevel","[0;8]"],[

"postFX_enablePoliceLights",true,
"Enable police lights","[;]"],[

"render_diagonalResolutionLimit",1567.1,
"Resolution limitation for DPI scaling (diagonal size in pixel)","[1.0;5000.0]"],[

"render_focusedVehicleShadowQuality",1,
"Focused Shadow Quality (0 = None, 1 = Low, 2 = Medium, 3 = High)","[0;3]"],[

"gpu_enableVertexGapReduction",false,
"Opt for MALI","[;]"]]}],


"priority":[]},





"MEM":{

"defaults":[{"Default":[[

"memory_shProviderUseMemoryMapping",false,
"SHProvider use memory mapping","[;]"],[

"textures_streamerBudgetMB",500,
"Texture Streamer Maximum Budget (MB)","[50;600]"],[

"textures_streamerHighestQualityMipmap",3,
"Texture Streamer Highest Quality Mipmap","[0;7]"],[

"textures_roadHighestAnisotropy",1,
"Road Maximum Anisotropy (1 means disabled)","[1;8]"],[

"system_minimumDiskSpaceRequiredMB",500,
"Minimum disk space size required (MB)","[50;500]"],[

"texture_enableUIPreload",true,
"Preload UI Texture","[;]"],[

"textures_bestMipmapLevel",0,
"textures_bestMipmapLevel","[0;8]"],[

"render_skynetGeometryBatchingProfile",0,
"Skynet Geometry Batching Profile","[0;2]"]]}],


"priority":[]},





"Specific":{

"defaults":[{"Default":[[

"render_highestHdrMode",2,
"highest value of HDR mode for device","[0;2]"],[

"render_useImpostorsRendering",true,
"enable using Impostors rendering","[;]"],[

"gpu_enableCacheBinaryShaders",true,
"enable using binary shader cache","[;]"],[

"gpu_enableUpdateUsingMapBufferRange",true,
"enable update using mapBufferRange","[;]"],[

"gpu_disableShaderUnsignedSupport",false,
"Disable unsigned number type in shader","[;]"],[

"gpu_disableOcclusionQuerySupport",false,
"Disable occlusion query","[;]"],[

"gpu_forceFullStaticConstantBufferTransfers",false,
"Force fully using static constant buffer transfer","[;]"],[

"gpu_forceFullDynamicConstantBufferTransfers",false,
"Force fully using dynamic constant buffer transfer","[;]"],[

"gpu_forceFullStaticIndexBufferTransfers",false,
"Force fully using static index buffer transfer","[;]"],[

"gpu_forceFullDynamicIndexBufferTransfers",false,
"Force fully using dynamic index buffer transfer","[;]"],[

"gpu_forceFullStaticVertexBufferTransfers",true,
"Force fully using vertex buffer transfer","[;]"],[

"gpu_forceFullDynamicVertexBufferTransfers",true,
"Force fully using dynamic vertex buffer transfer","[;]"],[

"postFX_forceDisableDOFInGamePlay",false,
"Override postFX_useDOFInGameplay as false","[;]"],[

"postFX_forceDisableSSRInGameplay",false,
"Override postFX_useSSRInGameplay as false","[;]"],[

"postFX_forceDisableBloom",false,
"Override postFX_useBloom as false","[;]"],[

"postFX_forceDisableMotionBlur",false,
"Override postFX_useMotionBlur as false","[;]"],[

"gpu_delayedBufferTransfers",2,
"delayed buffer transfers mode","[0;3]"],[

"gpu_extendTexturesLifetime",true,
"extend Textures Lifetime","[;]"],[

"gpu_extendVertexBufferLifetime",true,
"extend Vertex buffer lifetime for 3 frames","[;]"],[

"gpu_maxLinkedShaderCount",0,
"limit number of prewarmed shaders","[0;800]"],[

"gpu_disablePrimitiveRestartSupport",true,
"Force disable primitive restart","[;]"],[

"postFX_bloomQualityLimitInGameplay",1,
"Maximum quality of bloom in AP if used (0 Disabled, 1 Low, 2 High)","[0;2]"],[

"postFX_bloomQualityLimitInGarage",1,
"Maximum quality of bloom in garage if used (0 Disabled, 1 Low, 2 High)","[0;2]"],[

"postFX_godRaysQualityLimit",1,
"Maximum quality of god rays effect if used (0 Disabled, 1 Low, 2 High)","[0;2]"],[

"gpu_allowInvalidateRange",true,
"gpu_allowInvalidateRange","[;]"],[

"render_useImpostorsExtrudedDepth",false,
"Impostor extruded depth","[;]"],[

"screen_hasNotch",true,
"Specific flag for device that has notch feature","[;]"],[

"gpu_extendConstantBufferLifetime",true,
"Extend constant buffer lifetime","[;]"],[

"gpu_disableSkynetBatchingSupport",false,
"Force disable skynet batching feature","[;]"],[

"gpu_useTextBitmapA8",true,
"Let text bitmap using A8 format.","[;]"],[

"render_allowedFPS",
"60", 
"Desired FPS",
"[30;60]"],[

"gpu_extendIndexBufferLifetime",true,
"Extend index buffer Lifetime","[;]"],[

"render_allowExtraDisplay",false,
"Extra screen for ASUS ROG","[;]"],[

"system_timeToCheckGO",30,
"GO live update period in minutes","[0;60]"]]}],

"priority":[]}}}