<ASC006_Atlanta_1942.xml>
  <sections>
    <bow>
      <model>usa\ship\cruiser\ASC006_Atlanta_1942\ASC006_Atlanta_1942_bow_ports.model</model>
        <node>
           <name>MP_AM548ASC006Bow_0_0</name>
           <model>usa\misc\AM548ASC006Bow\AM548ASC006Bow.model</model>
        </node>
        <node>
           <name>MP_AM485ASC006Bow_0_0</name>
           <model>usa\misc\AM485ASC006Bow\AM485ASC006Bow.model</model>
        </node>
        <node>
           <name>MP_AM026ASC006Bow_0_0</name>
           <model>usa\misc\AM026ASC006Bow\AM026ASC006Bow.model</model>
        </node>
        <node>
           <name>MP_AM001ASC006Bow_0_0</name>
           <model>usa\misc\AM001ASC006Bow\AM001ASC006Bow.model</model>
        </node>
        <node>
           <name>MP_AM023ASC006Bow_0_0</name>
           <model>usa\misc\AM023ASC006Bow\AM023ASC006Bow.model</model>
        </node>
        <node>
           <name>MP_AM071_Signal_Lamp_2</name>
           <model>usa\misc\AM071\AM071.model</model>
        </node>
        <node>
           <name>MP_CM011ASC006Bow_0_0</name>
           <model>common\misc\CM011ASC006Bow\CM011ASC006Bow.model</model>
        </node>
        <node>
           <name>MP_AM088ASC006Bow_0_0</name>
           <model>usa\misc\AM088ASC006Bow\AM088ASC006Bow.model</model>
        </node>
        <node>
           <name>MP_AM103_Hatch_4</name>
           <model>usa\misc\AM103\AM103.model</model>
        </node>
        <node>
           <name>MP_AM024_Hatch_2</name>
           <model>usa\misc\AM024\AM024.model</model>
        </node>
        <node>
           <name>HP_Fire_Burn_1</name>
           <model>UNKNOWN_ITEM</model>
        </node>
    </bow>
    <midfront>
      <model>usa\ship\cruiser\ASC006_Atlanta_1942\ASC006_Atlanta_1942_MidFront_ports.model</model>
        <node>
           <name>HP_AD_3</name>
           <model>usa\director\AD102_Director_Mk37_empty\AD102_Director_Mk37_empty.model</model>
        </node>
        <node>
           <name>HP_AD_5</name>
           <model>usa\director\AD035_Torpedo_Director_27\AD035_Torpedo_Director_27.model</model>
        </node>
        <node>
           <name>HP_AD_4</name>
           <model>usa\director\AD035_Torpedo_Director_27\AD035_Torpedo_Director_27.model</model>
        </node>
        <node>
           <name>HP_AD_1</name>
           <model>usa\director\AD075_Director_Mk44\AD075_Director_Mk44.model</model>
        </node>
        <node>
           <name>HP_AD_2</name>
           <model>usa\director\AD075_Director_Mk44\AD075_Director_Mk44.model</model>
        </node>
        <node>
           <name>HP_AGA_1</name>
           <model>usa\gun\aaircraft\AGA003_20mm_Oerlikon_MK4\AGA003_20mm_Oerlikon_MK4.model</model>
        </node>
        <node>
           <name>HP_AGA_2</name>
           <model>usa\gun\aaircraft\AGA003_20mm_Oerlikon_MK4\AGA003_20mm_Oerlikon_MK4.model</model>
        </node>
        <node>
           <name>HP_AGA_4</name>
           <model>usa\gun\aaircraft\AGA013_1in_Mk2_Mod2\AGA013_1in_Mk2_Mod2.model</model>
        </node>
        <node>
           <name>HP_AGA_3</name>
           <model>usa\gun\aaircraft\AGA013_1in_Mk2_Mod2\AGA013_1in_Mk2_Mod2.model</model>
        </node>
        <node>
           <name>HP_AGM_3</name>
           <model>usa\gun\secondary\AGS010_5in38_Mk32_Mod12\AGS010_5in38_Mk32_Mod12.model</model>
        </node>
        <node>
           <name>HP_AGM_2</name>
           <model>usa\gun\secondary\AGS010_5in38_Mk32_Mod12\AGS010_5in38_Mk32_Mod12.model</model>
        </node>
        <node>
           <name>HP_AGM_1</name>
           <model>usa\gun\secondary\AGS010_5in38_Mk32_Mod12\AGS010_5in38_Mk32_Mod12.model</model>
        </node>
        <node>
           <name>HP_ARS_1</name>
           <model>usa\radar\search\ARS077_Radar_SC1\ARS077_Radar_SC1.model</model>
        </node>
        <node>
           <name>HP_AF_1</name>
           <model>usa\finder\AF076_Rangefinder_2_5m\AF076_Rangefinder_2_5m.model</model>
        </node>
        <node>
           <name>HP_flag_1</name>
           <model>usa\misc\AM032\AM032.model</model>
        </node>
        <node>
           <name>HP_flag_2</name>
           <model>usa\misc\AM032\AM032.model</model>
        </node>
        <node>
           <name>HP_flag_3</name>
           <model>usa\misc\AM032\AM032.model</model>
        </node>
        <node>
           <name>HP_flag_4</name>
           <model>usa\misc\AM032\AM032.model</model>
        </node>
        <node>
           <name>MP_AM001ASC006MidFront_0_0</name>
           <model>usa\misc\AM001ASC006MidFront\AM001ASC006MidFront.model</model>
        </node>
        <node>
           <name>MP_CM011ASC006MidFront_0_0</name>
           <model>common\misc\CM011ASC006MidFront\CM011ASC006MidFront.model</model>
        </node>
        <node>
           <name>MP_AM108ASC006MidFront_0_0</name>
           <model>usa\misc\AM108ASC006MidFront\AM108ASC006MidFront.model</model>
        </node>
        <node>
           <name>MP_AM115_RDF</name>
           <model>usa\misc\AM115\AM115.model</model>
        </node>
        <node>
           <name>MP_AM444_Director_Train_Indicator</name>
           <model>usa\misc\AM444\AM444.model</model>
        </node>
        <node>
           <name>MP_AM489ASC006MidFront_0_0</name>
           <model>usa\misc\AM489ASC006MidFront\AM489ASC006MidFront.model</model>
        </node>
        <node>
           <name>MP_AM176ASC006MidFront_0_0</name>
           <model>usa\misc\AM176ASC006MidFront\AM176ASC006MidFront.model</model>
        </node>
        <node>
           <name>MP_AM114ASC006MidFront_0_0</name>
           <model>usa\misc\AM114ASC006MidFront\AM114ASC006MidFront.model</model>
        </node>
        <node>
           <name>MP_AM133ASC006MidFront_0_0</name>
           <model>usa\misc\AM133ASC006MidFront\AM133ASC006MidFront.model</model>
        </node>
        <node>
           <name>MP_AM164ASC006MidFront_0_0</name>
           <model>usa\misc\AM164ASC006MidFront\AM164ASC006MidFront.model</model>
        </node>
        <node>
           <name>MP_AM010ASC006MidFront_0_0</name>
           <model>usa\misc\AM010ASC006MidFront\AM010ASC006MidFront.model</model>
        </node>
        <node>
           <name>MP_AM050ASC006MidFront_0_0</name>
           <model>usa\misc\AM050ASC006MidFront\AM050ASC006MidFront.model</model>
        </node>
        <node>
           <name>MP_AM293ASC006MidFront_0_0</name>
           <model>usa\misc\AM293ASC006MidFront\AM293ASC006MidFront.model</model>
        </node>
        <node>
           <name>MP_AM509ASC006MidFront_0_0</name>
           <model>usa\misc\AM509ASC006MidFront\AM509ASC006MidFront.model</model>
        </node>
        <node>
           <name>MP_AM537ASC006MidFront_0_0</name>
           <model>usa\misc\AM537ASC006MidFront\AM537ASC006MidFront.model</model>
        </node>
        <node>
           <name>MP_AM023_Hatch_1</name>
           <model>usa\misc\AM023\AM023.model</model>
        </node>
        <node>
           <name>MP_CM012ASC006MidFront_0_0</name>
           <model>common\misc\CM012ASC006MidFront\CM012ASC006MidFront.model</model>
        </node>
        <node>
           <name>MP_AM485ASC006MidFront_0_0</name>
           <model>usa\misc\AM485ASC006MidFront\AM485ASC006MidFront.model</model>
        </node>
        <node>
           <name>MP_AM179_Ammunition_Box_10</name>
           <model>usa\misc\AM179\AM179.model</model>
        </node>
        <node>
           <name>MP_AM077ASC006MidFront_0_0</name>
           <model>usa\misc\AM077ASC006MidFront\AM077ASC006MidFront.model</model>
        </node>
        <node>
           <name>MP_AM103_Hatch_4</name>
           <model>usa\misc\AM103\AM103.model</model>
        </node>
        <node>
           <name>MP_AM442ASC006MidFront_0_0</name>
           <model>usa\misc\AM442ASC006MidFront\AM442ASC006MidFront.model</model>
        </node>
        <node>
           <name>MP_AM091ASC006MidFront_0_0</name>
           <model>usa\misc\AM091ASC006MidFront\AM091ASC006MidFront.model</model>
        </node>
        <node>
           <name>MP_AM049ASC006MidFront_0_0</name>
           <model>usa\misc\AM049ASC006MidFront\AM049ASC006MidFront.model</model>
        </node>
        <node>
           <name>MP_AM129ASC006MidFront_0_0</name>
           <model>usa\misc\AM129ASC006MidFront\AM129ASC006MidFront.model</model>
        </node>
        <node>
           <name>MP_AM028ASC006MidFront_0_0</name>
           <model>usa\misc\AM028ASC006MidFront\AM028ASC006MidFront.model</model>
        </node>
        <node>
           <name>MP_AM037ASC006MidFront_0_0</name>
           <model>usa\misc\AM037ASC006MidFront\AM037ASC006MidFront.model</model>
        </node>
        <node>
           <name>MP_AM483_Mushroom_vent</name>
           <model>usa\misc\AM483\AM483.model</model>
        </node>
        <node>
           <name>MP_AM048_Running_Lights_L</name>
           <model>usa\misc\AM048\AM048.model</model>
        </node>
        <node>
           <name>MP_AM047_Running_Lights_R</name>
           <model>usa\misc\AM047\AM047.model</model>
        </node>
        <node>
           <name>MP_AM018_Compass_Binnacle</name>
           <model>usa\misc\AM018\AM018.model</model>
        </node>
        <node>
           <name>MP_AM534ASC006MidFront_0_0</name>
           <model>usa\misc\AM534ASC006MidFront\AM534ASC006MidFront.model</model>
        </node>
        <node>
           <name>MP_AM479ASC006MidFront_0_0</name>
           <model>usa\misc\AM479ASC006MidFront\AM479ASC006MidFront.model</model>
        </node>
        <node>
           <name>MP_AM532ASC006MidFront_0_0</name>
           <model>usa\misc\AM532ASC006MidFront\AM532ASC006MidFront.model</model>
        </node>
        <node>
           <name>MP_AM025ASC006MidFront_0_0</name>
           <model>usa\misc\AM025ASC006MidFront\AM025ASC006MidFront.model</model>
        </node>
        <node>
           <name>MP_AM549ASC006MidFront_0_0</name>
           <model>usa\misc\AM549ASC006MidFront\AM549ASC006MidFront.model</model>
        </node>
        <node>
           <name>MP_CM004ASC006MidFront_0_0</name>
           <model>common\misc\CM004ASC006MidFront\CM004ASC006MidFront.model</model>
        </node>
        <node>
           <name>MP_AM480ASC006MidFront_0_0</name>
           <model>usa\misc\AM480ASC006MidFront\AM480ASC006MidFront.model</model>
        </node>
        <node>
           <name>MP_AM038ASC006MidFront_0_0</name>
           <model>usa\misc\AM038ASC006MidFront\AM038ASC006MidFront.model</model>
        </node>
        <node>
           <name>MP_AM020_Ventilators_2</name>
           <model>usa\misc\AM020\AM020.model</model>
        </node>
        <node>
           <name>MP_AM531ASC006MidFront_0_0</name>
           <model>usa\misc\AM531ASC006MidFront\AM531ASC006MidFront.model</model>
        </node>
        <node>
           <name>MP_AM533_Wind_Speed_Direction</name>
           <model>usa\misc\AM533\AM533.model</model>
        </node>
        <node>
           <name>MP_CM056_Ships_bell</name>
           <model>common\misc\CM056\CM056.model</model>
        </node>
        <node>
           <name>MP_AM006_Reels_1</name>
           <model>usa\misc\AM006\AM006.model</model>
        </node>
        <node>
           <name>MP_AM356ASC006MidFront_0_0</name>
           <model>usa\misc\AM356ASC006MidFront\AM356ASC006MidFront.model</model>
        </node>
        <node>
           <name>MP_AM433_MC_Box</name>
           <model>usa\misc\AM433\AM433.model</model>
        </node>
        <node>
           <name>MP_AM435_Rudder_Ind</name>
           <model>usa\misc\AM435\AM435.model</model>
        </node>
        <node>
           <name>MP_AM482ASC006MidFront_0_0</name>
           <model>usa\misc\AM482ASC006MidFront\AM482ASC006MidFront.model</model>
        </node>
        <node>
           <name>MP_AM044_Boat_Winch</name>
           <model>usa\misc\AM044\AM044.model</model>
        </node>
        <node>
           <name>MP_AM096ASC006MidFront_0_0</name>
           <model>usa\misc\AM096ASC006MidFront\AM096ASC006MidFront.model</model>
        </node>
        <node>
           <name>MP_AM434_Eng_Order_Tele_Ind</name>
           <model>usa\misc\AM434\AM434.model</model>
        </node>
        <node>
           <name>MP_AM536_Elec_Panel</name>
           <model>usa\misc\AM536\AM536.model</model>
        </node>
        <node>
           <name>HP_Fire_Burn_2</name>
           <model>UNKNOWN_ITEM</model>
        </node>
        <node>
           <name>HP_NoseWave_Speed</name>
           <model>UNKNOWN_ITEM</model>
        </node>
    </midfront>
    <midback>
      <model>usa\ship\cruiser\ASC006_Atlanta_1942\ASC006_Atlanta_1942_MidBack_ports.model</model>
        <node>
           <name>HP_AD_6</name>
           <model>usa\director\AD102_Director_Mk37_empty\AD102_Director_Mk37_empty.model</model>
        </node>
        <node>
           <name>HP_AD_7</name>
           <model>usa\director\AD075_Director_Mk44\AD075_Director_Mk44.model</model>
        </node>
        <node>
           <name>HP_AGA_7</name>
           <model>usa\gun\aaircraft\AGA003_20mm_Oerlikon_MK4\AGA003_20mm_Oerlikon_MK4.model</model>
        </node>
        <node>
           <name>HP_AGA_6</name>
           <model>usa\gun\aaircraft\AGA003_20mm_Oerlikon_MK4\AGA003_20mm_Oerlikon_MK4.model</model>
        </node>
        <node>
           <name>HP_AGA_8</name>
           <model>usa\gun\aaircraft\AGA003_20mm_Oerlikon_MK4\AGA003_20mm_Oerlikon_MK4.model</model>
        </node>
        <node>
           <name>HP_AGA_5</name>
           <model>usa\gun\aaircraft\AGA003_20mm_Oerlikon_MK4\AGA003_20mm_Oerlikon_MK4.model</model>
        </node>
        <node>
           <name>HP_AGA_9</name>
           <model>usa\gun\aaircraft\AGA013_1in_Mk2_Mod2\AGA013_1in_Mk2_Mod2.model</model>
        </node>
        <node>
           <name>HP_AGM_6</name>
           <model>usa\gun\secondary\AGS010_5in38_Mk32_Mod12\AGS010_5in38_Mk32_Mod12.model</model>
        </node>
        <node>
           <name>HP_AGM_7</name>
           <model>usa\gun\secondary\AGS010_5in38_Mk32_Mod12\AGS010_5in38_Mk32_Mod12.model</model>
        </node>
        <node>
           <name>HP_AGM_8</name>
           <model>usa\gun\secondary\AGS010_5in38_Mk32_Mod12\AGS010_5in38_Mk32_Mod12.model</model>
        </node>
        <node>
           <name>HP_AGM_5</name>
           <model>usa\gun\secondary\AGS010_5in38_Mk32_Mod12\AGS010_5in38_Mk32_Mod12.model</model>
        </node>
        <node>
           <name>HP_AGM_4</name>
           <model>usa\gun\secondary\AGS010_5in38_Mk32_Mod12\AGS010_5in38_Mk32_Mod12.model</model>
        </node>
        <node>
           <name>HP_AGT_1</name>
           <model>usa\gun\torpedo\AGT024_21in_MK14_Torpedo_Tubes_Quad\AGT024_21in_MK14_Torpedo_Tubes_Quad.model</model>
        </node>
        <node>
           <name>HP_AGT_2</name>
           <model>usa\gun\torpedo\AGT024_21in_MK14_Torpedo_Tubes_Quad\AGT024_21in_MK14_Torpedo_Tubes_Quad.model</model>
        </node>
        <node>
           <name>HP_flag_nation</name>
           <model>usa\misc\AM032\AM032.model</model>
        </node>
        <node>
           <name>MP_AM010_Speaker_1</name>
           <model>usa\misc\AM010\AM010.model</model>
        </node>
        <node>
           <name>MP_AM164ASC006MidBack_0_0</name>
           <model>usa\misc\AM164ASC006MidBack\AM164ASC006MidBack.model</model>
        </node>
        <node>
           <name>MP_AM031ASC006MidBack_0_0</name>
           <model>usa\misc\AM031ASC006MidBack\AM031ASC006MidBack.model</model>
        </node>
        <node>
           <name>MP_AM015ASC006MidBack_0_0</name>
           <model>usa\misc\AM015ASC006MidBack\AM015ASC006MidBack.model</model>
        </node>
        <node>
           <name>MP_AM485ASC006MidBack_0_0</name>
           <model>usa\misc\AM485ASC006MidBack\AM485ASC006MidBack.model</model>
        </node>
        <node>
           <name>MP_AM433ASC006MidBack_0_0</name>
           <model>usa\misc\AM433ASC006MidBack\AM433ASC006MidBack.model</model>
        </node>
        <node>
           <name>MP_CM011ASC006MidBack_0_0</name>
           <model>common\misc\CM011ASC006MidBack\CM011ASC006MidBack.model</model>
        </node>
        <node>
           <name>MP_AM108ASC006MidBack_0_0</name>
           <model>usa\misc\AM108ASC006MidBack\AM108ASC006MidBack.model</model>
        </node>
        <node>
           <name>MP_AM407ASC006MidBack_0_0</name>
           <model>usa\misc\AM407ASC006MidBack\AM407ASC006MidBack.model</model>
        </node>
        <node>
           <name>MP_AM434_Eng_Order_Tele_Ind</name>
           <model>usa\misc\AM434\AM434.model</model>
        </node>
        <node>
           <name>MP_AM534ASC006MidBack_0_0</name>
           <model>usa\misc\AM534ASC006MidBack\AM534ASC006MidBack.model</model>
        </node>
        <node>
           <name>MP_AM549ASC006MidBack_0_0</name>
           <model>usa\misc\AM549ASC006MidBack\AM549ASC006MidBack.model</model>
        </node>
        <node>
           <name>MP_AM130ASC006MidBack_0_0</name>
           <model>usa\misc\AM130ASC006MidBack\AM130ASC006MidBack.model</model>
        </node>
        <node>
           <name>MP_AM049ASC006MidBack_0_0</name>
           <model>usa\misc\AM049ASC006MidBack\AM049ASC006MidBack.model</model>
        </node>
        <node>
           <name>MP_CM004ASC006MidBack_0_0</name>
           <model>common\misc\CM004ASC006MidBack\CM004ASC006MidBack.model</model>
        </node>
        <node>
           <name>MP_AM028ASC006MidBack_0_0</name>
           <model>usa\misc\AM028ASC006MidBack\AM028ASC006MidBack.model</model>
        </node>
        <node>
           <name>MP_AM532ASC006MidBack_0_0</name>
           <model>usa\misc\AM532ASC006MidBack\AM532ASC006MidBack.model</model>
        </node>
        <node>
           <name>MP_AM287ASC006MidBack_0_0</name>
           <model>usa\misc\AM287ASC006MidBack\AM287ASC006MidBack.model</model>
        </node>
        <node>
           <name>MP_AM442ASC006MidBack_0_0</name>
           <model>usa\misc\AM442ASC006MidBack\AM442ASC006MidBack.model</model>
        </node>
        <node>
           <name>MP_AM481ASC006MidBack_0_0</name>
           <model>usa\misc\AM481ASC006MidBack\AM481ASC006MidBack.model</model>
        </node>
        <node>
           <name>MP_AM489ASC006MidBack_0_0</name>
           <model>usa\misc\AM489ASC006MidBack\AM489ASC006MidBack.model</model>
        </node>
        <node>
           <name>MP_AM293ASC006MidBack_0_0</name>
           <model>usa\misc\AM293ASC006MidBack\AM293ASC006MidBack.model</model>
        </node>
        <node>
           <name>MP_AM129ASC006MidBack_0_0</name>
           <model>usa\misc\AM129ASC006MidBack\AM129ASC006MidBack.model</model>
        </node>
        <node>
           <name>MP_CM012ASC006MidBack_0_0</name>
           <model>common\misc\CM012ASC006MidBack\CM012ASC006MidBack.model</model>
        </node>
        <node>
           <name>MP_AM537ASC006MidBack_0_0</name>
           <model>usa\misc\AM537ASC006MidBack\AM537ASC006MidBack.model</model>
        </node>
        <node>
           <name>MP_AM001ASC006MidBack_0_0</name>
           <model>usa\misc\AM001ASC006MidBack\AM001ASC006MidBack.model</model>
        </node>
        <node>
           <name>MP_AM133ASC006MidBack_0_0</name>
           <model>usa\misc\AM133ASC006MidBack\AM133ASC006MidBack.model</model>
        </node>
        <node>
           <name>MP_AM538_Loading_Machine_L</name>
           <model>usa\misc\AM538\AM538.model</model>
        </node>
        <node>
           <name>MP_AM037ASC006MidBack_0_0</name>
           <model>usa\misc\AM037ASC006MidBack\AM037ASC006MidBack.model</model>
        </node>
        <node>
           <name>MP_AM013ASC006MidBack_0_0</name>
           <model>usa\misc\AM013ASC006MidBack\AM013ASC006MidBack.model</model>
        </node>
        <node>
           <name>MP_AM006ASC006MidBack_0_0</name>
           <model>usa\misc\AM006ASC006MidBack\AM006ASC006MidBack.model</model>
        </node>
        <node>
           <name>MP_AM070_Loading_Machine</name>
           <model>usa\misc\AM070\AM070.model</model>
        </node>
        <node>
           <name>MP_AM021ASC006MidBack_0_0</name>
           <model>usa\misc\AM021ASC006MidBack\AM021ASC006MidBack.model</model>
        </node>
        <node>
           <name>MP_AM435_Rudder_Ind</name>
           <model>usa\misc\AM435\AM435.model</model>
        </node>
        <node>
           <name>MP_AM496ASC006MidBack_0_0</name>
           <model>usa\misc\AM496ASC006MidBack\AM496ASC006MidBack.model</model>
        </node>
        <node>
           <name>MP_AM200_Screened_speed_light</name>
           <model>usa\misc\AM200\AM200.model</model>
        </node>
        <node>
           <name>MP_AM173ASC006MidBack_0_0</name>
           <model>usa\misc\AM173ASC006MidBack\AM173ASC006MidBack.model</model>
        </node>
        <node>
           <name>MP_AM491_Crane</name>
           <model>usa\misc\AM491\AM491.model</model>
        </node>
        <node>
           <name>MP_AM176ASC006MidBack_0_0</name>
           <model>usa\misc\AM176ASC006MidBack\AM176ASC006MidBack.model</model>
        </node>
        <node>
           <name>MP_AM103_Hatch_4</name>
           <model>usa\misc\AM103\AM103.model</model>
        </node>
        <node>
           <name>MP_AM490ASC006MidBack_0_0</name>
           <model>usa\misc\AM490ASC006MidBack\AM490ASC006MidBack.model</model>
        </node>
        <node>
           <name>HP_Fire_Burn_3</name>
           <model>UNKNOWN_ITEM</model>
        </node>
        <node>
           <name>HP_Smoke_1</name>
           <model>UNKNOWN_ITEM</model>
        </node>
    </midback>
    <stern>
      <model>usa\ship\cruiser\ASC006_Atlanta_1942\ASC006_Atlanta_1942_Stern_ports.model</model>
        <node>
           <name>HP_AD_8</name>
           <model>usa\director\AD075_Director_Mk44\AD075_Director_Mk44.model</model>
        </node>
        <node>
           <name>HP_AGA_10</name>
           <model>usa\gun\aaircraft\AGA003_20mm_Oerlikon_MK4\AGA003_20mm_Oerlikon_MK4.model</model>
        </node>
        <node>
           <name>HP_AGA_11</name>
           <model>usa\gun\aaircraft\AGA003_20mm_Oerlikon_MK4\AGA003_20mm_Oerlikon_MK4.model</model>
        </node>
        <node>
           <name>HP_AGA_12</name>
           <model>usa\gun\aaircraft\AGA013_1in_Mk2_Mod2\AGA013_1in_Mk2_Mod2.model</model>
        </node>
        <node>
           <name>MP_AM015ASC006Stern_0_0</name>
           <model>usa\misc\AM015ASC006Stern\AM015ASC006Stern.model</model>
        </node>
        <node>
           <name>MP_AM191ASC006Stern_0_0</name>
           <model>usa\misc\AM191ASC006Stern\AM191ASC006Stern.model</model>
        </node>
        <node>
           <name>MP_AM481ASC006Stern_0_0</name>
           <model>usa\misc\AM481ASC006Stern\AM481ASC006Stern.model</model>
        </node>
        <node>
           <name>MP_AM287ASC006Stern_0_0</name>
           <model>usa\misc\AM287ASC006Stern\AM287ASC006Stern.model</model>
        </node>
        <node>
           <name>MP_AM024ASC006Stern_0_0</name>
           <model>usa\misc\AM024ASC006Stern\AM024ASC006Stern.model</model>
        </node>
        <node>
           <name>MP_AM001ASC006Stern_0_0</name>
           <model>usa\misc\AM001ASC006Stern\AM001ASC006Stern.model</model>
        </node>
        <node>
           <name>MP_AM013ASC006Stern_0_0</name>
           <model>usa\misc\AM013ASC006Stern\AM013ASC006Stern.model</model>
        </node>
        <node>
           <name>MP_AM021_Ventilators_3</name>
           <model>usa\misc\AM021\AM021.model</model>
        </node>
        <node>
           <name>MP_AM485ASC006Stern_0_0</name>
           <model>usa\misc\AM485ASC006Stern\AM485ASC006Stern.model</model>
        </node>
        <node>
           <name>MP_AM408ASC006Stern_0_0</name>
           <model>usa\misc\AM408ASC006Stern\AM408ASC006Stern.model</model>
        </node>
        <node>
           <name>MP_AM028ASC006Stern_0_0</name>
           <model>usa\misc\AM028ASC006Stern\AM028ASC006Stern.model</model>
        </node>
        <node>
           <name>MP_AM046_Running_Lights_B</name>
           <model>usa\misc\AM046\AM046.model</model>
        </node>
        <node>
           <name>MP_AM352_Stern_Light</name>
           <model>usa\misc\AM352\AM352.model</model>
        </node>
        <node>
           <name>MP_CM032_Propeller3_R</name>
           <model>common\misc\CM032\CM032.model</model>
        </node>
        <node>
           <name>MP_CM001_Propeller3_L</name>
           <model>common\misc\CM001\CM001.model</model>
        </node>
        <node>
           <name>MP_AM011ASC006Stern_0_0</name>
           <model>usa\misc\AM011ASC006Stern\AM011ASC006Stern.model</model>
        </node>
        <node>
           <name>MP_AM049_Signal_Lamp_1</name>
           <model>usa\misc\AM049\AM049.model</model>
        </node>
        <node>
           <name>MP_AM103_Hatch_4</name>
           <model>usa\misc\AM103\AM103.model</model>
        </node>
        <node>
           <name>HP_Fire_Burn_4</name>
           <model>UNKNOWN_ITEM</model>
        </node>
        <node>
           <name>HP_Smoke_2</name>
           <model>UNKNOWN_ITEM</model>
        </node>
    </stern>
  </sections>
</ASC006_Atlanta_1942.xml>
