<?xml version="1.0" encoding="UTF-8" ?>
<XML>
    <MATERIALLIST>
        <MATERIAL name="cat">
            <DIFFUSE>150 150 150</DIFFUSE>
            <AMBIENT>150 150 150</AMBIENT>
            <SPECULAR>229 229 229</SPECULAR>
            <SPECULAR_LEVEL>0.000</SPECULAR_LEVEL>
            <GLOSSINESS>10.000</GLOSSINESS>
            <TEXTURELIST count="1">
                <TEXTURELAYER index="0">
                    <DIFFUSEMAP>cat.tga.dds</DIFFUSEMAP>
                </TEXTURELAYER>
                <TEX_ANIMATION />
            </TEXTURELIST>
        </MATERIAL>
    </MATERIALLIST>
    <USERPROPERTYLIST />
    <SCENE />
    <COLLISION />
</XML>
