{
  "Model": 119940,
  "Textures": null,
  "HDModel": 1011653,
  "DHGeosetsModel": 0,
  "DHGeosetsHDModel": 0,
  "Textures2": null,
  "TextureFiles": null,
  "ModelFiles": null,
  "InventoryType": 0,
  "ItemClass": 0,
  "ItemSubClass": 0,
  "Race": 1,
  "Gender": 0,
  "Texture": 0,
  "HDTexture": 0,
  "SkinColor": 0,
  "FaceType": 0,
  "FacialHair": 0,
  "HairStyle": 0,
  "HairColor": 0,
  "HideGeosetMale": null,
  "HideGeosetFemale": null,
  "Equipment": null,
  "ComponentTextures": null,
  "ComponentModels": null,
  "GeosetGroup": null,
  "CreatureGeosetData": 0,
  "Scale": 1.0
}