<NotepadPlus>
    <UserLang name="sourcemod" ext="sma inc p pawn core sp">
        <Settings>
            <Global caseIgnored="no" />
            <TreatAsSymbol comment="yes" commentLine="yes" />
            <Prefix words1="no" words2="yes" words3="no" words4="no" />
        </Settings>
        <KeywordLists>
            <Keywords name="Delimiters">&quot;&apos;0&quot;&apos;0</Keywords>
            <Keywords name="Folder+">{</Keywords>
            <Keywords name="Folder-">}</Keywords>
            <Keywords name="Operators">- ! % &amp; ( ) , . : ; ? @ [ \ ] ^ | ~ + &lt; = &gt;</Keywords>
            <Keywords name="Comment">1/* 2*/ 0//</Keywords>
            <Keywords name="Words1">bool&#x000D;&#x000A;break&#x000D;&#x000A;charsmax&#x000D;&#x000A;case&#x000D;&#x000A;sizeof&#x000D;&#x000A;continue&#x000D;&#x000A;default&#x000D;&#x000A;new&#x000D;&#x000A;do&#x000D;&#x000A;operator&#x000D;&#x000A;else&#x000D;&#x000A;&#x000D;&#x000A;Float&#x000D;&#x000A;for&#x000D;&#x000A;goto&#x000D;&#x000A;if&#x000D;&#x000A;inline&#x000D;&#x000A;return&#x000D;&#x000A;&#x000D;&#x000A;switch&#x000D;&#x000A;while&#x000D;&#x000A;const&#x000D;&#x000A;enum&#x000D;&#x000A;native&#x000D;&#x000A;forward&#x000D;&#x000A;public&#x000D;&#x000A;static&#x000D;&#x000A;stock Client true false</Keywords>
            <Keywords name="Words2">#</Keywords>
            <Keywords name="Words3">AdminFlag OverrideType OverrideRule ImmunityType GroupId AdminId AdmAccessMode AdminCachePart CookieAccess CookieMenu CookieMenuAction NetFlow ConVarBounds QueryCookie ReplySource ConVarQueryResult &#x000D;&#x000A;Function Action Identity PluginStatus PluginInfo DBResult DBBindType DBPriority PropType PropFieldType MoveType RenderMode RenderFx EventHookMode FileType FileTimeMode PathType ParamType ExecType DialogType &#x000D;&#x000A;Handle KvDataTypes NominateResult MapChange MenuStyle MenuAction MenuSource RegexError SDKCallType SDKLibrary SDKFuncConfSource SDKType SDKPassMethod RayType SortOrder SortType SMCResult SMCError TFClassType &#x000D;&#x000A;TFTeam TFResourceType TopMenuAction TopMenuObjectType TopMenuPosition TopMenuObject UserMsg</Keywords>
            <Keywords name="Words4">_admin_included AdminFlags_TOTAL ADMFLAG_RESERVATION ADMFLAG_GENERIC ADMFLAG_KICK ADMFLAG_BAN ADMFLAG_UNBAN ADMFLAG_SLAY ADMFLAG_CHANGEMAP ADMFLAG_CONVARS ADMFLAG_CONFIG ADMFLAG_CHAT ADMFLAG_VOTE &#x000D;&#x000A;ADMFLAG_PASSWORD ADMFLAG_RCON ADMFLAG_CHEATS ADMFLAG_ROOT ADMFLAG_CUSTOM1 ADMFLAG_CUSTOM2 ADMFLAG_CUSTOM3 ADMFLAG_CUSTOM4 ADMFLAG_CUSTOM5 ADMFLAG_CUSTOM6 AUTHMETHOD_STEAM AUTHMETHOD_IP AUTHMETHOD_NAME &#x000D;&#x000A;_adminmenu_included TEMP_REQUIRE_EXTENSIONS REQUIRE_EXTENSIONS ADMINMENU_PLAYERCOMMANDS ADMINMENU_SERVERCOMMANDS ADMINMENU_VOTINGCOMMANDS _adt_included _adt_array_included _adt_stack_included &#x000D;&#x000A;_adt_trie_included _banning_included BANFLAG_AUTO BANFLAG_IP BANFLAG_AUTHID BANFLAG_NOKICK _bitbuffer_included _clientprefs_included _clients_included MAXPLAYERS MAX_NAME_LENGTH _commandfilters_included &#x000D;&#x000A;MAX_TARGET_LENGTH COMMAND_FILTER_ALIVE COMMAND_FILTER_DEAD COMMAND_FILTER_CONNECTED COMMAND_FILTER_NO_IMMUNITY COMMAND_FILTER_NO_MULTI COMMAND_FILTER_NO_BOTS COMMAND_TARGET_NONE COMMAND_TARGET_NOT_ALIVE &#x000D;&#x000A;COMMAND_TARGET_NOT_DEAD COMMAND_TARGET_NOT_IN_GAME COMMAND_TARGET_IMMUNE COMMAND_TARGET_EMPTY_FILTER COMMAND_TARGET_NOT_HUMAN COMMAND_TARGET_AMBIGUOUS _console_included INVALID_FCVAR_FLAGS &#x000D;&#x000A;FCVAR_NONE FCVAR_UNREGISTERED FCVAR_LAUNCHER FCVAR_GAMEDLL FCVAR_CLIENTDLL FCVAR_MATERIAL_SYSTEM FCVAR_PROTECTED FCVAR_SPONLY FCVAR_ARCHIVE FCVAR_NOTIFY FCVAR_USERINFO FCVAR_PRINTABLEONLY FCVAR_UNLOGGED &#x000D;&#x000A;FCVAR_NEVER_AS_STRING FCVAR_REPLICATED FCVAR_CHEAT FCVAR_STUDIORENDER FCVAR_DEMO FCVAR_DONTRECORD FCVAR_PLUGIN FCVAR_DATACACHE FCVAR_TOOLSYSTEM FCVAR_FILESYSTEM FCVAR_NOT_CONNECTED FCVAR_SOUNDSYSTEM &#x000D;&#x000A;FCVAR_ARCHIVE_XBOX FCVAR_INPUTSYSTEM FCVAR_NETWORKSYSTEM FCVAR_VPHYSICS _core_included SOURCEMOD_PLUGINAPI_VERSION AUTOLOAD_EXTENSIONS REQUIRE_EXTENSIONS REQUIRE_PLUGIN _cstrike_included CS_TEAM_NONE &#x000D;&#x000A;CS_TEAM_SPECTATOR CS_TEAM_T CS_TEAM_CT CS_SLOT_PRIMARY CS_SLOT_SECONDARY CS_SLOT_GRENADE CS_SLOT_C4 _datapack_included _dbi_included _entity_included FL_EDICT_CHANGED FL_EDICT_FREE FL_EDICT_FULL &#x000D;&#x000A;FL_EDICT_FULLCHECK FL_EDICT_ALWAYS FL_EDICT_DONTSEND FL_EDICT_PVSCHECK FL_EDICT_PENDING_DORMANT_CHECK FL_EDICT_DIRTY_PVS_INFORMATION FL_FULL_EDICT_CHANGED _entity_prop_stocks_included IN_ATTACK &#x000D;&#x000A;IN_JUMP IN_DUCK IN_FORWARD IN_BACK IN_USE IN_CANCEL IN_LEFT IN_RIGHT IN_MOVELEFT IN_MOVERIGHT IN_ATTACK2 IN_RUN IN_RELOAD IN_ALT1 IN_ALT2 IN_SCORE IN_SPEED IN_WALK IN_ZOOM IN_WEAPON1 IN_WEAPON2 IN_BULLRUSH &#x000D;&#x000A;IN_GRENADE1 IN_GRENADE2 FL_ONGROUND FL_DUCKING FL_WATERJUMP FL_ONTRAIN FL_INRAIN FL_FROZEN FL_ATCONTROLS FL_CLIENT FL_FAKECLIENT PLAYER_FLAG_BITS FL_INWATER FL_FLY FL_SWIM FL_CONVEYOR FL_NPC FL_GODMODE &#x000D;&#x000A;FL_NOTARGET FL_AIMTARGET FL_PARTIALGROUND FL_STATICPROP FL_GRAPHED FL_GRENADE FL_STEPMOVEMENT FL_DONTTOUCH FL_BASEVELOCITY FL_WORLDBRUSH FL_OBJECT FL_KILLME FL_ONFIRE FL_DISSOLVING FL_TRANSRAGDOLL &#x000D;&#x000A;FL_UNBLOCKABLE_BY_PLAYER _events_included _files_included PLATFORM_MAX_PATH SEEK_SET SEEK_CUR SEEK_END FPERM_U_READ FPERM_U_WRITE FPERM_U_EXEC FPERM_G_READ FPERM_G_WRITE FPERM_G_EXEC FPERM_O_READ &#x000D;&#x000A;FPERM_O_WRITE FPERM_O_EXEC _float_included FLOAT_PI SP_PARAMFLAG_BYREF SM_PARAM_COPYBACK SM_PARAM_STRING_UTF8 SM_PARAM_STRING_COPY SM_PARAM_STRING_BINARY SP_ERROR_NONE SP_ERROR_FILE_FORMAT SP_ERROR_DECOMPRESSOR &#x000D;&#x000A;SP_ERROR_HEAPLOW SP_ERROR_PARAM SP_ERROR_INVALID_ADDRESS SP_ERROR_NOT_FOUND SP_ERROR_INDEX SP_ERROR_STACKLOW SP_ERROR_NOTDEBUGGING SP_ERROR_INVALID_INSTRUCTION SP_ERROR_MEMACCESS SP_ERROR_STACKMIN &#x000D;&#x000A;SP_ERROR_HEAPMIN SP_ERROR_DIVIDE_BY_ZERO SP_ERROR_ARRAY_BOUNDS SP_ERROR_INSTRUCTION_PARAM SP_ERROR_STACKLEAK SP_ERROR_HEAPLEAK SP_ERROR_ARRAY_TOO_BIG SP_ERROR_TRACKER_BOUNDS SP_ERROR_INVALID_NATIVE &#x000D;&#x000A;SP_ERROR_PARAMS_MAX SP_ERROR_NATIVE SP_ERROR_NOT_RUNNABLE SP_ERROR_ABORTED _geoip_included _halflife_included SOURCE_SDK_UNKNOWN SOURCE_SDK_ORIGINAL SOURCE_SDK_DARKMESSIAH SOURCE_SDK_EPISODE1 &#x000D;&#x000A;SOURCE_SDK_EPISODE2 SOURCE_SDK_LEFT4DEAD MOTDPANEL_TYPE_TEXT MOTDPANEL_TYPE_INDEX MOTDPANEL_TYPE_URL MOTDPANEL_TYPE_FILE _handles_included _helpers_included _keyvalues_included _lang_included &#x000D;&#x000A;LANG_SERVER _sm_logging_included _mapchooser_included_ _menus_included MENU_ACTIONS_DEFAULT MENU_ACTIONS_ALL MENU_NO_PAGINATION MENU_TIME_FOREVER ITEMDRAW_DEFAULT ITEMDRAW_DISABLED ITEMDRAW_RAWLINE &#x000D;&#x000A;ITEMDRAW_NOTEXT ITEMDRAW_SPACER ITEMDRAW_IGNORE ITEMDRAW_CONTROL MENUFLAG_BUTTON_EXIT MENUFLAG_BUTTON_EXITBACK MENUFLAG_NO_SOUND VOTEINFO_CLIENT_INDEX VOTEINFO_CLIENT_ITEM VOTEINFO_ITEM_INDEX &#x000D;&#x000A;VOTEINFO_ITEM_VOTES VOTEFLAG_NO_REVOTES _nextmap_included_ _profiler_included _regex_included PCRE_CASELESS PCRE_MULTILINE PCRE_DOTALL PCRE_EXTENDED PCRE_UNGREEDY PCRE_UTF8 PCRE_NO_UTF8_CHECK _sdktools_included &#x000D;&#x000A;VDECODE_FLAG_ALLOWNULL VDECODE_FLAG_ALLOWNOTINGAME VDECODE_FLAG_ALLOWWORLD VDECODE_FLAG_BYREF VENCODE_FLAG_COPYBACK _sdktools_engine_included MAX_LIGHTSTYLES _sdktools_entinput_included _sdktools_entoutput_included &#x000D;&#x000A;_sdktools_functions_included _sdktools_sound_included SOUND_FROM_PLAYER SOUND_FROM_LOCAL_PLAYER SOUND_FROM_WORLD SNDVOL_NORMAL SNDPITCH_NORMAL SNDPITCH_LOW SNDPITCH_HIGH SNDATTN_NONE SNDATTN_NORMAL &#x000D;&#x000A;SNDATTN_STATIC SNDATTN_RICOCHET SNDATTN_IDLE _sdktools_stocks_included _sdktools_stringtables_included INVALID_STRING_TABLE INVALID_STRING_INDEX _sdktools_tempents_included _te_stocks_included &#x000D;&#x000A;TE_EXPLFLAG_NONE TE_EXPLFLAG_NOADDITIVE TE_EXPLFLAG_NODLIGHTS TE_EXPLFLAG_NOSOUND TE_EXPLFLAG_NOPARTICLES TE_EXPLFLAG_DRAWALPHA TE_EXPLFLAG_ROTATE TE_EXPLFLAG_NOFIREBALL TE_EXPLFLAG_NOFIREBALLSMOKE &#x000D;&#x000A;FBEAM_STARTENTITY FBEAM_ENDENTITY FBEAM_FADEIN FBEAM_FADEOUT FBEAM_SINENOISE FBEAM_SOLID FBEAM_SHADEIN FBEAM_SHADEOUT FBEAM_ONLYNOISEONCE FBEAM_NOTILE FBEAM_USE_HITBOXES FBEAM_STARTVISIBLE FBEAM_ENDVISIBLE &#x000D;&#x000A;FBEAM_ISACTIVE FBEAM_FOREVER FBEAM_HALOBEAM _sdktools_trace_included CONTENTS_EMPTY CONTENTS_SOLID CONTENTS_WINDOW CONTENTS_AUX CONTENTS_GRATE CONTENTS_SLIME CONTENTS_WATER CONTENTS_MIST CONTENTS_OPAQUE &#x000D;&#x000A;LAST_VISIBLE_CONTENTS ALL_VISIBLE_CONTENTS CONTENTS_TESTFOGVOLUME CONTENTS_UNUSED5 CONTENTS_UNUSED6 CONTENTS_TEAM1 CONTENTS_TEAM2 CONTENTS_IGNORE_NODRAW_OPAQUE CONTENTS_MOVEABLE CONTENTS_AREAPORTAL &#x000D;&#x000A;CONTENTS_PLAYERCLIP CONTENTS_MONSTERCLIP CONTENTS_CURRENT_0 CONTENTS_CURRENT_90 CONTENTS_CURRENT_180 CONTENTS_CURRENT_270 CONTENTS_CURRENT_UP CONTENTS_CURRENT_DOWN CONTENTS_ORIGIN CONTENTS_MONSTER &#x000D;&#x000A;CONTENTS_DEBRIS CONTENTS_DETAIL CONTENTS_TRANSLUCENT CONTENTS_LADDER CONTENTS_HITBOX MASK_ALL MASK_SOLID MASK_PLAYERSOLID MASK_NPCSOLID MASK_WATER MASK_OPAQUE MASK_OPAQUE_AND_NPCS MASK_VISIBLE MASK_VISIBLE_AND_NPCS &#x000D;&#x000A;MASK_SHOT MASK_SHOT_HULL MASK_SHOT_PORTAL MASK_SOLID_BRUSHONLY MASK_PLAYERSOLID_BRUSHONLY MASK_NPCSOLID_BRUSHONLY MASK_NPCWORLDSTATIC MASK_SPLITAREAPORTAL _sdktools_voice_included VOICE_NORMAL &#x000D;&#x000A;VOICE_MUTED VOICE_SPEAKALL VOICE_LISTENALL VOICE_TEAM VOICE_LISTENTEAM _sorting_included _sourcemod_included MAPLIST_FLAG_MAPSFOLDER MAPLIST_FLAG_CLEARARRAY MAPLIST_FLAG_NO_DEFAULT _string_included &#x000D;&#x000A;_textparse_included _tf2_included _tf2_stocks_included _timers_included TIMER_REPEAT TIMER_FLAG_NO_MAPCHANGE TIMER_HNDL_CLOSE TIMER_DATA_HNDL_CLOSE _topmenus_included _eventsmsgs_included USERMSG_RELIABLE &#x000D;&#x000A;USERMSG_INITMSG USERMSG_BLOCKHOOKS _vector_included _version_included SOURCEMOD_V_MAJOR SOURCEMOD_V_MINOR SOURCEMOD_V_RELEASE SOURCEMOD_VERSION Admin_Reservation Admin_Generic Admin_Kick Admin_Ban Admin_Unban Admin_Slay Admin_Changemap Admin_Convars Admin_Config Admin_Chat Admin_Vote Admin_Password Admin_RCON Admin_Cheats Admin_Root Admin_Custom1 &#x000D;&#x000A;Admin_Custom2 Admin_Custom3 Admin_Custom4 Admin_Custom5 Admin_Custom6 Override_Command Override_CommandGroup Command_Deny Command_Allow Immunity_Default Immunity_Global INVALID_GROUP_ID INVALID_ADMIN_ID &#x000D;&#x000A;Access_Real Access_Effective AdminCache_Overrides AdminCache_Groups AdminCache_Admins CookieAccess_Public CookieAccess_Protected CookieAccess_Private CookieMenu_YesNo CookieMenu_YesNo_Int CookieMenu_OnOff &#x000D;&#x000A;CookieMenu_OnOff_Int CookieMenuAction_DisplayOption CookieMenuAction_SelectOption NetFlow_Outgoing NetFlow_Incoming NetFlow_Both ConVarBound_Upper ConVarBound_Lower QUERYCOOKIE_FAILED SM_REPLY_TO_CONSOLE &#x000D;&#x000A;SM_REPLY_TO_CHAT ConVarQuery_Okay ConVarQuery_NotFound ConVarQuery_NotValid ConVarQuery_Protected INVALID_FUNCTION Plugin_Continue Plugin_Changed Plugin_Handled Plugin_Stop Identity_Core Identity_Extension &#x000D;&#x000A;Identity_Plugin Plugin_Running Plugin_Paused Plugin_Error Plugin_Loaded Plugin_Failed Plugin_Created Plugin_Uncompiled Plugin_BadLoad PlInfo_Name PlInfo_Author PlInfo_Description PlInfo_Version &#x000D;&#x000A;PlInfo_URL DBVal_Error DBVal_TypeMismatch DBVal_Null DBVal_Data DBBind_Int DBBind_Float DBBind_String DBPrio_High DBPrio_Normal DBPrio_Low Prop_Send Prop_Data PropField_Unsupported PropField_Integer &#x000D;&#x000A;PropField_Float PropField_Entity PropField_Vector PropField_String PropField_String_T MOVETYPE_NONE MOVETYPE_ISOMETRIC MOVETYPE_WALK MOVETYPE_STEP MOVETYPE_FLY MOVETYPE_FLYGRAVITY MOVETYPE_VPHYSICS &#x000D;&#x000A;MOVETYPE_PUSH MOVETYPE_NOCLIP MOVETYPE_LADDER MOVETYPE_OBSERVER MOVETYPE_CUSTOM RENDER_NORMAL RENDER_TRANSCOLOR RENDER_TRANSTEXTURE RENDER_GLOW RENDER_TRANSALPHA RENDER_TRANSADD RENDER_ENVIRONMENTAL &#x000D;&#x000A;RENDER_TRANSADDFRAMEBLEND RENDER_TRANSALPHAADD RENDER_WORLDGLOW RENDER_NONE RENDERFX_NONE RENDERFX_PULSE_SLOW RENDERFX_PULSE_FAST RENDERFX_PULSE_SLOW_WIDE RENDERFX_PULSE_FAST_WIDE RENDERFX_FADE_SLOW &#x000D;&#x000A;RENDERFX_FADE_FAST RENDERFX_SOLID_SLOW RENDERFX_SOLID_FAST RENDERFX_STROBE_SLOW RENDERFX_STROBE_FAST RENDERFX_STROBE_FASTER RENDERFX_FLICKER_SLOW RENDERFX_FLICKER_FAST RENDERFX_NO_DISSIPATION &#x000D;&#x000A;RENDERFX_DISTORT RENDERFX_HOLOGRAM RENDERFX_EXPLODE RENDERFX_GLOWSHELL RENDERFX_CLAMP_MIN_SCALE RENDERFX_ENV_RAIN RENDERFX_ENV_SNOW RENDERFX_SPOTLIGHT RENDERFX_RAGDOLL RENDERFX_PULSE_FAST_WIDER &#x000D;&#x000A;RENDERFX_MAX EventHookMode_Pre EventHookMode_Post EventHookMode_PostNoCopy FileType_Unknown FileType_Directory FileType_File FileTime_LastAccess FileTime_Created FileTime_LastChange Path_SM Param_Any &#x000D;&#x000A;Param_Cell Param_Float Param_String Param_Array Param_VarArgs Param_CellByRef Param_FloatByRef ET_Ignore ET_Single ET_Event ET_Hook DialogType_Msg DialogType_Menu DialogType_Text DialogType_Entry &#x000D;&#x000A;DialogType_AskConnect INVALID_HANDLE KvData_None KvData_String KvData_Int KvData_Float KvData_Ptr KvData_WString KvData_Color KvData_UInt64 KvData_NUMTYPES Nominate_Added Nominate_Replaced Nominate_AlreadyInVote &#x000D;&#x000A;Nominate_InvalidMap Nominate_VoteFull MapChange_Instant MapChange_RoundEnd MapChange_MapEnd MenuStyle_Default MenuStyle_Valve MenuStyle_Radio MenuAction_Start MenuAction_Display MenuAction_Select &#x000D;&#x000A;MenuAction_Cancel MenuAction_End MenuAction_VoteEnd MenuAction_VoteStart MenuAction_VoteCancel MenuAction_DrawItem MenuAction_DisplayItem MenuCancel_Disconnected MenuCancel_Interrupted MenuCancel_Exit &#x000D;&#x000A;MenuCancel_NoDisplay MenuCancel_Timeout MenuCancel_ExitBack VoteCancel_Generic VoteCancel_NoVotes MenuEnd_Selected MenuEnd_VotingDone MenuEnd_VotingCancelled MenuEnd_Cancelled MenuEnd_Exit MenuEnd_ExitBack &#x000D;&#x000A;MenuSource_None MenuSource_External MenuSource_Normal MenuSource_RawPanel REGEX_ERROR_NONE REGEX_ERROR_NOMATCH REGEX_ERROR_NULL REGEX_ERROR_BADOPTION REGEX_ERROR_BADMAGIC REGEX_ERROR_UNKNOWN_OPCODE &#x000D;&#x000A;REGEX_ERROR_NOMEMORY REGEX_ERROR_NOSUBSTRING REGEX_ERROR_MATCHLIMIT REGEX_ERROR_CALLOUT REGEX_ERROR_BADUTF8 REGEX_ERROR_BADUTF8_OFFSET REGEX_ERROR_PARTIAL REGEX_ERROR_BADPARTIAL REGEX_ERROR_INTERNAL &#x000D;&#x000A;REGEX_ERROR_BADCOUNT REGEX_ERROR_DFA_UITEM REGEX_ERROR_DFA_UCOND REGEX_ERROR_DFA_UMLIMIT REGEX_ERROR_DFA_WSSIZE REGEX_ERROR_DFA_RECURSE REGEX_ERROR_RECURSIONLIMIT REGEX_ERROR_NULLWSLIMIT REGEX_ERROR_BADNEWLINE &#x000D;&#x000A;SDKCall_Static SDKCall_Entity SDKCall_Player SDKCall_GameRules SDKCall_EntityList SDKLibrary_Server SDKLibrary_Engine SDKConf_Virtual SDKConf_Signature SDKType_CBaseEntity SDKType_CBasePlayer &#x000D;&#x000A;SDKType_Vector SDKType_QAngle SDKType_PlainOldData SDKType_Float SDKType_Edict SDKType_String SDKType_Bool SDKPass_Pointer SDKPass_Plain SDKPass_ByValue SDKPass_ByRef SNDCHAN_REPLACE SNDCHAN_AUTO &#x000D;&#x000A;SNDCHAN_WEAPON SNDCHAN_VOICE SNDCHAN_ITEM SNDCHAN_BODY SNDCHAN_STREAM SNDCHAN_STATIC SNDCHAN_VOICE_BASE SNDCHAN_USER_BASE SND_NOFLAGS SND_CHANGEVOL SND_CHANGEPITCH SND_STOP SND_SPAWNING SND_DELAY &#x000D;&#x000A;SND_STOPLOOPING SND_SPEAKER SND_SHOULDPAUSE SNDLEVEL_NONE SNDLEVEL_RUSTLE SNDLEVEL_WHISPER SNDLEVEL_LIBRARY SNDLEVEL_FRIDGE SNDLEVEL_HOME SNDLEVEL_CONVO SNDLEVEL_DRYER SNDLEVEL_DISHWASHER SNDLEVEL_CAR &#x000D;&#x000A;SNDLEVEL_NORMAL SNDLEVEL_TRAFFIC SNDLEVEL_MINIBIKE SNDLEVEL_SCREAMING SNDLEVEL_TRAIN SNDLEVEL_HELICOPTER SNDLEVEL_SNOWMOBILE SNDLEVEL_AIRCRAFT SNDLEVEL_RAIDSIREN SNDLEVEL_GUNFIRE SNDLEVEL_ROCKET &#x000D;&#x000A;RayType_EndPoint RayType_Infinite Sort_Ascending Sort_Descending Sort_Random Sort_Integer Sort_Float Sort_String SMCParse_Continue SMCParse_Halt SMCParse_HaltFail SMCError_Okay SMCError_StreamOpen &#x000D;&#x000A;SMCError_StreamError SMCError_Custom SMCError_InvalidSection1 SMCError_InvalidSection2 SMCError_InvalidSection3 SMCError_InvalidSection4 SMCError_InvalidSection5 SMCError_InvalidTokens SMCError_TokenOverflow &#x000D;&#x000A;SMCError_InvalidProperty1 TFClass_Unknown TFClass_Scout TFClass_Sniper TFClass_Soldier TFClass_DemoMan TFClass_Medic TFClass_Heavy TFClass_Pyro TFClass_Spy TFClass_Engineer _Unassigned TFTeam_Spectator &#x000D;&#x000A;TFTeam_Red TFTeam_Blue TFResource_Ping TFResource_Score TFResource_Deaths TFResource_TotalScore TFResource_Captures TFResource_Defenses TFResource_Dominations TFResource_Revenge TFResource_BuildingsDestroyed &#x000D;&#x000A;TFResource_Headshots TFResource_Backstabs TFResource_HealPoints TFResource_Invulns TFResource_Teleports TFResource_ResupplyPoints TFResource_KillAssists TFResource_MaxHealth TFResource_PlayerClass &#x000D;&#x000A;TopMenuAction_DisplayOption TopMenuAction_DisplayTitle TopMenuAction_SelectOption TopMenuAction_DrawOption TopMenuAction_RemoveObject TopMenuObject_Category TopMenuObject_Item TopMenuPosition_Start &#x000D;&#x000A;TopMenuPosition_LastRoot TopMenuPosition_LastCategory INVALID_TOPMENUOBJECT INVALID_MESSAGE_ID</Keywords>
        </KeywordLists>
        <Styles>
            <WordsStyle name="DEFAULT" styleID="11" fgColor="000000" bgColor="FFFFFF" fontName="" fontStyle="0" fontSize="12" />
            <WordsStyle name="FOLDEROPEN" styleID="12" fgColor="000000" bgColor="FFFFFF" fontName="" fontStyle="0" />
            <WordsStyle name="FOLDERCLOSE" styleID="13" fgColor="000000" bgColor="FFFFFF" fontName="" fontStyle="0" />
            <WordsStyle name="KEYWORD1" styleID="5" fgColor="0000FF" bgColor="FFFFFF" fontName="" fontStyle="0" />
            <WordsStyle name="KEYWORD2" styleID="6" fgColor="0000A0" bgColor="FFFFFF" fontName="" fontStyle="0" />
            <WordsStyle name="KEYWORD3" styleID="7" fgColor="25929A" bgColor="FFFFFF" fontName="" fontStyle="0" />
            <WordsStyle name="KEYWORD4" styleID="8" fgColor="8000FF" bgColor="FFFFFF" fontName="" fontStyle="0" />
            <WordsStyle name="COMMENT" styleID="1" fgColor="008040" bgColor="FFFFFF" fontName="" fontStyle="0" />
            <WordsStyle name="COMMENT LINE" styleID="2" fgColor="008040" bgColor="FFFFFF" fontName="" fontStyle="0" />
            <WordsStyle name="NUMBER" styleID="4" fgColor="000000" bgColor="FFFFFF" fontName="" fontStyle="0" />
            <WordsStyle name="OPERATOR" styleID="10" fgColor="000000" bgColor="FFFFFF" fontName="" fontStyle="0" />
            <WordsStyle name="DELIMINER1" styleID="14" fgColor="B90000" bgColor="FFFFFF" fontName="" fontStyle="0" />
            <WordsStyle name="DELIMINER2" styleID="15" fgColor="B90000" bgColor="FFFFFF" fontName="" fontStyle="0" />
            <WordsStyle name="DELIMINER3" styleID="16" fgColor="000000" bgColor="112435" fontName="" fontStyle="0" />
        </Styles>
    </UserLang>
    <UserLang name="quickbms" ext="bms">
        <Settings>
            <Global caseIgnored="yes" />
            <TreatAsSymbol comment="no" commentLine="yes" />
            <Prefix words1="no" words2="no" words3="no" words4="no" />
        </Settings>
        <KeywordLists>
            <Keywords name="Delimiters">&quot;00&quot;00</Keywords>
            <Keywords name="Folder+">StartFunction If For Do</Keywords>
            <Keywords name="Folder-">EndFunction Endif Next While</Keywords>
            <Keywords name="Operators">+ * / - ^ &amp; | % ! ~ &gt; &lt; = += *= /= -= ^= &amp;= |= %= != ~= &gt;= &lt;= == &gt;&lt; !=</Keywords>
            <Keywords name="Comment">1 2 0#</Keywords>
            <Keywords name="Words1">CLog Do Loop FindLoc FindFileID For Get Put GetLong GetInt GetByte GetString GetNullString GetDString PutDString GoTo IDString ID ImpType Log ExtractFile Math Add Subst Multiply Divide Up Down Next Open SavePos Set SETFILECNT SETBYTESREAD While EndLoop String CleanExit Case If Elif ElseIf Else EndIf GetCT PutCT ComType ReverseLong FlipLong PROMPTUSER EVENTS SEPPATH NOFILENAMES WriteLong StrCReplace StrEResizeC SeperateHeader Endian FileXOR Break Strlen GetVarChr PutVarChr Debug Padding Append Encryption Print GetArray PutArray StartFunction CallFunction EndFunction ScanDir CallDLL</Keywords>
            <Keywords name="Words2">BYTE SHORT THREEBYTE LONG LONGLONG STRING ASIZE FILENAME BASENAME EXTENSION UNICODE BINARY LINE FULLNAME MEMORY_FILE MEMORY_FILE1 MEMORY_FILE2 MEMORY_FILE3 MEMORY_FILE4 BIG LITTLE TEMPORARY_FILE EXTRCNT BytesRead NotEOF</Keywords>
            <Keywords name="Words3">zlib zlib1 deflate inflate lzo1 lzo1a lzo1b lzo1c lzo1f lzo1x lzo minilzo lzo1y lzo1z lzo2a lzss lzx gzip pkware blast explode implode lzma lzma86head lzma86dec lzma86dechead lzmaefs bzip2 XMemDecompress XMEMCODEC_DEFAULT XMEMCODEC_LZX xcompress hex hex2byte base64 uuencode ascii85 yenc COM_LZW_Decompress milestone_lzw lzxcab mslzx lzxchm rlew lzjb sfl_block sfl_rle sfl_nulls sfl_bits lzma2 lzma2_86head lzma2_86dec lzma2_86dechead NRV2b NRV2d NRV2e huffboh uncompress compress lzw dmc lzh lzhuf lha lzari tony rle7 rle0 rle rlea bpe quicklz q3huff unmeng lz2k darksector mszh un49g unthandor doomhuff aplib tzar_lzss lzf fastlz clz77 lzrw1 dhuff fin lzah lzh12 lzh13 grzip ckrle quad balz inflate64 deflate64 shrink ppmd ppmdi1 z-base-32 base32hex base32crockford base32nintendo base brieflz paq6 shcodec hstest_hs_unpack hstest_unpackc sixpack ashford jcalg jam lzhlib srank zzip scpack rle3 bpe2 bcl_huf bcl_lz bcl_rice bcl_rle bcl_sf scz szip ppmdi1_raw ppmdg ppmdg_raw ppmdj1 ppmdj1_raw sr3c huffman sfastpacker sfastpacker2 dk2 lz77wii lz77wii_raw darkstone SFL_BLOCK_CHUNKED yuke_bpe stalker_lza</Keywords>
            <Keywords name="Words4">des 3des2 3des-112 des_ede 3des 3des-168 des_ede3 desx rc4 arc4 idea rc2 blowfish cast5 aes Rijndael seed tea xtea xxtea xor rot rot13 charset chartable charset2 chartable2 twofish serpent icecrypt ice rotor ssc</Keywords>
        </KeywordLists>
        <Styles>
            <WordsStyle name="DEFAULT" styleID="11" fgColor="000000" bgColor="FFFFFF" fontName="" fontStyle="0" />
            <WordsStyle name="FOLDEROPEN" styleID="12" fgColor="0080FF" bgColor="FFFFFF" fontName="" fontStyle="0" />
            <WordsStyle name="FOLDERCLOSE" styleID="13" fgColor="0080FF" bgColor="FFFFFF" fontName="" fontStyle="0" />
            <WordsStyle name="KEYWORD1" styleID="5" fgColor="0080FF" bgColor="FFFFFF" fontName="" fontStyle="0" />
            <WordsStyle name="KEYWORD2" styleID="6" fgColor="FF0000" bgColor="FFFFFF" fontName="" fontStyle="0" />
            <WordsStyle name="KEYWORD3" styleID="7" fgColor="808000" bgColor="FFFFFF" fontName="" fontStyle="0" />
            <WordsStyle name="KEYWORD4" styleID="8" fgColor="800080" bgColor="FFFFFF" fontName="" fontStyle="0" />
            <WordsStyle name="COMMENT" styleID="1" fgColor="000000" bgColor="FFFFFF" fontName="" fontStyle="0" />
            <WordsStyle name="COMMENT LINE" styleID="2" fgColor="A0A0A0" bgColor="FFFFFF" fontName="" fontStyle="0" />
            <WordsStyle name="NUMBER" styleID="4" fgColor="000000" bgColor="FFFFFF" fontName="" fontStyle="0" />
            <WordsStyle name="OPERATOR" styleID="10" fgColor="00A000" bgColor="FFFFFF" fontName="" fontStyle="0" />
            <WordsStyle name="DELIMINER1" styleID="14" fgColor="800080" bgColor="FFFFFF" fontName="" fontStyle="0" />
            <WordsStyle name="DELIMINER2" styleID="15" fgColor="000000" bgColor="FFFFFF" fontName="" fontStyle="0" />
            <WordsStyle name="DELIMINER3" styleID="16" fgColor="000000" bgColor="FFFFFF" fontName="" fontStyle="0" />
        </Styles>
    </UserLang>
</NotepadPlus>
