<JSC038_Atago_1944.xml>
  <sections>
    <bow>
      <model>japan\ship\cruiser\JSC038_Atago_1944\JSC038_Atago_1944_bow_ports.model</model>
        <node>
           <name>HP_JGA_1</name>
           <model>japan\gun\aaircraft\JGA018_25mm_Type96_single\JGA018_25mm_Type96_single.model</model>
        </node>
        <node>
           <name>HP_JGA_2</name>
           <model>japan\gun\aaircraft\JGA018_25mm_Type96_single\JGA018_25mm_Type96_single.model</model>
        </node>
        <node>
           <name>HP_JGA_3</name>
           <model>japan\gun\aaircraft\JGA018_25mm_Type96_single\JGA018_25mm_Type96_single.model</model>
        </node>
        <node>
           <name>HP_JGA_4</name>
           <model>japan\gun\aaircraft\JGA018_25mm_Type96_single\JGA018_25mm_Type96_single.model</model>
        </node>
        <node>
           <name>HP_JGA_5</name>
           <model>japan\gun\aaircraft\JGA018_25mm_Type96_single\JGA018_25mm_Type96_single.model</model>
        </node>
        <node>
           <name>HP_JGA_6</name>
           <model>japan\gun\aaircraft\JGA018_25mm_Type96_single\JGA018_25mm_Type96_single.model</model>
        </node>
        <node>
           <name>MP_JM015_Reels_3</name>
           <model>japan\misc\JM015\JM015.model</model>
        </node>
        <node>
           <name>MP_JM019_Ventilators_3</name>
           <model>japan\misc\JM019\JM019.model</model>
        </node>
        <node>
           <name>MP_JM063_Sky_Light</name>
           <model>japan\misc\JM063\JM063.model</model>
        </node>
        <node>
           <name>MP_JM026_Bollards</name>
           <model>japan\misc\JM026\JM026.model</model>
        </node>
        <node>
           <name>MP_JM059_Deck_Hatch_8</name>
           <model>japan\misc\JM059\JM059.model</model>
        </node>
        <node>
           <name>MP_JM063_Sky_Light_INDEX_1</name>
           <model>japan\misc\JM063\JM063.model</model>
        </node>
        <node>
           <name>MP_JM019_Ventilators_3_INDEX_1</name>
           <model>japan\misc\JM019\JM019.model</model>
        </node>
        <node>
           <name>MP_CM087_Anchor_down</name>
           <model>common\misc\CM087\CM087.model</model>
        </node>
        <node>
           <name>MP_CM087_Anchor_down_INDEX_1</name>
           <model>common\misc\CM087\CM087.model</model>
        </node>
        <node>
           <name>MP_JM026_Bollards_INDEX_1</name>
           <model>japan\misc\JM026\JM026.model</model>
        </node>
        <node>
           <name>MP_JM019_Ventilators_3_INDEX_2</name>
           <model>japan\misc\JM019\JM019.model</model>
        </node>
        <node>
           <name>MP_CM086_Anchor_top</name>
           <model>common\misc\CM086\CM086.model</model>
        </node>
        <node>
           <name>MP_JM019_Ventilators_3_INDEX_3</name>
           <model>japan\misc\JM019\JM019.model</model>
        </node>
        <node>
           <name>MP_JM017_Ventilators_1</name>
           <model>japan\misc\JM017\JM017.model</model>
        </node>
        <node>
           <name>MP_JM014_Reels_2</name>
           <model>japan\misc\JM014\JM014.model</model>
        </node>
        <node>
           <name>MP_JM058_Deck_Hatch_7</name>
           <model>japan\misc\JM058\JM058.model</model>
        </node>
        <node>
           <name>MP_JM059_Deck_Hatch_8_INDEX_1</name>
           <model>japan\misc\JM059\JM059.model</model>
        </node>
        <node>
           <name>MP_JM019_Ventilators_3_INDEX_4</name>
           <model>japan\misc\JM019\JM019.model</model>
        </node>
        <node>
           <name>MP_JM019_Ventilators_3_INDEX_5</name>
           <model>japan\misc\JM019\JM019.model</model>
        </node>
        <node>
           <name>MP_JM019_Ventilators_3_INDEX_6</name>
           <model>japan\misc\JM019\JM019.model</model>
        </node>
        <node>
           <name>MP_JM019_Ventilators_3_INDEX_7</name>
           <model>japan\misc\JM019\JM019.model</model>
        </node>
        <node>
           <name>MP_JM015_Reels_3_INDEX_1</name>
           <model>japan\misc\JM015\JM015.model</model>
        </node>
        <node>
           <name>MP_JM063_Sky_Light_INDEX_2</name>
           <model>japan\misc\JM063\JM063.model</model>
        </node>
        <node>
           <name>MP_JM079_Roller_Fairled</name>
           <model>japan\misc\JM079\JM079.model</model>
        </node>
        <node>
           <name>MP_JM033_Roller_Fairled</name>
           <model>japan\misc\JM033\JM033.model</model>
        </node>
        <node>
           <name>MP_CM086_Anchor_top_INDEX_1</name>
           <model>common\misc\CM086\CM086.model</model>
        </node>
        <node>
           <name>MP_JM062_Deck_Hatch_11</name>
           <model>japan\misc\JM062\JM062.model</model>
        </node>
        <node>
           <name>MP_JM019_Ventilators_3_INDEX_8</name>
           <model>japan\misc\JM019\JM019.model</model>
        </node>
        <node>
           <name>MP_JM125_Signal_Lamp_3</name>
           <model>japan\misc\JM125\JM125.model</model>
        </node>
        <node>
           <name>MP_JM058_Deck_Hatch_7_INDEX_1</name>
           <model>japan\misc\JM058\JM058.model</model>
        </node>
        <node>
           <name>MP_JM063_Sky_Light_INDEX_3</name>
           <model>japan\misc\JM063\JM063.model</model>
        </node>
        <node>
           <name>MP_JM019_Ventilators_3_INDEX_9</name>
           <model>japan\misc\JM019\JM019.model</model>
        </node>
        <node>
           <name>MP_JM019_Ventilators_3_INDEX_10</name>
           <model>japan\misc\JM019\JM019.model</model>
        </node>
        <node>
           <name>MP_JM026_Bollards_INDEX_2</name>
           <model>japan\misc\JM026\JM026.model</model>
        </node>
        <node>
           <name>MP_JM026_Bollards_INDEX_3</name>
           <model>japan\misc\JM026\JM026.model</model>
        </node>
        <node>
           <name>MP_JM019_Ventilators_3_INDEX_11</name>
           <model>japan\misc\JM019\JM019.model</model>
        </node>
        <node>
           <name>MP_JM061_Deck_Hatch_10</name>
           <model>japan\misc\JM061\JM061.model</model>
        </node>
        <node>
           <name>MP_JM019_Ventilators_3_INDEX_12</name>
           <model>japan\misc\JM019\JM019.model</model>
        </node>
        <node>
           <name>MP_JM027_Fairlead_2</name>
           <model>japan\misc\JM027\JM027.model</model>
        </node>
        <node>
           <name>MP_JM019_Ventilators_3_INDEX_13</name>
           <model>japan\misc\JM019\JM019.model</model>
        </node>
        <node>
           <name>MP_JM029_Leadsman_Platform</name>
           <model>japan\misc\JM029\JM029.model</model>
        </node>
        <node>
           <name>MP_JM019_Ventilators_3_INDEX_14</name>
           <model>japan\misc\JM019\JM019.model</model>
        </node>
        <node>
           <name>MP_JM059_Deck_Hatch_8_INDEX_2</name>
           <model>japan\misc\JM059\JM059.model</model>
        </node>
        <node>
           <name>MP_JM014_Reels_2_INDEX_1</name>
           <model>japan\misc\JM014\JM014.model</model>
        </node>
        <node>
           <name>MP_JM059_Deck_Hatch_8_INDEX_3</name>
           <model>japan\misc\JM059\JM059.model</model>
        </node>
        <node>
           <name>MP_JM019_Ventilators_3_INDEX_15</name>
           <model>japan\misc\JM019\JM019.model</model>
        </node>
        <node>
           <name>MP_JM027_Fairlead_2_INDEX_1</name>
           <model>japan\misc\JM027\JM027.model</model>
        </node>
        <node>
           <name>MP_JM061_Deck_Hatch_10_INDEX_1</name>
           <model>japan\misc\JM061\JM061.model</model>
        </node>
        <node>
           <name>MP_JM029_Leadsman_Platform_INDEX_1</name>
           <model>japan\misc\JM029\JM029.model</model>
        </node>
        <node>
           <name>MP_JM307_Chrysanthemum_petal_1</name>
           <model>japan\misc\JM307\JM307.model</model>
        </node>
        <node>
           <name>MP_JM307_Chrysanthemum_petal_1_INDEX_1</name>
           <model>japan\misc\JM307\JM307.model</model>
        </node>
        <node>
           <name>MP_JM307_Chrysanthemum_petal_1_INDEX_2</name>
           <model>japan\misc\JM307\JM307.model</model>
        </node>
        <node>
           <name>MP_JM307_Chrysanthemum_petal_1_INDEX_3</name>
           <model>japan\misc\JM307\JM307.model</model>
        </node>
        <node>
           <name>MP_JM307_Chrysanthemum_petal_1_INDEX_4</name>
           <model>japan\misc\JM307\JM307.model</model>
        </node>
        <node>
           <name>MP_JM307_Chrysanthemum_petal_1_INDEX_5</name>
           <model>japan\misc\JM307\JM307.model</model>
        </node>
        <node>
           <name>MP_JM307_Chrysanthemum_petal_1_INDEX_6</name>
           <model>japan\misc\JM307\JM307.model</model>
        </node>
        <node>
           <name>MP_JM306_Chrysanthemum_mid</name>
           <model>japan\misc\JM306\JM306.model</model>
        </node>
        <node>
           <name>MP_JM307_Chrysanthemum_petal_1_INDEX_7</name>
           <model>japan\misc\JM307\JM307.model</model>
        </node>
        <node>
           <name>MP_JM307_Chrysanthemum_petal_1_INDEX_8</name>
           <model>japan\misc\JM307\JM307.model</model>
        </node>
        <node>
           <name>MP_JM307_Chrysanthemum_petal_1_INDEX_9</name>
           <model>japan\misc\JM307\JM307.model</model>
        </node>
        <node>
           <name>MP_JM307_Chrysanthemum_petal_1_INDEX_10</name>
           <model>japan\misc\JM307\JM307.model</model>
        </node>
        <node>
           <name>MP_JM307_Chrysanthemum_petal_1_INDEX_11</name>
           <model>japan\misc\JM307\JM307.model</model>
        </node>
        <node>
           <name>MP_JM307_Chrysanthemum_petal_1_INDEX_12</name>
           <model>japan\misc\JM307\JM307.model</model>
        </node>
        <node>
           <name>MP_JM307_Chrysanthemum_petal_1_INDEX_13</name>
           <model>japan\misc\JM307\JM307.model</model>
        </node>
        <node>
           <name>MP_JM307_Chrysanthemum_petal_1_INDEX_14</name>
           <model>japan\misc\JM307\JM307.model</model>
        </node>
        <node>
           <name>MP_JM307_Chrysanthemum_petal_1_INDEX_15</name>
           <model>japan\misc\JM307\JM307.model</model>
        </node>
        <node>
           <name>HP_Fire_Burn_1</name>
           <model>UNKNOWN_ITEM</model>
        </node>
    </bow>
    <midfront>
      <model>japan\ship\cruiser\JSC038_Atago_1944\JSC038_Atago_1944_MidFront_ports.model</model>
        <node>
           <name>HP_JD_1</name>
           <model>japan\director\JD004_Director_Type_94_1\JD004_Director_Type_94_1.model</model>
        </node>
        <node>
           <name>HP_JD_2</name>
           <model>japan\director\JD008_Director_Type_91\JD008_Director_Type_91.model</model>
        </node>
        <node>
           <name>HP_JD_3</name>
           <model>japan\director\JD008_Director_Type_91\JD008_Director_Type_91.model</model>
        </node>
        <node>
           <name>HP_JF_1</name>
           <model>japan\finder\JF012_Rangefinder_1_5m_Fuso\JF012_Rangefinder_1_5m_Fuso.model</model>
        </node>
        <node>
           <name>HP_JF_2</name>
           <model>japan\finder\JF012_Rangefinder_1_5m_Fuso\JF012_Rangefinder_1_5m_Fuso.model</model>
        </node>
        <node>
           <name>HP_JF_3</name>
           <model>japan\finder\JF021_Rangefinder_6m\JF021_Rangefinder_6m.model</model>
        </node>
        <node>
           <name>HP_JF_4</name>
           <model>japan\finder\JF009_Rangefinder_4_5m\JF009_Rangefinder_4_5m.model</model>
        </node>
        <node>
           <name>HP_JF_5</name>
           <model>japan\finder\JF009_Rangefinder_4_5m\JF009_Rangefinder_4_5m.model</model>
        </node>
        <node>
           <name>HP_JGA_7</name>
           <model>japan\gun\aaircraft\JGA018_25mm_Type96_single\JGA018_25mm_Type96_single.model</model>
        </node>
        <node>
           <name>HP_JGA_8</name>
           <model>japan\gun\aaircraft\JGA018_25mm_Type96_single\JGA018_25mm_Type96_single.model</model>
        </node>
        <node>
           <name>HP_JGA_9</name>
           <model>japan\gun\aaircraft\JGA018_25mm_Type96_single\JGA018_25mm_Type96_single.model</model>
        </node>
        <node>
           <name>HP_JGA_10</name>
           <model>japan\gun\aaircraft\JGA018_25mm_Type96_single\JGA018_25mm_Type96_single.model</model>
        </node>
        <node>
           <name>HP_JGA_11</name>
           <model>japan\gun\aaircraft\JGA018_25mm_Type96_single\JGA018_25mm_Type96_single.model</model>
        </node>
        <node>
           <name>HP_JGA_12</name>
           <model>japan\gun\aaircraft\JGA018_25mm_Type96_single\JGA018_25mm_Type96_single.model</model>
        </node>
        <node>
           <name>HP_JGA_13</name>
           <model>japan\gun\aaircraft\JGA018_25mm_Type96_single\JGA018_25mm_Type96_single.model</model>
        </node>
        <node>
           <name>HP_JGA_14</name>
           <model>japan\gun\aaircraft\JGA018_25mm_Type96_single\JGA018_25mm_Type96_single.model</model>
        </node>
        <node>
           <name>HP_JGA_15</name>
           <model>japan\gun\aaircraft\JGA018_25mm_Type96_single\JGA018_25mm_Type96_single.model</model>
        </node>
        <node>
           <name>HP_JGA_16</name>
           <model>japan\gun\aaircraft\JGA018_25mm_Type96_single\JGA018_25mm_Type96_single.model</model>
        </node>
        <node>
           <name>HP_JGM_1</name>
           <model>japan\gun\main\JGM025_203mm50_Type_E\JGM025_203mm50_Type_E.model</model>
        </node>
        <node>
           <name>HP_JGM_2</name>
           <model>japan\gun\main\JGM024_203mm50_Type_E_RF\JGM024_203mm50_Type_E_RF.model</model>
        </node>
        <node>
           <name>HP_JGM_3</name>
           <model>japan\gun\main\JGM025_203mm50_Type_E\JGM025_203mm50_Type_E.model</model>
        </node>
        <node>
           <name>HP_JGS_1</name>
           <model>japan\gun\secondary\JGS009_127mm40_Type_89\JGS009_127mm40_Type_89.model</model>
        </node>
        <node>
           <name>HP_JGS_2</name>
           <model>japan\gun\secondary\JGS009_127mm40_Type_89\JGS009_127mm40_Type_89.model</model>
        </node>
        <node>
           <name>HP_JGT_1</name>
           <model>japan\gun\torpedo\JGT023_610mm4_Type_93R\JGT023_610mm4_Type_93R.model</model>
        </node>
        <node>
           <name>HP_JGT_2</name>
           <model>japan\gun\torpedo\JGT017_610mm4_Type_93L\JGT017_610mm4_Type_93L.model</model>
        </node>
        <node>
           <name>HP_JRS_1</name>
           <model>japan\radar\search\JRS007_Radar_Type_22\JRS007_Radar_Type_22.model</model>
        </node>
        <node>
           <name>HP_JRS_2</name>
           <model>japan\radar\search\JRS007_Radar_Type_22\JRS007_Radar_Type_22.model</model>
        </node>
        <node>
           <name>HP_JRS_3</name>
           <model>japan\radar\search\JRS067_Radar_Type21_Stand_1\JRS067_Radar_Type21_Stand_1.model</model>
        </node>
        <node>
           <name>HP_JRS_4</name>
           <model>japan\radar\search\JRS010_Radar_Type_13\JRS010_Radar_Type_13.model</model>
        </node>
        <node>
           <name>HP_JD_4</name>
           <model>japan\director\JD011_Director_Type_95_Mod3\JD011_Director_Type_95_Mod3.model</model>
        </node>
        <node>
           <name>HP_JD_5</name>
           <model>japan\director\JD011_Director_Type_95_Mod3\JD011_Director_Type_95_Mod3.model</model>
        </node>
        <node>
           <name>HP_flag_1</name>
           <model>japan\misc\JM001\JM001.model</model>
        </node>
        <node>
           <name>HP_flag_2</name>
           <model>japan\misc\JM001\JM001.model</model>
        </node>
        <node>
           <name>HP_flag_3</name>
           <model>japan\misc\JM001\JM001.model</model>
        </node>
        <node>
           <name>HP_flag_4</name>
           <model>japan\misc\JM001\JM001.model</model>
        </node>
        <node>
           <name>MP_JM019_Ventilators_3</name>
           <model>japan\misc\JM019\JM019.model</model>
        </node>
        <node>
           <name>MP_JM125_Signal_Lamp_3</name>
           <model>japan\misc\JM125\JM125.model</model>
        </node>
        <node>
           <name>MP_JM058_Deck_Hatch_7</name>
           <model>japan\misc\JM058\JM058.model</model>
        </node>
        <node>
           <name>MP_JM021_Ventilators_5</name>
           <model>japan\misc\JM021\JM021.model</model>
        </node>
        <node>
           <name>MP_JM107_Binocular_2</name>
           <model>japan\misc\JM107\JM107.model</model>
        </node>
        <node>
           <name>MP_JM096_Davit_3</name>
           <model>japan\misc\JM096\JM096.model</model>
        </node>
        <node>
           <name>MP_CM017_Boat_Stowage_3</name>
           <model>common\misc\CM017\CM017.model</model>
        </node>
        <node>
           <name>MP_JM055_Deck_Hatch_4</name>
           <model>japan\misc\JM055\JM055.model</model>
        </node>
        <node>
           <name>MP_JM107_Binocular_2_INDEX_1</name>
           <model>japan\misc\JM107\JM107.model</model>
        </node>
        <node>
           <name>MP_JM125_Signal_Lamp_3_INDEX_1</name>
           <model>japan\misc\JM125\JM125.model</model>
        </node>
        <node>
           <name>MP_CM017_Boat_Stowage_3_INDEX_1</name>
           <model>common\misc\CM017\CM017.model</model>
        </node>
        <node>
           <name>MP_JM019_Ventilators_3_INDEX_1</name>
           <model>japan\misc\JM019\JM019.model</model>
        </node>
        <node>
           <name>MP_JM058_Deck_Hatch_7_INDEX_1</name>
           <model>japan\misc\JM058\JM058.model</model>
        </node>
        <node>
           <name>MP_JM032_Electric_Deck_Winch</name>
           <model>japan\misc\JM032\JM032.model</model>
        </node>
        <node>
           <name>MP_JM140_Binocular_4</name>
           <model>japan\misc\JM140\JM140.model</model>
        </node>
        <node>
           <name>MP_JM019_Ventilators_3_INDEX_2</name>
           <model>japan\misc\JM019\JM019.model</model>
        </node>
        <node>
           <name>MP_JM059_Deck_Hatch_8</name>
           <model>japan\misc\JM059\JM059.model</model>
        </node>
        <node>
           <name>MP_JM018_Ventilators_2</name>
           <model>japan\misc\JM018\JM018.model</model>
        </node>
        <node>
           <name>MP_JM059_Deck_Hatch_8_INDEX_1</name>
           <model>japan\misc\JM059\JM059.model</model>
        </node>
        <node>
           <name>MP_JM037_Cutter_9m</name>
           <model>japan\misc\JM037\JM037.model</model>
        </node>
        <node>
           <name>MP_JM059_Deck_Hatch_8_INDEX_2</name>
           <model>japan\misc\JM059\JM059.model</model>
        </node>
        <node>
           <name>MP_JM125_Signal_Lamp_3_INDEX_2</name>
           <model>japan\misc\JM125\JM125.model</model>
        </node>
        <node>
           <name>MP_JM006_Binocular_1</name>
           <model>japan\misc\JM006\JM006.model</model>
        </node>
        <node>
           <name>MP_CM010_Fire_Hose_Reel</name>
           <model>common\misc\CM010\CM010.model</model>
        </node>
        <node>
           <name>MP_JM006_Binocular_1_INDEX_1</name>
           <model>japan\misc\JM006\JM006.model</model>
        </node>
        <node>
           <name>MP_JM019_Ventilators_3_INDEX_3</name>
           <model>japan\misc\JM019\JM019.model</model>
        </node>
        <node>
           <name>MP_JM061_Deck_Hatch_10</name>
           <model>japan\misc\JM061\JM061.model</model>
        </node>
        <node>
           <name>MP_JM030_Wind_Direction</name>
           <model>japan\misc\JM030\JM030.model</model>
        </node>
        <node>
           <name>MP_JM107_Binocular_2_INDEX_2</name>
           <model>japan\misc\JM107\JM107.model</model>
        </node>
        <node>
           <name>MP_JM107_Binocular_2_INDEX_3</name>
           <model>japan\misc\JM107\JM107.model</model>
        </node>
        <node>
           <name>MP_JM006_Binocular_1_INDEX_2</name>
           <model>japan\misc\JM006\JM006.model</model>
        </node>
        <node>
           <name>MP_JM114_Fuse_Second_Controller</name>
           <model>japan\misc\JM114\JM114.model</model>
        </node>
        <node>
           <name>MP_JM010_Deck_Lamp</name>
           <model>japan\misc\JM010\JM010.model</model>
        </node>
        <node>
           <name>MP_JM059_Deck_Hatch_8_INDEX_3</name>
           <model>japan\misc\JM059\JM059.model</model>
        </node>
        <node>
           <name>MP_JM018_Ventilators_2_INDEX_1</name>
           <model>japan\misc\JM018\JM018.model</model>
        </node>
        <node>
           <name>MP_JM019_Ventilators_3_INDEX_4</name>
           <model>japan\misc\JM019\JM019.model</model>
        </node>
        <node>
           <name>MP_JM019_Ventilators_3_INDEX_5</name>
           <model>japan\misc\JM019\JM019.model</model>
        </node>
        <node>
           <name>MP_JM117_Crew_Exercise_Machine</name>
           <model>japan\misc\JM117\JM117.model</model>
        </node>
        <node>
           <name>MP_JM058_Deck_Hatch_7_INDEX_2</name>
           <model>japan\misc\JM058\JM058.model</model>
        </node>
        <node>
           <name>MP_JM107_Binocular_2_INDEX_4</name>
           <model>japan\misc\JM107\JM107.model</model>
        </node>
        <node>
           <name>MP_CM010_Fire_Hose_Reel_INDEX_1</name>
           <model>common\misc\CM010\CM010.model</model>
        </node>
        <node>
           <name>MP_JM107_Binocular_2_INDEX_5</name>
           <model>japan\misc\JM107\JM107.model</model>
        </node>
        <node>
           <name>MP_JM114_Fuse_Second_Controller_INDEX_1</name>
           <model>japan\misc\JM114\JM114.model</model>
        </node>
        <node>
           <name>MP_JM006_Binocular_1_INDEX_3</name>
           <model>japan\misc\JM006\JM006.model</model>
        </node>
        <node>
           <name>MP_JM018_Ventilators_2_INDEX_2</name>
           <model>japan\misc\JM018\JM018.model</model>
        </node>
        <node>
           <name>MP_JM018_Ventilators_2_INDEX_3</name>
           <model>japan\misc\JM018\JM018.model</model>
        </node>
        <node>
           <name>MP_JM058_Deck_Hatch_7_INDEX_3</name>
           <model>japan\misc\JM058\JM058.model</model>
        </node>
        <node>
           <name>MP_JM002_Paravane</name>
           <model>japan\misc\JM002\JM002.model</model>
        </node>
        <node>
           <name>MP_JM063_Sky_Light</name>
           <model>japan\misc\JM063\JM063.model</model>
        </node>
        <node>
           <name>MP_JM140_Binocular_4_INDEX_1</name>
           <model>japan\misc\JM140\JM140.model</model>
        </node>
        <node>
           <name>MP_JM059_Deck_Hatch_8_INDEX_4</name>
           <model>japan\misc\JM059\JM059.model</model>
        </node>
        <node>
           <name>MP_JM059_Deck_Hatch_8_INDEX_5</name>
           <model>japan\misc\JM059\JM059.model</model>
        </node>
        <node>
           <name>MP_JM107_Binocular_2_INDEX_6</name>
           <model>japan\misc\JM107\JM107.model</model>
        </node>
        <node>
           <name>MP_JM125_Signal_Lamp_3_INDEX_3</name>
           <model>japan\misc\JM125\JM125.model</model>
        </node>
        <node>
           <name>MP_JM019_Ventilators_3_INDEX_6</name>
           <model>japan\misc\JM019\JM019.model</model>
        </node>
        <node>
           <name>MP_JM019_Ventilators_3_INDEX_7</name>
           <model>japan\misc\JM019\JM019.model</model>
        </node>
        <node>
           <name>MP_JM019_Ventilators_3_INDEX_8</name>
           <model>japan\misc\JM019\JM019.model</model>
        </node>
        <node>
           <name>MP_JM063_Sky_Light_INDEX_1</name>
           <model>japan\misc\JM063\JM063.model</model>
        </node>
        <node>
           <name>MP_JM140_Binocular_4_INDEX_2</name>
           <model>japan\misc\JM140\JM140.model</model>
        </node>
        <node>
           <name>MP_JM107_Binocular_2_INDEX_7</name>
           <model>japan\misc\JM107\JM107.model</model>
        </node>
        <node>
           <name>MP_JM017_Ventilators_1</name>
           <model>japan\misc\JM017\JM017.model</model>
        </node>
        <node>
           <name>MP_JM107_Binocular_2_INDEX_8</name>
           <model>japan\misc\JM107\JM107.model</model>
        </node>
        <node>
           <name>MP_JM125_Signal_Lamp_3_INDEX_4</name>
           <model>japan\misc\JM125\JM125.model</model>
        </node>
        <node>
           <name>MP_JM018_Ventilators_2_INDEX_4</name>
           <model>japan\misc\JM018\JM018.model</model>
        </node>
        <node>
           <name>MP_JM049_Davit_2</name>
           <model>japan\misc\JM049\JM049.model</model>
        </node>
        <node>
           <name>MP_JM008_Searchlight</name>
           <model>japan\misc\JM008\JM008.model</model>
        </node>
        <node>
           <name>MP_JM140_Binocular_4_INDEX_3</name>
           <model>japan\misc\JM140\JM140.model</model>
        </node>
        <node>
           <name>MP_JM059_Deck_Hatch_8_INDEX_6</name>
           <model>japan\misc\JM059\JM059.model</model>
        </node>
        <node>
           <name>MP_JM125_Signal_Lamp_3_INDEX_5</name>
           <model>japan\misc\JM125\JM125.model</model>
        </node>
        <node>
           <name>MP_JM019_Ventilators_3_INDEX_9</name>
           <model>japan\misc\JM019\JM019.model</model>
        </node>
        <node>
           <name>MP_JM061_Deck_Hatch_10_INDEX_1</name>
           <model>japan\misc\JM061\JM061.model</model>
        </node>
        <node>
           <name>MP_JM019_Ventilators_3_INDEX_10</name>
           <model>japan\misc\JM019\JM019.model</model>
        </node>
        <node>
           <name>MP_JM019_Ventilators_3_INDEX_11</name>
           <model>japan\misc\JM019\JM019.model</model>
        </node>
        <node>
           <name>MP_JM055_Deck_Hatch_4_INDEX_1</name>
           <model>japan\misc\JM055\JM055.model</model>
        </node>
        <node>
           <name>MP_JM107_Binocular_2_INDEX_9</name>
           <model>japan\misc\JM107\JM107.model</model>
        </node>
        <node>
           <name>MP_JM093_Running_Lights_L</name>
           <model>japan\misc\JM093\JM093.model</model>
        </node>
        <node>
           <name>MP_JM125_Signal_Lamp_3_INDEX_6</name>
           <model>japan\misc\JM125\JM125.model</model>
        </node>
        <node>
           <name>MP_JM107_Binocular_2_INDEX_10</name>
           <model>japan\misc\JM107\JM107.model</model>
        </node>
        <node>
           <name>MP_JM019_Ventilators_3_INDEX_12</name>
           <model>japan\misc\JM019\JM019.model</model>
        </node>
        <node>
           <name>MP_JM125_Signal_Lamp_3_INDEX_7</name>
           <model>japan\misc\JM125\JM125.model</model>
        </node>
        <node>
           <name>MP_JM059_Deck_Hatch_8_INDEX_7</name>
           <model>japan\misc\JM059\JM059.model</model>
        </node>
        <node>
           <name>MP_JM006_Binocular_1_INDEX_4</name>
           <model>japan\misc\JM006\JM006.model</model>
        </node>
        <node>
           <name>MP_JM059_Deck_Hatch_8_INDEX_8</name>
           <model>japan\misc\JM059\JM059.model</model>
        </node>
        <node>
           <name>MP_CM009_Life_Buoy_2</name>
           <model>common\misc\CM009\CM009.model</model>
        </node>
        <node>
           <name>MP_JM063_Sky_Light_INDEX_2</name>
           <model>japan\misc\JM063\JM063.model</model>
        </node>
        <node>
           <name>MP_JM019_Ventilators_3_INDEX_13</name>
           <model>japan\misc\JM019\JM019.model</model>
        </node>
        <node>
           <name>MP_JM092_Running_Lights_R</name>
           <model>japan\misc\JM092\JM092.model</model>
        </node>
        <node>
           <name>MP_CM009_Life_Buoy_2_INDEX_1</name>
           <model>common\misc\CM009\CM009.model</model>
        </node>
        <node>
           <name>MP_JM037_Cutter_9m_INDEX_1</name>
           <model>japan\misc\JM037\JM037.model</model>
        </node>
        <node>
           <name>MP_JM107_Binocular_2_INDEX_11</name>
           <model>japan\misc\JM107\JM107.model</model>
        </node>
        <node>
           <name>MP_JM058_Deck_Hatch_7_INDEX_4</name>
           <model>japan\misc\JM058\JM058.model</model>
        </node>
        <node>
           <name>MP_JM107_Binocular_2_INDEX_12</name>
           <model>japan\misc\JM107\JM107.model</model>
        </node>
        <node>
           <name>MP_CM017_Boat_Stowage_3_INDEX_2</name>
           <model>common\misc\CM017\CM017.model</model>
        </node>
        <node>
           <name>MP_JM019_Ventilators_3_INDEX_14</name>
           <model>japan\misc\JM019\JM019.model</model>
        </node>
        <node>
           <name>MP_JM059_Deck_Hatch_8_INDEX_9</name>
           <model>japan\misc\JM059\JM059.model</model>
        </node>
        <node>
           <name>MP_JM140_Binocular_4_INDEX_4</name>
           <model>japan\misc\JM140\JM140.model</model>
        </node>
        <node>
           <name>MP_JM059_Deck_Hatch_8_INDEX_10</name>
           <model>japan\misc\JM059\JM059.model</model>
        </node>
        <node>
           <name>MP_JM019_Ventilators_3_INDEX_15</name>
           <model>japan\misc\JM019\JM019.model</model>
        </node>
        <node>
           <name>MP_JM063_Sky_Light_INDEX_3</name>
           <model>japan\misc\JM063\JM063.model</model>
        </node>
        <node>
           <name>MP_JM018_Ventilators_2_INDEX_5</name>
           <model>japan\misc\JM018\JM018.model</model>
        </node>
        <node>
           <name>MP_JM031_Wind_Intensity</name>
           <model>japan\misc\JM031\JM031.model</model>
        </node>
        <node>
           <name>MP_JM107_Binocular_2_INDEX_13</name>
           <model>japan\misc\JM107\JM107.model</model>
        </node>
        <node>
           <name>MP_JM018_Ventilators_2_INDEX_6</name>
           <model>japan\misc\JM018\JM018.model</model>
        </node>
        <node>
           <name>MP_CM023_Accommodation_Ladder_Closed</name>
           <model>common\misc\CM023\CM023.model</model>
        </node>
        <node>
           <name>MP_JM019_Ventilators_3_INDEX_16</name>
           <model>japan\misc\JM019\JM019.model</model>
        </node>
        <node>
           <name>MP_JM140_Binocular_4_INDEX_5</name>
           <model>japan\misc\JM140\JM140.model</model>
        </node>
        <node>
           <name>MP_JM009_Signal_Lamp</name>
           <model>japan\misc\JM009\JM009.model</model>
        </node>
        <node>
           <name>MP_CM017_Boat_Stowage_3_INDEX_3</name>
           <model>common\misc\CM017\CM017.model</model>
        </node>
        <node>
           <name>MP_JM059_Deck_Hatch_8_INDEX_11</name>
           <model>japan\misc\JM059\JM059.model</model>
        </node>
        <node>
           <name>MP_JM058_Deck_Hatch_7_INDEX_5</name>
           <model>japan\misc\JM058\JM058.model</model>
        </node>
        <node>
           <name>MP_JM125_Signal_Lamp_3_INDEX_8</name>
           <model>japan\misc\JM125\JM125.model</model>
        </node>
        <node>
           <name>MP_JM096_Davit_3_INDEX_1</name>
           <model>japan\misc\JM096\JM096.model</model>
        </node>
        <node>
           <name>MP_JM058_Deck_Hatch_7_INDEX_6</name>
           <model>japan\misc\JM058\JM058.model</model>
        </node>
        <node>
           <name>MP_JM140_Binocular_4_INDEX_6</name>
           <model>japan\misc\JM140\JM140.model</model>
        </node>
        <node>
           <name>MP_JM010_Deck_Lamp_INDEX_1</name>
           <model>japan\misc\JM010\JM010.model</model>
        </node>
        <node>
           <name>MP_JM058_Deck_Hatch_7_INDEX_7</name>
           <model>japan\misc\JM058\JM058.model</model>
        </node>
        <node>
           <name>MP_JM107_Binocular_2_INDEX_14</name>
           <model>japan\misc\JM107\JM107.model</model>
        </node>
        <node>
           <name>MP_JM062_Deck_Hatch_11</name>
           <model>japan\misc\JM062\JM062.model</model>
        </node>
        <node>
           <name>MP_JM089_Signal_Platform_1</name>
           <model>japan\misc\JM089\JM089.model</model>
        </node>
        <node>
           <name>MP_JM117_Crew_Exercise_Machine_INDEX_1</name>
           <model>japan\misc\JM117\JM117.model</model>
        </node>
        <node>
           <name>MP_JM002_Paravane_INDEX_1</name>
           <model>japan\misc\JM002\JM002.model</model>
        </node>
        <node>
           <name>MP_JM019_Ventilators_3_INDEX_17</name>
           <model>japan\misc\JM019\JM019.model</model>
        </node>
        <node>
           <name>MP_JM019_Ventilators_3_INDEX_18</name>
           <model>japan\misc\JM019\JM019.model</model>
        </node>
        <node>
           <name>MP_JM006_Binocular_1_INDEX_5</name>
           <model>japan\misc\JM006\JM006.model</model>
        </node>
        <node>
           <name>MP_JM009_Signal_Lamp_INDEX_1</name>
           <model>japan\misc\JM009\JM009.model</model>
        </node>
        <node>
           <name>MP_JM089_Signal_Platform_1_INDEX_1</name>
           <model>japan\misc\JM089\JM089.model</model>
        </node>
        <node>
           <name>MP_JM061_Deck_Hatch_10_INDEX_2</name>
           <model>japan\misc\JM061\JM061.model</model>
        </node>
        <node>
           <name>MP_JM058_Deck_Hatch_7_INDEX_8</name>
           <model>japan\misc\JM058\JM058.model</model>
        </node>
        <node>
           <name>MP_JM125_Signal_Lamp_3_INDEX_9</name>
           <model>japan\misc\JM125\JM125.model</model>
        </node>
        <node>
           <name>MP_JM019_Ventilators_3_INDEX_19</name>
           <model>japan\misc\JM019\JM019.model</model>
        </node>
        <node>
           <name>MP_JM059_Deck_Hatch_8_INDEX_12</name>
           <model>japan\misc\JM059\JM059.model</model>
        </node>
        <node>
           <name>MP_JM063_Sky_Light_INDEX_4</name>
           <model>japan\misc\JM063\JM063.model</model>
        </node>
        <node>
           <name>MP_JM017_Ventilators_1_INDEX_1</name>
           <model>japan\misc\JM017\JM017.model</model>
        </node>
        <node>
           <name>MP_JM140_Binocular_4_INDEX_7</name>
           <model>japan\misc\JM140\JM140.model</model>
        </node>
        <node>
           <name>MP_JM108_Binocular_3</name>
           <model>japan\misc\JM108\JM108.model</model>
        </node>
        <node>
           <name>MP_JM059_Deck_Hatch_8_INDEX_13</name>
           <model>japan\misc\JM059\JM059.model</model>
        </node>
        <node>
           <name>MP_JM021_Ventilators_5_INDEX_1</name>
           <model>japan\misc\JM021\JM021.model</model>
        </node>
        <node>
           <name>MP_JM049_Davit_2_INDEX_1</name>
           <model>japan\misc\JM049\JM049.model</model>
        </node>
        <node>
           <name>MP_JM107_Binocular_2_INDEX_15</name>
           <model>japan\misc\JM107\JM107.model</model>
        </node>
        <node>
           <name>MP_JM107_Binocular_2_INDEX_16</name>
           <model>japan\misc\JM107\JM107.model</model>
        </node>
        <node>
           <name>MP_JM107_Binocular_2_INDEX_17</name>
           <model>japan\misc\JM107\JM107.model</model>
        </node>
        <node>
           <name>MP_JM107_Binocular_2_INDEX_18</name>
           <model>japan\misc\JM107\JM107.model</model>
        </node>
        <node>
           <name>MP_JM125_Signal_Lamp_3_INDEX_10</name>
           <model>japan\misc\JM125\JM125.model</model>
        </node>
        <node>
           <name>MP_JM250_Gauge_2</name>
           <model>japan\misc\JM250\JM250.model</model>
        </node>
        <node>
           <name>MP_JM250_Gauge_2_INDEX_1</name>
           <model>japan\misc\JM250\JM250.model</model>
        </node>
        <node>
           <name>MP_JM238_Speaker_tube_2</name>
           <model>japan\misc\JM238\JM238.model</model>
        </node>
        <node>
           <name>MP_JM165_Telegraph_Engine</name>
           <model>japan\misc\JM165\JM165.model</model>
        </node>
        <node>
           <name>MP_JM240_Speaker_tube_4</name>
           <model>japan\misc\JM240\JM240.model</model>
        </node>
        <node>
           <name>MP_JM265_Wall_trigger_2</name>
           <model>japan\misc\JM265\JM265.model</model>
        </node>
        <node>
           <name>MP_JM252_Gauge_4</name>
           <model>japan\misc\JM252\JM252.model</model>
        </node>
        <node>
           <name>MP_JM253_Gauge_5</name>
           <model>japan\misc\JM253\JM253.model</model>
        </node>
        <node>
           <name>MP_JM254_Gauge_6</name>
           <model>japan\misc\JM254\JM254.model</model>
        </node>
        <node>
           <name>MP_JM266_Wall_trigger_3</name>
           <model>japan\misc\JM266\JM266.model</model>
        </node>
        <node>
           <name>MP_JM263_Small_fuse_box</name>
           <model>japan\misc\JM263\JM263.model</model>
        </node>
        <node>
           <name>MP_JM251_Gauge_3</name>
           <model>japan\misc\JM251\JM251.model</model>
        </node>
        <node>
           <name>MP_JM264_Wall_trigger_1</name>
           <model>japan\misc\JM264\JM264.model</model>
        </node>
        <node>
           <name>MP_JM166_Voice_Tube</name>
           <model>japan\misc\JM166\JM166.model</model>
        </node>
        <node>
           <name>MP_JM242_Speaker_tube_group_R</name>
           <model>japan\misc\JM242\JM242.model</model>
        </node>
        <node>
           <name>MP_JM255_Double_Gauge</name>
           <model>japan\misc\JM255\JM255.model</model>
        </node>
        <node>
           <name>MP_JM252_Gauge_4_INDEX_1</name>
           <model>japan\misc\JM252\JM252.model</model>
        </node>
        <node>
           <name>MP_JM257_Clock</name>
           <model>japan\misc\JM257\JM257.model</model>
        </node>
        <node>
           <name>MP_JM244_Gyro_2</name>
           <model>japan\misc\JM244\JM244.model</model>
        </node>
        <node>
           <name>MP_JM251_Gauge_3_INDEX_1</name>
           <model>japan\misc\JM251\JM251.model</model>
        </node>
        <node>
           <name>MP_JM255_Double_Gauge_INDEX_1</name>
           <model>japan\misc\JM255\JM255.model</model>
        </node>
        <node>
           <name>MP_CM029_Emergency_Box</name>
           <model>common\misc\CM029\CM029.model</model>
        </node>
        <node>
           <name>MP_JM254_Gauge_6_INDEX_1</name>
           <model>japan\misc\JM254\JM254.model</model>
        </node>
        <node>
           <name>MP_JM253_Gauge_5_INDEX_1</name>
           <model>japan\misc\JM253\JM253.model</model>
        </node>
        <node>
           <name>MP_JM252_Gauge_4_INDEX_2</name>
           <model>japan\misc\JM252\JM252.model</model>
        </node>
        <node>
           <name>MP_JM166_Voice_Tube_INDEX_1</name>
           <model>japan\misc\JM166\JM166.model</model>
        </node>
        <node>
           <name>MP_JM251_Gauge_3_INDEX_2</name>
           <model>japan\misc\JM251\JM251.model</model>
        </node>
        <node>
           <name>MP_JM240_Speaker_tube_4_INDEX_1</name>
           <model>japan\misc\JM240\JM240.model</model>
        </node>
        <node>
           <name>MP_JM189_Compass_Binnacle</name>
           <model>japan\misc\JM189\JM189.model</model>
        </node>
        <node>
           <name>MP_JM264_Wall_trigger_1_INDEX_1</name>
           <model>japan\misc\JM264\JM264.model</model>
        </node>
        <node>
           <name>MP_JM249_Gauge_1</name>
           <model>japan\misc\JM249\JM249.model</model>
        </node>
        <node>
           <name>MP_JM261_Fuse_box_1</name>
           <model>japan\misc\JM261\JM261.model</model>
        </node>
        <node>
           <name>MP_JM257_Clock_INDEX_1</name>
           <model>japan\misc\JM257\JM257.model</model>
        </node>
        <node>
           <name>MP_JM259_Gauge_8</name>
           <model>japan\misc\JM259\JM259.model</model>
        </node>
        <node>
           <name>MP_JM241_Speaker_tube_group_L</name>
           <model>japan\misc\JM241\JM241.model</model>
        </node>
        <node>
           <name>MP_JM158_Main_Wheel</name>
           <model>japan\misc\JM158\JM158.model</model>
        </node>
        <node>
           <name>MP_JM137_Torpedo_Bogie_610mm</name>
           <model>japan\misc\JM137\JM137.model</model>
        </node>
        <node>
           <name>MP_JM137_Torpedo_Bogie_610mm_INDEX_1</name>
           <model>japan\misc\JM137\JM137.model</model>
        </node>
        <node>
           <name>MP_JM137_Torpedo_Bogie_610mm_INDEX_2</name>
           <model>japan\misc\JM137\JM137.model</model>
        </node>
        <node>
           <name>MP_JM137_Torpedo_Bogie_610mm_INDEX_3</name>
           <model>japan\misc\JM137\JM137.model</model>
        </node>
        <node>
           <name>MP_JM137_Torpedo_Bogie_610mm_INDEX_4</name>
           <model>japan\misc\JM137\JM137.model</model>
        </node>
        <node>
           <name>MP_JM137_Torpedo_Bogie_610mm_INDEX_5</name>
           <model>japan\misc\JM137\JM137.model</model>
        </node>
        <node>
           <name>MP_JM137_Torpedo_Bogie_610mm_INDEX_6</name>
           <model>japan\misc\JM137\JM137.model</model>
        </node>
        <node>
           <name>MP_JM137_Torpedo_Bogie_610mm_INDEX_7</name>
           <model>japan\misc\JM137\JM137.model</model>
        </node>
        <node>
           <name>MP_JM220_610mm_93Torpedo</name>
           <model>japan\misc\JM220\JM220.model</model>
        </node>
        <node>
           <name>MP_JM220_610mm_93Torpedo_INDEX_1</name>
           <model>japan\misc\JM220\JM220.model</model>
        </node>
        <node>
           <name>MP_JM220_610mm_93Torpedo_INDEX_2</name>
           <model>japan\misc\JM220\JM220.model</model>
        </node>
        <node>
           <name>MP_JM220_610mm_93Torpedo_INDEX_3</name>
           <model>japan\misc\JM220\JM220.model</model>
        </node>
        <node>
           <name>MP_CM029_Emergency_Box_INDEX_1</name>
           <model>common\misc\CM029\CM029.model</model>
        </node>
        <node>
           <name>MP_JM252_Gauge_4_INDEX_3</name>
           <model>japan\misc\JM252\JM252.model</model>
        </node>
        <node>
           <name>MP_JM251_Gauge_3_INDEX_3</name>
           <model>japan\misc\JM251\JM251.model</model>
        </node>
        <node>
           <name>MP_JM255_Double_Gauge_INDEX_2</name>
           <model>japan\misc\JM255\JM255.model</model>
        </node>
        <node>
           <name>MP_JM254_Gauge_6_INDEX_2</name>
           <model>japan\misc\JM254\JM254.model</model>
        </node>
        <node>
           <name>MP_JM137_Torpedo_Bogie_610mm_INDEX_8</name>
           <model>japan\misc\JM137\JM137.model</model>
        </node>
        <node>
           <name>MP_JM137_Torpedo_Bogie_610mm_INDEX_9</name>
           <model>japan\misc\JM137\JM137.model</model>
        </node>
        <node>
           <name>MP_JM137_Torpedo_Bogie_610mm_INDEX_10</name>
           <model>japan\misc\JM137\JM137.model</model>
        </node>
        <node>
           <name>MP_JM137_Torpedo_Bogie_610mm_INDEX_11</name>
           <model>japan\misc\JM137\JM137.model</model>
        </node>
        <node>
           <name>MP_JM137_Torpedo_Bogie_610mm_INDEX_12</name>
           <model>japan\misc\JM137\JM137.model</model>
        </node>
        <node>
           <name>MP_JM137_Torpedo_Bogie_610mm_INDEX_13</name>
           <model>japan\misc\JM137\JM137.model</model>
        </node>
        <node>
           <name>MP_JM137_Torpedo_Bogie_610mm_INDEX_14</name>
           <model>japan\misc\JM137\JM137.model</model>
        </node>
        <node>
           <name>MP_JM137_Torpedo_Bogie_610mm_INDEX_15</name>
           <model>japan\misc\JM137\JM137.model</model>
        </node>
        <node>
           <name>MP_JM220_610mm_93Torpedo_INDEX_4</name>
           <model>japan\misc\JM220\JM220.model</model>
        </node>
        <node>
           <name>MP_JM220_610mm_93Torpedo_INDEX_5</name>
           <model>japan\misc\JM220\JM220.model</model>
        </node>
        <node>
           <name>MP_JM220_610mm_93Torpedo_INDEX_6</name>
           <model>japan\misc\JM220\JM220.model</model>
        </node>
        <node>
           <name>MP_JM220_610mm_93Torpedo_INDEX_7</name>
           <model>japan\misc\JM220\JM220.model</model>
        </node>
        <node>
           <name>MP_JM219_Barbette_TA</name>
           <model>japan\misc\JM219\JM219.model</model>
        </node>
        <node>
           <name>MP_JM219_Barbette_TA_INDEX_1</name>
           <model>japan\misc\JM219\JM219.model</model>
        </node>
        <node>
           <name>MP_JM107_Binocular_2_INDEX_19</name>
           <model>japan\misc\JM107\JM107.model</model>
        </node>
        <node>
           <name>MP_JM107_Binocular_2_INDEX_20</name>
           <model>japan\misc\JM107\JM107.model</model>
        </node>
        <node>
           <name>HP_Smoke_1</name>
           <model>UNKNOWN_ITEM</model>
        </node>
        <node>
           <name>HP_Smoke_2</name>
           <model>UNKNOWN_ITEM</model>
        </node>
        <node>
           <name>HP_NoseWave_Speed</name>
           <model>UNKNOWN_ITEM</model>
        </node>
        <node>
           <name>HP_Fire_Burn_2</name>
           <model>UNKNOWN_ITEM</model>
        </node>
        <node>
           <name>HP_Smoke_3</name>
           <model>UNKNOWN_ITEM</model>
        </node>
    </midfront>
    <midback>
      <model>japan\ship\cruiser\JSC038_Atago_1944\JSC038_Atago_1944_MidBack_ports.model</model>
        <node>
           <name>HP_JC_1</name>
           <model>japan\catapult\JC001_Catapult_Shiki2\JC001_Catapult_Shiki2.model</model>
        </node>
        <node>
           <name>HP_JC_2</name>
           <model>japan\catapult\JC001_Catapult_Shiki2\JC001_Catapult_Shiki2.model</model>
        </node>
        <node>
           <name>HP_JD_6</name>
           <model>japan\director\JD004_Director_Type_94_1\JD004_Director_Type_94_1.model</model>
        </node>
        <node>
           <name>HP_JGA_21</name>
           <model>japan\gun\aaircraft\JGA018_25mm_Type96_single\JGA018_25mm_Type96_single.model</model>
        </node>
        <node>
           <name>HP_JGA_22</name>
           <model>japan\gun\aaircraft\JGA018_25mm_Type96_single\JGA018_25mm_Type96_single.model</model>
        </node>
        <node>
           <name>HP_JGA_23</name>
           <model>japan\gun\aaircraft\JGA018_25mm_Type96_single\JGA018_25mm_Type96_single.model</model>
        </node>
        <node>
           <name>HP_JGA_24</name>
           <model>japan\gun\aaircraft\JGA018_25mm_Type96_single\JGA018_25mm_Type96_single.model</model>
        </node>
        <node>
           <name>HP_JGA_25</name>
           <model>japan\gun\aaircraft\JGA018_25mm_Type96_single\JGA018_25mm_Type96_single.model</model>
        </node>
        <node>
           <name>HP_JGA_26</name>
           <model>japan\gun\aaircraft\JGA018_25mm_Type96_single\JGA018_25mm_Type96_single.model</model>
        </node>
        <node>
           <name>HP_JGA_27</name>
           <model>japan\gun\aaircraft\JGA018_25mm_Type96_single\JGA018_25mm_Type96_single.model</model>
        </node>
        <node>
           <name>HP_JGA_28</name>
           <model>japan\gun\aaircraft\JGA018_25mm_Type96_single\JGA018_25mm_Type96_single.model</model>
        </node>
        <node>
           <name>HP_JGA_29</name>
           <model>japan\gun\aaircraft\JGA018_25mm_Type96_single\JGA018_25mm_Type96_single.model</model>
        </node>
        <node>
           <name>HP_JGA_30</name>
           <model>japan\gun\aaircraft\JGA018_25mm_Type96_single\JGA018_25mm_Type96_single.model</model>
        </node>
        <node>
           <name>HP_JGA_31</name>
           <model>japan\gun\aaircraft\JGA018_25mm_Type96_single\JGA018_25mm_Type96_single.model</model>
        </node>
        <node>
           <name>HP_JGA_32</name>
           <model>japan\gun\aaircraft\JGA018_25mm_Type96_single\JGA018_25mm_Type96_single.model</model>
        </node>
        <node>
           <name>HP_JGA_33</name>
           <model>japan\gun\aaircraft\JGA018_25mm_Type96_single\JGA018_25mm_Type96_single.model</model>
        </node>
        <node>
           <name>HP_JGA_34</name>
           <model>japan\gun\aaircraft\JGA018_25mm_Type96_single\JGA018_25mm_Type96_single.model</model>
        </node>
        <node>
           <name>HP_JGA_35</name>
           <model>japan\gun\aaircraft\JGA018_25mm_Type96_single\JGA018_25mm_Type96_single.model</model>
        </node>
        <node>
           <name>HP_JGA_36</name>
           <model>japan\gun\aaircraft\JGA018_25mm_Type96_single\JGA018_25mm_Type96_single.model</model>
        </node>
        <node>
           <name>HP_JGA_37</name>
           <model>japan\gun\aaircraft\JGA018_25mm_Type96_single\JGA018_25mm_Type96_single.model</model>
        </node>
        <node>
           <name>HP_JGA_38</name>
           <model>japan\gun\aaircraft\JGA018_25mm_Type96_single\JGA018_25mm_Type96_single.model</model>
        </node>
        <node>
           <name>HP_JGM_4</name>
           <model>japan\gun\main\JGM024_203mm50_Type_E_RF\JGM024_203mm50_Type_E_RF.model</model>
        </node>
        <node>
           <name>HP_JGM_5</name>
           <model>japan\gun\main\JGM025_203mm50_Type_E\JGM025_203mm50_Type_E.model</model>
        </node>
        <node>
           <name>HP_JGS_3</name>
           <model>japan\gun\secondary\JGS009_127mm40_Type_89\JGS009_127mm40_Type_89.model</model>
        </node>
        <node>
           <name>HP_JGS_4</name>
           <model>japan\gun\secondary\JGS009_127mm40_Type_89\JGS009_127mm40_Type_89.model</model>
        </node>
        <node>
           <name>HP_JGT_3</name>
           <model>japan\gun\torpedo\JGT017_610mm4_Type_93L\JGT017_610mm4_Type_93L.model</model>
        </node>
        <node>
           <name>HP_JGT_4</name>
           <model>japan\gun\torpedo\JGT023_610mm4_Type_93R\JGT023_610mm4_Type_93R.model</model>
        </node>
        <node>
           <name>HP_JGA_20</name>
           <model>japan\gun\aaircraft\JGA018_25mm_Type96_single\JGA018_25mm_Type96_single.model</model>
        </node>
        <node>
           <name>HP_JGA_18</name>
           <model>japan\gun\aaircraft\JGA018_25mm_Type96_single\JGA018_25mm_Type96_single.model</model>
        </node>
        <node>
           <name>HP_JGA_17</name>
           <model>japan\gun\aaircraft\JGA018_25mm_Type96_single\JGA018_25mm_Type96_single.model</model>
        </node>
        <node>
           <name>HP_JGA_19</name>
           <model>japan\gun\aaircraft\JGA018_25mm_Type96_single\JGA018_25mm_Type96_single.model</model>
        </node>
        <node>
           <name>MP_JM059_Deck_Hatch_8</name>
           <model>japan\misc\JM059\JM059.model</model>
        </node>
        <node>
           <name>MP_JM096_Davit_3</name>
           <model>japan\misc\JM096\JM096.model</model>
        </node>
        <node>
           <name>MP_JM126_Signal_Lamp_4</name>
           <model>japan\misc\JM126\JM126.model</model>
        </node>
        <node>
           <name>MP_JM061_Deck_Hatch_10</name>
           <model>japan\misc\JM061\JM061.model</model>
        </node>
        <node>
           <name>MP_JM014_Reels_2</name>
           <model>japan\misc\JM014\JM014.model</model>
        </node>
        <node>
           <name>MP_JM059_Deck_Hatch_8_INDEX_1</name>
           <model>japan\misc\JM059\JM059.model</model>
        </node>
        <node>
           <name>MP_JM059_Deck_Hatch_8_INDEX_2</name>
           <model>japan\misc\JM059\JM059.model</model>
        </node>
        <node>
           <name>MP_JM058_Deck_Hatch_7</name>
           <model>japan\misc\JM058\JM058.model</model>
        </node>
        <node>
           <name>MP_JM005_Freon_Cylinder_acetylene</name>
           <model>japan\misc\JM005\JM005.model</model>
        </node>
        <node>
           <name>MP_JM021_Ventilators_5</name>
           <model>japan\misc\JM021\JM021.model</model>
        </node>
        <node>
           <name>MP_JM058_Deck_Hatch_7_INDEX_1</name>
           <model>japan\misc\JM058\JM058.model</model>
        </node>
        <node>
           <name>MP_CM009_Life_Buoy_2</name>
           <model>common\misc\CM009\CM009.model</model>
        </node>
        <node>
           <name>MP_CM011_Fire_Fighting_Gear</name>
           <model>common\misc\CM011\CM011.model</model>
        </node>
        <node>
           <name>MP_JM059_Deck_Hatch_8_INDEX_3</name>
           <model>japan\misc\JM059\JM059.model</model>
        </node>
        <node>
           <name>MP_JM058_Deck_Hatch_7_INDEX_2</name>
           <model>japan\misc\JM058\JM058.model</model>
        </node>
        <node>
           <name>MP_JM019_Ventilators_3</name>
           <model>japan\misc\JM019\JM019.model</model>
        </node>
        <node>
           <name>MP_JM058_Deck_Hatch_7_INDEX_3</name>
           <model>japan\misc\JM058\JM058.model</model>
        </node>
        <node>
           <name>MP_JM005_Freon_Cylinder_acetylene_INDEX_1</name>
           <model>japan\misc\JM005\JM005.model</model>
        </node>
        <node>
           <name>MP_JM105_Ventilators_9</name>
           <model>japan\misc\JM105\JM105.model</model>
        </node>
        <node>
           <name>MP_JM019_Ventilators_3_INDEX_1</name>
           <model>japan\misc\JM019\JM019.model</model>
        </node>
        <node>
           <name>MP_CM012_Fire_Hose_Rack_1</name>
           <model>common\misc\CM012\CM012.model</model>
        </node>
        <node>
           <name>MP_JM013_Reels_1</name>
           <model>japan\misc\JM013\JM013.model</model>
        </node>
        <node>
           <name>MP_JM124_Signal_Lamp_2</name>
           <model>japan\misc\JM124\JM124.model</model>
        </node>
        <node>
           <name>MP_JM125_Signal_Lamp_3</name>
           <model>japan\misc\JM125\JM125.model</model>
        </node>
        <node>
           <name>MP_JM015_Reels_3</name>
           <model>japan\misc\JM015\JM015.model</model>
        </node>
        <node>
           <name>MP_JM125_Signal_Lamp_3_INDEX_1</name>
           <model>japan\misc\JM125\JM125.model</model>
        </node>
        <node>
           <name>MP_JM014_Reels_2_INDEX_1</name>
           <model>japan\misc\JM014\JM014.model</model>
        </node>
        <node>
           <name>MP_JM014_Reels_2_INDEX_2</name>
           <model>japan\misc\JM014\JM014.model</model>
        </node>
        <node>
           <name>MP_JM059_Deck_Hatch_8_INDEX_4</name>
           <model>japan\misc\JM059\JM059.model</model>
        </node>
        <node>
           <name>MP_JM059_Deck_Hatch_8_INDEX_5</name>
           <model>japan\misc\JM059\JM059.model</model>
        </node>
        <node>
           <name>MP_CM011_Fire_Fighting_Gear_INDEX_1</name>
           <model>common\misc\CM011\CM011.model</model>
        </node>
        <node>
           <name>MP_JM017_Ventilators_1</name>
           <model>japan\misc\JM017\JM017.model</model>
        </node>
        <node>
           <name>MP_JM061_Deck_Hatch_10_INDEX_1</name>
           <model>japan\misc\JM061\JM061.model</model>
        </node>
        <node>
           <name>MP_JM059_Deck_Hatch_8_INDEX_6</name>
           <model>japan\misc\JM059\JM059.model</model>
        </node>
        <node>
           <name>MP_JM038_Motor_Boats_11m</name>
           <model>japan\misc\JM038\JM038.model</model>
        </node>
        <node>
           <name>MP_JM021_Ventilators_5_INDEX_1</name>
           <model>japan\misc\JM021\JM021.model</model>
        </node>
        <node>
           <name>MP_CM009_Life_Buoy_2_INDEX_1</name>
           <model>common\misc\CM009\CM009.model</model>
        </node>
        <node>
           <name>MP_JM019_Ventilators_3_INDEX_2</name>
           <model>japan\misc\JM019\JM019.model</model>
        </node>
        <node>
           <name>MP_JM125_Signal_Lamp_3_INDEX_2</name>
           <model>japan\misc\JM125\JM125.model</model>
        </node>
        <node>
           <name>MP_JM124_Signal_Lamp_2_INDEX_1</name>
           <model>japan\misc\JM124\JM124.model</model>
        </node>
        <node>
           <name>MP_JM021_Ventilators_5_INDEX_2</name>
           <model>japan\misc\JM021\JM021.model</model>
        </node>
        <node>
           <name>MP_JM019_Ventilators_3_INDEX_3</name>
           <model>japan\misc\JM019\JM019.model</model>
        </node>
        <node>
           <name>MP_JM014_Reels_2_INDEX_3</name>
           <model>japan\misc\JM014\JM014.model</model>
        </node>
        <node>
           <name>MP_JM059_Deck_Hatch_8_INDEX_7</name>
           <model>japan\misc\JM059\JM059.model</model>
        </node>
        <node>
           <name>MP_JM126_Signal_Lamp_4_INDEX_1</name>
           <model>japan\misc\JM126\JM126.model</model>
        </node>
        <node>
           <name>MP_JM005_Freon_Cylinder_acetylene_INDEX_2</name>
           <model>japan\misc\JM005\JM005.model</model>
        </node>
        <node>
           <name>MP_JM005_Freon_Cylinder_acetylene_INDEX_3</name>
           <model>japan\misc\JM005\JM005.model</model>
        </node>
        <node>
           <name>MP_JM063_Sky_Light</name>
           <model>japan\misc\JM063\JM063.model</model>
        </node>
        <node>
           <name>MP_JM059_Deck_Hatch_8_INDEX_8</name>
           <model>japan\misc\JM059\JM059.model</model>
        </node>
        <node>
           <name>MP_JM005_Freon_Cylinder_acetylene_INDEX_4</name>
           <model>japan\misc\JM005\JM005.model</model>
        </node>
        <node>
           <name>MP_JM106_Ventilators_10</name>
           <model>japan\misc\JM106\JM106.model</model>
        </node>
        <node>
           <name>MP_CM017_Boat_Stowage_3</name>
           <model>common\misc\CM017\CM017.model</model>
        </node>
        <node>
           <name>MP_JM058_Deck_Hatch_7_INDEX_4</name>
           <model>japan\misc\JM058\JM058.model</model>
        </node>
        <node>
           <name>MP_JM059_Deck_Hatch_8_INDEX_9</name>
           <model>japan\misc\JM059\JM059.model</model>
        </node>
        <node>
           <name>MP_JM018_Ventilators_2</name>
           <model>japan\misc\JM018\JM018.model</model>
        </node>
        <node>
           <name>MP_JM019_Ventilators_3_INDEX_4</name>
           <model>japan\misc\JM019\JM019.model</model>
        </node>
        <node>
           <name>MP_JM010_Deck_Lamp</name>
           <model>japan\misc\JM010\JM010.model</model>
        </node>
        <node>
           <name>MP_JM018_Ventilators_2_INDEX_1</name>
           <model>japan\misc\JM018\JM018.model</model>
        </node>
        <node>
           <name>MP_CM011_Fire_Fighting_Gear_INDEX_2</name>
           <model>common\misc\CM011\CM011.model</model>
        </node>
        <node>
           <name>MP_JM039_Motor_Launch_12m</name>
           <model>japan\misc\JM039\JM039.model</model>
        </node>
        <node>
           <name>MP_JM008_Searchlight</name>
           <model>japan\misc\JM008\JM008.model</model>
        </node>
        <node>
           <name>MP_JM005_Freon_Cylinder_acetylene_INDEX_5</name>
           <model>japan\misc\JM005\JM005.model</model>
        </node>
        <node>
           <name>MP_JM124_Signal_Lamp_2_INDEX_2</name>
           <model>japan\misc\JM124\JM124.model</model>
        </node>
        <node>
           <name>MP_JM058_Deck_Hatch_7_INDEX_5</name>
           <model>japan\misc\JM058\JM058.model</model>
        </node>
        <node>
           <name>MP_JM032_Electric_Deck_Winch</name>
           <model>japan\misc\JM032\JM032.model</model>
        </node>
        <node>
           <name>MP_JM125_Signal_Lamp_3_INDEX_3</name>
           <model>japan\misc\JM125\JM125.model</model>
        </node>
        <node>
           <name>MP_JM019_Ventilators_3_INDEX_5</name>
           <model>japan\misc\JM019\JM019.model</model>
        </node>
        <node>
           <name>MP_JM058_Deck_Hatch_7_INDEX_6</name>
           <model>japan\misc\JM058\JM058.model</model>
        </node>
        <node>
           <name>MP_JM114_Fuse_Second_Controller</name>
           <model>japan\misc\JM114\JM114.model</model>
        </node>
        <node>
           <name>MP_JM010_Deck_Lamp_INDEX_1</name>
           <model>japan\misc\JM010\JM010.model</model>
        </node>
        <node>
           <name>MP_CM009_Life_Buoy_2_INDEX_2</name>
           <model>common\misc\CM009\CM009.model</model>
        </node>
        <node>
           <name>MP_JM107_Binocular_2</name>
           <model>japan\misc\JM107\JM107.model</model>
        </node>
        <node>
           <name>MP_JM059_Deck_Hatch_8_INDEX_10</name>
           <model>japan\misc\JM059\JM059.model</model>
        </node>
        <node>
           <name>MP_CM009_Life_Buoy_2_INDEX_3</name>
           <model>common\misc\CM009\CM009.model</model>
        </node>
        <node>
           <name>MP_JM061_Deck_Hatch_10_INDEX_2</name>
           <model>japan\misc\JM061\JM061.model</model>
        </node>
        <node>
           <name>MP_CM017_Boat_Stowage_3_INDEX_1</name>
           <model>common\misc\CM017\CM017.model</model>
        </node>
        <node>
           <name>MP_JM017_Ventilators_1_INDEX_1</name>
           <model>japan\misc\JM017\JM017.model</model>
        </node>
        <node>
           <name>MP_JM059_Deck_Hatch_8_INDEX_11</name>
           <model>japan\misc\JM059\JM059.model</model>
        </node>
        <node>
           <name>MP_CM017_Boat_Stowage_3_INDEX_2</name>
           <model>common\misc\CM017\CM017.model</model>
        </node>
        <node>
           <name>MP_JM013_Reels_1_INDEX_1</name>
           <model>japan\misc\JM013\JM013.model</model>
        </node>
        <node>
           <name>MP_CM011_Fire_Fighting_Gear_INDEX_3</name>
           <model>common\misc\CM011\CM011.model</model>
        </node>
        <node>
           <name>MP_JM014_Reels_2_INDEX_4</name>
           <model>japan\misc\JM014\JM014.model</model>
        </node>
        <node>
           <name>MP_JM049_Davit_2</name>
           <model>japan\misc\JM049\JM049.model</model>
        </node>
        <node>
           <name>MP_JM019_Ventilators_3_INDEX_6</name>
           <model>japan\misc\JM019\JM019.model</model>
        </node>
        <node>
           <name>MP_JM019_Ventilators_3_INDEX_7</name>
           <model>japan\misc\JM019\JM019.model</model>
        </node>
        <node>
           <name>MP_JM021_Ventilators_5_INDEX_3</name>
           <model>japan\misc\JM021\JM021.model</model>
        </node>
        <node>
           <name>MP_JM059_Deck_Hatch_8_INDEX_12</name>
           <model>japan\misc\JM059\JM059.model</model>
        </node>
        <node>
           <name>MP_CM014_Fuel_Oil_Hose</name>
           <model>common\misc\CM014\CM014.model</model>
        </node>
        <node>
           <name>MP_CM017_Boat_Stowage_3_INDEX_3</name>
           <model>common\misc\CM017\CM017.model</model>
        </node>
        <node>
           <name>MP_JM005_Freon_Cylinder_acetylene_INDEX_6</name>
           <model>japan\misc\JM005\JM005.model</model>
        </node>
        <node>
           <name>MP_JM019_Ventilators_3_INDEX_8</name>
           <model>japan\misc\JM019\JM019.model</model>
        </node>
        <node>
           <name>MP_JM062_Deck_Hatch_11</name>
           <model>japan\misc\JM062\JM062.model</model>
        </node>
        <node>
           <name>MP_JM058_Deck_Hatch_7_INDEX_7</name>
           <model>japan\misc\JM058\JM058.model</model>
        </node>
        <node>
           <name>MP_JM019_Ventilators_3_INDEX_9</name>
           <model>japan\misc\JM019\JM019.model</model>
        </node>
        <node>
           <name>MP_JM019_Ventilators_3_INDEX_10</name>
           <model>japan\misc\JM019\JM019.model</model>
        </node>
        <node>
           <name>MP_JM059_Deck_Hatch_8_INDEX_13</name>
           <model>japan\misc\JM059\JM059.model</model>
        </node>
        <node>
           <name>MP_JM106_Ventilators_10_INDEX_1</name>
           <model>japan\misc\JM106\JM106.model</model>
        </node>
        <node>
           <name>MP_JM059_Deck_Hatch_8_INDEX_14</name>
           <model>japan\misc\JM059\JM059.model</model>
        </node>
        <node>
           <name>MP_JM125_Signal_Lamp_3_INDEX_4</name>
           <model>japan\misc\JM125\JM125.model</model>
        </node>
        <node>
           <name>MP_JM058_Deck_Hatch_7_INDEX_8</name>
           <model>japan\misc\JM058\JM058.model</model>
        </node>
        <node>
           <name>MP_JM027_Fairlead_2</name>
           <model>japan\misc\JM027\JM027.model</model>
        </node>
        <node>
           <name>MP_JM059_Deck_Hatch_8_INDEX_15</name>
           <model>japan\misc\JM059\JM059.model</model>
        </node>
        <node>
           <name>MP_JM005_Freon_Cylinder_acetylene_INDEX_7</name>
           <model>japan\misc\JM005\JM005.model</model>
        </node>
        <node>
           <name>MP_JM017_Ventilators_1_INDEX_2</name>
           <model>japan\misc\JM017\JM017.model</model>
        </node>
        <node>
           <name>MP_JM059_Deck_Hatch_8_INDEX_16</name>
           <model>japan\misc\JM059\JM059.model</model>
        </node>
        <node>
           <name>MP_CM017_Boat_Stowage_3_INDEX_4</name>
           <model>common\misc\CM017\CM017.model</model>
        </node>
        <node>
           <name>MP_JM018_Ventilators_2_INDEX_2</name>
           <model>japan\misc\JM018\JM018.model</model>
        </node>
        <node>
           <name>MP_JM026_Bollards</name>
           <model>japan\misc\JM026\JM026.model</model>
        </node>
        <node>
           <name>MP_CM014_Fuel_Oil_Hose_INDEX_1</name>
           <model>common\misc\CM014\CM014.model</model>
        </node>
        <node>
           <name>MP_JM005_Freon_Cylinder_acetylene_INDEX_8</name>
           <model>japan\misc\JM005\JM005.model</model>
        </node>
        <node>
           <name>MP_JM059_Deck_Hatch_8_INDEX_17</name>
           <model>japan\misc\JM059\JM059.model</model>
        </node>
        <node>
           <name>MP_JM008_Searchlight_INDEX_1</name>
           <model>japan\misc\JM008\JM008.model</model>
        </node>
        <node>
           <name>MP_JM038_Motor_Boats_11m_INDEX_1</name>
           <model>japan\misc\JM038\JM038.model</model>
        </node>
        <node>
           <name>MP_JM027_Fairlead_2_INDEX_1</name>
           <model>japan\misc\JM027\JM027.model</model>
        </node>
        <node>
           <name>MP_JM019_Ventilators_3_INDEX_11</name>
           <model>japan\misc\JM019\JM019.model</model>
        </node>
        <node>
           <name>MP_JM105_Ventilators_9_INDEX_1</name>
           <model>japan\misc\JM105\JM105.model</model>
        </node>
        <node>
           <name>MP_JM014_Reels_2_INDEX_5</name>
           <model>japan\misc\JM014\JM014.model</model>
        </node>
        <node>
           <name>MP_JM008_Searchlight_INDEX_2</name>
           <model>japan\misc\JM008\JM008.model</model>
        </node>
        <node>
           <name>MP_CM017_Boat_Stowage_3_INDEX_5</name>
           <model>common\misc\CM017\CM017.model</model>
        </node>
        <node>
           <name>MP_JM026_Bollards_INDEX_1</name>
           <model>japan\misc\JM026\JM026.model</model>
        </node>
        <node>
           <name>MP_JM062_Deck_Hatch_11_INDEX_1</name>
           <model>japan\misc\JM062\JM062.model</model>
        </node>
        <node>
           <name>MP_JM063_Sky_Light_INDEX_1</name>
           <model>japan\misc\JM063\JM063.model</model>
        </node>
        <node>
           <name>MP_JM019_Ventilators_3_INDEX_12</name>
           <model>japan\misc\JM019\JM019.model</model>
        </node>
        <node>
           <name>MP_JM019_Ventilators_3_INDEX_13</name>
           <model>japan\misc\JM019\JM019.model</model>
        </node>
        <node>
           <name>MP_JM126_Signal_Lamp_4_INDEX_2</name>
           <model>japan\misc\JM126\JM126.model</model>
        </node>
        <node>
           <name>MP_JM059_Deck_Hatch_8_INDEX_18</name>
           <model>japan\misc\JM059\JM059.model</model>
        </node>
        <node>
           <name>MP_JM019_Ventilators_3_INDEX_14</name>
           <model>japan\misc\JM019\JM019.model</model>
        </node>
        <node>
           <name>MP_JM019_Ventilators_3_INDEX_15</name>
           <model>japan\misc\JM019\JM019.model</model>
        </node>
        <node>
           <name>MP_JM125_Signal_Lamp_3_INDEX_5</name>
           <model>japan\misc\JM125\JM125.model</model>
        </node>
        <node>
           <name>MP_JM005_Freon_Cylinder_acetylene_INDEX_9</name>
           <model>japan\misc\JM005\JM005.model</model>
        </node>
        <node>
           <name>MP_JM114_Fuse_Second_Controller_INDEX_1</name>
           <model>japan\misc\JM114\JM114.model</model>
        </node>
        <node>
           <name>MP_JM058_Deck_Hatch_7_INDEX_9</name>
           <model>japan\misc\JM058\JM058.model</model>
        </node>
        <node>
           <name>MP_JM125_Signal_Lamp_3_INDEX_6</name>
           <model>japan\misc\JM125\JM125.model</model>
        </node>
        <node>
           <name>MP_JM005_Freon_Cylinder_acetylene_INDEX_10</name>
           <model>japan\misc\JM005\JM005.model</model>
        </node>
        <node>
           <name>MP_CM012_Fire_Hose_Rack_1_INDEX_1</name>
           <model>common\misc\CM012\CM012.model</model>
        </node>
        <node>
           <name>MP_JM058_Deck_Hatch_7_INDEX_10</name>
           <model>japan\misc\JM058\JM058.model</model>
        </node>
        <node>
           <name>MP_JM005_Freon_Cylinder_acetylene_INDEX_11</name>
           <model>japan\misc\JM005\JM005.model</model>
        </node>
        <node>
           <name>MP_JM019_Ventilators_3_INDEX_16</name>
           <model>japan\misc\JM019\JM019.model</model>
        </node>
        <node>
           <name>MP_JM219_Barbette_TA</name>
           <model>japan\misc\JM219\JM219.model</model>
        </node>
        <node>
           <name>MP_JM219_Barbette_TA_INDEX_1</name>
           <model>japan\misc\JM219\JM219.model</model>
        </node>
        <node>
           <name>HP_Fire_Burn_3</name>
           <model>UNKNOWN_ITEM</model>
        </node>
    </midback>
    <stern>
      <model>japan\ship\cruiser\JSC038_Atago_1944\JSC038_Atago_1944_Stern_ports.model</model>
        <node>
           <name>HP_JGA_39</name>
           <model>japan\gun\aaircraft\JGA018_25mm_Type96_single\JGA018_25mm_Type96_single.model</model>
        </node>
        <node>
           <name>HP_JGA_40</name>
           <model>japan\gun\aaircraft\JGA018_25mm_Type96_single\JGA018_25mm_Type96_single.model</model>
        </node>
        <node>
           <name>HP_JGA_41</name>
           <model>japan\gun\aaircraft\JGA018_25mm_Type96_single\JGA018_25mm_Type96_single.model</model>
        </node>
        <node>
           <name>HP_JGA_42</name>
           <model>japan\gun\aaircraft\JGA018_25mm_Type96_single\JGA018_25mm_Type96_single.model</model>
        </node>
        <node>
           <name>HP_flag_nation</name>
           <model>japan\misc\JM001\JM001.model</model>
        </node>
        <node>
           <name>MP_JM043_Screen_Smoke</name>
           <model>japan\misc\JM043\JM043.model</model>
        </node>
        <node>
           <name>MP_JM125_Signal_Lamp_3</name>
           <model>japan\misc\JM125\JM125.model</model>
        </node>
        <node>
           <name>MP_JM059_Deck_Hatch_8</name>
           <model>japan\misc\JM059\JM059.model</model>
        </node>
        <node>
           <name>MP_CM033_Propeller4_R</name>
           <model>common\misc\CM033\CM033.model</model>
        </node>
        <node>
           <name>MP_JM043_Screen_Smoke_INDEX_1</name>
           <model>japan\misc\JM043\JM043.model</model>
        </node>
        <node>
           <name>MP_JM021_Ventilators_5</name>
           <model>japan\misc\JM021\JM021.model</model>
        </node>
        <node>
           <name>MP_JM082_Gun_Deck_2</name>
           <model>japan\misc\JM082\JM082.model</model>
        </node>
        <node>
           <name>MP_JM026_Bollards</name>
           <model>japan\misc\JM026\JM026.model</model>
        </node>
        <node>
           <name>MP_CM005_Anchor_1</name>
           <model>common\misc\CM005\CM005.model</model>
        </node>
        <node>
           <name>MP_JM007_Life_Buoy_box</name>
           <model>japan\misc\JM007\JM007.model</model>
        </node>
        <node>
           <name>MP_CM033_Propeller4_R_INDEX_1</name>
           <model>common\misc\CM033\CM033.model</model>
        </node>
        <node>
           <name>MP_JM026_Bollards_INDEX_1</name>
           <model>japan\misc\JM026\JM026.model</model>
        </node>
        <node>
           <name>MP_JM062_Deck_Hatch_11</name>
           <model>japan\misc\JM062\JM062.model</model>
        </node>
        <node>
           <name>MP_JM019_Ventilators_3</name>
           <model>japan\misc\JM019\JM019.model</model>
        </node>
        <node>
           <name>MP_JM043_Screen_Smoke_INDEX_2</name>
           <model>japan\misc\JM043\JM043.model</model>
        </node>
        <node>
           <name>MP_CM002_Propeller4_L</name>
           <model>common\misc\CM002\CM002.model</model>
        </node>
        <node>
           <name>MP_JM059_Deck_Hatch_8_INDEX_1</name>
           <model>japan\misc\JM059\JM059.model</model>
        </node>
        <node>
           <name>MP_CM002_Propeller4_L_INDEX_1</name>
           <model>common\misc\CM002\CM002.model</model>
        </node>
        <node>
           <name>MP_JM019_Ventilators_3_INDEX_1</name>
           <model>japan\misc\JM019\JM019.model</model>
        </node>
        <node>
           <name>MP_JM059_Deck_Hatch_8_INDEX_2</name>
           <model>japan\misc\JM059\JM059.model</model>
        </node>
        <node>
           <name>MP_JM061_Deck_Hatch_10</name>
           <model>japan\misc\JM061\JM061.model</model>
        </node>
        <node>
           <name>MP_JM043_Screen_Smoke_INDEX_3</name>
           <model>japan\misc\JM043\JM043.model</model>
        </node>
        <node>
           <name>MP_JM059_Deck_Hatch_8_INDEX_3</name>
           <model>japan\misc\JM059\JM059.model</model>
        </node>
        <node>
           <name>MP_JM021_Ventilators_5_INDEX_1</name>
           <model>japan\misc\JM021\JM021.model</model>
        </node>
        <node>
           <name>MP_JM007_Life_Buoy_box_INDEX_1</name>
           <model>japan\misc\JM007\JM007.model</model>
        </node>
        <node>
           <name>MP_JM019_Ventilators_3_INDEX_2</name>
           <model>japan\misc\JM019\JM019.model</model>
        </node>
        <node>
           <name>MP_JM021_Ventilators_5_INDEX_2</name>
           <model>japan\misc\JM021\JM021.model</model>
        </node>
        <node>
           <name>MP_JM059_Deck_Hatch_8_INDEX_4</name>
           <model>japan\misc\JM059\JM059.model</model>
        </node>
        <node>
           <name>MP_JM019_Ventilators_3_INDEX_3</name>
           <model>japan\misc\JM019\JM019.model</model>
        </node>
        <node>
           <name>MP_JM082_Gun_Deck_2_INDEX_1</name>
           <model>japan\misc\JM082\JM082.model</model>
        </node>
        <node>
           <name>MP_JM062_Deck_Hatch_11_INDEX_1</name>
           <model>japan\misc\JM062\JM062.model</model>
        </node>
        <node>
           <name>MP_CM005_Anchor_1_INDEX_1</name>
           <model>common\misc\CM005\CM005.model</model>
        </node>
        <node>
           <name>MP_JM044_After_Capstan</name>
           <model>japan\misc\JM044\JM044.model</model>
        </node>
        <node>
           <name>MP_JM019_Ventilators_3_INDEX_4</name>
           <model>japan\misc\JM019\JM019.model</model>
        </node>
        <node>
           <name>MP_JM059_Deck_Hatch_8_INDEX_5</name>
           <model>japan\misc\JM059\JM059.model</model>
        </node>
        <node>
           <name>HP_Fire_Burn_4</name>
           <model>UNKNOWN_ITEM</model>
        </node>
    </stern>
  </sections>
</JSC038_Atago_1944.xml>
