<ASC043_Pensacola_1942.xml>
  <sections>
    <bow>
      <model>usa\ship\cruiser\ASC043_Pensacola_1942\ASC043_Pensacola_1942_bow_ports.model</model>
        <node>
           <name>HP_AGM_1</name>
           <model>usa\gun\main\AGM115_8in50_Mk14_Mod2\AGM115_8in50_Mk14_Mod2.model</model>
        </node>
        <node>
           <name>MP_AM108_Reels_4</name>
           <model>usa\misc\AM108\AM108.model</model>
        </node>
        <node>
           <name>MP_AM571_Fairlead</name>
           <model>usa\misc\AM571\AM571.model</model>
        </node>
        <node>
           <name>MP_AM242_fairlead</name>
           <model>usa\misc\AM242\AM242.model</model>
        </node>
        <node>
           <name>MP_AM005_Bollard_1</name>
           <model>usa\misc\AM005\AM005.model</model>
        </node>
        <node>
           <name>MP_AM242_fairlead_INDEX_1</name>
           <model>usa\misc\AM242\AM242.model</model>
        </node>
        <node>
           <name>MP_AM049_Signal_Lamp_1</name>
           <model>usa\misc\AM049\AM049.model</model>
        </node>
        <node>
           <name>MP_AM023_Hatch_1</name>
           <model>usa\misc\AM023\AM023.model</model>
        </node>
        <node>
           <name>MP_AM023_Hatch_1_INDEX_1</name>
           <model>usa\misc\AM023\AM023.model</model>
        </node>
        <node>
           <name>MP_AM026_Break_Handwheel_1</name>
           <model>usa\misc\AM026\AM026.model</model>
        </node>
        <node>
           <name>MP_AM005_Bollard_1_INDEX_1</name>
           <model>usa\misc\AM005\AM005.model</model>
        </node>
        <node>
           <name>MP_AM571_Fairlead_INDEX_1</name>
           <model>usa\misc\AM571\AM571.model</model>
        </node>
        <node>
           <name>MP_AM023_Hatch_1_INDEX_2</name>
           <model>usa\misc\AM023\AM023.model</model>
        </node>
        <node>
           <name>MP_AM088_Capstan_1</name>
           <model>usa\misc\AM088\AM088.model</model>
        </node>
        <node>
           <name>MP_AM217_Hatch</name>
           <model>usa\misc\AM217\AM217.model</model>
        </node>
        <node>
           <name>MP_AM548_Break_Handwheel</name>
           <model>usa\misc\AM548\AM548.model</model>
        </node>
        <node>
           <name>MP_AM218_Hatch</name>
           <model>usa\misc\AM218\AM218.model</model>
        </node>
        <node>
           <name>MP_AM242_fairlead_INDEX_2</name>
           <model>usa\misc\AM242\AM242.model</model>
        </node>
        <node>
           <name>MP_AM242_fairlead_INDEX_3</name>
           <model>usa\misc\AM242\AM242.model</model>
        </node>
        <node>
           <name>MP_AM023_Hatch_1_INDEX_3</name>
           <model>usa\misc\AM023\AM023.model</model>
        </node>
        <node>
           <name>MP_AM005_Bollard_1_INDEX_2</name>
           <model>usa\misc\AM005\AM005.model</model>
        </node>
        <node>
           <name>MP_AM023_Hatch_1_INDEX_4</name>
           <model>usa\misc\AM023\AM023.model</model>
        </node>
        <node>
           <name>MP_CM004_Barbette_Out</name>
           <model>common\misc\CM004\CM004.model</model>
        </node>
        <node>
           <name>MP_AM005_Bollard_1_INDEX_3</name>
           <model>usa\misc\AM005\AM005.model</model>
        </node>
        <node>
           <name>MP_AM088_Capstan_1_INDEX_1</name>
           <model>usa\misc\AM088\AM088.model</model>
        </node>
        <node>
           <name>MP_AM005_Bollard_1_INDEX_4</name>
           <model>usa\misc\AM005\AM005.model</model>
        </node>
        <node>
           <name>HP_Fire_Burn_1</name>
           <model>UNKNOWN_ITEM</model>
        </node>
    </bow>
    <midfront>
      <model>usa\ship\cruiser\ASC043_Pensacola_1942\ASC043_Pensacola_1942_MidFront_ports.model</model>
        <node>
           <name>HP_AC_2</name>
           <model>usa\catapult\AC002_Catapult_2\AC002_Catapult_2.model</model>
        </node>
        <node>
           <name>HP_AC_1</name>
           <model>usa\catapult\AC002_Catapult_2\AC002_Catapult_2.model</model>
        </node>
        <node>
           <name>HP_AD_4</name>
           <model>usa\director\AD034_Director_Mk22\AD034_Director_Mk22.model</model>
        </node>
        <node>
           <name>HP_AD_3</name>
           <model>usa\director\AD075_Director_Mk44\AD075_Director_Mk44.model</model>
        </node>
        <node>
           <name>HP_AD_2</name>
           <model>usa\director\AD075_Director_Mk44\AD075_Director_Mk44.model</model>
        </node>
        <node>
           <name>HP_AD_1</name>
           <model>usa\director\AD092_Director_Mk19\AD092_Director_Mk19.model</model>
        </node>
        <node>
           <name>HP_AF_1</name>
           <model>usa\finder\AF097_Rangefinder_2_7m\AF097_Rangefinder_2_7m.model</model>
        </node>
        <node>
           <name>HP_AGA_1</name>
           <model>usa\gun\aaircraft\AGA003_20mm_Oerlikon_MK4\AGA003_20mm_Oerlikon_MK4.model</model>
        </node>
        <node>
           <name>HP_AGA_2</name>
           <model>usa\gun\aaircraft\AGA003_20mm_Oerlikon_MK4\AGA003_20mm_Oerlikon_MK4.model</model>
        </node>
        <node>
           <name>HP_AGA_3</name>
           <model>usa\gun\aaircraft\AGA003_20mm_Oerlikon_MK4\AGA003_20mm_Oerlikon_MK4.model</model>
        </node>
        <node>
           <name>HP_AGA_4</name>
           <model>usa\gun\aaircraft\AGA003_20mm_Oerlikon_MK4\AGA003_20mm_Oerlikon_MK4.model</model>
        </node>
        <node>
           <name>HP_AGA_5</name>
           <model>usa\gun\aaircraft\AGA013_1in_Mk2_Mod2\AGA013_1in_Mk2_Mod2.model</model>
        </node>
        <node>
           <name>HP_AGA_6</name>
           <model>usa\gun\aaircraft\AGA013_1in_Mk2_Mod2\AGA013_1in_Mk2_Mod2.model</model>
        </node>
        <node>
           <name>HP_AGM_2</name>
           <model>usa\gun\main\AGM115_8in50_Mk14_Mod2\AGM115_8in50_Mk14_Mod2.model</model>
        </node>
        <node>
           <name>HP_AGS_2</name>
           <model>usa\gun\secondary\AGS007_5in25_Mk19_Mod6\AGS007_5in25_Mk19_Mod6.model</model>
        </node>
        <node>
           <name>HP_AGS_4</name>
           <model>usa\gun\secondary\AGS007_5in25_Mk19_Mod6\AGS007_5in25_Mk19_Mod6.model</model>
        </node>
        <node>
           <name>HP_AGS_3</name>
           <model>usa\gun\secondary\AGS007_5in25_Mk19_Mod6\AGS007_5in25_Mk19_Mod6.model</model>
        </node>
        <node>
           <name>HP_AGS_1</name>
           <model>usa\gun\secondary\AGS007_5in25_Mk19_Mod6\AGS007_5in25_Mk19_Mod6.model</model>
        </node>
        <node>
           <name>HP_ARS_1</name>
           <model>usa\radar\search\ARS026_Radar_CXAM1\ARS026_Radar_CXAM1.model</model>
        </node>
        <node>
           <name>MP_AM047_Running_Lights_R</name>
           <model>usa\misc\AM047\AM047.model</model>
        </node>
        <node>
           <name>MP_AM129_Turtles_box</name>
           <model>usa\misc\AM129\AM129.model</model>
        </node>
        <node>
           <name>MP_AM030_Ammunition_Box4</name>
           <model>usa\misc\AM030\AM030.model</model>
        </node>
        <node>
           <name>MP_AM374_Fender</name>
           <model>usa\misc\AM374\AM374.model</model>
        </node>
        <node>
           <name>MP_CM029_Emergency_Box</name>
           <model>common\misc\CM029\CM029.model</model>
        </node>
        <node>
           <name>MP_AM433_MC_Box</name>
           <model>usa\misc\AM433\AM433.model</model>
        </node>
        <node>
           <name>MP_AM442_Multipole_Switch</name>
           <model>usa\misc\AM442\AM442.model</model>
        </node>
        <node>
           <name>MP_CM004_Barbette_Out</name>
           <model>common\misc\CM004\CM004.model</model>
        </node>
        <node>
           <name>MP_AM030_Ammunition_Box4_INDEX_1</name>
           <model>usa\misc\AM030\AM030.model</model>
        </node>
        <node>
           <name>MP_AM164_Signal_Lamp_4</name>
           <model>usa\misc\AM164\AM164.model</model>
        </node>
        <node>
           <name>MP_CM029_Emergency_Box_INDEX_1</name>
           <model>common\misc\CM029\CM029.model</model>
        </node>
        <node>
           <name>MP_AM061_Sky_Lookout_1</name>
           <model>usa\misc\AM061\AM061.model</model>
        </node>
        <node>
           <name>MP_CM011_Fire_Fighting_Gear</name>
           <model>common\misc\CM011\CM011.model</model>
        </node>
        <node>
           <name>MP_AM143_Signal_Lamp_R</name>
           <model>usa\misc\AM143\AM143.model</model>
        </node>
        <node>
           <name>MP_AM549_Life_Buoy</name>
           <model>usa\misc\AM549\AM549.model</model>
        </node>
        <node>
           <name>MP_AM442_Multipole_Switch_INDEX_1</name>
           <model>usa\misc\AM442\AM442.model</model>
        </node>
        <node>
           <name>MP_AM455_Ventilation</name>
           <model>usa\misc\AM455\AM455.model</model>
        </node>
        <node>
           <name>MP_AM164_Signal_Lamp_4_INDEX_1</name>
           <model>usa\misc\AM164\AM164.model</model>
        </node>
        <node>
           <name>MP_AM283_Ventilation</name>
           <model>usa\misc\AM283\AM283.model</model>
        </node>
        <node>
           <name>MP_CM012_Fire_Hose_Rack_1</name>
           <model>common\misc\CM012\CM012.model</model>
        </node>
        <node>
           <name>MP_AM143_Signal_Lamp_R_INDEX_1</name>
           <model>usa\misc\AM143\AM143.model</model>
        </node>
        <node>
           <name>MP_AM508_5in_Ammo_Hoist</name>
           <model>usa\misc\AM508\AM508.model</model>
        </node>
        <node>
           <name>MP_AM129_Turtles_box_INDEX_1</name>
           <model>usa\misc\AM129\AM129.model</model>
        </node>
        <node>
           <name>MP_AM030_Ammunition_Box4_INDEX_2</name>
           <model>usa\misc\AM030\AM030.model</model>
        </node>
        <node>
           <name>MP_AM356_Signal_Trap</name>
           <model>usa\misc\AM356\AM356.model</model>
        </node>
        <node>
           <name>MP_AM028_Ammunition_Box2</name>
           <model>usa\misc\AM028\AM028.model</model>
        </node>
        <node>
           <name>MP_AM571_Fairlead</name>
           <model>usa\misc\AM571\AM571.model</model>
        </node>
        <node>
           <name>MP_AM442_Multipole_Switch_INDEX_2</name>
           <model>usa\misc\AM442\AM442.model</model>
        </node>
        <node>
           <name>MP_AM030_Ammunition_Box4_INDEX_3</name>
           <model>usa\misc\AM030\AM030.model</model>
        </node>
        <node>
           <name>MP_CM088_Swab_Rack</name>
           <model>common\misc\CM088\CM088.model</model>
        </node>
        <node>
           <name>MP_CM010_Fire_Hose_Reel</name>
           <model>common\misc\CM010\CM010.model</model>
        </node>
        <node>
           <name>MP_AM374_Fender_INDEX_1</name>
           <model>usa\misc\AM374\AM374.model</model>
        </node>
        <node>
           <name>MP_AM549_Life_Buoy_INDEX_1</name>
           <model>usa\misc\AM549\AM549.model</model>
        </node>
        <node>
           <name>MP_AM101_Cooling_tube</name>
           <model>usa\misc\AM101\AM101.model</model>
        </node>
        <node>
           <name>MP_AM571_Fairlead_INDEX_1</name>
           <model>usa\misc\AM571\AM571.model</model>
        </node>
        <node>
           <name>MP_AM178_Ammunition_Box_9</name>
           <model>usa\misc\AM178\AM178.model</model>
        </node>
        <node>
           <name>MP_CM004_Barbette_Out_INDEX_1</name>
           <model>common\misc\CM004\CM004.model</model>
        </node>
        <node>
           <name>MP_AM442_Multipole_Switch_INDEX_3</name>
           <model>usa\misc\AM442\AM442.model</model>
        </node>
        <node>
           <name>MP_AM442_Multipole_Switch_INDEX_4</name>
           <model>usa\misc\AM442\AM442.model</model>
        </node>
        <node>
           <name>MP_CM029_Emergency_Box_INDEX_2</name>
           <model>common\misc\CM029\CM029.model</model>
        </node>
        <node>
           <name>MP_AM157_Telephone</name>
           <model>usa\misc\AM157\AM157.model</model>
        </node>
        <node>
           <name>MP_CM018_Wood_Box_1</name>
           <model>common\misc\CM018\CM018.model</model>
        </node>
        <node>
           <name>MP_CM018_Wood_Box_1_INDEX_1</name>
           <model>common\misc\CM018\CM018.model</model>
        </node>
        <node>
           <name>MP_AM164_Signal_Lamp_4_INDEX_2</name>
           <model>usa\misc\AM164\AM164.model</model>
        </node>
        <node>
           <name>MP_AM571_Fairlead_INDEX_2</name>
           <model>usa\misc\AM571\AM571.model</model>
        </node>
        <node>
           <name>MP_CM018_Wood_Box_1_INDEX_2</name>
           <model>common\misc\CM018\CM018.model</model>
        </node>
        <node>
           <name>MP_AM061_Sky_Lookout_1_INDEX_1</name>
           <model>usa\misc\AM061\AM061.model</model>
        </node>
        <node>
           <name>MP_CM018_Wood_Box_1_INDEX_3</name>
           <model>common\misc\CM018\CM018.model</model>
        </node>
        <node>
           <name>MP_CM013_Fire_Hose_Rack_2</name>
           <model>common\misc\CM013\CM013.model</model>
        </node>
        <node>
           <name>MP_AM159_Voice_Tube</name>
           <model>usa\misc\AM159\AM159.model</model>
        </node>
        <node>
           <name>MP_AM168_Ventilation_4</name>
           <model>usa\misc\AM168\AM168.model</model>
        </node>
        <node>
           <name>MP_CM029_Emergency_Box_INDEX_3</name>
           <model>common\misc\CM029\CM029.model</model>
        </node>
        <node>
           <name>MP_CM011_Fire_Fighting_Gear_INDEX_1</name>
           <model>common\misc\CM011\CM011.model</model>
        </node>
        <node>
           <name>MP_AM065_Ammunition_Box_6</name>
           <model>usa\misc\AM065\AM065.model</model>
        </node>
        <node>
           <name>MP_AM159_Voice_Tube_INDEX_1</name>
           <model>usa\misc\AM159\AM159.model</model>
        </node>
        <node>
           <name>MP_AM061_Sky_Lookout_1_INDEX_2</name>
           <model>usa\misc\AM061\AM061.model</model>
        </node>
        <node>
           <name>MP_CM011_Fire_Fighting_Gear_INDEX_2</name>
           <model>common\misc\CM011\CM011.model</model>
        </node>
        <node>
           <name>MP_AM152_Log_Desk</name>
           <model>usa\misc\AM152\AM152.model</model>
        </node>
        <node>
           <name>MP_AM030_Ammunition_Box4_INDEX_4</name>
           <model>usa\misc\AM030\AM030.model</model>
        </node>
        <node>
           <name>MP_AM144_Signal_Lamp_L</name>
           <model>usa\misc\AM144\AM144.model</model>
        </node>
        <node>
           <name>MP_AM433_MC_Box_INDEX_1</name>
           <model>usa\misc\AM433\AM433.model</model>
        </node>
        <node>
           <name>MP_AM030_Ammunition_Box4_INDEX_5</name>
           <model>usa\misc\AM030\AM030.model</model>
        </node>
        <node>
           <name>MP_AM048_Running_Lights_L</name>
           <model>usa\misc\AM048\AM048.model</model>
        </node>
        <node>
           <name>MP_AM049_Signal_Lamp_1</name>
           <model>usa\misc\AM049\AM049.model</model>
        </node>
        <node>
           <name>MP_AM074_Floater_Net_Basket_2</name>
           <model>usa\misc\AM074\AM074.model</model>
        </node>
        <node>
           <name>MP_CM018_Wood_Box_1_INDEX_4</name>
           <model>common\misc\CM018\CM018.model</model>
        </node>
        <node>
           <name>MP_CM088_Swab_Rack_INDEX_1</name>
           <model>common\misc\CM088\CM088.model</model>
        </node>
        <node>
           <name>MP_AM131_Davit_2</name>
           <model>usa\misc\AM131\AM131.model</model>
        </node>
        <node>
           <name>MP_AM028_Ammunition_Box2_INDEX_1</name>
           <model>usa\misc\AM028\AM028.model</model>
        </node>
        <node>
           <name>MP_AM510_Pelorus</name>
           <model>usa\misc\AM510\AM510.model</model>
        </node>
        <node>
           <name>MP_AM510_Pelorus_INDEX_1</name>
           <model>usa\misc\AM510\AM510.model</model>
        </node>
        <node>
           <name>MP_CM012_Fire_Hose_Rack_1_INDEX_1</name>
           <model>common\misc\CM012\CM012.model</model>
        </node>
        <node>
           <name>MP_AM131_Davit_2_INDEX_1</name>
           <model>usa\misc\AM131\AM131.model</model>
        </node>
        <node>
           <name>MP_AM433_MC_Box_INDEX_2</name>
           <model>usa\misc\AM433\AM433.model</model>
        </node>
        <node>
           <name>MP_AM168_Ventilation_4_INDEX_1</name>
           <model>usa\misc\AM168\AM168.model</model>
        </node>
        <node>
           <name>MP_AM356_Signal_Trap_INDEX_1</name>
           <model>usa\misc\AM356\AM356.model</model>
        </node>
        <node>
           <name>MP_AM178_Ammunition_Box_9_INDEX_1</name>
           <model>usa\misc\AM178\AM178.model</model>
        </node>
        <node>
           <name>MP_AM374_Fender_INDEX_2</name>
           <model>usa\misc\AM374\AM374.model</model>
        </node>
        <node>
           <name>MP_CM012_Fire_Hose_Rack_1_INDEX_2</name>
           <model>common\misc\CM012\CM012.model</model>
        </node>
        <node>
           <name>MP_AM131_Davit_2_INDEX_2</name>
           <model>usa\misc\AM131\AM131.model</model>
        </node>
        <node>
           <name>MP_AM326_Ventilation</name>
           <model>usa\misc\AM326\AM326.model</model>
        </node>
        <node>
           <name>MP_AM177_Ammunition_Box_8</name>
           <model>usa\misc\AM177\AM177.model</model>
        </node>
        <node>
           <name>MP_AM077_Paravane</name>
           <model>usa\misc\AM077\AM077.model</model>
        </node>
        <node>
           <name>MP_CM014_Fuel_Oil_Hose</name>
           <model>common\misc\CM014\CM014.model</model>
        </node>
        <node>
           <name>MP_AM326_Ventilation_INDEX_1</name>
           <model>usa\misc\AM326\AM326.model</model>
        </node>
        <node>
           <name>MP_AM101_Cooling_tube_INDEX_1</name>
           <model>usa\misc\AM101\AM101.model</model>
        </node>
        <node>
           <name>MP_AM531_Stretcher</name>
           <model>usa\misc\AM531\AM531.model</model>
        </node>
        <node>
           <name>MP_AM101_Cooling_tube_INDEX_2</name>
           <model>usa\misc\AM101\AM101.model</model>
        </node>
        <node>
           <name>MP_AM049_Signal_Lamp_1_INDEX_1</name>
           <model>usa\misc\AM049\AM049.model</model>
        </node>
        <node>
           <name>MP_AM508_5in_Ammo_Hoist_INDEX_1</name>
           <model>usa\misc\AM508\AM508.model</model>
        </node>
        <node>
           <name>MP_CM018_Wood_Box_1_INDEX_5</name>
           <model>common\misc\CM018\CM018.model</model>
        </node>
        <node>
           <name>MP_CM018_Wood_Box_1_INDEX_6</name>
           <model>common\misc\CM018\CM018.model</model>
        </node>
        <node>
           <name>MP_AM063_Wind_Direction</name>
           <model>usa\misc\AM063\AM063.model</model>
        </node>
        <node>
           <name>MP_AM030_Ammunition_Box4_INDEX_6</name>
           <model>usa\misc\AM030\AM030.model</model>
        </node>
        <node>
           <name>MP_AM164_Signal_Lamp_4_INDEX_3</name>
           <model>usa\misc\AM164\AM164.model</model>
        </node>
        <node>
           <name>MP_AM129_Turtles_box_INDEX_2</name>
           <model>usa\misc\AM129\AM129.model</model>
        </node>
        <node>
           <name>MP_CM011_Fire_Fighting_Gear_INDEX_3</name>
           <model>common\misc\CM011\CM011.model</model>
        </node>
        <node>
           <name>MP_CM029_Emergency_Box_INDEX_4</name>
           <model>common\misc\CM029\CM029.model</model>
        </node>
        <node>
           <name>MP_AM129_Turtles_box_INDEX_3</name>
           <model>usa\misc\AM129\AM129.model</model>
        </node>
        <node>
           <name>MP_AM524_Telephone</name>
           <model>usa\misc\AM524\AM524.model</model>
        </node>
        <node>
           <name>MP_AM531_Stretcher_INDEX_1</name>
           <model>usa\misc\AM531\AM531.model</model>
        </node>
        <node>
           <name>MP_AM549_Life_Buoy_INDEX_2</name>
           <model>usa\misc\AM549\AM549.model</model>
        </node>
        <node>
           <name>MP_AM108_Reels_4</name>
           <model>usa\misc\AM108\AM108.model</model>
        </node>
        <node>
           <name>MP_CM029_Emergency_Box_INDEX_5</name>
           <model>common\misc\CM029\CM029.model</model>
        </node>
        <node>
           <name>MP_AM129_Turtles_box_INDEX_4</name>
           <model>usa\misc\AM129\AM129.model</model>
        </node>
        <node>
           <name>MP_AM131_Davit_2_INDEX_3</name>
           <model>usa\misc\AM131\AM131.model</model>
        </node>
        <node>
           <name>MP_CM029_Emergency_Box_INDEX_6</name>
           <model>common\misc\CM029\CM029.model</model>
        </node>
        <node>
           <name>MP_CM018_Wood_Box_1_INDEX_7</name>
           <model>common\misc\CM018\CM018.model</model>
        </node>
        <node>
           <name>MP_AM038_Searchlight_600mm</name>
           <model>usa\misc\AM038\AM038.model</model>
        </node>
        <node>
           <name>MP_CM018_Wood_Box_1_INDEX_8</name>
           <model>common\misc\CM018\CM018.model</model>
        </node>
        <node>
           <name>MP_AM038_Searchlight_600mm_INDEX_1</name>
           <model>usa\misc\AM038\AM038.model</model>
        </node>
        <node>
           <name>MP_CM029_Emergency_Box_INDEX_7</name>
           <model>common\misc\CM029\CM029.model</model>
        </node>
        <node>
           <name>MP_CM014_Fuel_Oil_Hose_INDEX_1</name>
           <model>common\misc\CM014\CM014.model</model>
        </node>
        <node>
           <name>MP_AM239_Rdf</name>
           <model>usa\misc\AM239\AM239.model</model>
        </node>
        <node>
           <name>MP_CM013_Fire_Hose_Rack_2_INDEX_1</name>
           <model>common\misc\CM013\CM013.model</model>
        </node>
        <node>
           <name>MP_AM142_Running_Lights_FW</name>
           <model>usa\misc\AM142\AM142.model</model>
        </node>
        <node>
           <name>MP_AM108_Reels_4_INDEX_1</name>
           <model>usa\misc\AM108\AM108.model</model>
        </node>
        <node>
           <name>MP_CM011_Fire_Fighting_Gear_INDEX_4</name>
           <model>common\misc\CM011\CM011.model</model>
        </node>
        <node>
           <name>MP_AM433_MC_Box_INDEX_3</name>
           <model>usa\misc\AM433\AM433.model</model>
        </node>
        <node>
           <name>MP_AM061_Sky_Lookout_1_INDEX_3</name>
           <model>usa\misc\AM061\AM061.model</model>
        </node>
        <node>
           <name>MP_AM549_Life_Buoy_INDEX_3</name>
           <model>usa\misc\AM549\AM549.model</model>
        </node>
        <node>
           <name>MP_AM442_Multipole_Switch_INDEX_5</name>
           <model>usa\misc\AM442\AM442.model</model>
        </node>
        <node>
           <name>MP_CM013_Fire_Hose_Rack_2_INDEX_2</name>
           <model>common\misc\CM013\CM013.model</model>
        </node>
        <node>
           <name>MP_AM442_Multipole_Switch_INDEX_6</name>
           <model>usa\misc\AM442\AM442.model</model>
        </node>
        <node>
           <name>MP_AM179_Ammunition_Box_10</name>
           <model>usa\misc\AM179\AM179.model</model>
        </node>
        <node>
           <name>MP_AM101_Cooling_tube_INDEX_3</name>
           <model>usa\misc\AM101\AM101.model</model>
        </node>
        <node>
           <name>MP_AM074_Floater_Net_Basket_2_INDEX_1</name>
           <model>usa\misc\AM074\AM074.model</model>
        </node>
        <node>
           <name>MP_AM373_Float_Seaplane</name>
           <model>usa\misc\AM373\AM373.model</model>
        </node>
        <node>
           <name>MP_CM004_Barbette_Out_INDEX_2</name>
           <model>common\misc\CM004\CM004.model</model>
        </node>
        <node>
           <name>MP_AM433_MC_Box_INDEX_4</name>
           <model>usa\misc\AM433\AM433.model</model>
        </node>
        <node>
           <name>MP_AM177_Ammunition_Box_8_INDEX_1</name>
           <model>usa\misc\AM177\AM177.model</model>
        </node>
        <node>
           <name>MP_AM173_Insulator_1</name>
           <model>usa\misc\AM173\AM173.model</model>
        </node>
        <node>
           <name>MP_CM011_Fire_Fighting_Gear_INDEX_5</name>
           <model>common\misc\CM011\CM011.model</model>
        </node>
        <node>
           <name>MP_CM018_Wood_Box_1_INDEX_9</name>
           <model>common\misc\CM018\CM018.model</model>
        </node>
        <node>
           <name>MP_CM011_Fire_Fighting_Gear_INDEX_6</name>
           <model>common\misc\CM011\CM011.model</model>
        </node>
        <node>
           <name>MP_AM064_Wind_Intensity</name>
           <model>usa\misc\AM064\AM064.model</model>
        </node>
        <node>
           <name>MP_CM014_Fuel_Oil_Hose_INDEX_2</name>
           <model>common\misc\CM014\CM014.model</model>
        </node>
        <node>
           <name>MP_AM524_Telephone_INDEX_1</name>
           <model>usa\misc\AM524\AM524.model</model>
        </node>
        <node>
           <name>MP_AM157_Telephone_INDEX_1</name>
           <model>usa\misc\AM157\AM157.model</model>
        </node>
        <node>
           <name>MP_AM049_Signal_Lamp_1_INDEX_2</name>
           <model>usa\misc\AM049\AM049.model</model>
        </node>
        <node>
           <name>MP_AM374_Fender_INDEX_3</name>
           <model>usa\misc\AM374\AM374.model</model>
        </node>
        <node>
           <name>MP_AM571_Fairlead_INDEX_3</name>
           <model>usa\misc\AM571\AM571.model</model>
        </node>
        <node>
           <name>MP_CM056_Ships_bell</name>
           <model>common\misc\CM056\CM056.model</model>
        </node>
        <node>
           <name>MP_AM030_Ammunition_Box4_INDEX_7</name>
           <model>usa\misc\AM030\AM030.model</model>
        </node>
        <node>
           <name>MP_CM012_Fire_Hose_Rack_1_INDEX_3</name>
           <model>common\misc\CM012\CM012.model</model>
        </node>
        <node>
           <name>MP_AM177_Ammunition_Box_8_INDEX_2</name>
           <model>usa\misc\AM177\AM177.model</model>
        </node>
        <node>
           <name>MP_AM159_Voice_Tube_INDEX_2</name>
           <model>usa\misc\AM159\AM159.model</model>
        </node>
        <node>
           <name>MP_AM065_Ammunition_Box_6_INDEX_1</name>
           <model>usa\misc\AM065\AM065.model</model>
        </node>
        <node>
           <name>MP_AM170_Flag_Box_2</name>
           <model>usa\misc\AM170\AM170.model</model>
        </node>
        <node>
           <name>MP_AM157_Telephone_INDEX_2</name>
           <model>usa\misc\AM157\AM157.model</model>
        </node>
        <node>
           <name>MP_AM442_Multipole_Switch_INDEX_7</name>
           <model>usa\misc\AM442\AM442.model</model>
        </node>
        <node>
           <name>MP_AM159_Voice_Tube_INDEX_3</name>
           <model>usa\misc\AM159\AM159.model</model>
        </node>
        <node>
           <name>MP_CM018_Wood_Box_1_INDEX_10</name>
           <model>common\misc\CM018\CM018.model</model>
        </node>
        <node>
           <name>MP_AM144_Signal_Lamp_L_INDEX_1</name>
           <model>usa\misc\AM144\AM144.model</model>
        </node>
        <node>
           <name>MP_AM077_Paravane_INDEX_1</name>
           <model>usa\misc\AM077\AM077.model</model>
        </node>
        <node>
           <name>MP_CM088_Swab_Rack_INDEX_2</name>
           <model>common\misc\CM088\CM088.model</model>
        </node>
        <node>
           <name>MP_CM029_Emergency_Box_INDEX_8</name>
           <model>common\misc\CM029\CM029.model</model>
        </node>
        <node>
           <name>MP_AM028_Ammunition_Box2_INDEX_2</name>
           <model>usa\misc\AM028\AM028.model</model>
        </node>
        <node>
           <name>MP_AM129_Turtles_box_INDEX_5</name>
           <model>usa\misc\AM129\AM129.model</model>
        </node>
        <node>
           <name>MP_AM178_Ammunition_Box_9_INDEX_2</name>
           <model>usa\misc\AM178\AM178.model</model>
        </node>
        <node>
           <name>MP_CM018_Wood_Box_1_INDEX_11</name>
           <model>common\misc\CM018\CM018.model</model>
        </node>
        <node>
           <name>MP_AM049_Signal_Lamp_1_INDEX_3</name>
           <model>usa\misc\AM049\AM049.model</model>
        </node>
        <node>
           <name>MP_AM129_Turtles_box_INDEX_6</name>
           <model>usa\misc\AM129\AM129.model</model>
        </node>
        <node>
           <name>MP_AM170_Flag_Box_2_INDEX_1</name>
           <model>usa\misc\AM170\AM170.model</model>
        </node>
        <node>
           <name>MP_AM283_Ventilation_INDEX_1</name>
           <model>usa\misc\AM283\AM283.model</model>
        </node>
        <node>
           <name>MP_CM014_Fuel_Oil_Hose_INDEX_3</name>
           <model>common\misc\CM014\CM014.model</model>
        </node>
        <node>
           <name>MP_AM131_Davit_2_INDEX_4</name>
           <model>usa\misc\AM131\AM131.model</model>
        </node>
        <node>
           <name>MP_AM131_Davit_2_INDEX_5</name>
           <model>usa\misc\AM131\AM131.model</model>
        </node>
        <node>
           <name>MP_CM013_Fire_Hose_Rack_2_INDEX_3</name>
           <model>common\misc\CM013\CM013.model</model>
        </node>
        <node>
           <name>MP_CM011_Fire_Fighting_Gear_INDEX_7</name>
           <model>common\misc\CM011\CM011.model</model>
        </node>
        <node>
           <name>MP_CM014_Fuel_Oil_Hose_INDEX_4</name>
           <model>common\misc\CM014\CM014.model</model>
        </node>
        <node>
           <name>MP_CM014_Fuel_Oil_Hose_INDEX_5</name>
           <model>common\misc\CM014\CM014.model</model>
        </node>
        <node>
           <name>MP_AM177_Ammunition_Box_8_INDEX_3</name>
           <model>usa\misc\AM177\AM177.model</model>
        </node>
        <node>
           <name>HP_flag_1</name>
           <model>usa\misc\AM032\AM032.model</model>
        </node>
        <node>
           <name>HP_flag_2</name>
           <model>usa\misc\AM032\AM032.model</model>
        </node>
        <node>
           <name>HP_flag_3</name>
           <model>usa\misc\AM032\AM032.model</model>
        </node>
        <node>
           <name>HP_flag_4</name>
           <model>usa\misc\AM032\AM032.model</model>
        </node>
        <node>
           <name>HP_Smoke_1</name>
           <model>UNKNOWN_ITEM</model>
        </node>
        <node>
           <name>HP_Fire_Burn_2</name>
           <model>UNKNOWN_ITEM</model>
        </node>
        <node>
           <name>HP_NoseWave_Speed</name>
           <model>UNKNOWN_ITEM</model>
        </node>
    </midfront>
    <midback>
      <model>usa\ship\cruiser\ASC043_Pensacola_1942\ASC043_Pensacola_1942_MidBack_ports.model</model>
        <node>
           <name>HP_AD_5</name>
           <model>usa\director\AD092_Director_Mk19\AD092_Director_Mk19.model</model>
        </node>
        <node>
           <name>HP_AD_6</name>
           <model>usa\director\AD093_Director_Mk18\AD093_Director_Mk18.model</model>
        </node>
        <node>
           <name>HP_AGA_7</name>
           <model>usa\gun\aaircraft\AGA003_20mm_Oerlikon_MK4\AGA003_20mm_Oerlikon_MK4.model</model>
        </node>
        <node>
           <name>HP_AGA_8</name>
           <model>usa\gun\aaircraft\AGA003_20mm_Oerlikon_MK4\AGA003_20mm_Oerlikon_MK4.model</model>
        </node>
        <node>
           <name>HP_AGA_9</name>
           <model>usa\gun\aaircraft\AGA003_20mm_Oerlikon_MK4\AGA003_20mm_Oerlikon_MK4.model</model>
        </node>
        <node>
           <name>HP_AGA_10</name>
           <model>usa\gun\aaircraft\AGA003_20mm_Oerlikon_MK4\AGA003_20mm_Oerlikon_MK4.model</model>
        </node>
        <node>
           <name>HP_AGM_3</name>
           <model>usa\gun\main\AGM115_8in50_Mk14_Mod2\AGM115_8in50_Mk14_Mod2.model</model>
        </node>
        <node>
           <name>HP_AGS_8</name>
           <model>usa\gun\secondary\AGS007_5in25_Mk19_Mod6\AGS007_5in25_Mk19_Mod6.model</model>
        </node>
        <node>
           <name>HP_AGS_5</name>
           <model>usa\gun\secondary\AGS007_5in25_Mk19_Mod6\AGS007_5in25_Mk19_Mod6.model</model>
        </node>
        <node>
           <name>HP_AGS_7</name>
           <model>usa\gun\secondary\AGS007_5in25_Mk19_Mod6\AGS007_5in25_Mk19_Mod6.model</model>
        </node>
        <node>
           <name>HP_AGS_6</name>
           <model>usa\gun\secondary\AGS007_5in25_Mk19_Mod6\AGS007_5in25_Mk19_Mod6.model</model>
        </node>
        <node>
           <name>MP_AM503_Ammunition_Box</name>
           <model>usa\misc\AM503\AM503.model</model>
        </node>
        <node>
           <name>MP_AM129_Turtles_box</name>
           <model>usa\misc\AM129\AM129.model</model>
        </node>
        <node>
           <name>MP_AM574_Removed_posts_10</name>
           <model>usa\misc\AM574\AM574.model</model>
        </node>
        <node>
           <name>MP_AM445_Switch_box_2</name>
           <model>usa\misc\AM445\AM445.model</model>
        </node>
        <node>
           <name>MP_AM549_Life_Buoy</name>
           <model>usa\misc\AM549\AM549.model</model>
        </node>
        <node>
           <name>MP_CM017_Boat_Stowage_3</name>
           <model>common\misc\CM017\CM017.model</model>
        </node>
        <node>
           <name>MP_AM114_Freon_Cylinder_acetylene</name>
           <model>usa\misc\AM114\AM114.model</model>
        </node>
        <node>
           <name>MP_AM174_Insulator_2</name>
           <model>usa\misc\AM174\AM174.model</model>
        </node>
        <node>
           <name>MP_AM043_Aircraft_Deck_Cradle</name>
           <model>usa\misc\AM043\AM043.model</model>
        </node>
        <node>
           <name>MP_AM445_Switch_box_2_INDEX_1</name>
           <model>usa\misc\AM445\AM445.model</model>
        </node>
        <node>
           <name>MP_CM029_Emergency_Box</name>
           <model>common\misc\CM029\CM029.model</model>
        </node>
        <node>
           <name>MP_AM023_Hatch_1</name>
           <model>usa\misc\AM023\AM023.model</model>
        </node>
        <node>
           <name>MP_CM017_Boat_Stowage_3_INDEX_1</name>
           <model>common\misc\CM017\CM017.model</model>
        </node>
        <node>
           <name>MP_CM011_Fire_Fighting_Gear</name>
           <model>common\misc\CM011\CM011.model</model>
        </node>
        <node>
           <name>MP_CM029_Emergency_Box_INDEX_1</name>
           <model>common\misc\CM029\CM029.model</model>
        </node>
        <node>
           <name>MP_CM013_Fire_Hose_Rack_2</name>
           <model>common\misc\CM013\CM013.model</model>
        </node>
        <node>
           <name>MP_AM101_Cooling_tube</name>
           <model>usa\misc\AM101\AM101.model</model>
        </node>
        <node>
           <name>MP_AM157_Telephone</name>
           <model>usa\misc\AM157\AM157.model</model>
        </node>
        <node>
           <name>MP_CM017_Boat_Stowage_3_INDEX_2</name>
           <model>common\misc\CM017\CM017.model</model>
        </node>
        <node>
           <name>MP_AM464_Chair</name>
           <model>usa\misc\AM464\AM464.model</model>
        </node>
        <node>
           <name>MP_AM445_Switch_box_2_INDEX_2</name>
           <model>usa\misc\AM445\AM445.model</model>
        </node>
        <node>
           <name>MP_AM132_Flag_Box</name>
           <model>usa\misc\AM132\AM132.model</model>
        </node>
        <node>
           <name>MP_AM449_Binoculars</name>
           <model>usa\misc\AM449\AM449.model</model>
        </node>
        <node>
           <name>MP_AM131_Davit_2</name>
           <model>usa\misc\AM131\AM131.model</model>
        </node>
        <node>
           <name>MP_AM179_Ammunition_Box_10</name>
           <model>usa\misc\AM179\AM179.model</model>
        </node>
        <node>
           <name>MP_AM091_Whaleboat_26ft</name>
           <model>usa\misc\AM091\AM091.model</model>
        </node>
        <node>
           <name>MP_AM023_Hatch_1_INDEX_1</name>
           <model>usa\misc\AM023\AM023.model</model>
        </node>
        <node>
           <name>MP_AM174_Insulator_2_INDEX_1</name>
           <model>usa\misc\AM174\AM174.model</model>
        </node>
        <node>
           <name>MP_AM131_Davit_2_INDEX_1</name>
           <model>usa\misc\AM131\AM131.model</model>
        </node>
        <node>
           <name>MP_AM129_Turtles_box_INDEX_1</name>
           <model>usa\misc\AM129\AM129.model</model>
        </node>
        <node>
           <name>MP_AM129_Turtles_box_INDEX_2</name>
           <model>usa\misc\AM129\AM129.model</model>
        </node>
        <node>
           <name>MP_AM179_Ammunition_Box_10_INDEX_1</name>
           <model>usa\misc\AM179\AM179.model</model>
        </node>
        <node>
           <name>MP_AM520_AmmoBox_5in</name>
           <model>usa\misc\AM520\AM520.model</model>
        </node>
        <node>
           <name>MP_AM326_Ventilation</name>
           <model>usa\misc\AM326\AM326.model</model>
        </node>
        <node>
           <name>MP_AM242_fairlead</name>
           <model>usa\misc\AM242\AM242.model</model>
        </node>
        <node>
           <name>MP_AM023_Hatch_1_INDEX_2</name>
           <model>usa\misc\AM023\AM023.model</model>
        </node>
        <node>
           <name>MP_AM129_Turtles_box_INDEX_3</name>
           <model>usa\misc\AM129\AM129.model</model>
        </node>
        <node>
           <name>MP_AM178_Ammunition_Box_9</name>
           <model>usa\misc\AM178\AM178.model</model>
        </node>
        <node>
           <name>MP_AM200_Screened_speed_light</name>
           <model>usa\misc\AM200\AM200.model</model>
        </node>
        <node>
           <name>MP_CM017_Boat_Stowage_3_INDEX_3</name>
           <model>common\misc\CM017\CM017.model</model>
        </node>
        <node>
           <name>MP_AM463_Binoculars</name>
           <model>usa\misc\AM463\AM463.model</model>
        </node>
        <node>
           <name>MP_CM004_Barbette_Out</name>
           <model>common\misc\CM004\CM004.model</model>
        </node>
        <node>
           <name>MP_AM242_fairlead_INDEX_1</name>
           <model>usa\misc\AM242\AM242.model</model>
        </node>
        <node>
           <name>MP_AM463_Binoculars_INDEX_1</name>
           <model>usa\misc\AM463\AM463.model</model>
        </node>
        <node>
           <name>MP_AM164_Signal_Lamp_4</name>
           <model>usa\misc\AM164\AM164.model</model>
        </node>
        <node>
           <name>MP_CM012_Fire_Hose_Rack_1</name>
           <model>common\misc\CM012\CM012.model</model>
        </node>
        <node>
           <name>MP_AM599_Skylight_Hatch</name>
           <model>usa\misc\AM599\AM599.model</model>
        </node>
        <node>
           <name>MP_CM014_Fuel_Oil_Hose</name>
           <model>common\misc\CM014\CM014.model</model>
        </node>
        <node>
           <name>MP_AM131_Davit_2_INDEX_2</name>
           <model>usa\misc\AM131\AM131.model</model>
        </node>
        <node>
           <name>MP_AM547_Ammunition_Box</name>
           <model>usa\misc\AM547\AM547.model</model>
        </node>
        <node>
           <name>MP_AM077_Paravane</name>
           <model>usa\misc\AM077\AM077.model</model>
        </node>
        <node>
           <name>MP_AM524_Telephone</name>
           <model>usa\misc\AM524\AM524.model</model>
        </node>
        <node>
           <name>MP_AM520_AmmoBox_5in_INDEX_1</name>
           <model>usa\misc\AM520\AM520.model</model>
        </node>
        <node>
           <name>MP_AM049_Signal_Lamp_1</name>
           <model>usa\misc\AM049\AM049.model</model>
        </node>
        <node>
           <name>MP_AM442_Multipole_Switch</name>
           <model>usa\misc\AM442\AM442.model</model>
        </node>
        <node>
           <name>MP_AM547_Ammunition_Box_INDEX_1</name>
           <model>usa\misc\AM547\AM547.model</model>
        </node>
        <node>
           <name>MP_AM173_Insulator_1</name>
           <model>usa\misc\AM173\AM173.model</model>
        </node>
        <node>
           <name>MP_AM247_Ammunition_Box</name>
           <model>usa\misc\AM247\AM247.model</model>
        </node>
        <node>
           <name>MP_CM010_Fire_Hose_Reel</name>
           <model>common\misc\CM010\CM010.model</model>
        </node>
        <node>
           <name>MP_AM031_Ammunition_Box5</name>
           <model>usa\misc\AM031\AM031.model</model>
        </node>
        <node>
           <name>MP_AM005_Bollard_1</name>
           <model>usa\misc\AM005\AM005.model</model>
        </node>
        <node>
           <name>MP_AM149_Must_Crane_4</name>
           <model>usa\misc\AM149\AM149.model</model>
        </node>
        <node>
           <name>MP_AM159_Voice_Tube</name>
           <model>usa\misc\AM159\AM159.model</model>
        </node>
        <node>
           <name>MP_AM442_Multipole_Switch_INDEX_1</name>
           <model>usa\misc\AM442\AM442.model</model>
        </node>
        <node>
           <name>MP_AM326_Ventilation_INDEX_1</name>
           <model>usa\misc\AM326\AM326.model</model>
        </node>
        <node>
           <name>MP_AM374_Fender</name>
           <model>usa\misc\AM374\AM374.model</model>
        </node>
        <node>
           <name>MP_AM007_Reels_2</name>
           <model>usa\misc\AM007\AM007.model</model>
        </node>
        <node>
           <name>MP_CM017_Boat_Stowage_3_INDEX_4</name>
           <model>common\misc\CM017\CM017.model</model>
        </node>
        <node>
           <name>MP_AM524_Telephone_INDEX_1</name>
           <model>usa\misc\AM524\AM524.model</model>
        </node>
        <node>
           <name>MP_AM071_Signal_Lamp_2</name>
           <model>usa\misc\AM071\AM071.model</model>
        </node>
        <node>
           <name>MP_AM599_Skylight_Hatch_INDEX_1</name>
           <model>usa\misc\AM599\AM599.model</model>
        </node>
        <node>
           <name>MP_AM173_Insulator_1_INDEX_1</name>
           <model>usa\misc\AM173\AM173.model</model>
        </node>
        <node>
           <name>MP_AM225_Searchlight_900mm</name>
           <model>usa\misc\AM225\AM225.model</model>
        </node>
        <node>
           <name>MP_AM028_Ammunition_Box2</name>
           <model>usa\misc\AM028\AM028.model</model>
        </node>
        <node>
           <name>MP_AM433_MC_Box</name>
           <model>usa\misc\AM433\AM433.model</model>
        </node>
        <node>
           <name>MP_AM442_Multipole_Switch_INDEX_2</name>
           <model>usa\misc\AM442\AM442.model</model>
        </node>
        <node>
           <name>MP_AM131_Davit_2_INDEX_3</name>
           <model>usa\misc\AM131\AM131.model</model>
        </node>
        <node>
           <name>MP_AM442_Multipole_Switch_INDEX_3</name>
           <model>usa\misc\AM442\AM442.model</model>
        </node>
        <node>
           <name>MP_AM167_Ventilation_3</name>
           <model>usa\misc\AM167\AM167.model</model>
        </node>
        <node>
           <name>MP_AM445_Switch_box_2_INDEX_3</name>
           <model>usa\misc\AM445\AM445.model</model>
        </node>
        <node>
           <name>MP_AM023_Hatch_1_INDEX_3</name>
           <model>usa\misc\AM023\AM023.model</model>
        </node>
        <node>
           <name>MP_AM438_Speakerphone</name>
           <model>usa\misc\AM438\AM438.model</model>
        </node>
        <node>
           <name>MP_AM520_AmmoBox_5in_INDEX_2</name>
           <model>usa\misc\AM520\AM520.model</model>
        </node>
        <node>
           <name>MP_AM549_Life_Buoy_INDEX_1</name>
           <model>usa\misc\AM549\AM549.model</model>
        </node>
        <node>
           <name>MP_AM473_Boat_Winch</name>
           <model>usa\misc\AM473\AM473.model</model>
        </node>
        <node>
           <name>MP_AM010_Speaker_1</name>
           <model>usa\misc\AM010\AM010.model</model>
        </node>
        <node>
           <name>MP_AM159_Voice_Tube_INDEX_1</name>
           <model>usa\misc\AM159\AM159.model</model>
        </node>
        <node>
           <name>MP_CM088_Swab_Rack</name>
           <model>common\misc\CM088\CM088.model</model>
        </node>
        <node>
           <name>MP_CM014_Fuel_Oil_Hose_INDEX_1</name>
           <model>common\misc\CM014\CM014.model</model>
        </node>
        <node>
           <name>MP_AM010_Speaker_1_INDEX_1</name>
           <model>usa\misc\AM010\AM010.model</model>
        </node>
        <node>
           <name>MP_AM442_Multipole_Switch_INDEX_4</name>
           <model>usa\misc\AM442\AM442.model</model>
        </node>
        <node>
           <name>MP_AM157_Telephone_INDEX_1</name>
           <model>usa\misc\AM157\AM157.model</model>
        </node>
        <node>
           <name>MP_AM071_Signal_Lamp_2_INDEX_1</name>
           <model>usa\misc\AM071\AM071.model</model>
        </node>
        <node>
           <name>MP_AM005_Bollard_1_INDEX_1</name>
           <model>usa\misc\AM005\AM005.model</model>
        </node>
        <node>
           <name>MP_CM014_Fuel_Oil_Hose_INDEX_2</name>
           <model>common\misc\CM014\CM014.model</model>
        </node>
        <node>
           <name>MP_CM029_Emergency_Box_INDEX_2</name>
           <model>common\misc\CM029\CM029.model</model>
        </node>
        <node>
           <name>MP_AM374_Fender_INDEX_1</name>
           <model>usa\misc\AM374\AM374.model</model>
        </node>
        <node>
           <name>MP_AM442_Multipole_Switch_INDEX_5</name>
           <model>usa\misc\AM442\AM442.model</model>
        </node>
        <node>
           <name>MP_CM017_Boat_Stowage_3_INDEX_5</name>
           <model>common\misc\CM017\CM017.model</model>
        </node>
        <node>
           <name>MP_CM011_Fire_Fighting_Gear_INDEX_1</name>
           <model>common\misc\CM011\CM011.model</model>
        </node>
        <node>
           <name>MP_CM017_Boat_Stowage_3_INDEX_6</name>
           <model>common\misc\CM017\CM017.model</model>
        </node>
        <node>
           <name>MP_AM101_Cooling_tube_INDEX_1</name>
           <model>usa\misc\AM101\AM101.model</model>
        </node>
        <node>
           <name>MP_AM178_Ammunition_Box_9_INDEX_1</name>
           <model>usa\misc\AM178\AM178.model</model>
        </node>
        <node>
           <name>MP_AM077_Paravane_INDEX_1</name>
           <model>usa\misc\AM077\AM077.model</model>
        </node>
        <node>
           <name>MP_AM455_Ventilation</name>
           <model>usa\misc\AM455\AM455.model</model>
        </node>
        <node>
           <name>MP_AM044_Boat_Winch</name>
           <model>usa\misc\AM044\AM044.model</model>
        </node>
        <node>
           <name>MP_AM070_Loading_Machine</name>
           <model>usa\misc\AM070\AM070.model</model>
        </node>
        <node>
           <name>MP_CM017_Boat_Stowage_3_INDEX_7</name>
           <model>common\misc\CM017\CM017.model</model>
        </node>
        <node>
           <name>MP_AM101_Cooling_tube_INDEX_2</name>
           <model>usa\misc\AM101\AM101.model</model>
        </node>
        <node>
           <name>MP_AM023_Hatch_1_INDEX_4</name>
           <model>usa\misc\AM023\AM023.model</model>
        </node>
        <node>
           <name>MP_CM014_Fuel_Oil_Hose_INDEX_3</name>
           <model>common\misc\CM014\CM014.model</model>
        </node>
        <node>
           <name>MP_AM442_Multipole_Switch_INDEX_6</name>
           <model>usa\misc\AM442\AM442.model</model>
        </node>
        <node>
           <name>MP_CM079_Fender</name>
           <model>common\misc\CM079\CM079.model</model>
        </node>
        <node>
           <name>MP_CM010_Fire_Hose_Reel_INDEX_1</name>
           <model>common\misc\CM010\CM010.model</model>
        </node>
        <node>
           <name>MP_AM010_Speaker_1_INDEX_2</name>
           <model>usa\misc\AM010\AM010.model</model>
        </node>
        <node>
           <name>MP_CM011_Fire_Fighting_Gear_INDEX_2</name>
           <model>common\misc\CM011\CM011.model</model>
        </node>
        <node>
           <name>MP_CM004_Barbette_Out_INDEX_1</name>
           <model>common\misc\CM004\CM004.model</model>
        </node>
        <node>
           <name>MP_CM079_Fender_INDEX_1</name>
           <model>common\misc\CM079\CM079.model</model>
        </node>
        <node>
           <name>MP_AM330_Hatch</name>
           <model>usa\misc\AM330\AM330.model</model>
        </node>
        <node>
           <name>MP_AM442_Multipole_Switch_INDEX_7</name>
           <model>usa\misc\AM442\AM442.model</model>
        </node>
        <node>
           <name>MP_AM451_Signal_Lamp</name>
           <model>usa\misc\AM451\AM451.model</model>
        </node>
        <node>
           <name>MP_AM091_Whaleboat_26ft_INDEX_1</name>
           <model>usa\misc\AM091\AM091.model</model>
        </node>
        <node>
           <name>MP_AM500_Aircraft</name>
           <model>usa\misc\AM500\AM500.model</model>
        </node>
        <node>
           <name>MP_AM242_fairlead_INDEX_2</name>
           <model>usa\misc\AM242\AM242.model</model>
        </node>
        <node>
           <name>MP_AM225_Searchlight_900mm_INDEX_1</name>
           <model>usa\misc\AM225\AM225.model</model>
        </node>
        <node>
           <name>MP_AM520_AmmoBox_5in_INDEX_3</name>
           <model>usa\misc\AM520\AM520.model</model>
        </node>
        <node>
           <name>MP_AM044_Boat_Winch_INDEX_1</name>
           <model>usa\misc\AM044\AM044.model</model>
        </node>
        <node>
           <name>MP_AM374_Fender_INDEX_2</name>
           <model>usa\misc\AM374\AM374.model</model>
        </node>
        <node>
           <name>MP_AM154_Switch_Panel_1</name>
           <model>usa\misc\AM154\AM154.model</model>
        </node>
        <node>
           <name>MP_CM017_Boat_Stowage_3_INDEX_8</name>
           <model>common\misc\CM017\CM017.model</model>
        </node>
        <node>
           <name>MP_AM159_Voice_Tube_INDEX_2</name>
           <model>usa\misc\AM159\AM159.model</model>
        </node>
        <node>
           <name>MP_CM017_Boat_Stowage_3_INDEX_9</name>
           <model>common\misc\CM017\CM017.model</model>
        </node>
        <node>
           <name>MP_AM028_Ammunition_Box2_INDEX_1</name>
           <model>usa\misc\AM028\AM028.model</model>
        </node>
        <node>
           <name>MP_AM031_Ammunition_Box5_INDEX_1</name>
           <model>usa\misc\AM031\AM031.model</model>
        </node>
        <node>
           <name>MP_CM036_Anchor_Close</name>
           <model>common\misc\CM036\CM036.model</model>
        </node>
        <node>
           <name>MP_AM178_Ammunition_Box_9_INDEX_2</name>
           <model>usa\misc\AM178\AM178.model</model>
        </node>
        <node>
           <name>MP_AM007_Reels_2_INDEX_1</name>
           <model>usa\misc\AM007\AM007.model</model>
        </node>
        <node>
           <name>MP_CM017_Boat_Stowage_3_INDEX_10</name>
           <model>common\misc\CM017\CM017.model</model>
        </node>
        <node>
           <name>MP_AM574_Removed_posts_10_INDEX_1</name>
           <model>usa\misc\AM574\AM574.model</model>
        </node>
        <node>
           <name>MP_AM049_Signal_Lamp_1_INDEX_1</name>
           <model>usa\misc\AM049\AM049.model</model>
        </node>
        <node>
           <name>MP_CM013_Fire_Hose_Rack_2_INDEX_1</name>
           <model>common\misc\CM013\CM013.model</model>
        </node>
        <node>
           <name>MP_AM455_Ventilation_INDEX_1</name>
           <model>usa\misc\AM455\AM455.model</model>
        </node>
        <node>
           <name>MP_AM049_Signal_Lamp_1_INDEX_2</name>
           <model>usa\misc\AM049\AM049.model</model>
        </node>
        <node>
           <name>MP_CM029_Emergency_Box_INDEX_3</name>
           <model>common\misc\CM029\CM029.model</model>
        </node>
        <node>
           <name>MP_AM445_Switch_box_2_INDEX_4</name>
           <model>usa\misc\AM445\AM445.model</model>
        </node>
        <node>
           <name>MP_AM043_Aircraft_Deck_Cradle_INDEX_1</name>
           <model>usa\misc\AM043\AM043.model</model>
        </node>
        <node>
           <name>MP_AM028_Ammunition_Box2_INDEX_2</name>
           <model>usa\misc\AM028\AM028.model</model>
        </node>
        <node>
           <name>MP_CM013_Fire_Hose_Rack_2_INDEX_2</name>
           <model>common\misc\CM013\CM013.model</model>
        </node>
        <node>
           <name>MP_AM157_Telephone_INDEX_2</name>
           <model>usa\misc\AM157\AM157.model</model>
        </node>
        <node>
           <name>MP_CM029_Emergency_Box_INDEX_4</name>
           <model>common\misc\CM029\CM029.model</model>
        </node>
        <node>
           <name>MP_AM445_Switch_box_2_INDEX_5</name>
           <model>usa\misc\AM445\AM445.model</model>
        </node>
        <node>
           <name>MP_CM029_Emergency_Box_INDEX_5</name>
           <model>common\misc\CM029\CM029.model</model>
        </node>
        <node>
           <name>MP_AM129_Turtles_box_INDEX_4</name>
           <model>usa\misc\AM129\AM129.model</model>
        </node>
        <node>
           <name>MP_CM029_Emergency_Box_INDEX_6</name>
           <model>common\misc\CM029\CM029.model</model>
        </node>
        <node>
           <name>MP_CM017_Boat_Stowage_3_INDEX_11</name>
           <model>common\misc\CM017\CM017.model</model>
        </node>
        <node>
           <name>MP_AM005_Bollard_1_INDEX_2</name>
           <model>usa\misc\AM005\AM005.model</model>
        </node>
        <node>
           <name>MP_AM225_Searchlight_900mm_INDEX_2</name>
           <model>usa\misc\AM225\AM225.model</model>
        </node>
        <node>
           <name>MP_AM028_Ammunition_Box2_INDEX_3</name>
           <model>usa\misc\AM028\AM028.model</model>
        </node>
        <node>
           <name>MP_AM503_Ammunition_Box_INDEX_1</name>
           <model>usa\misc\AM503\AM503.model</model>
        </node>
        <node>
           <name>MP_CM011_Fire_Fighting_Gear_INDEX_3</name>
           <model>common\misc\CM011\CM011.model</model>
        </node>
        <node>
           <name>MP_AM023_Hatch_1_INDEX_5</name>
           <model>usa\misc\AM023\AM023.model</model>
        </node>
        <node>
           <name>MP_AM132_Flag_Box_INDEX_1</name>
           <model>usa\misc\AM132\AM132.model</model>
        </node>
        <node>
           <name>MP_AM156_Switch_Panel_3</name>
           <model>usa\misc\AM156\AM156.model</model>
        </node>
        <node>
           <name>MP_CM017_Boat_Stowage_3_INDEX_12</name>
           <model>common\misc\CM017\CM017.model</model>
        </node>
        <node>
           <name>MP_CM014_Fuel_Oil_Hose_INDEX_4</name>
           <model>common\misc\CM014\CM014.model</model>
        </node>
        <node>
           <name>MP_AM129_Turtles_box_INDEX_5</name>
           <model>usa\misc\AM129\AM129.model</model>
        </node>
        <node>
           <name>MP_AM242_fairlead_INDEX_3</name>
           <model>usa\misc\AM242\AM242.model</model>
        </node>
        <node>
           <name>MP_CM014_Fuel_Oil_Hose_INDEX_5</name>
           <model>common\misc\CM014\CM014.model</model>
        </node>
        <node>
           <name>MP_CM012_Fire_Hose_Rack_1_INDEX_1</name>
           <model>common\misc\CM012\CM012.model</model>
        </node>
        <node>
           <name>MP_AM195_Ammunition_Box_12</name>
           <model>usa\misc\AM195\AM195.model</model>
        </node>
        <node>
           <name>MP_AM068_Hatch_3</name>
           <model>usa\misc\AM068\AM068.model</model>
        </node>
        <node>
           <name>MP_AM114_Freon_Cylinder_acetylene_INDEX_1</name>
           <model>usa\misc\AM114\AM114.model</model>
        </node>
        <node>
           <name>MP_AM374_Fender_INDEX_3</name>
           <model>usa\misc\AM374\AM374.model</model>
        </node>
        <node>
           <name>MP_AM225_Searchlight_900mm_INDEX_3</name>
           <model>usa\misc\AM225\AM225.model</model>
        </node>
        <node>
           <name>MP_AM129_Turtles_box_INDEX_6</name>
           <model>usa\misc\AM129\AM129.model</model>
        </node>
        <node>
           <name>MP_CM010_Fire_Hose_Reel_INDEX_2</name>
           <model>common\misc\CM010\CM010.model</model>
        </node>
        <node>
           <name>MP_AM167_Ventilation_3_INDEX_1</name>
           <model>usa\misc\AM167\AM167.model</model>
        </node>
        <node>
           <name>MP_AM049_Signal_Lamp_1_INDEX_3</name>
           <model>usa\misc\AM049\AM049.model</model>
        </node>
        <node>
           <name>MP_AM500_Aircraft_INDEX_1</name>
           <model>usa\misc\AM500\AM500.model</model>
        </node>
        <node>
           <name>MP_AM195_Ammunition_Box_12_INDEX_1</name>
           <model>usa\misc\AM195\AM195.model</model>
        </node>
        <node>
           <name>MP_AM159_Voice_Tube_INDEX_3</name>
           <model>usa\misc\AM159\AM159.model</model>
        </node>
        <node>
           <name>MP_AM101_Cooling_tube_INDEX_3</name>
           <model>usa\misc\AM101\AM101.model</model>
        </node>
        <node>
           <name>MP_AM571_Fairlead</name>
           <model>usa\misc\AM571\AM571.model</model>
        </node>
        <node>
           <name>MP_AM023_Hatch_1_INDEX_6</name>
           <model>usa\misc\AM023\AM023.model</model>
        </node>
        <node>
           <name>MP_CM017_Boat_Stowage_3_INDEX_13</name>
           <model>common\misc\CM017\CM017.model</model>
        </node>
        <node>
           <name>MP_CM012_Fire_Hose_Rack_1_INDEX_2</name>
           <model>common\misc\CM012\CM012.model</model>
        </node>
        <node>
           <name>MP_AM473_Boat_Winch_INDEX_1</name>
           <model>usa\misc\AM473\AM473.model</model>
        </node>
        <node>
           <name>MP_AM571_Fairlead_INDEX_1</name>
           <model>usa\misc\AM571\AM571.model</model>
        </node>
        <node>
           <name>MP_AM524_Telephone_INDEX_2</name>
           <model>usa\misc\AM524\AM524.model</model>
        </node>
        <node>
           <name>MP_AM131_Davit_2_INDEX_4</name>
           <model>usa\misc\AM131\AM131.model</model>
        </node>
        <node>
           <name>MP_AM524_Telephone_INDEX_3</name>
           <model>usa\misc\AM524\AM524.model</model>
        </node>
        <node>
           <name>MP_AM442_Multipole_Switch_INDEX_8</name>
           <model>usa\misc\AM442\AM442.model</model>
        </node>
        <node>
           <name>MP_CM010_Fire_Hose_Reel_INDEX_3</name>
           <model>common\misc\CM010\CM010.model</model>
        </node>
        <node>
           <name>MP_CM010_Fire_Hose_Reel_INDEX_4</name>
           <model>common\misc\CM010\CM010.model</model>
        </node>
        <node>
           <name>MP_AM442_Multipole_Switch_INDEX_9</name>
           <model>usa\misc\AM442\AM442.model</model>
        </node>
        <node>
           <name>MP_AM445_Switch_box_2_INDEX_6</name>
           <model>usa\misc\AM445\AM445.model</model>
        </node>
        <node>
           <name>MP_AM464_Chair_INDEX_1</name>
           <model>usa\misc\AM464\AM464.model</model>
        </node>
        <node>
           <name>MP_AM164_Signal_Lamp_4_INDEX_1</name>
           <model>usa\misc\AM164\AM164.model</model>
        </node>
        <node>
           <name>MP_AM449_Binoculars_INDEX_1</name>
           <model>usa\misc\AM449\AM449.model</model>
        </node>
        <node>
           <name>MP_AM005_Bollard_1_INDEX_3</name>
           <model>usa\misc\AM005\AM005.model</model>
        </node>
        <node>
           <name>MP_AM005_Bollard_1_INDEX_4</name>
           <model>usa\misc\AM005\AM005.model</model>
        </node>
        <node>
           <name>MP_AM005_Bollard_1_INDEX_5</name>
           <model>usa\misc\AM005\AM005.model</model>
        </node>
        <node>
           <name>MP_AM489_Franklin_Life_Buoy</name>
           <model>usa\misc\AM489\AM489.model</model>
        </node>
        <node>
           <name>MP_AM489_Franklin_Life_Buoy_INDEX_1</name>
           <model>usa\misc\AM489\AM489.model</model>
        </node>
        <node>
           <name>HP_flag_nation</name>
           <model>usa\misc\AM032\AM032.model</model>
        </node>
        <node>
           <name>HP_Smoke_2</name>
           <model>UNKNOWN_ITEM</model>
        </node>
        <node>
           <name>HP_Fire_Burn_3</name>
           <model>UNKNOWN_ITEM</model>
        </node>
    </midback>
    <stern>
      <model>usa\ship\cruiser\ASC043_Pensacola_1942\ASC043_Pensacola_1942_Stern_ports.model</model>
        <node>
           <name>HP_AD_7</name>
           <model>usa\director\AD075_Director_Mk44\AD075_Director_Mk44.model</model>
        </node>
        <node>
           <name>HP_AD_8</name>
           <model>usa\director\AD075_Director_Mk44\AD075_Director_Mk44.model</model>
        </node>
        <node>
           <name>HP_AGM_4</name>
           <model>usa\gun\main\AGM115_8in50_Mk14_Mod2\AGM115_8in50_Mk14_Mod2.model</model>
        </node>
        <node>
           <name>HP_AGA_11</name>
           <model>usa\gun\aaircraft\AGA013_1in_Mk2_Mod2\AGA013_1in_Mk2_Mod2.model</model>
        </node>
        <node>
           <name>HP_AGA_12</name>
           <model>usa\gun\aaircraft\AGA013_1in_Mk2_Mod2\AGA013_1in_Mk2_Mod2.model</model>
        </node>
        <node>
           <name>MP_CM002_Propeller4_L</name>
           <model>common\misc\CM002\CM002.model</model>
        </node>
        <node>
           <name>MP_AM571_Fairlead</name>
           <model>usa\misc\AM571\AM571.model</model>
        </node>
        <node>
           <name>MP_AM218_Hatch</name>
           <model>usa\misc\AM218\AM218.model</model>
        </node>
        <node>
           <name>MP_AM131_Davit_2</name>
           <model>usa\misc\AM131\AM131.model</model>
        </node>
        <node>
           <name>MP_AM442_Multipole_Switch</name>
           <model>usa\misc\AM442\AM442.model</model>
        </node>
        <node>
           <name>MP_CM002_Propeller4_L_INDEX_1</name>
           <model>common\misc\CM002\CM002.model</model>
        </node>
        <node>
           <name>MP_AM580_Signal_Lamp</name>
           <model>usa\misc\AM580\AM580.model</model>
        </node>
        <node>
           <name>MP_AM005_Bollard_1</name>
           <model>usa\misc\AM005\AM005.model</model>
        </node>
        <node>
           <name>MP_AM218_Hatch_INDEX_1</name>
           <model>usa\misc\AM218\AM218.model</model>
        </node>
        <node>
           <name>MP_AM022_Ventilators_4</name>
           <model>usa\misc\AM022\AM022.model</model>
        </node>
        <node>
           <name>MP_AM023_Hatch_1</name>
           <model>usa\misc\AM023\AM023.model</model>
        </node>
        <node>
           <name>MP_CM029_Emergency_Box</name>
           <model>common\misc\CM029\CM029.model</model>
        </node>
        <node>
           <name>MP_AM242_fairlead</name>
           <model>usa\misc\AM242\AM242.model</model>
        </node>
        <node>
           <name>MP_AM350_Filling_connection</name>
           <model>usa\misc\AM350\AM350.model</model>
        </node>
        <node>
           <name>MP_CM033_Propeller4_R</name>
           <model>common\misc\CM033\CM033.model</model>
        </node>
        <node>
           <name>MP_AM022_Ventilators_4_INDEX_1</name>
           <model>usa\misc\AM022\AM022.model</model>
        </node>
        <node>
           <name>MP_AM028_Ammunition_Box2</name>
           <model>usa\misc\AM028\AM028.model</model>
        </node>
        <node>
           <name>MP_CM004_Barbette_Out</name>
           <model>common\misc\CM004\CM004.model</model>
        </node>
        <node>
           <name>MP_AM571_Fairlead_INDEX_1</name>
           <model>usa\misc\AM571\AM571.model</model>
        </node>
        <node>
           <name>MP_AM046_Running_Lights_B</name>
           <model>usa\misc\AM046\AM046.model</model>
        </node>
        <node>
           <name>MP_AM571_Fairlead_INDEX_2</name>
           <model>usa\misc\AM571\AM571.model</model>
        </node>
        <node>
           <name>MP_CM010_Fire_Hose_Reel</name>
           <model>common\misc\CM010\CM010.model</model>
        </node>
        <node>
           <name>MP_AM131_Davit_2_INDEX_1</name>
           <model>usa\misc\AM131\AM131.model</model>
        </node>
        <node>
           <name>MP_AM242_fairlead_INDEX_1</name>
           <model>usa\misc\AM242\AM242.model</model>
        </node>
        <node>
           <name>MP_AM044_Boat_Winch</name>
           <model>usa\misc\AM044\AM044.model</model>
        </node>
        <node>
           <name>MP_CM010_Fire_Hose_Reel_INDEX_1</name>
           <model>common\misc\CM010\CM010.model</model>
        </node>
        <node>
           <name>MP_AM022_Ventilators_4_INDEX_2</name>
           <model>usa\misc\AM022\AM022.model</model>
        </node>
        <node>
           <name>MP_AM442_Multipole_Switch_INDEX_1</name>
           <model>usa\misc\AM442\AM442.model</model>
        </node>
        <node>
           <name>MP_AM106_Bollard_3</name>
           <model>usa\misc\AM106\AM106.model</model>
        </node>
        <node>
           <name>MP_AM028_Ammunition_Box2_INDEX_1</name>
           <model>usa\misc\AM028\AM028.model</model>
        </node>
        <node>
           <name>MP_CM033_Propeller4_R_INDEX_1</name>
           <model>common\misc\CM033\CM033.model</model>
        </node>
        <node>
           <name>MP_AM571_Fairlead_INDEX_3</name>
           <model>usa\misc\AM571\AM571.model</model>
        </node>
        <node>
           <name>MP_AM106_Bollard_3_INDEX_1</name>
           <model>usa\misc\AM106\AM106.model</model>
        </node>
        <node>
           <name>MP_AM021_Ventilators_3</name>
           <model>usa\misc\AM021\AM021.model</model>
        </node>
        <node>
           <name>MP_AM350_Filling_connection_INDEX_1</name>
           <model>usa\misc\AM350\AM350.model</model>
        </node>
        <node>
           <name>MP_AM005_Bollard_1_INDEX_1</name>
           <model>usa\misc\AM005\AM005.model</model>
        </node>
        <node>
           <name>MP_CM010_Fire_Hose_Reel_INDEX_2</name>
           <model>common\misc\CM010\CM010.model</model>
        </node>
        <node>
           <name>MP_CM010_Fire_Hose_Reel_INDEX_3</name>
           <model>common\misc\CM010\CM010.model</model>
        </node>
        <node>
           <name>HP_Fire_Burn_4</name>
           <model>UNKNOWN_ITEM</model>
        </node>
    </stern>
  </sections>
</ASC043_Pensacola_1942.xml>
