<ASC003_Albany_1898.xml>
  <sections>
    <bow>
      <model>usa\ship\cruiser\ASC003_Albany_1898\ASC003_Albany_1898_bow_ports.model</model>
        <node>
           <name>HP_AGM_1</name>
           <model>usa\gun\main\AGM067_6in50_Mk5\AGM067_6in50_Mk5.model</model>
        </node>
        <node>
           <name>MP_AM411ASC003Bow_0_0</name>
           <model>usa\misc\AM411ASC003Bow\AM411ASC003Bow.model</model>
        </node>
        <node>
           <name>MP_AM370_Crane</name>
           <model>usa\misc\AM370\AM370.model</model>
        </node>
        <node>
           <name>MP_AM268ASC003Bow_0_0</name>
           <model>usa\misc\AM268ASC003Bow\AM268ASC003Bow.model</model>
        </node>
        <node>
           <name>MP_AM383_Capstan</name>
           <model>usa\misc\AM383\AM383.model</model>
        </node>
        <node>
           <name>MP_CM048ASC003Bow_0_0</name>
           <model>common\misc\CM048ASC003Bow\CM048ASC003Bow.model</model>
        </node>
        <node>
           <name>MP_CM044_Anchor</name>
           <model>common\misc\CM044\CM044.model</model>
        </node>
        <node>
           <name>MP_AM617ASC003Bow_0_0</name>
           <model>usa\misc\AM617ASC003Bow\AM617ASC003Bow.model</model>
        </node>
        <node>
           <name>HP_Fire_Burn_1</name>
           <model>UNKNOWN_ITEM</model>
        </node>
    </bow>
    <midfront>
      <model>usa\ship\cruiser\ASC003_Albany_1898\ASC003_Albany_1898_MidFront_ports.model</model>
        <node>
           <name>HP_AGM_2</name>
           <model>usa\gun\main\AGM089_6in50_Mk5\AGM089_6in50_Mk5.model</model>
        </node>
        <node>
           <name>HP_AGM_3</name>
           <model>usa\gun\main\AGM089_6in50_Mk5\AGM089_6in50_Mk5.model</model>
        </node>
        <node>
           <name>HP_AGS_2</name>
           <model>usa\gun\secondary\AGS068_4_7in_Mk3\AGS068_4_7in_Mk3.model</model>
        </node>
        <node>
           <name>HP_AGS_1</name>
           <model>usa\gun\secondary\AGS068_4_7in_Mk3\AGS068_4_7in_Mk3.model</model>
        </node>
        <node>
           <name>HP_AGA_1</name>
           <model>usa\gun\aaircraft\AGA071_1pdr_Mk6_Maxim\AGA071_1pdr_Mk6_Maxim.model</model>
        </node>
        <node>
           <name>HP_AGA_2</name>
           <model>usa\gun\aaircraft\AGA071_1pdr_Mk6_Maxim\AGA071_1pdr_Mk6_Maxim.model</model>
        </node>
        <node>
           <name>HP_flag_1</name>
           <model>usa\misc\AM032\AM032.model</model>
        </node>
        <node>
           <name>HP_flag_2</name>
           <model>usa\misc\AM032\AM032.model</model>
        </node>
        <node>
           <name>HP_flag_3</name>
           <model>usa\misc\AM032\AM032.model</model>
        </node>
        <node>
           <name>HP_flag_4</name>
           <model>usa\misc\AM032\AM032.model</model>
        </node>
        <node>
           <name>MP_CM081ASC003MidFront_0_0</name>
           <model>common\misc\CM081ASC003MidFront\CM081ASC003MidFront.model</model>
        </node>
        <node>
           <name>MP_AM615ASC003MidFront_0_0</name>
           <model>usa\misc\AM615ASC003MidFront\AM615ASC003MidFront.model</model>
        </node>
        <node>
           <name>MP_CM084ASC003MidFront_0_0</name>
           <model>common\misc\CM084ASC003MidFront\CM084ASC003MidFront.model</model>
        </node>
        <node>
           <name>MP_AM385_Reels</name>
           <model>usa\misc\AM385\AM385.model</model>
        </node>
        <node>
           <name>MP_AM371ASC003MidFront_0_0</name>
           <model>usa\misc\AM371ASC003MidFront\AM371ASC003MidFront.model</model>
        </node>
        <node>
           <name>MP_CM083ASC003MidFront_0_0</name>
           <model>common\misc\CM083ASC003MidFront\CM083ASC003MidFront.model</model>
        </node>
        <node>
           <name>MP_AM616ASC003MidFront_0_0</name>
           <model>usa\misc\AM616ASC003MidFront\AM616ASC003MidFront.model</model>
        </node>
        <node>
           <name>MP_AM466ASC003MidFront_0_0</name>
           <model>usa\misc\AM466ASC003MidFront\AM466ASC003MidFront.model</model>
        </node>
        <node>
           <name>MP_CM019ASC003MidFront_0_0</name>
           <model>common\misc\CM019ASC003MidFront\CM019ASC003MidFront.model</model>
        </node>
        <node>
           <name>MP_CM089ASC003MidFront_0_0</name>
           <model>common\misc\CM089ASC003MidFront\CM089ASC003MidFront.model</model>
        </node>
        <node>
           <name>MP_CM011ASC003MidFront_0_0</name>
           <model>common\misc\CM011ASC003MidFront\CM011ASC003MidFront.model</model>
        </node>
        <node>
           <name>MP_CM040_Steering_Wheel</name>
           <model>common\misc\CM040\CM040.model</model>
        </node>
        <node>
           <name>MP_CM056_Ships_bell</name>
           <model>common\misc\CM056\CM056.model</model>
        </node>
        <node>
           <name>MP_CM015ASC003MidFront_0_0</name>
           <model>common\misc\CM015ASC003MidFront\CM015ASC003MidFront.model</model>
        </node>
        <node>
           <name>MP_AM369ASC003MidFront_0_0</name>
           <model>usa\misc\AM369ASC003MidFront\AM369ASC003MidFront.model</model>
        </node>
        <node>
           <name>MP_AM345_Runnng_Lights_L</name>
           <model>usa\misc\AM345\AM345.model</model>
        </node>
        <node>
           <name>MP_AM344_Running_Lights_R</name>
           <model>usa\misc\AM344\AM344.model</model>
        </node>
        <node>
           <name>MP_AM379_Whaleboat_24ft</name>
           <model>usa\misc\AM379\AM379.model</model>
        </node>
        <node>
           <name>MP_AM365_Ventilators</name>
           <model>usa\misc\AM365\AM365.model</model>
        </node>
        <node>
           <name>MP_AM498ASC003MidFront_0_0</name>
           <model>usa\misc\AM498ASC003MidFront\AM498ASC003MidFront.model</model>
        </node>
        <node>
           <name>MP_CM013ASC003MidFront_0_0</name>
           <model>common\misc\CM013ASC003MidFront\CM013ASC003MidFront.model</model>
        </node>
        <node>
           <name>MP_AM497ASC003MidFront_0_0</name>
           <model>usa\misc\AM497ASC003MidFront\AM497ASC003MidFront.model</model>
        </node>
        <node>
           <name>MP_AM274_Turning_Indicator</name>
           <model>usa\misc\AM274\AM274.model</model>
        </node>
        <node>
           <name>MP_AM366_Ventilators</name>
           <model>usa\misc\AM366\AM366.model</model>
        </node>
        <node>
           <name>MP_CM053_Telegraph</name>
           <model>common\misc\CM053\CM053.model</model>
        </node>
        <node>
           <name>MP_AM275ASC003MidFront_0_0</name>
           <model>usa\misc\AM275ASC003MidFront\AM275ASC003MidFront.model</model>
        </node>
        <node>
           <name>MP_AM581ASC003MidFront_0_0</name>
           <model>usa\misc\AM581ASC003MidFront\AM581ASC003MidFront.model</model>
        </node>
        <node>
           <name>MP_AM389ASC003MidFront_0_0</name>
           <model>usa\misc\AM389ASC003MidFront\AM389ASC003MidFront.model</model>
        </node>
        <node>
           <name>MP_AM413_Hatch</name>
           <model>usa\misc\AM413\AM413.model</model>
        </node>
        <node>
           <name>MP_AM270_Compass_Binnacle</name>
           <model>usa\misc\AM270\AM270.model</model>
        </node>
        <node>
           <name>MP_AM502_Signal_Lamp</name>
           <model>usa\misc\AM502\AM502.model</model>
        </node>
        <node>
           <name>HP_Smoke_1</name>
           <model>UNKNOWN_ITEM</model>
        </node>
        <node>
           <name>HP_Fire_Burn_2</name>
           <model>UNKNOWN_ITEM</model>
        </node>
        <node>
           <name>HP_NoseWave_Speed</name>
           <model>UNKNOWN_ITEM</model>
        </node>
        <node>
           <name>HP_Smoke_2</name>
           <model>UNKNOWN_ITEM</model>
        </node>
    </midfront>
    <midback>
      <model>usa\ship\cruiser\ASC003_Albany_1898\ASC003_Albany_1898_MidBack_ports.model</model>
        <node>
           <name>HP_AGS_3</name>
           <model>usa\gun\secondary\AGS068_4_7in_Mk3\AGS068_4_7in_Mk3.model</model>
        </node>
        <node>
           <name>HP_AGS_4</name>
           <model>usa\gun\secondary\AGS068_4_7in_Mk3\AGS068_4_7in_Mk3.model</model>
        </node>
        <node>
           <name>HP_AGM_4</name>
           <model>usa\gun\main\AGM089_6in50_Mk5\AGM089_6in50_Mk5.model</model>
        </node>
        <node>
           <name>HP_AGM_5</name>
           <model>usa\gun\main\AGM089_6in50_Mk5\AGM089_6in50_Mk5.model</model>
        </node>
        <node>
           <name>HP_AGA_4</name>
           <model>usa\gun\aaircraft\AGA071_1pdr_Mk6_Maxim\AGA071_1pdr_Mk6_Maxim.model</model>
        </node>
        <node>
           <name>HP_AGA_3</name>
           <model>usa\gun\aaircraft\AGA071_1pdr_Mk6_Maxim\AGA071_1pdr_Mk6_Maxim.model</model>
        </node>
        <node>
           <name>MP_AM616ASC003MidBack_0_0</name>
           <model>usa\misc\AM616ASC003MidBack\AM616ASC003MidBack.model</model>
        </node>
        <node>
           <name>MP_CM019_Wood_Box_2</name>
           <model>common\misc\CM019\CM019.model</model>
        </node>
        <node>
           <name>MP_AM575ASC003MidBack_0_0</name>
           <model>usa\misc\AM575ASC003MidBack\AM575ASC003MidBack.model</model>
        </node>
        <node>
           <name>MP_AM498ASC003MidBack_0_0</name>
           <model>usa\misc\AM498ASC003MidBack\AM498ASC003MidBack.model</model>
        </node>
        <node>
           <name>MP_AM413_Hatch</name>
           <model>usa\misc\AM413\AM413.model</model>
        </node>
        <node>
           <name>MP_CM084ASC003MidBack_0_0</name>
           <model>common\misc\CM084ASC003MidBack\CM084ASC003MidBack.model</model>
        </node>
        <node>
           <name>MP_AM579ASC003MidBack_0_0</name>
           <model>usa\misc\AM579ASC003MidBack\AM579ASC003MidBack.model</model>
        </node>
        <node>
           <name>MP_AM382_hatch</name>
           <model>usa\misc\AM382\AM382.model</model>
        </node>
        <node>
           <name>MP_CM011ASC003MidBack_0_0</name>
           <model>common\misc\CM011ASC003MidBack\CM011ASC003MidBack.model</model>
        </node>
        <node>
           <name>MP_AM618ASC003MidBack_0_0</name>
           <model>usa\misc\AM618ASC003MidBack\AM618ASC003MidBack.model</model>
        </node>
        <node>
           <name>MP_AM275ASC003MidBack_0_0</name>
           <model>usa\misc\AM275ASC003MidBack\AM275ASC003MidBack.model</model>
        </node>
        <node>
           <name>MP_AM366ASC003MidBack_0_0</name>
           <model>usa\misc\AM366ASC003MidBack\AM366ASC003MidBack.model</model>
        </node>
        <node>
           <name>MP_AM365ASC003MidBack_0_0</name>
           <model>usa\misc\AM365ASC003MidBack\AM365ASC003MidBack.model</model>
        </node>
        <node>
           <name>MP_AM466ASC003MidBack_0_0</name>
           <model>usa\misc\AM466ASC003MidBack\AM466ASC003MidBack.model</model>
        </node>
        <node>
           <name>MP_AM577ASC003MidBack_0_0</name>
           <model>usa\misc\AM577ASC003MidBack\AM577ASC003MidBack.model</model>
        </node>
        <node>
           <name>MP_AM390ASC003MidBack_0_0</name>
           <model>usa\misc\AM390ASC003MidBack\AM390ASC003MidBack.model</model>
        </node>
        <node>
           <name>MP_AM368ASC003MidBack_0_0</name>
           <model>usa\misc\AM368ASC003MidBack\AM368ASC003MidBack.model</model>
        </node>
        <node>
           <name>MP_CM088_Swab_Rack</name>
           <model>common\misc\CM088\CM088.model</model>
        </node>
        <node>
           <name>MP_AM402ASC003MidBack_0_0</name>
           <model>usa\misc\AM402ASC003MidBack\AM402ASC003MidBack.model</model>
        </node>
        <node>
           <name>MP_CM083ASC003MidBack_0_0</name>
           <model>common\misc\CM083ASC003MidBack\CM083ASC003MidBack.model</model>
        </node>
        <node>
           <name>MP_AM403ASC003MidBack_0_0</name>
           <model>usa\misc\AM403ASC003MidBack\AM403ASC003MidBack.model</model>
        </node>
        <node>
           <name>MP_CM013ASC003MidBack_0_0</name>
           <model>common\misc\CM013ASC003MidBack\CM013ASC003MidBack.model</model>
        </node>
        <node>
           <name>MP_CM089_Anchor</name>
           <model>common\misc\CM089\CM089.model</model>
        </node>
        <node>
           <name>MP_AM369ASC003MidBack_0_0</name>
           <model>usa\misc\AM369ASC003MidBack\AM369ASC003MidBack.model</model>
        </node>
        <node>
           <name>MP_AM615ASC003MidBack_0_0</name>
           <model>usa\misc\AM615ASC003MidBack\AM615ASC003MidBack.model</model>
        </node>
        <node>
           <name>MP_AM502_Signal_Lamp</name>
           <model>usa\misc\AM502\AM502.model</model>
        </node>
        <node>
           <name>MP_AM281ASC003MidBack_0_0</name>
           <model>usa\misc\AM281ASC003MidBack\AM281ASC003MidBack.model</model>
        </node>
        <node>
           <name>MP_CM015_Bundle_1</name>
           <model>common\misc\CM015\CM015.model</model>
        </node>
        <node>
           <name>MP_AM453_Ammunition_Box</name>
           <model>usa\misc\AM453\AM453.model</model>
        </node>
        <node>
           <name>MP_AM371_Searchlight</name>
           <model>usa\misc\AM371\AM371.model</model>
        </node>
        <node>
           <name>HP_Fire_Burn_3</name>
           <model>UNKNOWN_ITEM</model>
        </node>
    </midback>
    <stern>
      <model>usa\ship\cruiser\ASC003_Albany_1898\ASC003_Albany_1898_Stern_ports.model</model>
        <node>
           <name>HP_AGM_6</name>
           <model>usa\gun\main\AGM067_6in50_Mk5\AGM067_6in50_Mk5.model</model>
        </node>
        <node>
           <name>HP_flag_nation</name>
           <model>usa\misc\AM032\AM032.model</model>
        </node>
        <node>
           <name>MP_CM015_Bundle_1</name>
           <model>common\misc\CM015\CM015.model</model>
        </node>
        <node>
           <name>MP_CM001_Propeller3_L</name>
           <model>common\misc\CM001\CM001.model</model>
        </node>
        <node>
           <name>MP_AM580_Signal_Lamp</name>
           <model>usa\misc\AM580\AM580.model</model>
        </node>
        <node>
           <name>MP_AM497ASC003Stern_0_0</name>
           <model>usa\misc\AM497ASC003Stern\AM497ASC003Stern.model</model>
        </node>
        <node>
           <name>MP_CM061ASC003Stern_0_0</name>
           <model>common\misc\CM061ASC003Stern\CM061ASC003Stern.model</model>
        </node>
        <node>
           <name>MP_AM617ASC003Stern_0_0</name>
           <model>usa\misc\AM617ASC003Stern\AM617ASC003Stern.model</model>
        </node>
        <node>
           <name>MP_AM381_Hatch</name>
           <model>usa\misc\AM381\AM381.model</model>
        </node>
        <node>
           <name>MP_CM081ASC003Stern_0_0</name>
           <model>common\misc\CM081ASC003Stern\CM081ASC003Stern.model</model>
        </node>
        <node>
           <name>MP_AM369ASC003Stern_0_0</name>
           <model>usa\misc\AM369ASC003Stern\AM369ASC003Stern.model</model>
        </node>
        <node>
           <name>MP_AM385_Reels</name>
           <model>usa\misc\AM385\AM385.model</model>
        </node>
        <node>
           <name>MP_AM268ASC003Stern_0_0</name>
           <model>usa\misc\AM268ASC003Stern\AM268ASC003Stern.model</model>
        </node>
        <node>
           <name>MP_AM452ASC003Stern_0_0</name>
           <model>usa\misc\AM452ASC003Stern\AM452ASC003Stern.model</model>
        </node>
        <node>
           <name>MP_AM366_Ventilators</name>
           <model>usa\misc\AM366\AM366.model</model>
        </node>
        <node>
           <name>MP_AM412_Hatch</name>
           <model>usa\misc\AM412\AM412.model</model>
        </node>
        <node>
           <name>MP_AM411ASC003Stern_0_0</name>
           <model>usa\misc\AM411ASC003Stern\AM411ASC003Stern.model</model>
        </node>
        <node>
           <name>MP_CM082_Rope</name>
           <model>common\misc\CM082\CM082.model</model>
        </node>
        <node>
           <name>MP_CM032_Propeller3_R</name>
           <model>common\misc\CM032\CM032.model</model>
        </node>
        <node>
           <name>HP_Fire_Burn_4</name>
           <model>UNKNOWN_ITEM</model>
        </node>
    </stern>
  </sections>
</ASC003_Albany_1898.xml>
