<JSC012_Ibuki_1944.xml>
  <sections>
    <bow>
      <model>japan\ship\cruiser\JSC012_Ibuki_1944\JSC012_Ibuki_1944_bow_ports.model</model>
        <node>
           <name>HP_JGA_1</name>
           <model>japan\gun\aaircraft\JGA018_25mm_Type96_single\JGA018_25mm_Type96_single.model</model>
        </node>
        <node>
           <name>HP_JGA_2</name>
           <model>japan\gun\aaircraft\JGA018_25mm_Type96_single\JGA018_25mm_Type96_single.model</model>
        </node>
        <node>
           <name>MP_JM033JSC012Bow_0_0</name>
           <model>japan\misc\JM033JSC012Bow\JM033JSC012Bow.model</model>
        </node>
        <node>
           <name>MP_JM062JSC012Bow_0_0</name>
           <model>japan\misc\JM062JSC012Bow\JM062JSC012Bow.model</model>
        </node>
        <node>
           <name>MP_JM125_Signal_Lamp_3</name>
           <model>japan\misc\JM125\JM125.model</model>
        </node>
        <node>
           <name>MP_JM141JSC012Bow_0_0</name>
           <model>japan\misc\JM141JSC012Bow\JM141JSC012Bow.model</model>
        </node>
        <node>
           <name>MP_JM059_Deck_Hatch_8</name>
           <model>japan\misc\JM059\JM059.model</model>
        </node>
        <node>
           <name>MP_JM061_Deck_Hatch_10</name>
           <model>japan\misc\JM061\JM061.model</model>
        </node>
        <node>
           <name>MP_JM029JSC012Bow_0_0</name>
           <model>japan\misc\JM029JSC012Bow\JM029JSC012Bow.model</model>
        </node>
        <node>
           <name>MP_JM064JSC012Bow_0_0</name>
           <model>japan\misc\JM064JSC012Bow\JM064JSC012Bow.model</model>
        </node>
        <node>
           <name>MP_JM020JSC012Bow_0_0</name>
           <model>japan\misc\JM020JSC012Bow\JM020JSC012Bow.model</model>
        </node>
        <node>
           <name>MP_JM018JSC012Bow_0_0</name>
           <model>japan\misc\JM018JSC012Bow\JM018JSC012Bow.model</model>
        </node>
        <node>
           <name>MP_JM306_Chrysanthemum_mid</name>
           <model>japan\misc\JM306\JM306.model</model>
        </node>
        <node>
           <name>MP_JM307JSC012Bow_0_0</name>
           <model>japan\misc\JM307JSC012Bow\JM307JSC012Bow.model</model>
        </node>
        <node>
           <name>HP_Fire_Burn_1</name>
           <model>UNKNOWN_ITEM</model>
        </node>
    </bow>
    <midfront>
      <model>japan\ship\cruiser\JSC012_Ibuki_1944\JSC012_Ibuki_1944_MidFront_ports.model</model>
        <node>
           <name>HP_JD_1</name>
           <model>japan\director\JD030_Director_Type_95_Mod2\JD030_Director_Type_95_Mod2.model</model>
        </node>
        <node>
           <name>HP_JD_2</name>
           <model>japan\director\JD036_Director_Type_95_Mod3\JD036_Director_Type_95_Mod3.model</model>
        </node>
        <node>
           <name>HP_JD_3</name>
           <model>japan\director\JD008_Director_Type_91\JD008_Director_Type_91.model</model>
        </node>
        <node>
           <name>HP_JD_4</name>
           <model>japan\director\JD008_Director_Type_91\JD008_Director_Type_91.model</model>
        </node>
        <node>
           <name>HP_JD_5</name>
           <model>japan\director\JD030_Director_Type_95_Mod2\JD030_Director_Type_95_Mod2.model</model>
        </node>
        <node>
           <name>HP_JD_6</name>
           <model>japan\director\JD030_Director_Type_95_Mod2\JD030_Director_Type_95_Mod2.model</model>
        </node>
        <node>
           <name>HP_JD_7</name>
           <model>japan\director\JD036_Director_Type_95_Mod3\JD036_Director_Type_95_Mod3.model</model>
        </node>
        <node>
           <name>HP_JF_1</name>
           <model>japan\finder\JF012_Rangefinder_1_5m_Fuso\JF012_Rangefinder_1_5m_Fuso.model</model>
        </node>
        <node>
           <name>HP_JF_2</name>
           <model>japan\finder\JF012_Rangefinder_1_5m_Fuso\JF012_Rangefinder_1_5m_Fuso.model</model>
        </node>
        <node>
           <name>HP_JF_3</name>
           <model>japan\finder\JF024_Rangefinder_3_5m_Mod2\JF024_Rangefinder_3_5m_Mod2.model</model>
        </node>
        <node>
           <name>HP_JF_4</name>
           <model>japan\finder\JF024_Rangefinder_3_5m_Mod2\JF024_Rangefinder_3_5m_Mod2.model</model>
        </node>
        <node>
           <name>HP_JF_5</name>
           <model>japan\finder\JF033_Rangefinder_1_5m\JF033_Rangefinder_1_5m.model</model>
        </node>
        <node>
           <name>HP_JF_6</name>
           <model>japan\finder\JF035_Rangefinder_6m\JF035_Rangefinder_6m.model</model>
        </node>
        <node>
           <name>HP_JGA_3</name>
           <model>japan\gun\aaircraft\JGA018_25mm_Type96_single\JGA018_25mm_Type96_single.model</model>
        </node>
        <node>
           <name>HP_JGA_4</name>
           <model>japan\gun\aaircraft\JGA018_25mm_Type96_single\JGA018_25mm_Type96_single.model</model>
        </node>
        <node>
           <name>HP_JGA_5</name>
           <model>japan\gun\aaircraft\JGA018_25mm_Type96_single\JGA018_25mm_Type96_single.model</model>
        </node>
        <node>
           <name>HP_JGA_6</name>
           <model>japan\gun\aaircraft\JGA018_25mm_Type96_single\JGA018_25mm_Type96_single.model</model>
        </node>
        <node>
           <name>HP_JGA_7</name>
           <model>japan\gun\aaircraft\JGA018_25mm_Type96_single\JGA018_25mm_Type96_single.model</model>
        </node>
        <node>
           <name>HP_JGA_8</name>
           <model>japan\gun\aaircraft\JGA018_25mm_Type96_single\JGA018_25mm_Type96_single.model</model>
        </node>
        <node>
           <name>HP_JGA_9</name>
           <model>japan\gun\aaircraft\JGA010_25mm_Type96\JGA010_25mm_Type96.model</model>
        </node>
        <node>
           <name>HP_JGA_10</name>
           <model>japan\gun\aaircraft\JGA010_25mm_Type96\JGA010_25mm_Type96.model</model>
        </node>
        <node>
           <name>HP_JGA_11</name>
           <model>japan\gun\aaircraft\JGA010_25mm_Type96\JGA010_25mm_Type96.model</model>
        </node>
        <node>
           <name>HP_JGA_12</name>
           <model>japan\gun\aaircraft\JGA010_25mm_Type96\JGA010_25mm_Type96.model</model>
        </node>
        <node>
           <name>HP_JGA_13</name>
           <model>japan\gun\aaircraft\JGA018_25mm_Type96_single\JGA018_25mm_Type96_single.model</model>
        </node>
        <node>
           <name>HP_JGA_14</name>
           <model>japan\gun\aaircraft\JGA018_25mm_Type96_single\JGA018_25mm_Type96_single.model</model>
        </node>
        <node>
           <name>HP_JGA_15</name>
           <model>japan\gun\aaircraft\JGA010_25mm_Type96\JGA010_25mm_Type96.model</model>
        </node>
        <node>
           <name>HP_JGA_16</name>
           <model>japan\gun\aaircraft\JGA010_25mm_Type96\JGA010_25mm_Type96.model</model>
        </node>
        <node>
           <name>HP_JGA_17</name>
           <model>japan\gun\aaircraft\JGA018_25mm_Type96_single\JGA018_25mm_Type96_single.model</model>
        </node>
        <node>
           <name>HP_JGA_18</name>
           <model>japan\gun\aaircraft\JGA018_25mm_Type96_single\JGA018_25mm_Type96_single.model</model>
        </node>
        <node>
           <name>HP_JGA_19</name>
           <model>japan\gun\aaircraft\JGA018_25mm_Type96_single\JGA018_25mm_Type96_single.model</model>
        </node>
        <node>
           <name>HP_JGA_20</name>
           <model>japan\gun\aaircraft\JGA018_25mm_Type96_single\JGA018_25mm_Type96_single.model</model>
        </node>
        <node>
           <name>HP_JGA_21</name>
           <model>japan\gun\aaircraft\JGA010_25mm_Type96\JGA010_25mm_Type96.model</model>
        </node>
        <node>
           <name>HP_JGA_22</name>
           <model>japan\gun\aaircraft\JGA010_25mm_Type96\JGA010_25mm_Type96.model</model>
        </node>
        <node>
           <name>HP_JGM_1</name>
           <model>japan\gun\main\JGM025_203mm50_Type_E\JGM025_203mm50_Type_E.model</model>
        </node>
        <node>
           <name>HP_JGM_2</name>
           <model>japan\gun\main\JGM025_203mm50_Type_E\JGM025_203mm50_Type_E.model</model>
        </node>
        <node>
           <name>HP_JGM_3</name>
           <model>japan\gun\main\JGM062_203mm50_Type_E_RF8\JGM062_203mm50_Type_E_RF8.model</model>
        </node>
        <node>
           <name>HP_JGS_1</name>
           <model>japan\gun\secondary\JGS042_127mm40_Type89_3\JGS042_127mm40_Type89_3.model</model>
        </node>
        <node>
           <name>HP_JGS_2</name>
           <model>japan\gun\secondary\JGS042_127mm40_Type89_3\JGS042_127mm40_Type89_3.model</model>
        </node>
        <node>
           <name>HP_JGS_3</name>
           <model>japan\gun\secondary\JGS042_127mm40_Type89_3\JGS042_127mm40_Type89_3.model</model>
        </node>
        <node>
           <name>HP_JGS_4</name>
           <model>japan\gun\secondary\JGS042_127mm40_Type89_3\JGS042_127mm40_Type89_3.model</model>
        </node>
        <node>
           <name>HP_JGT_1</name>
           <model>japan\gun\torpedo\JGT017_610mm4_Type_93L\JGT017_610mm4_Type_93L.model</model>
        </node>
        <node>
           <name>HP_JGT_2</name>
           <model>japan\gun\torpedo\JGT023_610mm4_Type_93R\JGT023_610mm4_Type_93R.model</model>
        </node>
        <node>
           <name>HP_JRS_1</name>
           <model>japan\radar\search\JRS062_Radar_Type_A6\JRS062_Radar_Type_A6.model</model>
        </node>
        <node>
           <name>HP_JRS_2</name>
           <model>japan\radar\search\JRS007_Radar_Type_22\JRS007_Radar_Type_22.model</model>
        </node>
        <node>
           <name>HP_JRS_3</name>
           <model>japan\radar\search\JRS037_Radar_Type_22\JRS037_Radar_Type_22.model</model>
        </node>
        <node>
           <name>HP_JGA_23</name>
           <model>japan\gun\aaircraft\JGA010_25mm_Type96\JGA010_25mm_Type96.model</model>
        </node>
        <node>
           <name>HP_JGA_24</name>
           <model>japan\gun\aaircraft\JGA010_25mm_Type96\JGA010_25mm_Type96.model</model>
        </node>
        <node>
           <name>HP_flag_1</name>
           <model>japan\misc\JM001\JM001.model</model>
        </node>
        <node>
           <name>HP_flag_2</name>
           <model>japan\misc\JM001\JM001.model</model>
        </node>
        <node>
           <name>HP_flag_3</name>
           <model>japan\misc\JM001\JM001.model</model>
        </node>
        <node>
           <name>HP_flag_4</name>
           <model>japan\misc\JM001\JM001.model</model>
        </node>
        <node>
           <name>MP_JM002JSC012MidFront_0_0</name>
           <model>japan\misc\JM002JSC012MidFront\JM002JSC012MidFront.model</model>
        </node>
        <node>
           <name>MP_JM129JSC012MidFront_0_0</name>
           <model>japan\misc\JM129JSC012MidFront\JM129JSC012MidFront.model</model>
        </node>
        <node>
           <name>MP_JM019JSC012MidFront_0_0</name>
           <model>japan\misc\JM019JSC012MidFront\JM019JSC012MidFront.model</model>
        </node>
        <node>
           <name>MP_JM125JSC012MidFront_0_0</name>
           <model>japan\misc\JM125JSC012MidFront\JM125JSC012MidFront.model</model>
        </node>
        <node>
           <name>MP_JM058JSC012MidFront_0_0</name>
           <model>japan\misc\JM058JSC012MidFront\JM058JSC012MidFront.model</model>
        </node>
        <node>
           <name>MP_JM099JSC012MidFront_0_0</name>
           <model>japan\misc\JM099JSC012MidFront\JM099JSC012MidFront.model</model>
        </node>
        <node>
           <name>MP_JM178JSC012MidFront_0_0</name>
           <model>japan\misc\JM178JSC012MidFront\JM178JSC012MidFront.model</model>
        </node>
        <node>
           <name>MP_JM190JSC012MidFront_0_0</name>
           <model>japan\misc\JM190JSC012MidFront\JM190JSC012MidFront.model</model>
        </node>
        <node>
           <name>MP_JM107JSC012MidFront_0_0</name>
           <model>japan\misc\JM107JSC012MidFront\JM107JSC012MidFront.model</model>
        </node>
        <node>
           <name>MP_JM166JSC012MidFront_0_0</name>
           <model>japan\misc\JM166JSC012MidFront\JM166JSC012MidFront.model</model>
        </node>
        <node>
           <name>MP_CM017JSC012MidFront_0_0</name>
           <model>common\misc\CM017JSC012MidFront\CM017JSC012MidFront.model</model>
        </node>
        <node>
           <name>MP_CM029JSC012MidFront_0_0</name>
           <model>common\misc\CM029JSC012MidFront\CM029JSC012MidFront.model</model>
        </node>
        <node>
           <name>MP_JM020JSC012MidFront_0_0</name>
           <model>japan\misc\JM020JSC012MidFront\JM020JSC012MidFront.model</model>
        </node>
        <node>
           <name>MP_CM011JSC012MidFront_0_0</name>
           <model>common\misc\CM011JSC012MidFront\CM011JSC012MidFront.model</model>
        </node>
        <node>
           <name>MP_CM009JSC012MidFront_0_0</name>
           <model>common\misc\CM009JSC012MidFront\CM009JSC012MidFront.model</model>
        </node>
        <node>
           <name>MP_JM018JSC012MidFront_0_0</name>
           <model>japan\misc\JM018JSC012MidFront\JM018JSC012MidFront.model</model>
        </node>
        <node>
           <name>MP_JM059JSC012MidFront_0_0</name>
           <model>japan\misc\JM059JSC012MidFront\JM059JSC012MidFront.model</model>
        </node>
        <node>
           <name>MP_CM004JSC012MidFront_0_0</name>
           <model>common\misc\CM004JSC012MidFront\CM004JSC012MidFront.model</model>
        </node>
        <node>
           <name>MP_JM063JSC012MidFront_0_0</name>
           <model>japan\misc\JM063JSC012MidFront\JM063JSC012MidFront.model</model>
        </node>
        <node>
           <name>MP_JM143JSC012MidFront_0_0</name>
           <model>japan\misc\JM143JSC012MidFront\JM143JSC012MidFront.model</model>
        </node>
        <node>
           <name>MP_CM008JSC012MidFront_0_0</name>
           <model>common\misc\CM008JSC012MidFront\CM008JSC012MidFront.model</model>
        </node>
        <node>
           <name>MP_JM145JSC012MidFront_0_0</name>
           <model>japan\misc\JM145JSC012MidFront\JM145JSC012MidFront.model</model>
        </node>
        <node>
           <name>MP_JM202JSC012MidFront_0_0</name>
           <model>japan\misc\JM202JSC012MidFront\JM202JSC012MidFront.model</model>
        </node>
        <node>
           <name>MP_CM019JSC012MidFront_0_0</name>
           <model>common\misc\CM019JSC012MidFront\CM019JSC012MidFront.model</model>
        </node>
        <node>
           <name>MP_JM055JSC012MidFront_0_0</name>
           <model>japan\misc\JM055JSC012MidFront\JM055JSC012MidFront.model</model>
        </node>
        <node>
           <name>MP_JM030_Wind_Direction</name>
           <model>japan\misc\JM030\JM030.model</model>
        </node>
        <node>
           <name>MP_JM011JSC012MidFront_0_0</name>
           <model>japan\misc\JM011JSC012MidFront\JM011JSC012MidFront.model</model>
        </node>
        <node>
           <name>MP_CM059_Ladder_Cruiser</name>
           <model>common\misc\CM059\CM059.model</model>
        </node>
        <node>
           <name>MP_CM012JSC012MidFront_0_0</name>
           <model>common\misc\CM012JSC012MidFront\CM012JSC012MidFront.model</model>
        </node>
        <node>
           <name>MP_JM108JSC012MidFront_0_0</name>
           <model>japan\misc\JM108JSC012MidFront\JM108JSC012MidFront.model</model>
        </node>
        <node>
           <name>MP_JM010JSC012MidFront_0_0</name>
           <model>japan\misc\JM010JSC012MidFront\JM010JSC012MidFront.model</model>
        </node>
        <node>
           <name>MP_JM093_Running_Lights_L</name>
           <model>japan\misc\JM093\JM093.model</model>
        </node>
        <node>
           <name>MP_JM013JSC012MidFront_0_0</name>
           <model>japan\misc\JM013JSC012MidFront\JM013JSC012MidFront.model</model>
        </node>
        <node>
           <name>MP_JM148JSC012MidFront_0_0</name>
           <model>japan\misc\JM148JSC012MidFront\JM148JSC012MidFront.model</model>
        </node>
        <node>
           <name>MP_JM064JSC012MidFront_0_0</name>
           <model>japan\misc\JM064JSC012MidFront\JM064JSC012MidFront.model</model>
        </node>
        <node>
           <name>MP_JM061JSC012MidFront_0_0</name>
           <model>japan\misc\JM061JSC012MidFront\JM061JSC012MidFront.model</model>
        </node>
        <node>
           <name>MP_JM008JSC012MidFront_0_0</name>
           <model>japan\misc\JM008JSC012MidFront\JM008JSC012MidFront.model</model>
        </node>
        <node>
           <name>MP_JM031_Wind_Intensity</name>
           <model>japan\misc\JM031\JM031.model</model>
        </node>
        <node>
           <name>MP_CM030JSC012MidFront_0_0</name>
           <model>common\misc\CM030JSC012MidFront\CM030JSC012MidFront.model</model>
        </node>
        <node>
           <name>MP_JM032JSC012MidFront_0_0</name>
           <model>japan\misc\JM032JSC012MidFront\JM032JSC012MidFront.model</model>
        </node>
        <node>
           <name>MP_JM219JSC012MidFront_0_0</name>
           <model>japan\misc\JM219JSC012MidFront\JM219JSC012MidFront.model</model>
        </node>
        <node>
           <name>MP_JM119JSC012MidFront_0_0</name>
           <model>japan\misc\JM119JSC012MidFront\JM119JSC012MidFront.model</model>
        </node>
        <node>
           <name>MP_JM110JSC012MidFront_0_0</name>
           <model>japan\misc\JM110JSC012MidFront\JM110JSC012MidFront.model</model>
        </node>
        <node>
           <name>MP_JM092_Running_Lights_R</name>
           <model>japan\misc\JM092\JM092.model</model>
        </node>
        <node>
           <name>MP_JM113JSC012MidFront_0_0</name>
           <model>japan\misc\JM113JSC012MidFront\JM113JSC012MidFront.model</model>
        </node>
        <node>
           <name>MP_JM009JSC012MidFront_0_0</name>
           <model>japan\misc\JM009JSC012MidFront\JM009JSC012MidFront.model</model>
        </node>
        <node>
           <name>MP_JM062JSC012MidFront_0_0</name>
           <model>japan\misc\JM062JSC012MidFront\JM062JSC012MidFront.model</model>
        </node>
        <node>
           <name>HP_Smoke_1</name>
           <model>UNKNOWN_ITEM</model>
        </node>
        <node>
           <name>HP_Smoke_2</name>
           <model>UNKNOWN_ITEM</model>
        </node>
        <node>
           <name>HP_Fire_Burn_2</name>
           <model>UNKNOWN_ITEM</model>
        </node>
    </midfront>
    <midback>
      <model>japan\ship\cruiser\JSC012_Ibuki_1944\JSC012_Ibuki_1944_MidBack_ports.model</model>
        <node>
           <name>HP_JC_1</name>
           <model>japan\catapult\JC002_Catapult\JC002_Catapult.model</model>
        </node>
        <node>
           <name>HP_JC_2</name>
           <model>japan\catapult\JC002_Catapult\JC002_Catapult.model</model>
        </node>
        <node>
           <name>HP_JGA_25</name>
           <model>japan\gun\aaircraft\JGA018_25mm_Type96_single\JGA018_25mm_Type96_single.model</model>
        </node>
        <node>
           <name>HP_JGA_26</name>
           <model>japan\gun\aaircraft\JGA018_25mm_Type96_single\JGA018_25mm_Type96_single.model</model>
        </node>
        <node>
           <name>HP_JGA_27</name>
           <model>japan\gun\aaircraft\JGA018_25mm_Type96_single\JGA018_25mm_Type96_single.model</model>
        </node>
        <node>
           <name>HP_JGA_28</name>
           <model>japan\gun\aaircraft\JGA018_25mm_Type96_single\JGA018_25mm_Type96_single.model</model>
        </node>
        <node>
           <name>HP_JGA_29</name>
           <model>japan\gun\aaircraft\JGA018_25mm_Type96_single\JGA018_25mm_Type96_single.model</model>
        </node>
        <node>
           <name>HP_JGA_30</name>
           <model>japan\gun\aaircraft\JGA018_25mm_Type96_single\JGA018_25mm_Type96_single.model</model>
        </node>
        <node>
           <name>HP_JGA_31</name>
           <model>japan\gun\aaircraft\JGA018_25mm_Type96_single\JGA018_25mm_Type96_single.model</model>
        </node>
        <node>
           <name>HP_JGA_32</name>
           <model>japan\gun\aaircraft\JGA018_25mm_Type96_single\JGA018_25mm_Type96_single.model</model>
        </node>
        <node>
           <name>HP_JGA_33</name>
           <model>japan\gun\aaircraft\JGA018_25mm_Type96_single\JGA018_25mm_Type96_single.model</model>
        </node>
        <node>
           <name>HP_JGA_34</name>
           <model>japan\gun\aaircraft\JGA018_25mm_Type96_single\JGA018_25mm_Type96_single.model</model>
        </node>
        <node>
           <name>HP_JGM_4</name>
           <model>japan\gun\main\JGM062_203mm50_Type_E_RF8\JGM062_203mm50_Type_E_RF8.model</model>
        </node>
        <node>
           <name>HP_JGM_5</name>
           <model>japan\gun\main\JGM025_203mm50_Type_E\JGM025_203mm50_Type_E.model</model>
        </node>
        <node>
           <name>HP_JGT_3</name>
           <model>japan\gun\torpedo\JGT017_610mm4_Type_93L\JGT017_610mm4_Type_93L.model</model>
        </node>
        <node>
           <name>HP_JGT_4</name>
           <model>japan\gun\torpedo\JGT023_610mm4_Type_93R\JGT023_610mm4_Type_93R.model</model>
        </node>
        <node>
           <name>HP_JRS_4</name>
           <model>japan\radar\search\JRS010_Radar_Type_13\JRS010_Radar_Type_13.model</model>
        </node>
        <node>
           <name>MP_JM019JSC012MidBack_0_0</name>
           <model>japan\misc\JM019JSC012MidBack\JM019JSC012MidBack.model</model>
        </node>
        <node>
           <name>MP_CM004JSC012MidBack_0_0</name>
           <model>common\misc\CM004JSC012MidBack\CM004JSC012MidBack.model</model>
        </node>
        <node>
           <name>MP_JM219JSC012MidBack_0_0</name>
           <model>japan\misc\JM219JSC012MidBack\JM219JSC012MidBack.model</model>
        </node>
        <node>
           <name>MP_JM059JSC012MidBack_0_0</name>
           <model>japan\misc\JM059JSC012MidBack\JM059JSC012MidBack.model</model>
        </node>
        <node>
           <name>MP_CM011JSC012MidBack_0_0</name>
           <model>common\misc\CM011JSC012MidBack\CM011JSC012MidBack.model</model>
        </node>
        <node>
           <name>MP_JM031_Wind_Intensity</name>
           <model>japan\misc\JM031\JM031.model</model>
        </node>
        <node>
           <name>MP_JM015JSC012MidBack_0_0</name>
           <model>japan\misc\JM015JSC012MidBack\JM015JSC012MidBack.model</model>
        </node>
        <node>
           <name>MP_JM125JSC012MidBack_0_0</name>
           <model>japan\misc\JM125JSC012MidBack\JM125JSC012MidBack.model</model>
        </node>
        <node>
           <name>MP_CM012JSC012MidBack_0_0</name>
           <model>common\misc\CM012JSC012MidBack\CM012JSC012MidBack.model</model>
        </node>
        <node>
           <name>MP_JM013JSC012MidBack_0_0</name>
           <model>japan\misc\JM013JSC012MidBack\JM013JSC012MidBack.model</model>
        </node>
        <node>
           <name>MP_JM126JSC012MidBack_0_0</name>
           <model>japan\misc\JM126JSC012MidBack\JM126JSC012MidBack.model</model>
        </node>
        <node>
           <name>MP_JM217JSC012MidBack_0_0</name>
           <model>japan\misc\JM217JSC012MidBack\JM217JSC012MidBack.model</model>
        </node>
        <node>
           <name>MP_JM010JSC012MidBack_0_0</name>
           <model>japan\misc\JM010JSC012MidBack\JM010JSC012MidBack.model</model>
        </node>
        <node>
           <name>MP_JM124JSC012MidBack_0_0</name>
           <model>japan\misc\JM124JSC012MidBack\JM124JSC012MidBack.model</model>
        </node>
        <node>
           <name>MP_JM020JSC012MidBack_0_0</name>
           <model>japan\misc\JM020JSC012MidBack\JM020JSC012MidBack.model</model>
        </node>
        <node>
           <name>MP_JM064JSC012MidBack_0_0</name>
           <model>japan\misc\JM064JSC012MidBack\JM064JSC012MidBack.model</model>
        </node>
        <node>
           <name>MP_JM011_Day_Light</name>
           <model>japan\misc\JM011\JM011.model</model>
        </node>
        <node>
           <name>MP_JM110JSC012MidBack_0_0</name>
           <model>japan\misc\JM110JSC012MidBack\JM110JSC012MidBack.model</model>
        </node>
        <node>
           <name>MP_CM008JSC012MidBack_0_0</name>
           <model>common\misc\CM008JSC012MidBack\CM008JSC012MidBack.model</model>
        </node>
        <node>
           <name>MP_JM018JSC012MidBack_0_0</name>
           <model>japan\misc\JM018JSC012MidBack\JM018JSC012MidBack.model</model>
        </node>
        <node>
           <name>MP_JM202JSC012MidBack_0_0</name>
           <model>japan\misc\JM202JSC012MidBack\JM202JSC012MidBack.model</model>
        </node>
        <node>
           <name>MP_CM009JSC012MidBack_0_0</name>
           <model>common\misc\CM009JSC012MidBack\CM009JSC012MidBack.model</model>
        </node>
        <node>
           <name>MP_JM055JSC012MidBack_0_0</name>
           <model>japan\misc\JM055JSC012MidBack\JM055JSC012MidBack.model</model>
        </node>
        <node>
           <name>MP_JM066JSC012MidBack_0_0</name>
           <model>japan\misc\JM066JSC012MidBack\JM066JSC012MidBack.model</model>
        </node>
        <node>
           <name>MP_JM061_Deck_Hatch_10</name>
           <model>japan\misc\JM061\JM061.model</model>
        </node>
        <node>
           <name>MP_JM107_Binocular_2</name>
           <model>japan\misc\JM107\JM107.model</model>
        </node>
        <node>
           <name>MP_JM105JSC012MidBack_0_0</name>
           <model>japan\misc\JM105JSC012MidBack\JM105JSC012MidBack.model</model>
        </node>
        <node>
           <name>MP_JM157JSC012MidBack_0_0</name>
           <model>japan\misc\JM157JSC012MidBack\JM157JSC012MidBack.model</model>
        </node>
        <node>
           <name>MP_CM029JSC012MidBack_0_0</name>
           <model>common\misc\CM029JSC012MidBack\CM029JSC012MidBack.model</model>
        </node>
        <node>
           <name>HP_Fire_Burn_3</name>
           <model>UNKNOWN_ITEM</model>
        </node>
        <node>
           <name>HP_NoseWave_Speed</name>
           <model>UNKNOWN_ITEM</model>
        </node>
    </midback>
    <stern>
      <model>japan\ship\cruiser\JSC012_Ibuki_1944\JSC012_Ibuki_1944_Stern_ports.model</model>
        <node>
           <name>HP_JGA_35</name>
           <model>japan\gun\aaircraft\JGA018_25mm_Type96_single\JGA018_25mm_Type96_single.model</model>
        </node>
        <node>
           <name>HP_JGA_36</name>
           <model>japan\gun\aaircraft\JGA018_25mm_Type96_single\JGA018_25mm_Type96_single.model</model>
        </node>
        <node>
           <name>HP_JGA_37</name>
           <model>japan\gun\aaircraft\JGA010_25mm_Type96\JGA010_25mm_Type96.model</model>
        </node>
        <node>
           <name>HP_JGA_38</name>
           <model>japan\gun\aaircraft\JGA010_25mm_Type96\JGA010_25mm_Type96.model</model>
        </node>
        <node>
           <name>HP_JGA_39</name>
           <model>japan\gun\aaircraft\JGA018_25mm_Type96_single\JGA018_25mm_Type96_single.model</model>
        </node>
        <node>
           <name>HP_JGA_40</name>
           <model>japan\gun\aaircraft\JGA018_25mm_Type96_single\JGA018_25mm_Type96_single.model</model>
        </node>
        <node>
           <name>HP_flag_nation</name>
           <model>japan\misc\JM001\JM001.model</model>
        </node>
        <node>
           <name>MP_JM064JSC012Stern_0_0</name>
           <model>japan\misc\JM064JSC012Stern\JM064JSC012Stern.model</model>
        </node>
        <node>
           <name>MP_JM058JSC012Stern_0_0</name>
           <model>japan\misc\JM058JSC012Stern\JM058JSC012Stern.model</model>
        </node>
        <node>
           <name>MP_JM059JSC012Stern_0_0</name>
           <model>japan\misc\JM059JSC012Stern\JM059JSC012Stern.model</model>
        </node>
        <node>
           <name>MP_JM117_Crew_Exercise_Machine</name>
           <model>japan\misc\JM117\JM117.model</model>
        </node>
        <node>
           <name>MP_JM171_CraneR</name>
           <model>japan\misc\JM171\JM171.model</model>
        </node>
        <node>
           <name>MP_CM008JSC012Stern_0_0</name>
           <model>common\misc\CM008JSC012Stern\CM008JSC012Stern.model</model>
        </node>
        <node>
           <name>MP_CM001_Propeller3_L</name>
           <model>common\misc\CM001\CM001.model</model>
        </node>
        <node>
           <name>MP_JM063_Sky_Light</name>
           <model>japan\misc\JM063\JM063.model</model>
        </node>
        <node>
           <name>MP_JM119JSC012Stern_0_0</name>
           <model>japan\misc\JM119JSC012Stern\JM119JSC012Stern.model</model>
        </node>
        <node>
           <name>MP_CM032_Propeller3_R</name>
           <model>common\misc\CM032\CM032.model</model>
        </node>
        <node>
           <name>MP_JM018_Ventilators_2</name>
           <model>japan\misc\JM018\JM018.model</model>
        </node>
        <node>
           <name>MP_CM005JSC012Stern_0_0</name>
           <model>common\misc\CM005JSC012Stern\CM005JSC012Stern.model</model>
        </node>
        <node>
           <name>MP_JM019JSC012Stern_0_0</name>
           <model>japan\misc\JM019JSC012Stern\JM019JSC012Stern.model</model>
        </node>
        <node>
           <name>MP_JM110JSC012Stern_0_0</name>
           <model>japan\misc\JM110JSC012Stern\JM110JSC012Stern.model</model>
        </node>
        <node>
           <name>MP_CM032_Propeller3_R_INDEX_1</name>
           <model>common\misc\CM032\CM032.model</model>
        </node>
        <node>
           <name>MP_CM059_Ladder_Cruiser</name>
           <model>common\misc\CM059\CM059.model</model>
        </node>
        <node>
           <name>MP_JM125_Signal_Lamp_3</name>
           <model>japan\misc\JM125\JM125.model</model>
        </node>
        <node>
           <name>MP_JM044_After_Capstan</name>
           <model>japan\misc\JM044\JM044.model</model>
        </node>
        <node>
           <name>MP_CM001_Propeller3_L_INDEX_1</name>
           <model>common\misc\CM001\CM001.model</model>
        </node>
        <node>
           <name>MP_JM170_CraneL</name>
           <model>japan\misc\JM170\JM170.model</model>
        </node>
        <node>
           <name>HP_Fire_Burn_4</name>
           <model>UNKNOWN_ITEM</model>
        </node>
    </stern>
  </sections>
</JSC012_Ibuki_1944.xml>
