<JSB021_Izumo_1938.xml>
  <sections>
    <bow>
      <model>japan\ship\battleship\JSB021_Izumo_1938\JSB021_Izumo_1938_bow_ports.model</model>
        <node>
           <name>HP_JGA_1</name>
           <model>japan\gun\aaircraft\JGA010_25mm_Type96\JGA010_25mm_Type96.model</model>
        </node>
        <node>
           <name>HP_JGA_2</name>
           <model>japan\gun\aaircraft\JGA010_25mm_Type96\JGA010_25mm_Type96.model</model>
        </node>
        <node>
           <name>MP_JM013_Reels_1</name>
           <model>japan\misc\JM013\JM013.model</model>
        </node>
        <node>
           <name>MP_JM064_Bollards_2</name>
           <model>japan\misc\JM064\JM064.model</model>
        </node>
        <node>
           <name>MP_JM059_Deck_Hatch_8</name>
           <model>japan\misc\JM059\JM059.model</model>
        </node>
        <node>
           <name>MP_CM087_Anchor_down</name>
           <model>common\misc\CM087\CM087.model</model>
        </node>
        <node>
           <name>MP_JM013_Reels_1_INDEX_1</name>
           <model>japan\misc\JM013\JM013.model</model>
        </node>
        <node>
           <name>MP_JM013_Reels_1_INDEX_2</name>
           <model>japan\misc\JM013\JM013.model</model>
        </node>
        <node>
           <name>MP_JM013_Reels_1_INDEX_3</name>
           <model>japan\misc\JM013\JM013.model</model>
        </node>
        <node>
           <name>MP_JM110_Deck_Hatch_12</name>
           <model>japan\misc\JM110\JM110.model</model>
        </node>
        <node>
           <name>MP_JM022_Ventilators_6</name>
           <model>japan\misc\JM022\JM022.model</model>
        </node>
        <node>
           <name>MP_JM141_Break_Handwheel_1</name>
           <model>japan\misc\JM141\JM141.model</model>
        </node>
        <node>
           <name>MP_JM044_After_Capstan</name>
           <model>japan\misc\JM044\JM044.model</model>
        </node>
        <node>
           <name>MP_JM013_Reels_1_INDEX_4</name>
           <model>japan\misc\JM013\JM013.model</model>
        </node>
        <node>
           <name>MP_JM295_Fairled</name>
           <model>japan\misc\JM295\JM295.model</model>
        </node>
        <node>
           <name>MP_JM029_Leadsman_Platform</name>
           <model>japan\misc\JM029\JM029.model</model>
        </node>
        <node>
           <name>MP_JM029_Leadsman_Platform_INDEX_1</name>
           <model>japan\misc\JM029\JM029.model</model>
        </node>
        <node>
           <name>MP_JM081_Gun_Deck_1</name>
           <model>japan\misc\JM081\JM081.model</model>
        </node>
        <node>
           <name>MP_JM064_Bollards_2_INDEX_1</name>
           <model>japan\misc\JM064\JM064.model</model>
        </node>
        <node>
           <name>MP_JM064_Bollards_2_INDEX_2</name>
           <model>japan\misc\JM064\JM064.model</model>
        </node>
        <node>
           <name>MP_JM109_Deck_Hatch_11</name>
           <model>japan\misc\JM109\JM109.model</model>
        </node>
        <node>
           <name>MP_JM013_Reels_1_INDEX_5</name>
           <model>japan\misc\JM013\JM013.model</model>
        </node>
        <node>
           <name>MP_JM125_Signal_Lamp_3</name>
           <model>japan\misc\JM125\JM125.model</model>
        </node>
        <node>
           <name>MP_JM141_Break_Handwheel_1_INDEX_1</name>
           <model>japan\misc\JM141\JM141.model</model>
        </node>
        <node>
           <name>MP_JM295_Fairled_INDEX_1</name>
           <model>japan\misc\JM295\JM295.model</model>
        </node>
        <node>
           <name>MP_JM027_Fairlead_2</name>
           <model>japan\misc\JM027\JM027.model</model>
        </node>
        <node>
           <name>MP_JM141_Break_Handwheel_1_INDEX_2</name>
           <model>japan\misc\JM141\JM141.model</model>
        </node>
        <node>
           <name>MP_JM141_Break_Handwheel_1_INDEX_3</name>
           <model>japan\misc\JM141\JM141.model</model>
        </node>
        <node>
           <name>MP_JM022_Ventilators_6_INDEX_1</name>
           <model>japan\misc\JM022\JM022.model</model>
        </node>
        <node>
           <name>MP_CM086_Anchor_top</name>
           <model>common\misc\CM086\CM086.model</model>
        </node>
        <node>
           <name>MP_JM059_Deck_Hatch_8_INDEX_1</name>
           <model>japan\misc\JM059\JM059.model</model>
        </node>
        <node>
           <name>MP_JM013_Reels_1_INDEX_6</name>
           <model>japan\misc\JM013\JM013.model</model>
        </node>
        <node>
           <name>MP_CM087_Anchor_down_INDEX_1</name>
           <model>common\misc\CM087\CM087.model</model>
        </node>
        <node>
           <name>MP_JM032_Electric_Deck_Winch</name>
           <model>japan\misc\JM032\JM032.model</model>
        </node>
        <node>
           <name>MP_JM111_Deck_Hatch_13</name>
           <model>japan\misc\JM111\JM111.model</model>
        </node>
        <node>
           <name>MP_JM059_Deck_Hatch_8_INDEX_2</name>
           <model>japan\misc\JM059\JM059.model</model>
        </node>
        <node>
           <name>MP_JM081_Gun_Deck_1_INDEX_1</name>
           <model>japan\misc\JM081\JM081.model</model>
        </node>
        <node>
           <name>MP_JM013_Reels_1_INDEX_7</name>
           <model>japan\misc\JM013\JM013.model</model>
        </node>
        <node>
           <name>MP_JM111_Deck_Hatch_13_INDEX_1</name>
           <model>japan\misc\JM111\JM111.model</model>
        </node>
        <node>
           <name>MP_JM013_Reels_1_INDEX_8</name>
           <model>japan\misc\JM013\JM013.model</model>
        </node>
        <node>
           <name>MP_JM059_Deck_Hatch_8_INDEX_3</name>
           <model>japan\misc\JM059\JM059.model</model>
        </node>
        <node>
           <name>MP_JM029_Leadsman_Platform_INDEX_2</name>
           <model>japan\misc\JM029\JM029.model</model>
        </node>
        <node>
           <name>MP_JM111_Deck_Hatch_13_INDEX_2</name>
           <model>japan\misc\JM111\JM111.model</model>
        </node>
        <node>
           <name>MP_CM086_Anchor_top_INDEX_1</name>
           <model>common\misc\CM086\CM086.model</model>
        </node>
        <node>
           <name>MP_JM064_Bollards_2_INDEX_3</name>
           <model>japan\misc\JM064\JM064.model</model>
        </node>
        <node>
           <name>MP_JM064_Bollards_2_INDEX_4</name>
           <model>japan\misc\JM064\JM064.model</model>
        </node>
        <node>
           <name>MP_JM027_Fairlead_2_INDEX_1</name>
           <model>japan\misc\JM027\JM027.model</model>
        </node>
        <node>
           <name>MP_JM109_Deck_Hatch_11_INDEX_1</name>
           <model>japan\misc\JM109\JM109.model</model>
        </node>
        <node>
           <name>MP_JM029_Leadsman_Platform_INDEX_3</name>
           <model>japan\misc\JM029\JM029.model</model>
        </node>
        <node>
           <name>MP_JM307_Chrysanthemum_petal_1</name>
           <model>japan\misc\JM307\JM307.model</model>
        </node>
        <node>
           <name>MP_JM307_Chrysanthemum_petal_1_INDEX_1</name>
           <model>japan\misc\JM307\JM307.model</model>
        </node>
        <node>
           <name>MP_JM307_Chrysanthemum_petal_1_INDEX_2</name>
           <model>japan\misc\JM307\JM307.model</model>
        </node>
        <node>
           <name>MP_JM307_Chrysanthemum_petal_1_INDEX_3</name>
           <model>japan\misc\JM307\JM307.model</model>
        </node>
        <node>
           <name>MP_JM307_Chrysanthemum_petal_1_INDEX_4</name>
           <model>japan\misc\JM307\JM307.model</model>
        </node>
        <node>
           <name>MP_JM307_Chrysanthemum_petal_1_INDEX_5</name>
           <model>japan\misc\JM307\JM307.model</model>
        </node>
        <node>
           <name>MP_JM307_Chrysanthemum_petal_1_INDEX_6</name>
           <model>japan\misc\JM307\JM307.model</model>
        </node>
        <node>
           <name>MP_JM307_Chrysanthemum_petal_1_INDEX_7</name>
           <model>japan\misc\JM307\JM307.model</model>
        </node>
        <node>
           <name>MP_JM307_Chrysanthemum_petal_1_INDEX_8</name>
           <model>japan\misc\JM307\JM307.model</model>
        </node>
        <node>
           <name>MP_JM307_Chrysanthemum_petal_1_INDEX_9</name>
           <model>japan\misc\JM307\JM307.model</model>
        </node>
        <node>
           <name>MP_JM307_Chrysanthemum_petal_1_INDEX_10</name>
           <model>japan\misc\JM307\JM307.model</model>
        </node>
        <node>
           <name>MP_JM307_Chrysanthemum_petal_1_INDEX_11</name>
           <model>japan\misc\JM307\JM307.model</model>
        </node>
        <node>
           <name>MP_JM307_Chrysanthemum_petal_1_INDEX_12</name>
           <model>japan\misc\JM307\JM307.model</model>
        </node>
        <node>
           <name>MP_JM307_Chrysanthemum_petal_1_INDEX_13</name>
           <model>japan\misc\JM307\JM307.model</model>
        </node>
        <node>
           <name>MP_JM306_Chrysanthemum_mid</name>
           <model>japan\misc\JM306\JM306.model</model>
        </node>
        <node>
           <name>MP_JM307_Chrysanthemum_petal_1_INDEX_14</name>
           <model>japan\misc\JM307\JM307.model</model>
        </node>
        <node>
           <name>MP_JM307_Chrysanthemum_petal_1_INDEX_15</name>
           <model>japan\misc\JM307\JM307.model</model>
        </node>
        <node>
           <name>HP_Fire_Burn_1</name>
           <model>UNKNOWN_ITEM</model>
        </node>
    </bow>
    <midfront>
      <model>japan\ship\battleship\JSB021_Izumo_1938\JSB021_Izumo_1938_MidFront_ports.model</model>
        <node>
           <name>HP_JGA_3</name>
           <model>japan\gun\aaircraft\JGA010_25mm_Type96\JGA010_25mm_Type96.model</model>
        </node>
        <node>
           <name>HP_JGA_4</name>
           <model>japan\gun\aaircraft\JGA010_25mm_Type96\JGA010_25mm_Type96.model</model>
        </node>
        <node>
           <name>HP_JGM_1</name>
           <model>japan\gun\main\JGM101_410mm50\JGM101_410mm50.model</model>
        </node>
        <node>
           <name>HP_JGM_2</name>
           <model>japan\gun\main\JGM100_410mm50_RF\JGM100_410mm50_RF.model</model>
        </node>
        <node>
           <name>HP_JGM_3</name>
           <model>japan\gun\main\JGM101_410mm50\JGM101_410mm50.model</model>
        </node>
        <node>
           <name>HP_JGA_6</name>
           <model>japan\gun\aaircraft\JGA010_25mm_Type96\JGA010_25mm_Type96.model</model>
        </node>
        <node>
           <name>MP_JM110_Deck_Hatch_12</name>
           <model>japan\misc\JM110\JM110.model</model>
        </node>
        <node>
           <name>MP_JM202_Fender</name>
           <model>japan\misc\JM202\JM202.model</model>
        </node>
        <node>
           <name>MP_JM064_Bollards_2</name>
           <model>japan\misc\JM064\JM064.model</model>
        </node>
        <node>
           <name>MP_JM147_Gun_Deck_4</name>
           <model>japan\misc\JM147\JM147.model</model>
        </node>
        <node>
           <name>MP_JM111_Deck_Hatch_13</name>
           <model>japan\misc\JM111\JM111.model</model>
        </node>
        <node>
           <name>MP_CM004_Barbette_Out</name>
           <model>common\misc\CM004\CM004.model</model>
        </node>
        <node>
           <name>MP_JM027_Fairlead_2</name>
           <model>japan\misc\JM027\JM027.model</model>
        </node>
        <node>
           <name>MP_JM059_Deck_Hatch_8</name>
           <model>japan\misc\JM059\JM059.model</model>
        </node>
        <node>
           <name>MP_CM012_Fire_Hose_Rack_1</name>
           <model>common\misc\CM012\CM012.model</model>
        </node>
        <node>
           <name>MP_JM059_Deck_Hatch_8_INDEX_1</name>
           <model>japan\misc\JM059\JM059.model</model>
        </node>
        <node>
           <name>MP_JM013_Reels_1</name>
           <model>japan\misc\JM013\JM013.model</model>
        </node>
        <node>
           <name>MP_JM027_Fairlead_2_INDEX_1</name>
           <model>japan\misc\JM027\JM027.model</model>
        </node>
        <node>
           <name>MP_JM027_Fairlead_2_INDEX_2</name>
           <model>japan\misc\JM027\JM027.model</model>
        </node>
        <node>
           <name>MP_JM059_Deck_Hatch_8_INDEX_2</name>
           <model>japan\misc\JM059\JM059.model</model>
        </node>
        <node>
           <name>MP_JM202_Fender_INDEX_1</name>
           <model>japan\misc\JM202\JM202.model</model>
        </node>
        <node>
           <name>MP_CM010_Fire_Hose_Reel</name>
           <model>common\misc\CM010\CM010.model</model>
        </node>
        <node>
           <name>MP_CM059_Ladder_Cruiser</name>
           <model>common\misc\CM059\CM059.model</model>
        </node>
        <node>
           <name>MP_JM059_Deck_Hatch_8_INDEX_3</name>
           <model>japan\misc\JM059\JM059.model</model>
        </node>
        <node>
           <name>MP_JM111_Deck_Hatch_13_INDEX_1</name>
           <model>japan\misc\JM111\JM111.model</model>
        </node>
        <node>
           <name>MP_JM170_CraneL</name>
           <model>japan\misc\JM170\JM170.model</model>
        </node>
        <node>
           <name>MP_CM004_Barbette_Out_INDEX_1</name>
           <model>common\misc\CM004\CM004.model</model>
        </node>
        <node>
           <name>MP_JM059_Deck_Hatch_8_INDEX_4</name>
           <model>japan\misc\JM059\JM059.model</model>
        </node>
        <node>
           <name>MP_JM064_Bollards_2_INDEX_1</name>
           <model>japan\misc\JM064\JM064.model</model>
        </node>
        <node>
           <name>MP_CM030_Swab_Rack_2</name>
           <model>common\misc\CM030\CM030.model</model>
        </node>
        <node>
           <name>MP_CM014_Fuel_Oil_Hose</name>
           <model>common\misc\CM014\CM014.model</model>
        </node>
        <node>
           <name>MP_JM064_Bollards_2_INDEX_2</name>
           <model>japan\misc\JM064\JM064.model</model>
        </node>
        <node>
           <name>MP_JM064_Bollards_2_INDEX_3</name>
           <model>japan\misc\JM064\JM064.model</model>
        </node>
        <node>
           <name>MP_CM010_Fire_Hose_Reel_INDEX_1</name>
           <model>common\misc\CM010\CM010.model</model>
        </node>
        <node>
           <name>MP_JM059_Deck_Hatch_8_INDEX_5</name>
           <model>japan\misc\JM059\JM059.model</model>
        </node>
        <node>
           <name>MP_JM059_Deck_Hatch_8_INDEX_6</name>
           <model>japan\misc\JM059\JM059.model</model>
        </node>
        <node>
           <name>MP_JM202_Fender_INDEX_2</name>
           <model>japan\misc\JM202\JM202.model</model>
        </node>
        <node>
           <name>MP_JM147_Gun_Deck_4_INDEX_1</name>
           <model>japan\misc\JM147\JM147.model</model>
        </node>
        <node>
           <name>MP_JM027_Fairlead_2_INDEX_3</name>
           <model>japan\misc\JM027\JM027.model</model>
        </node>
        <node>
           <name>MP_JM059_Deck_Hatch_8_INDEX_7</name>
           <model>japan\misc\JM059\JM059.model</model>
        </node>
        <node>
           <name>MP_CM030_Swab_Rack_2_INDEX_1</name>
           <model>common\misc\CM030\CM030.model</model>
        </node>
        <node>
           <name>MP_JM064_Bollards_2_INDEX_4</name>
           <model>japan\misc\JM064\JM064.model</model>
        </node>
        <node>
           <name>MP_JM059_Deck_Hatch_8_INDEX_8</name>
           <model>japan\misc\JM059\JM059.model</model>
        </node>
        <node>
           <name>MP_CM011_Fire_Fighting_Gear</name>
           <model>common\misc\CM011\CM011.model</model>
        </node>
        <node>
           <name>MP_CM059_Ladder_Cruiser_INDEX_1</name>
           <model>common\misc\CM059\CM059.model</model>
        </node>
        <node>
           <name>MP_JM111_Deck_Hatch_13_INDEX_2</name>
           <model>japan\misc\JM111\JM111.model</model>
        </node>
        <node>
           <name>MP_CM008_Life_Buoy_1</name>
           <model>common\misc\CM008\CM008.model</model>
        </node>
        <node>
           <name>MP_CM004_Barbette_Out_INDEX_2</name>
           <model>common\misc\CM004\CM004.model</model>
        </node>
        <node>
           <name>MP_CM019_Wood_Box_2</name>
           <model>common\misc\CM019\CM019.model</model>
        </node>
        <node>
           <name>MP_JM013_Reels_1_INDEX_1</name>
           <model>japan\misc\JM013\JM013.model</model>
        </node>
        <node>
           <name>MP_CM019_Wood_Box_2_INDEX_1</name>
           <model>common\misc\CM019\CM019.model</model>
        </node>
        <node>
           <name>MP_JM202_Fender_INDEX_3</name>
           <model>japan\misc\JM202\JM202.model</model>
        </node>
        <node>
           <name>MP_JM064_Bollards_2_INDEX_5</name>
           <model>japan\misc\JM064\JM064.model</model>
        </node>
        <node>
           <name>MP_CM008_Life_Buoy_1_INDEX_1</name>
           <model>common\misc\CM008\CM008.model</model>
        </node>
        <node>
           <name>MP_CM008_Life_Buoy_1_INDEX_2</name>
           <model>common\misc\CM008\CM008.model</model>
        </node>
        <node>
           <name>MP_JM059_Deck_Hatch_8_INDEX_9</name>
           <model>japan\misc\JM059\JM059.model</model>
        </node>
        <node>
           <name>MP_JM171_CraneR</name>
           <model>japan\misc\JM171\JM171.model</model>
        </node>
        <node>
           <name>MP_JM059_Deck_Hatch_8_INDEX_10</name>
           <model>japan\misc\JM059\JM059.model</model>
        </node>
        <node>
           <name>MP_JM059_Deck_Hatch_8_INDEX_11</name>
           <model>japan\misc\JM059\JM059.model</model>
        </node>
        <node>
           <name>MP_JM027_Fairlead_2_INDEX_4</name>
           <model>japan\misc\JM027\JM027.model</model>
        </node>
        <node>
           <name>MP_CM011_Fire_Fighting_Gear_INDEX_1</name>
           <model>common\misc\CM011\CM011.model</model>
        </node>
        <node>
           <name>MP_CM014_Fuel_Oil_Hose_INDEX_1</name>
           <model>common\misc\CM014\CM014.model</model>
        </node>
        <node>
           <name>MP_CM008_Life_Buoy_1_INDEX_3</name>
           <model>common\misc\CM008\CM008.model</model>
        </node>
        <node>
           <name>MP_CM062_Emergency_Box</name>
           <model>common\misc\CM062\CM062.model</model>
        </node>
        <node>
           <name>MP_JM147_Gun_Deck_4_INDEX_2</name>
           <model>japan\misc\JM147\JM147.model</model>
        </node>
        <node>
           <name>MP_JM013_Reels_1_INDEX_2</name>
           <model>japan\misc\JM013\JM013.model</model>
        </node>
        <node>
           <name>MP_JM002_Paravane</name>
           <model>japan\misc\JM002\JM002.model</model>
        </node>
        <node>
           <name>MP_CM019_Wood_Box_2_INDEX_2</name>
           <model>common\misc\CM019\CM019.model</model>
        </node>
        <node>
           <name>MP_CM062_Emergency_Box_INDEX_1</name>
           <model>common\misc\CM062\CM062.model</model>
        </node>
        <node>
           <name>MP_CM012_Fire_Hose_Rack_1_INDEX_1</name>
           <model>common\misc\CM012\CM012.model</model>
        </node>
        <node>
           <name>MP_JM002_Paravane_INDEX_1</name>
           <model>japan\misc\JM002\JM002.model</model>
        </node>
        <node>
           <name>MP_JM111_Deck_Hatch_13_INDEX_3</name>
           <model>japan\misc\JM111\JM111.model</model>
        </node>
        <node>
           <name>MP_JM027_Fairlead_2_INDEX_5</name>
           <model>japan\misc\JM027\JM027.model</model>
        </node>
        <node>
           <name>MP_JM032_Electric_Deck_Winch</name>
           <model>japan\misc\JM032\JM032.model</model>
        </node>
        <node>
           <name>HP_NoseWave_Speed</name>
           <model>UNKNOWN_ITEM</model>
        </node>
        <node>
           <name>HP_Fire_Burn_2</name>
           <model>UNKNOWN_ITEM</model>
        </node>
    </midfront>
    <midback>
      <model>japan\ship\battleship\JSB021_Izumo_1938\JSB021_Izumo_1938_MidBack_ports.model</model>
        <node>
           <name>HP_JD_1</name>
           <model>japan\director\JD013_Director_Type_98_Mod1\JD013_Director_Type_98_Mod1.model</model>
        </node>
        <node>
           <name>HP_JD_2</name>
           <model>japan\director\JD013_Director_Type_98_Mod1\JD013_Director_Type_98_Mod1.model</model>
        </node>
        <node>
           <name>HP_JD_3</name>
           <model>japan\director\JD019_Machine_Gun_ControlTower\JD019_Machine_Gun_ControlTower.model</model>
        </node>
        <node>
           <name>HP_JD_4</name>
           <model>japan\director\JD019_Machine_Gun_ControlTower\JD019_Machine_Gun_ControlTower.model</model>
        </node>
        <node>
           <name>HP_JD_5</name>
           <model>japan\director\JD023_Director_Type_94_Mod2\JD023_Director_Type_94_Mod2.model</model>
        </node>
        <node>
           <name>HP_JD_6</name>
           <model>japan\director\JD030_Director_Type_95_Mod2\JD030_Director_Type_95_Mod2.model</model>
        </node>
        <node>
           <name>HP_JD_7</name>
           <model>japan\director\JD030_Director_Type_95_Mod2\JD030_Director_Type_95_Mod2.model</model>
        </node>
        <node>
           <name>HP_JD_8</name>
           <model>japan\director\JD019_Machine_Gun_ControlTower\JD019_Machine_Gun_ControlTower.model</model>
        </node>
        <node>
           <name>HP_JD_9</name>
           <model>japan\director\JD019_Machine_Gun_ControlTower\JD019_Machine_Gun_ControlTower.model</model>
        </node>
        <node>
           <name>HP_JD_10</name>
           <model>japan\director\JD036_Director_Type_95_Mod3\JD036_Director_Type_95_Mod3.model</model>
        </node>
        <node>
           <name>HP_JF_1</name>
           <model>japan\finder\JF029_Rangefinder_1_5m_Yamato\JF029_Rangefinder_1_5m_Yamato.model</model>
        </node>
        <node>
           <name>HP_JF_2</name>
           <model>japan\finder\JF046_Rangefinder_10m\JF046_Rangefinder_10m.model</model>
        </node>
        <node>
           <name>HP_JF_3</name>
           <model>japan\finder\JF033_Rangefinder_1_5m\JF033_Rangefinder_1_5m.model</model>
        </node>
        <node>
           <name>HP_JF_4</name>
           <model>japan\finder\JF033_Rangefinder_1_5m\JF033_Rangefinder_1_5m.model</model>
        </node>
        <node>
           <name>HP_JF_5</name>
           <model>japan\finder\JF017_Rangefinder_4_5m\JF017_Rangefinder_4_5m.model</model>
        </node>
        <node>
           <name>HP_JF_6</name>
           <model>japan\finder\JF017_Rangefinder_4_5m\JF017_Rangefinder_4_5m.model</model>
        </node>
        <node>
           <name>HP_JF_7</name>
           <model>japan\finder\JF077_Rangefinder_6m\JF077_Rangefinder_6m.model</model>
        </node>
        <node>
           <name>HP_JGA_7</name>
           <model>japan\gun\aaircraft\JGA010_25mm_Type96\JGA010_25mm_Type96.model</model>
        </node>
        <node>
           <name>HP_JGA_8</name>
           <model>japan\gun\aaircraft\JGA010_25mm_Type96\JGA010_25mm_Type96.model</model>
        </node>
        <node>
           <name>HP_JGA_9</name>
           <model>japan\gun\aaircraft\JGA010_25mm_Type96\JGA010_25mm_Type96.model</model>
        </node>
        <node>
           <name>HP_JGA_10</name>
           <model>japan\gun\aaircraft\JGA010_25mm_Type96\JGA010_25mm_Type96.model</model>
        </node>
        <node>
           <name>HP_JGS_1</name>
           <model>japan\gun\secondary\JGS003_127mm40_Type89_Mod_A\JGS003_127mm40_Type89_Mod_A.model</model>
        </node>
        <node>
           <name>HP_JGS_2</name>
           <model>japan\gun\secondary\JGS003_127mm40_Type89_Mod_A\JGS003_127mm40_Type89_Mod_A.model</model>
        </node>
        <node>
           <name>HP_JGS_3</name>
           <model>japan\gun\secondary\JGS003_127mm40_Type89_Mod_A\JGS003_127mm40_Type89_Mod_A.model</model>
        </node>
        <node>
           <name>HP_JGS_4</name>
           <model>japan\gun\secondary\JGS003_127mm40_Type89_Mod_A\JGS003_127mm40_Type89_Mod_A.model</model>
        </node>
        <node>
           <name>HP_JGS_5</name>
           <model>japan\gun\secondary\JGS003_127mm40_Type89_Mod_A\JGS003_127mm40_Type89_Mod_A.model</model>
        </node>
        <node>
           <name>HP_JGS_6</name>
           <model>japan\gun\secondary\JGS003_127mm40_Type89_Mod_A\JGS003_127mm40_Type89_Mod_A.model</model>
        </node>
        <node>
           <name>HP_JGS_7</name>
           <model>japan\gun\secondary\JGS002_155mm60_Type3\JGS002_155mm60_Type3.model</model>
        </node>
        <node>
           <name>HP_JGS_8</name>
           <model>japan\gun\secondary\JGS002_155mm60_Type3\JGS002_155mm60_Type3.model</model>
        </node>
        <node>
           <name>HP_JGS_9</name>
           <model>japan\gun\secondary\JGS002_155mm60_Type3\JGS002_155mm60_Type3.model</model>
        </node>
        <node>
           <name>HP_JRS_1</name>
           <model>japan\radar\search\JRS010_Radar_Type_13\JRS010_Radar_Type_13.model</model>
        </node>
        <node>
           <name>HP_JRS_2</name>
           <model>japan\radar\search\JRS010_Radar_Type_13\JRS010_Radar_Type_13.model</model>
        </node>
        <node>
           <name>HP_JGA_5</name>
           <model>japan\gun\aaircraft\JGA010_25mm_Type96\JGA010_25mm_Type96.model</model>
        </node>
        <node>
           <name>HP_flag_1</name>
           <model>japan\misc\JM001\JM001.model</model>
        </node>
        <node>
           <name>HP_flag_2</name>
           <model>japan\misc\JM001\JM001.model</model>
        </node>
        <node>
           <name>HP_flag_3</name>
           <model>japan\misc\JM001\JM001.model</model>
        </node>
        <node>
           <name>HP_flag_4</name>
           <model>japan\misc\JM001\JM001.model</model>
        </node>
        <node>
           <name>MP_CM011_Fire_Fighting_Gear</name>
           <model>common\misc\CM011\CM011.model</model>
        </node>
        <node>
           <name>MP_JM194_Ventilation</name>
           <model>japan\misc\JM194\JM194.model</model>
        </node>
        <node>
           <name>MP_JM031_Wind_Intensity</name>
           <model>japan\misc\JM031\JM031.model</model>
        </node>
        <node>
           <name>MP_JM234_Antenna</name>
           <model>japan\misc\JM234\JM234.model</model>
        </node>
        <node>
           <name>MP_JM003_Searchlight_Control_1</name>
           <model>japan\misc\JM003\JM003.model</model>
        </node>
        <node>
           <name>MP_CM062_Emergency_Box</name>
           <model>common\misc\CM062\CM062.model</model>
        </node>
        <node>
           <name>MP_JM194_Ventilation_INDEX_1</name>
           <model>japan\misc\JM194\JM194.model</model>
        </node>
        <node>
           <name>MP_JM003_Searchlight_Control_1_INDEX_1</name>
           <model>japan\misc\JM003\JM003.model</model>
        </node>
        <node>
           <name>MP_CM011_Fire_Fighting_Gear_INDEX_1</name>
           <model>common\misc\CM011\CM011.model</model>
        </node>
        <node>
           <name>MP_JM194_Ventilation_INDEX_2</name>
           <model>japan\misc\JM194\JM194.model</model>
        </node>
        <node>
           <name>MP_JM011_Day_Light</name>
           <model>japan\misc\JM011\JM011.model</model>
        </node>
        <node>
           <name>MP_JM194_Ventilation_INDEX_3</name>
           <model>japan\misc\JM194\JM194.model</model>
        </node>
        <node>
           <name>MP_JM107_Binocular_2</name>
           <model>japan\misc\JM107\JM107.model</model>
        </node>
        <node>
           <name>MP_JM194_Ventilation_INDEX_4</name>
           <model>japan\misc\JM194\JM194.model</model>
        </node>
        <node>
           <name>MP_JM111_Deck_Hatch_13</name>
           <model>japan\misc\JM111\JM111.model</model>
        </node>
        <node>
           <name>MP_JM194_Ventilation_INDEX_5</name>
           <model>japan\misc\JM194\JM194.model</model>
        </node>
        <node>
           <name>MP_JM125_Signal_Lamp_3</name>
           <model>japan\misc\JM125\JM125.model</model>
        </node>
        <node>
           <name>MP_JM059_Deck_Hatch_8</name>
           <model>japan\misc\JM059\JM059.model</model>
        </node>
        <node>
           <name>MP_JM216_Board_Crane</name>
           <model>japan\misc\JM216\JM216.model</model>
        </node>
        <node>
           <name>MP_CM092_Siren</name>
           <model>common\misc\CM092\CM092.model</model>
        </node>
        <node>
           <name>MP_JM032_Electric_Deck_Winch</name>
           <model>japan\misc\JM032\JM032.model</model>
        </node>
        <node>
           <name>MP_CM008_Life_Buoy_1</name>
           <model>common\misc\CM008\CM008.model</model>
        </node>
        <node>
           <name>MP_JM011_Day_Light_INDEX_1</name>
           <model>japan\misc\JM011\JM011.model</model>
        </node>
        <node>
           <name>MP_CM062_Emergency_Box_INDEX_1</name>
           <model>common\misc\CM062\CM062.model</model>
        </node>
        <node>
           <name>MP_JM059_Deck_Hatch_8_INDEX_1</name>
           <model>japan\misc\JM059\JM059.model</model>
        </node>
        <node>
           <name>MP_JM059_Deck_Hatch_8_INDEX_2</name>
           <model>japan\misc\JM059\JM059.model</model>
        </node>
        <node>
           <name>MP_CM010_Fire_Hose_Reel</name>
           <model>common\misc\CM010\CM010.model</model>
        </node>
        <node>
           <name>MP_CM004_Barbette_Out</name>
           <model>common\misc\CM004\CM004.model</model>
        </node>
        <node>
           <name>MP_JM008_Searchlight</name>
           <model>japan\misc\JM008\JM008.model</model>
        </node>
        <node>
           <name>MP_JM059_Deck_Hatch_8_INDEX_3</name>
           <model>japan\misc\JM059\JM059.model</model>
        </node>
        <node>
           <name>MP_JM008_Searchlight_INDEX_1</name>
           <model>japan\misc\JM008\JM008.model</model>
        </node>
        <node>
           <name>MP_CM012_Fire_Hose_Rack_1</name>
           <model>common\misc\CM012\CM012.model</model>
        </node>
        <node>
           <name>MP_CM062_Emergency_Box_INDEX_2</name>
           <model>common\misc\CM062\CM062.model</model>
        </node>
        <node>
           <name>MP_JM107_Binocular_2_INDEX_1</name>
           <model>japan\misc\JM107\JM107.model</model>
        </node>
        <node>
           <name>MP_JM166_Voice_Tube</name>
           <model>japan\misc\JM166\JM166.model</model>
        </node>
        <node>
           <name>MP_JM107_Binocular_2_INDEX_2</name>
           <model>japan\misc\JM107\JM107.model</model>
        </node>
        <node>
           <name>MP_JM202_Fender</name>
           <model>japan\misc\JM202\JM202.model</model>
        </node>
        <node>
           <name>MP_JM010_Deck_Lamp</name>
           <model>japan\misc\JM010\JM010.model</model>
        </node>
        <node>
           <name>MP_JM194_Ventilation_INDEX_6</name>
           <model>japan\misc\JM194\JM194.model</model>
        </node>
        <node>
           <name>MP_JM272_Kingpost</name>
           <model>japan\misc\JM272\JM272.model</model>
        </node>
        <node>
           <name>MP_JM107_Binocular_2_INDEX_3</name>
           <model>japan\misc\JM107\JM107.model</model>
        </node>
        <node>
           <name>MP_JM194_Ventilation_INDEX_7</name>
           <model>japan\misc\JM194\JM194.model</model>
        </node>
        <node>
           <name>MP_CM012_Fire_Hose_Rack_1_INDEX_1</name>
           <model>common\misc\CM012\CM012.model</model>
        </node>
        <node>
           <name>MP_JM166_Voice_Tube_INDEX_1</name>
           <model>japan\misc\JM166\JM166.model</model>
        </node>
        <node>
           <name>MP_JM009_Signal_Lamp</name>
           <model>japan\misc\JM009\JM009.model</model>
        </node>
        <node>
           <name>MP_CM012_Fire_Hose_Rack_1_INDEX_2</name>
           <model>common\misc\CM012\CM012.model</model>
        </node>
        <node>
           <name>MP_JM166_Voice_Tube_INDEX_2</name>
           <model>japan\misc\JM166\JM166.model</model>
        </node>
        <node>
           <name>MP_JM194_Ventilation_INDEX_8</name>
           <model>japan\misc\JM194\JM194.model</model>
        </node>
        <node>
           <name>MP_JM166_Voice_Tube_INDEX_3</name>
           <model>japan\misc\JM166\JM166.model</model>
        </node>
        <node>
           <name>MP_JM013_Reels_1</name>
           <model>japan\misc\JM013\JM013.model</model>
        </node>
        <node>
           <name>MP_JM089_Signal_Platform_1</name>
           <model>japan\misc\JM089\JM089.model</model>
        </node>
        <node>
           <name>MP_JM011_Day_Light_INDEX_2</name>
           <model>japan\misc\JM011\JM011.model</model>
        </node>
        <node>
           <name>MP_JM125_Signal_Lamp_3_INDEX_1</name>
           <model>japan\misc\JM125\JM125.model</model>
        </node>
        <node>
           <name>MP_JM107_Binocular_2_INDEX_4</name>
           <model>japan\misc\JM107\JM107.model</model>
        </node>
        <node>
           <name>MP_JM166_Voice_Tube_INDEX_4</name>
           <model>japan\misc\JM166\JM166.model</model>
        </node>
        <node>
           <name>MP_CM012_Fire_Hose_Rack_1_INDEX_3</name>
           <model>common\misc\CM012\CM012.model</model>
        </node>
        <node>
           <name>MP_JM194_Ventilation_INDEX_9</name>
           <model>japan\misc\JM194\JM194.model</model>
        </node>
        <node>
           <name>MP_CM008_Life_Buoy_1_INDEX_1</name>
           <model>common\misc\CM008\CM008.model</model>
        </node>
        <node>
           <name>MP_JM107_Binocular_2_INDEX_5</name>
           <model>japan\misc\JM107\JM107.model</model>
        </node>
        <node>
           <name>MP_JM166_Voice_Tube_INDEX_5</name>
           <model>japan\misc\JM166\JM166.model</model>
        </node>
        <node>
           <name>MP_JM125_Signal_Lamp_3_INDEX_2</name>
           <model>japan\misc\JM125\JM125.model</model>
        </node>
        <node>
           <name>MP_JM059_Deck_Hatch_8_INDEX_4</name>
           <model>japan\misc\JM059\JM059.model</model>
        </node>
        <node>
           <name>MP_JM064_Bollards_2</name>
           <model>japan\misc\JM064\JM064.model</model>
        </node>
        <node>
           <name>MP_JM194_Ventilation_INDEX_10</name>
           <model>japan\misc\JM194\JM194.model</model>
        </node>
        <node>
           <name>MP_JM011_Day_Light_INDEX_3</name>
           <model>japan\misc\JM011\JM011.model</model>
        </node>
        <node>
           <name>MP_JM011_Day_Light_INDEX_4</name>
           <model>japan\misc\JM011\JM011.model</model>
        </node>
        <node>
           <name>MP_JM107_Binocular_2_INDEX_6</name>
           <model>japan\misc\JM107\JM107.model</model>
        </node>
        <node>
           <name>MP_CM008_Life_Buoy_1_INDEX_2</name>
           <model>common\misc\CM008\CM008.model</model>
        </node>
        <node>
           <name>MP_CM011_Fire_Fighting_Gear_INDEX_2</name>
           <model>common\misc\CM011\CM011.model</model>
        </node>
        <node>
           <name>MP_JM234_Antenna_INDEX_1</name>
           <model>japan\misc\JM234\JM234.model</model>
        </node>
        <node>
           <name>MP_JM194_Ventilation_INDEX_11</name>
           <model>japan\misc\JM194\JM194.model</model>
        </node>
        <node>
           <name>MP_JM027_Fairlead_2</name>
           <model>japan\misc\JM027\JM027.model</model>
        </node>
        <node>
           <name>MP_CM009_Life_Buoy_2</name>
           <model>common\misc\CM009\CM009.model</model>
        </node>
        <node>
           <name>MP_JM194_Ventilation_INDEX_12</name>
           <model>japan\misc\JM194\JM194.model</model>
        </node>
        <node>
           <name>MP_CM092_Siren_INDEX_1</name>
           <model>common\misc\CM092\CM092.model</model>
        </node>
        <node>
           <name>MP_JM030_Wind_Direction</name>
           <model>japan\misc\JM030\JM030.model</model>
        </node>
        <node>
           <name>MP_JM003_Searchlight_Control_1_INDEX_2</name>
           <model>japan\misc\JM003\JM003.model</model>
        </node>
        <node>
           <name>MP_JM194_Ventilation_INDEX_13</name>
           <model>japan\misc\JM194\JM194.model</model>
        </node>
        <node>
           <name>MP_JM273_Coaling_boom</name>
           <model>japan\misc\JM273\JM273.model</model>
        </node>
        <node>
           <name>MP_JM031_Wind_Intensity_INDEX_1</name>
           <model>japan\misc\JM031\JM031.model</model>
        </node>
        <node>
           <name>MP_JM008_Searchlight_INDEX_2</name>
           <model>japan\misc\JM008\JM008.model</model>
        </node>
        <node>
           <name>MP_CM011_Fire_Fighting_Gear_INDEX_3</name>
           <model>common\misc\CM011\CM011.model</model>
        </node>
        <node>
           <name>MP_JM272_Kingpost_INDEX_1</name>
           <model>japan\misc\JM272\JM272.model</model>
        </node>
        <node>
           <name>MP_JM194_Ventilation_INDEX_14</name>
           <model>japan\misc\JM194\JM194.model</model>
        </node>
        <node>
           <name>MP_CM012_Fire_Hose_Rack_1_INDEX_4</name>
           <model>common\misc\CM012\CM012.model</model>
        </node>
        <node>
           <name>MP_CM011_Fire_Fighting_Gear_INDEX_4</name>
           <model>common\misc\CM011\CM011.model</model>
        </node>
        <node>
           <name>MP_JM166_Voice_Tube_INDEX_6</name>
           <model>japan\misc\JM166\JM166.model</model>
        </node>
        <node>
           <name>MP_JM032_Electric_Deck_Winch_INDEX_1</name>
           <model>japan\misc\JM032\JM032.model</model>
        </node>
        <node>
           <name>MP_JM125_Signal_Lamp_3_INDEX_3</name>
           <model>japan\misc\JM125\JM125.model</model>
        </node>
        <node>
           <name>MP_JM109_Deck_Hatch_11</name>
           <model>japan\misc\JM109\JM109.model</model>
        </node>
        <node>
           <name>MP_JM194_Ventilation_INDEX_15</name>
           <model>japan\misc\JM194\JM194.model</model>
        </node>
        <node>
           <name>MP_JM011_Day_Light_INDEX_5</name>
           <model>japan\misc\JM011\JM011.model</model>
        </node>
        <node>
           <name>MP_CM030_Swab_Rack_2</name>
           <model>common\misc\CM030\CM030.model</model>
        </node>
        <node>
           <name>MP_JM190_Gyro_Repeater</name>
           <model>japan\misc\JM190\JM190.model</model>
        </node>
        <node>
           <name>MP_CM004_Barbette_Out_INDEX_1</name>
           <model>common\misc\CM004\CM004.model</model>
        </node>
        <node>
           <name>MP_JM107_Binocular_2_INDEX_7</name>
           <model>japan\misc\JM107\JM107.model</model>
        </node>
        <node>
           <name>MP_CM014_Fuel_Oil_Hose</name>
           <model>common\misc\CM014\CM014.model</model>
        </node>
        <node>
           <name>MP_JM234_Antenna_INDEX_2</name>
           <model>japan\misc\JM234\JM234.model</model>
        </node>
        <node>
           <name>MP_JM166_Voice_Tube_INDEX_7</name>
           <model>japan\misc\JM166\JM166.model</model>
        </node>
        <node>
           <name>MP_JM027_Fairlead_2_INDEX_1</name>
           <model>japan\misc\JM027\JM027.model</model>
        </node>
        <node>
           <name>MP_CM060_Flag_Box</name>
           <model>common\misc\CM060\CM060.model</model>
        </node>
        <node>
           <name>MP_CM030_Swab_Rack_2_INDEX_1</name>
           <model>common\misc\CM030\CM030.model</model>
        </node>
        <node>
           <name>MP_JM089_Signal_Platform_1_INDEX_1</name>
           <model>japan\misc\JM089\JM089.model</model>
        </node>
        <node>
           <name>MP_CM012_Fire_Hose_Rack_1_INDEX_5</name>
           <model>common\misc\CM012\CM012.model</model>
        </node>
        <node>
           <name>MP_JM147_Gun_Deck_4</name>
           <model>japan\misc\JM147\JM147.model</model>
        </node>
        <node>
           <name>MP_JM111_Deck_Hatch_13_INDEX_1</name>
           <model>japan\misc\JM111\JM111.model</model>
        </node>
        <node>
           <name>MP_CM062_Emergency_Box_INDEX_3</name>
           <model>common\misc\CM062\CM062.model</model>
        </node>
        <node>
           <name>MP_JM003_Searchlight_Control_1_INDEX_3</name>
           <model>japan\misc\JM003\JM003.model</model>
        </node>
        <node>
           <name>MP_CM009_Life_Buoy_2_INDEX_1</name>
           <model>common\misc\CM009\CM009.model</model>
        </node>
        <node>
           <name>MP_CM062_Emergency_Box_INDEX_4</name>
           <model>common\misc\CM062\CM062.model</model>
        </node>
        <node>
           <name>MP_CM010_Fire_Hose_Reel_INDEX_1</name>
           <model>common\misc\CM010\CM010.model</model>
        </node>
        <node>
           <name>MP_JM009_Signal_Lamp_INDEX_1</name>
           <model>japan\misc\JM009\JM009.model</model>
        </node>
        <node>
           <name>MP_JM003_Searchlight_Control_1_INDEX_4</name>
           <model>japan\misc\JM003\JM003.model</model>
        </node>
        <node>
           <name>MP_JM194_Ventilation_INDEX_16</name>
           <model>japan\misc\JM194\JM194.model</model>
        </node>
        <node>
           <name>MP_JM009_Signal_Lamp_INDEX_2</name>
           <model>japan\misc\JM009\JM009.model</model>
        </node>
        <node>
           <name>MP_JM194_Ventilation_INDEX_17</name>
           <model>japan\misc\JM194\JM194.model</model>
        </node>
        <node>
           <name>MP_JM107_Binocular_2_INDEX_8</name>
           <model>japan\misc\JM107\JM107.model</model>
        </node>
        <node>
           <name>MP_JM113_Flag_Box</name>
           <model>japan\misc\JM113\JM113.model</model>
        </node>
        <node>
           <name>MP_CM011_Fire_Fighting_Gear_INDEX_5</name>
           <model>common\misc\CM011\CM011.model</model>
        </node>
        <node>
           <name>MP_JM115_Antenna_2</name>
           <model>japan\misc\JM115\JM115.model</model>
        </node>
        <node>
           <name>MP_JM194_Ventilation_INDEX_18</name>
           <model>japan\misc\JM194\JM194.model</model>
        </node>
        <node>
           <name>MP_JM273_Coaling_boom_INDEX_1</name>
           <model>japan\misc\JM273\JM273.model</model>
        </node>
        <node>
           <name>MP_JM011_Day_Light_INDEX_6</name>
           <model>japan\misc\JM011\JM011.model</model>
        </node>
        <node>
           <name>MP_JM216_Board_Crane_INDEX_1</name>
           <model>japan\misc\JM216\JM216.model</model>
        </node>
        <node>
           <name>MP_JM272_Kingpost_INDEX_2</name>
           <model>japan\misc\JM272\JM272.model</model>
        </node>
        <node>
           <name>MP_CM030_Swab_Rack_2_INDEX_2</name>
           <model>common\misc\CM030\CM030.model</model>
        </node>
        <node>
           <name>MP_JM171_CraneR</name>
           <model>japan\misc\JM171\JM171.model</model>
        </node>
        <node>
           <name>MP_CM062_Emergency_Box_INDEX_5</name>
           <model>common\misc\CM062\CM062.model</model>
        </node>
        <node>
           <name>MP_JM107_Binocular_2_INDEX_9</name>
           <model>japan\misc\JM107\JM107.model</model>
        </node>
        <node>
           <name>MP_JM064_Bollards_2_INDEX_1</name>
           <model>japan\misc\JM064\JM064.model</model>
        </node>
        <node>
           <name>MP_JM109_Deck_Hatch_11_INDEX_1</name>
           <model>japan\misc\JM109\JM109.model</model>
        </node>
        <node>
           <name>MP_JM111_Deck_Hatch_13_INDEX_2</name>
           <model>japan\misc\JM111\JM111.model</model>
        </node>
        <node>
           <name>MP_JM166_Voice_Tube_INDEX_8</name>
           <model>japan\misc\JM166\JM166.model</model>
        </node>
        <node>
           <name>MP_JM003_Searchlight_Control_1_INDEX_5</name>
           <model>japan\misc\JM003\JM003.model</model>
        </node>
        <node>
           <name>MP_JM059_Deck_Hatch_8_INDEX_5</name>
           <model>japan\misc\JM059\JM059.model</model>
        </node>
        <node>
           <name>MP_CM014_Fuel_Oil_Hose_INDEX_1</name>
           <model>common\misc\CM014\CM014.model</model>
        </node>
        <node>
           <name>MP_JM059_Deck_Hatch_8_INDEX_6</name>
           <model>japan\misc\JM059\JM059.model</model>
        </node>
        <node>
           <name>MP_JM107_Binocular_2_INDEX_10</name>
           <model>japan\misc\JM107\JM107.model</model>
        </node>
        <node>
           <name>MP_JM111_Deck_Hatch_13_INDEX_3</name>
           <model>japan\misc\JM111\JM111.model</model>
        </node>
        <node>
           <name>MP_JM166_Voice_Tube_INDEX_9</name>
           <model>japan\misc\JM166\JM166.model</model>
        </node>
        <node>
           <name>MP_JM111_Deck_Hatch_13_INDEX_4</name>
           <model>japan\misc\JM111\JM111.model</model>
        </node>
        <node>
           <name>MP_JM125_Signal_Lamp_3_INDEX_4</name>
           <model>japan\misc\JM125\JM125.model</model>
        </node>
        <node>
           <name>MP_JM166_Voice_Tube_INDEX_10</name>
           <model>japan\misc\JM166\JM166.model</model>
        </node>
        <node>
           <name>MP_CM060_Flag_Box_INDEX_1</name>
           <model>common\misc\CM060\CM060.model</model>
        </node>
        <node>
           <name>MP_JM194_Ventilation_INDEX_19</name>
           <model>japan\misc\JM194\JM194.model</model>
        </node>
        <node>
           <name>MP_JM027_Fairlead_2_INDEX_2</name>
           <model>japan\misc\JM027\JM027.model</model>
        </node>
        <node>
           <name>MP_CM010_Fire_Hose_Reel_INDEX_2</name>
           <model>common\misc\CM010\CM010.model</model>
        </node>
        <node>
           <name>MP_CM014_Fuel_Oil_Hose_INDEX_2</name>
           <model>common\misc\CM014\CM014.model</model>
        </node>
        <node>
           <name>MP_JM111_Deck_Hatch_13_INDEX_5</name>
           <model>japan\misc\JM111\JM111.model</model>
        </node>
        <node>
           <name>MP_JM234_Antenna_INDEX_3</name>
           <model>japan\misc\JM234\JM234.model</model>
        </node>
        <node>
           <name>MP_JM166_Voice_Tube_INDEX_11</name>
           <model>japan\misc\JM166\JM166.model</model>
        </node>
        <node>
           <name>MP_JM273_Coaling_boom_INDEX_2</name>
           <model>japan\misc\JM273\JM273.model</model>
        </node>
        <node>
           <name>MP_CM008_Life_Buoy_1_INDEX_3</name>
           <model>common\misc\CM008\CM008.model</model>
        </node>
        <node>
           <name>MP_JM190_Gyro_Repeater_INDEX_1</name>
           <model>japan\misc\JM190\JM190.model</model>
        </node>
        <node>
           <name>MP_JM003_Searchlight_Control_1_INDEX_6</name>
           <model>japan\misc\JM003\JM003.model</model>
        </node>
        <node>
           <name>MP_CM062_Emergency_Box_INDEX_6</name>
           <model>common\misc\CM062\CM062.model</model>
        </node>
        <node>
           <name>MP_JM234_Antenna_INDEX_4</name>
           <model>japan\misc\JM234\JM234.model</model>
        </node>
        <node>
           <name>MP_JM107_Binocular_2_INDEX_11</name>
           <model>japan\misc\JM107\JM107.model</model>
        </node>
        <node>
           <name>MP_JM009_Signal_Lamp_INDEX_3</name>
           <model>japan\misc\JM009\JM009.model</model>
        </node>
        <node>
           <name>MP_JM125_Signal_Lamp_3_INDEX_5</name>
           <model>japan\misc\JM125\JM125.model</model>
        </node>
        <node>
           <name>MP_JM059_Deck_Hatch_8_INDEX_7</name>
           <model>japan\misc\JM059\JM059.model</model>
        </node>
        <node>
           <name>MP_JM194_Ventilation_INDEX_20</name>
           <model>japan\misc\JM194\JM194.model</model>
        </node>
        <node>
           <name>MP_JM194_Ventilation_INDEX_21</name>
           <model>japan\misc\JM194\JM194.model</model>
        </node>
        <node>
           <name>MP_JM107_Binocular_2_INDEX_12</name>
           <model>japan\misc\JM107\JM107.model</model>
        </node>
        <node>
           <name>MP_CM010_Fire_Hose_Reel_INDEX_3</name>
           <model>common\misc\CM010\CM010.model</model>
        </node>
        <node>
           <name>MP_JM109_Deck_Hatch_11_INDEX_2</name>
           <model>japan\misc\JM109\JM109.model</model>
        </node>
        <node>
           <name>MP_CM062_Emergency_Box_INDEX_7</name>
           <model>common\misc\CM062\CM062.model</model>
        </node>
        <node>
           <name>MP_JM064_Bollards_2_INDEX_2</name>
           <model>japan\misc\JM064\JM064.model</model>
        </node>
        <node>
           <name>MP_JM272_Kingpost_INDEX_3</name>
           <model>japan\misc\JM272\JM272.model</model>
        </node>
        <node>
           <name>MP_JM194_Ventilation_INDEX_22</name>
           <model>japan\misc\JM194\JM194.model</model>
        </node>
        <node>
           <name>MP_JM010_Deck_Lamp_INDEX_1</name>
           <model>japan\misc\JM010\JM010.model</model>
        </node>
        <node>
           <name>MP_CM056_Ships_bell</name>
           <model>common\misc\CM056\CM056.model</model>
        </node>
        <node>
           <name>MP_JM111_Deck_Hatch_13_INDEX_6</name>
           <model>japan\misc\JM111\JM111.model</model>
        </node>
        <node>
           <name>MP_JM008_Searchlight_INDEX_3</name>
           <model>japan\misc\JM008\JM008.model</model>
        </node>
        <node>
           <name>MP_JM013_Reels_1_INDEX_1</name>
           <model>japan\misc\JM013\JM013.model</model>
        </node>
        <node>
           <name>MP_CM062_Emergency_Box_INDEX_8</name>
           <model>common\misc\CM062\CM062.model</model>
        </node>
        <node>
           <name>MP_JM008_Searchlight_INDEX_4</name>
           <model>japan\misc\JM008\JM008.model</model>
        </node>
        <node>
           <name>MP_JM008_Searchlight_INDEX_5</name>
           <model>japan\misc\JM008\JM008.model</model>
        </node>
        <node>
           <name>MP_JM194_Ventilation_INDEX_23</name>
           <model>japan\misc\JM194\JM194.model</model>
        </node>
        <node>
           <name>MP_JM032_Electric_Deck_Winch_INDEX_2</name>
           <model>japan\misc\JM032\JM032.model</model>
        </node>
        <node>
           <name>MP_JM166_Voice_Tube_INDEX_12</name>
           <model>japan\misc\JM166\JM166.model</model>
        </node>
        <node>
           <name>MP_JM032_Electric_Deck_Winch_INDEX_3</name>
           <model>japan\misc\JM032\JM032.model</model>
        </node>
        <node>
           <name>MP_JM166_Voice_Tube_INDEX_13</name>
           <model>japan\misc\JM166\JM166.model</model>
        </node>
        <node>
           <name>MP_JM194_Ventilation_INDEX_24</name>
           <model>japan\misc\JM194\JM194.model</model>
        </node>
        <node>
           <name>MP_CM062_Emergency_Box_INDEX_9</name>
           <model>common\misc\CM062\CM062.model</model>
        </node>
        <node>
           <name>MP_CM010_Fire_Hose_Reel_INDEX_4</name>
           <model>common\misc\CM010\CM010.model</model>
        </node>
        <node>
           <name>MP_CM030_Swab_Rack_2_INDEX_3</name>
           <model>common\misc\CM030\CM030.model</model>
        </node>
        <node>
           <name>MP_JM194_Ventilation_INDEX_25</name>
           <model>japan\misc\JM194\JM194.model</model>
        </node>
        <node>
           <name>MP_JM166_Voice_Tube_INDEX_14</name>
           <model>japan\misc\JM166\JM166.model</model>
        </node>
        <node>
           <name>MP_JM109_Deck_Hatch_11_INDEX_3</name>
           <model>japan\misc\JM109\JM109.model</model>
        </node>
        <node>
           <name>MP_JM064_Bollards_2_INDEX_3</name>
           <model>japan\misc\JM064\JM064.model</model>
        </node>
        <node>
           <name>MP_JM030_Wind_Direction_INDEX_1</name>
           <model>japan\misc\JM030\JM030.model</model>
        </node>
        <node>
           <name>MP_JM113_Flag_Box_INDEX_1</name>
           <model>japan\misc\JM113\JM113.model</model>
        </node>
        <node>
           <name>MP_JM003_Searchlight_Control_1_INDEX_7</name>
           <model>japan\misc\JM003\JM003.model</model>
        </node>
        <node>
           <name>MP_JM170_CraneL</name>
           <model>japan\misc\JM170\JM170.model</model>
        </node>
        <node>
           <name>MP_JM194_Ventilation_INDEX_26</name>
           <model>japan\misc\JM194\JM194.model</model>
        </node>
        <node>
           <name>MP_JM027_Fairlead_2_INDEX_3</name>
           <model>japan\misc\JM027\JM027.model</model>
        </node>
        <node>
           <name>MP_JM111_Deck_Hatch_13_INDEX_7</name>
           <model>japan\misc\JM111\JM111.model</model>
        </node>
        <node>
           <name>MP_JM194_Ventilation_INDEX_27</name>
           <model>japan\misc\JM194\JM194.model</model>
        </node>
        <node>
           <name>MP_JM194_Ventilation_INDEX_28</name>
           <model>japan\misc\JM194\JM194.model</model>
        </node>
        <node>
           <name>MP_JM166_Voice_Tube_INDEX_15</name>
           <model>japan\misc\JM166\JM166.model</model>
        </node>
        <node>
           <name>MP_JM125_Signal_Lamp_3_INDEX_6</name>
           <model>japan\misc\JM125\JM125.model</model>
        </node>
        <node>
           <name>MP_JM194_Ventilation_INDEX_29</name>
           <model>japan\misc\JM194\JM194.model</model>
        </node>
        <node>
           <name>MP_JM011_Day_Light_INDEX_7</name>
           <model>japan\misc\JM011\JM011.model</model>
        </node>
        <node>
           <name>MP_JM125_Signal_Lamp_3_INDEX_7</name>
           <model>japan\misc\JM125\JM125.model</model>
        </node>
        <node>
           <name>MP_JM273_Coaling_boom_INDEX_3</name>
           <model>japan\misc\JM273\JM273.model</model>
        </node>
        <node>
           <name>MP_JM107_Binocular_2_INDEX_13</name>
           <model>japan\misc\JM107\JM107.model</model>
        </node>
        <node>
           <name>MP_JM013_Reels_1_INDEX_2</name>
           <model>japan\misc\JM013\JM013.model</model>
        </node>
        <node>
           <name>MP_JM107_Binocular_2_INDEX_14</name>
           <model>japan\misc\JM107\JM107.model</model>
        </node>
        <node>
           <name>MP_CM004_Barbette_Out_INDEX_2</name>
           <model>common\misc\CM004\CM004.model</model>
        </node>
        <node>
           <name>MP_CM014_Fuel_Oil_Hose_INDEX_3</name>
           <model>common\misc\CM014\CM014.model</model>
        </node>
        <node>
           <name>MP_JM202_Fender_INDEX_1</name>
           <model>japan\misc\JM202\JM202.model</model>
        </node>
        <node>
           <name>MP_JM107_Binocular_2_INDEX_15</name>
           <model>japan\misc\JM107\JM107.model</model>
        </node>
        <node>
           <name>MP_JM194_Ventilation_INDEX_30</name>
           <model>japan\misc\JM194\JM194.model</model>
        </node>
        <node>
           <name>MP_JM194_Ventilation_INDEX_31</name>
           <model>japan\misc\JM194\JM194.model</model>
        </node>
        <node>
           <name>HP_Smoke_2</name>
           <model>UNKNOWN_ITEM</model>
        </node>
        <node>
           <name>HP_Fire_Burn_3</name>
           <model>UNKNOWN_ITEM</model>
        </node>
        <node>
           <name>HP_Smoke_1</name>
           <model>UNKNOWN_ITEM</model>
        </node>
    </midback>
    <stern>
      <model>japan\ship\battleship\JSB021_Izumo_1938\JSB021_Izumo_1938_Stern_ports.model</model>
        <node>
           <name>HP_JC_1</name>
           <model>japan\catapult\JC001_Catapult_Shiki2\JC001_Catapult_Shiki2.model</model>
        </node>
        <node>
           <name>HP_JC_2</name>
           <model>japan\catapult\JC001_Catapult_Shiki2\JC001_Catapult_Shiki2.model</model>
        </node>
        <node>
           <name>HP_flag_nation</name>
           <model>japan\misc\JM001\JM001.model</model>
        </node>
        <node>
           <name>MP_JM061_Deck_Hatch_10</name>
           <model>japan\misc\JM061\JM061.model</model>
        </node>
        <node>
           <name>MP_CM014_Fuel_Oil_Hose</name>
           <model>common\misc\CM014\CM014.model</model>
        </node>
        <node>
           <name>MP_JM007_Life_Buoy_box</name>
           <model>japan\misc\JM007\JM007.model</model>
        </node>
        <node>
           <name>MP_JM027_Fairlead_2</name>
           <model>japan\misc\JM027\JM027.model</model>
        </node>
        <node>
           <name>MP_JM066_Aircraft_Deck_Rails</name>
           <model>japan\misc\JM066\JM066.model</model>
        </node>
        <node>
           <name>MP_JM111_Deck_Hatch_13</name>
           <model>japan\misc\JM111\JM111.model</model>
        </node>
        <node>
           <name>MP_CM001_Propeller3_L</name>
           <model>common\misc\CM001\CM001.model</model>
        </node>
        <node>
           <name>MP_CM087_Anchor_down</name>
           <model>common\misc\CM087\CM087.model</model>
        </node>
        <node>
           <name>MP_CM087_Anchor_down_INDEX_1</name>
           <model>common\misc\CM087\CM087.model</model>
        </node>
        <node>
           <name>MP_CM030_Swab_Rack_2</name>
           <model>common\misc\CM030\CM030.model</model>
        </node>
        <node>
           <name>MP_CM009_Life_Buoy_2</name>
           <model>common\misc\CM009\CM009.model</model>
        </node>
        <node>
           <name>MP_CM086_Anchor_top</name>
           <model>common\misc\CM086\CM086.model</model>
        </node>
        <node>
           <name>MP_JM125_Signal_Lamp_3</name>
           <model>japan\misc\JM125\JM125.model</model>
        </node>
        <node>
           <name>MP_JM202_Fender</name>
           <model>japan\misc\JM202\JM202.model</model>
        </node>
        <node>
           <name>MP_JM111_Deck_Hatch_13_INDEX_1</name>
           <model>japan\misc\JM111\JM111.model</model>
        </node>
        <node>
           <name>MP_CM032_Propeller3_R</name>
           <model>common\misc\CM032\CM032.model</model>
        </node>
        <node>
           <name>MP_JM066_Aircraft_Deck_Rails_INDEX_1</name>
           <model>japan\misc\JM066\JM066.model</model>
        </node>
        <node>
           <name>MP_CM001_Propeller3_L_INDEX_1</name>
           <model>common\misc\CM001\CM001.model</model>
        </node>
        <node>
           <name>MP_CM062_Emergency_Box</name>
           <model>common\misc\CM062\CM062.model</model>
        </node>
        <node>
           <name>MP_JM111_Deck_Hatch_13_INDEX_2</name>
           <model>japan\misc\JM111\JM111.model</model>
        </node>
        <node>
           <name>MP_CM011_Fire_Fighting_Gear</name>
           <model>common\misc\CM011\CM011.model</model>
        </node>
        <node>
           <name>MP_JM027_Fairlead_2_INDEX_1</name>
           <model>japan\misc\JM027\JM027.model</model>
        </node>
        <node>
           <name>MP_CM010_Fire_Hose_Reel</name>
           <model>common\misc\CM010\CM010.model</model>
        </node>
        <node>
           <name>MP_JM059_Deck_Hatch_8</name>
           <model>japan\misc\JM059\JM059.model</model>
        </node>
        <node>
           <name>MP_JM202_Fender_INDEX_1</name>
           <model>japan\misc\JM202\JM202.model</model>
        </node>
        <node>
           <name>MP_JM044_After_Capstan</name>
           <model>japan\misc\JM044\JM044.model</model>
        </node>
        <node>
           <name>MP_JM064_Bollards_2</name>
           <model>japan\misc\JM064\JM064.model</model>
        </node>
        <node>
           <name>MP_JM027_Fairlead_2_INDEX_2</name>
           <model>japan\misc\JM027\JM027.model</model>
        </node>
        <node>
           <name>MP_CM014_Fuel_Oil_Hose_INDEX_1</name>
           <model>common\misc\CM014\CM014.model</model>
        </node>
        <node>
           <name>MP_JM007_Life_Buoy_box_INDEX_1</name>
           <model>japan\misc\JM007\JM007.model</model>
        </node>
        <node>
           <name>MP_CM062_Emergency_Box_INDEX_1</name>
           <model>common\misc\CM062\CM062.model</model>
        </node>
        <node>
           <name>MP_JM059_Deck_Hatch_8_INDEX_1</name>
           <model>japan\misc\JM059\JM059.model</model>
        </node>
        <node>
           <name>MP_CM086_Anchor_top_INDEX_1</name>
           <model>common\misc\CM086\CM086.model</model>
        </node>
        <node>
           <name>MP_JM202_Fender_INDEX_2</name>
           <model>japan\misc\JM202\JM202.model</model>
        </node>
        <node>
           <name>MP_CM012_Fire_Hose_Rack_1</name>
           <model>common\misc\CM012\CM012.model</model>
        </node>
        <node>
           <name>MP_JM086_Crane_3</name>
           <model>japan\misc\JM086\JM086.model</model>
        </node>
        <node>
           <name>MP_CM011_Fire_Fighting_Gear_INDEX_1</name>
           <model>common\misc\CM011\CM011.model</model>
        </node>
        <node>
           <name>MP_JM141_Break_Handwheel_1</name>
           <model>japan\misc\JM141\JM141.model</model>
        </node>
        <node>
           <name>MP_JM059_Deck_Hatch_8_INDEX_2</name>
           <model>japan\misc\JM059\JM059.model</model>
        </node>
        <node>
           <name>MP_JM027_Fairlead_2_INDEX_3</name>
           <model>japan\misc\JM027\JM027.model</model>
        </node>
        <node>
           <name>MP_JM064_Bollards_2_INDEX_1</name>
           <model>japan\misc\JM064\JM064.model</model>
        </node>
        <node>
           <name>MP_JM064_Bollards_2_INDEX_2</name>
           <model>japan\misc\JM064\JM064.model</model>
        </node>
        <node>
           <name>MP_JM217_Turntable_for_aircraft</name>
           <model>japan\misc\JM217\JM217.model</model>
        </node>
        <node>
           <name>MP_JM027_Fairlead_2_INDEX_4</name>
           <model>japan\misc\JM027\JM027.model</model>
        </node>
        <node>
           <name>MP_CM012_Fire_Hose_Rack_1_INDEX_1</name>
           <model>common\misc\CM012\CM012.model</model>
        </node>
        <node>
           <name>MP_JM064_Bollards_2_INDEX_3</name>
           <model>japan\misc\JM064\JM064.model</model>
        </node>
        <node>
           <name>MP_CM032_Propeller3_R_INDEX_1</name>
           <model>common\misc\CM032\CM032.model</model>
        </node>
        <node>
           <name>MP_CM030_Swab_Rack_2_INDEX_1</name>
           <model>common\misc\CM030\CM030.model</model>
        </node>
        <node>
           <name>MP_JM064_Bollards_2_INDEX_4</name>
           <model>japan\misc\JM064\JM064.model</model>
        </node>
        <node>
           <name>MP_JM013_Reels_1</name>
           <model>japan\misc\JM013\JM013.model</model>
        </node>
        <node>
           <name>MP_JM027_Fairlead_2_INDEX_5</name>
           <model>japan\misc\JM027\JM027.model</model>
        </node>
        <node>
           <name>MP_JM202_Fender_INDEX_3</name>
           <model>japan\misc\JM202\JM202.model</model>
        </node>
        <node>
           <name>MP_JM141_Break_Handwheel_1_INDEX_1</name>
           <model>japan\misc\JM141\JM141.model</model>
        </node>
        <node>
           <name>MP_JM141_Break_Handwheel_1_INDEX_2</name>
           <model>japan\misc\JM141\JM141.model</model>
        </node>
        <node>
           <name>MP_JM059_Deck_Hatch_8_INDEX_3</name>
           <model>japan\misc\JM059\JM059.model</model>
        </node>
        <node>
           <name>MP_JM013_Reels_1_INDEX_1</name>
           <model>japan\misc\JM013\JM013.model</model>
        </node>
        <node>
           <name>MP_CM010_Fire_Hose_Reel_INDEX_1</name>
           <model>common\misc\CM010\CM010.model</model>
        </node>
        <node>
           <name>MP_CM009_Life_Buoy_2_INDEX_1</name>
           <model>common\misc\CM009\CM009.model</model>
        </node>
        <node>
           <name>HP_Fire_Burn_4</name>
           <model>UNKNOWN_ITEM</model>
        </node>
    </stern>
  </sections>
</JSB021_Izumo_1938.xml>
