<JSC009_Mogami_1935.xml>
  <sections>
    <bow>
      <model>japan\ship\cruiser\JSC009_Mogami_1935\JSC009_Mogami_1935_bow_ports.model</model>
        <node>
           <name>HP_JGM_1</name>
           <model>japan\gun\main\JGM029_155mm50_Type_91\JGM029_155mm50_Type_91.model</model>
        </node>
        <node>
           <name>MP_CM008JSC009Bow_0_0</name>
           <model>common\misc\CM008JSC009Bow\CM008JSC009Bow.model</model>
        </node>
        <node>
           <name>MP_JM013JSC009Bow_0_0</name>
           <model>japan\misc\JM013JSC009Bow\JM013JSC009Bow.model</model>
        </node>
        <node>
           <name>MP_JM026JSC009Bow_0_0</name>
           <model>japan\misc\JM026JSC009Bow\JM026JSC009Bow.model</model>
        </node>
        <node>
           <name>MP_JM020JSC009Bow_0_0</name>
           <model>japan\misc\JM020JSC009Bow\JM020JSC009Bow.model</model>
        </node>
        <node>
           <name>MP_JM018JSC009Bow_0_0</name>
           <model>japan\misc\JM018JSC009Bow\JM018JSC009Bow.model</model>
        </node>
        <node>
           <name>MP_JM029JSC009Bow_0_0</name>
           <model>japan\misc\JM029JSC009Bow\JM029JSC009Bow.model</model>
        </node>
        <node>
           <name>MP_JM110JSC009Bow_0_0</name>
           <model>japan\misc\JM110JSC009Bow\JM110JSC009Bow.model</model>
        </node>
        <node>
           <name>MP_JM055_Deck_Hatch_4</name>
           <model>japan\misc\JM055\JM055.model</model>
        </node>
        <node>
           <name>MP_JM061_Deck_Hatch_10</name>
           <model>japan\misc\JM061\JM061.model</model>
        </node>
        <node>
           <name>MP_JM063_Sky_Light</name>
           <model>japan\misc\JM063\JM063.model</model>
        </node>
        <node>
           <name>MP_CM023_Accommodation_Ladder_Closed</name>
           <model>common\misc\CM023\CM023.model</model>
        </node>
        <node>
           <name>MP_CM004_Barbette_Out</name>
           <model>common\misc\CM004\CM004.model</model>
        </node>
        <node>
           <name>MP_JM125_Signal_Lamp_3</name>
           <model>japan\misc\JM125\JM125.model</model>
        </node>
        <node>
           <name>MP_JM033JSC009Bow_0_0</name>
           <model>japan\misc\JM033JSC009Bow\JM033JSC009Bow.model</model>
        </node>
        <node>
           <name>MP_JM059_Deck_Hatch_8</name>
           <model>japan\misc\JM059\JM059.model</model>
        </node>
        <node>
           <name>MP_CM086JSC009Bow_0_0</name>
           <model>common\misc\CM086JSC009Bow\CM086JSC009Bow.model</model>
        </node>
        <node>
           <name>MP_CM087JSC009Bow_0_0</name>
           <model>common\misc\CM087JSC009Bow\CM087JSC009Bow.model</model>
        </node>
        <node>
           <name>HP_Fire_Burn_1</name>
           <model>UNKNOWN_ITEM</model>
        </node>
    </bow>
    <midfront>
      <model>japan\ship\cruiser\JSC009_Mogami_1935\JSC009_Mogami_1935_MidFront_ports.model</model>
        <node>
           <name>HP_JD_2</name>
           <model>japan\director\JD008_Director_Type_91\JD008_Director_Type_91.model</model>
        </node>
        <node>
           <name>HP_JD_3</name>
           <model>japan\director\JD008_Director_Type_91\JD008_Director_Type_91.model</model>
        </node>
        <node>
           <name>HP_JD_1</name>
           <model>japan\director\JD036_Director_Type_95_Mod3\JD036_Director_Type_95_Mod3.model</model>
        </node>
        <node>
           <name>HP_JF_1</name>
           <model>japan\finder\JF012_Rangefinder_1_5m_Fuso\JF012_Rangefinder_1_5m_Fuso.model</model>
        </node>
        <node>
           <name>HP_JF_2</name>
           <model>japan\finder\JF012_Rangefinder_1_5m_Fuso\JF012_Rangefinder_1_5m_Fuso.model</model>
        </node>
        <node>
           <name>HP_JF_3</name>
           <model>japan\finder\JF035_Rangefinder_6m\JF035_Rangefinder_6m.model</model>
        </node>
        <node>
           <name>HP_JF_4</name>
           <model>japan\finder\JF024_Rangefinder_3_5m_Mod2\JF024_Rangefinder_3_5m_Mod2.model</model>
        </node>
        <node>
           <name>HP_JF_5</name>
           <model>japan\finder\JF024_Rangefinder_3_5m_Mod2\JF024_Rangefinder_3_5m_Mod2.model</model>
        </node>
        <node>
           <name>HP_JGA_1</name>
           <model>japan\gun\aaircraft\JGA020_13mm76_Type93_double\JGA020_13mm76_Type93_double.model</model>
        </node>
        <node>
           <name>HP_JGA_2</name>
           <model>japan\gun\aaircraft\JGA020_13mm76_Type93_double\JGA020_13mm76_Type93_double.model</model>
        </node>
        <node>
           <name>HP_JGA_3</name>
           <model>japan\gun\aaircraft\JGA019_25mm_Type96_double\JGA019_25mm_Type96_double.model</model>
        </node>
        <node>
           <name>HP_JGA_4</name>
           <model>japan\gun\aaircraft\JGA019_25mm_Type96_double\JGA019_25mm_Type96_double.model</model>
        </node>
        <node>
           <name>HP_JGA_5</name>
           <model>japan\gun\aaircraft\JGA019_25mm_Type96_double\JGA019_25mm_Type96_double.model</model>
        </node>
        <node>
           <name>HP_JGA_6</name>
           <model>japan\gun\aaircraft\JGA019_25mm_Type96_double\JGA019_25mm_Type96_double.model</model>
        </node>
        <node>
           <name>HP_JGM_2</name>
           <model>japan\gun\main\JGM029_155mm50_Type_91\JGM029_155mm50_Type_91.model</model>
        </node>
        <node>
           <name>HP_JGM_3</name>
           <model>japan\gun\main\JGM030_155mm50_Type_91_RF\JGM030_155mm50_Type_91_RF.model</model>
        </node>
        <node>
           <name>HP_JGS_1</name>
           <model>japan\gun\secondary\JGS009_127mm40_Type_89\JGS009_127mm40_Type_89.model</model>
        </node>
        <node>
           <name>HP_JGS_2</name>
           <model>japan\gun\secondary\JGS009_127mm40_Type_89\JGS009_127mm40_Type_89.model</model>
        </node>
        <node>
           <name>HP_JGS_3</name>
           <model>japan\gun\secondary\JGS009_127mm40_Type_89\JGS009_127mm40_Type_89.model</model>
        </node>
        <node>
           <name>HP_JGS_4</name>
           <model>japan\gun\secondary\JGS009_127mm40_Type_89\JGS009_127mm40_Type_89.model</model>
        </node>
        <node>
           <name>HP_flag_1</name>
           <model>japan\misc\JM001\JM001.model</model>
        </node>
        <node>
           <name>HP_flag_2</name>
           <model>japan\misc\JM001\JM001.model</model>
        </node>
        <node>
           <name>HP_flag_3</name>
           <model>japan\misc\JM001\JM001.model</model>
        </node>
        <node>
           <name>HP_flag_4</name>
           <model>japan\misc\JM001\JM001.model</model>
        </node>
        <node>
           <name>MP_CM009JSC009MidFront_0_0</name>
           <model>common\misc\CM009JSC009MidFront\CM009JSC009MidFront.model</model>
        </node>
        <node>
           <name>MP_CM012JSC009MidFront_0_0</name>
           <model>common\misc\CM012JSC009MidFront\CM012JSC009MidFront.model</model>
        </node>
        <node>
           <name>MP_CM013JSC009MidFront_0_0</name>
           <model>common\misc\CM013JSC009MidFront\CM013JSC009MidFront.model</model>
        </node>
        <node>
           <name>MP_CM011JSC009MidFront_0_0</name>
           <model>common\misc\CM011JSC009MidFront\CM011JSC009MidFront.model</model>
        </node>
        <node>
           <name>MP_JM015JSC009MidFront_0_0</name>
           <model>japan\misc\JM015JSC009MidFront\JM015JSC009MidFront.model</model>
        </node>
        <node>
           <name>MP_JM013_Reels_1</name>
           <model>japan\misc\JM013\JM013.model</model>
        </node>
        <node>
           <name>MP_JM020JSC009MidFront_0_0</name>
           <model>japan\misc\JM020JSC009MidFront\JM020JSC009MidFront.model</model>
        </node>
        <node>
           <name>MP_JM019JSC009MidFront_0_0</name>
           <model>japan\misc\JM019JSC009MidFront\JM019JSC009MidFront.model</model>
        </node>
        <node>
           <name>MP_JM018JSC009MidFront_0_0</name>
           <model>japan\misc\JM018JSC009MidFront\JM018JSC009MidFront.model</model>
        </node>
        <node>
           <name>MP_JM002JSC009MidFront_0_0</name>
           <model>japan\misc\JM002JSC009MidFront\JM002JSC009MidFront.model</model>
        </node>
        <node>
           <name>MP_JM092_Running_Lights_R</name>
           <model>japan\misc\JM092\JM092.model</model>
        </node>
        <node>
           <name>MP_JM093_Running_Lights_L</name>
           <model>japan\misc\JM093\JM093.model</model>
        </node>
        <node>
           <name>MP_JM009JSC009MidFront_0_0</name>
           <model>japan\misc\JM009JSC009MidFront\JM009JSC009MidFront.model</model>
        </node>
        <node>
           <name>MP_JM008JSC009MidFront_0_0</name>
           <model>japan\misc\JM008JSC009MidFront\JM008JSC009MidFront.model</model>
        </node>
        <node>
           <name>MP_JM004JSC009MidFront_0_0</name>
           <model>japan\misc\JM004JSC009MidFront\JM004JSC009MidFront.model</model>
        </node>
        <node>
           <name>MP_JM006JSC009MidFront_0_0</name>
           <model>japan\misc\JM006JSC009MidFront\JM006JSC009MidFront.model</model>
        </node>
        <node>
           <name>MP_JM032JSC009MidFront_0_0</name>
           <model>japan\misc\JM032JSC009MidFront\JM032JSC009MidFront.model</model>
        </node>
        <node>
           <name>MP_JM110JSC009MidFront_0_0</name>
           <model>japan\misc\JM110JSC009MidFront\JM110JSC009MidFront.model</model>
        </node>
        <node>
           <name>MP_JM055JSC009MidFront_0_0</name>
           <model>japan\misc\JM055JSC009MidFront\JM055JSC009MidFront.model</model>
        </node>
        <node>
           <name>MP_JM061_Deck_Hatch_10</name>
           <model>japan\misc\JM061\JM061.model</model>
        </node>
        <node>
           <name>MP_JM111_Deck_Hatch_13</name>
           <model>japan\misc\JM111\JM111.model</model>
        </node>
        <node>
           <name>MP_JM063JSC009MidFront_0_0</name>
           <model>japan\misc\JM063JSC009MidFront\JM063JSC009MidFront.model</model>
        </node>
        <node>
           <name>MP_JM031_Wind_Intensity</name>
           <model>japan\misc\JM031\JM031.model</model>
        </node>
        <node>
           <name>MP_JM011JSC009MidFront_0_0</name>
           <model>japan\misc\JM011JSC009MidFront\JM011JSC009MidFront.model</model>
        </node>
        <node>
           <name>MP_CM004JSC009MidFront_0_0</name>
           <model>common\misc\CM004JSC009MidFront\CM004JSC009MidFront.model</model>
        </node>
        <node>
           <name>MP_JM037JSC009MidFront_0_0</name>
           <model>japan\misc\JM037JSC009MidFront\JM037JSC009MidFront.model</model>
        </node>
        <node>
           <name>MP_CM017JSC009MidFront_0_0</name>
           <model>common\misc\CM017JSC009MidFront\CM017JSC009MidFront.model</model>
        </node>
        <node>
           <name>MP_JM035JSC009MidFront_0_0</name>
           <model>japan\misc\JM035JSC009MidFront\JM035JSC009MidFront.model</model>
        </node>
        <node>
           <name>MP_CM016JSC009MidFront_0_0</name>
           <model>common\misc\CM016JSC009MidFront\CM016JSC009MidFront.model</model>
        </node>
        <node>
           <name>MP_JM113JSC009MidFront_0_0</name>
           <model>japan\misc\JM113JSC009MidFront\JM113JSC009MidFront.model</model>
        </node>
        <node>
           <name>MP_JM125JSC009MidFront_0_0</name>
           <model>japan\misc\JM125JSC009MidFront\JM125JSC009MidFront.model</model>
        </node>
        <node>
           <name>MP_JM062JSC009MidFront_0_0</name>
           <model>japan\misc\JM062JSC009MidFront\JM062JSC009MidFront.model</model>
        </node>
        <node>
           <name>MP_JM030_Wind_Direction</name>
           <model>japan\misc\JM030\JM030.model</model>
        </node>
        <node>
           <name>MP_JM059JSC009MidFront_0_0</name>
           <model>japan\misc\JM059JSC009MidFront\JM059JSC009MidFront.model</model>
        </node>
        <node>
           <name>MP_JM048JSC009MidFront_0_0</name>
           <model>japan\misc\JM048JSC009MidFront\JM048JSC009MidFront.model</model>
        </node>
        <node>
           <name>MP_JM047JSC009MidFront_0_0</name>
           <model>japan\misc\JM047JSC009MidFront\JM047JSC009MidFront.model</model>
        </node>
        <node>
           <name>MP_JM145JSC009MidFront_0_0</name>
           <model>japan\misc\JM145JSC009MidFront\JM145JSC009MidFront.model</model>
        </node>
        <node>
           <name>HP_Smoke_1</name>
           <model>UNKNOWN_ITEM</model>
        </node>
        <node>
           <name>HP_Smoke_2</name>
           <model>UNKNOWN_ITEM</model>
        </node>
        <node>
           <name>HP_NoseWave_Speed</name>
           <model>UNKNOWN_ITEM</model>
        </node>
        <node>
           <name>HP_Fire_Burn_2</name>
           <model>UNKNOWN_ITEM</model>
        </node>
    </midfront>
    <midback>
      <model>japan\ship\cruiser\JSC009_Mogami_1935\JSC009_Mogami_1935_MidBack_ports.model</model>
        <node>
           <name>HP_JC_1</name>
           <model>japan\catapult\JC001_Catapult_Shiki2\JC001_Catapult_Shiki2.model</model>
        </node>
        <node>
           <name>HP_JC_2</name>
           <model>japan\catapult\JC001_Catapult_Shiki2\JC001_Catapult_Shiki2.model</model>
        </node>
        <node>
           <name>HP_JD_4</name>
           <model>japan\director\JD036_Director_Type_95_Mod3\JD036_Director_Type_95_Mod3.model</model>
        </node>
        <node>
           <name>HP_JGM_4</name>
           <model>japan\gun\main\JGM030_155mm50_Type_91_RF\JGM030_155mm50_Type_91_RF.model</model>
        </node>
        <node>
           <name>HP_JGT_1</name>
           <model>japan\gun\torpedo\JGT017_610mm4_Type_93L\JGT017_610mm4_Type_93L.model</model>
        </node>
        <node>
           <name>HP_JGT_2</name>
           <model>japan\gun\torpedo\JGT023_610mm4_Type_93R\JGT023_610mm4_Type_93R.model</model>
        </node>
        <node>
           <name>HP_JGT_3</name>
           <model>japan\gun\torpedo\JGT017_610mm4_Type_93L\JGT017_610mm4_Type_93L.model</model>
        </node>
        <node>
           <name>HP_JGT_4</name>
           <model>japan\gun\torpedo\JGT023_610mm4_Type_93R\JGT023_610mm4_Type_93R.model</model>
        </node>
        <node>
           <name>MP_CM009JSC009MidBack_0_0</name>
           <model>common\misc\CM009JSC009MidBack\CM009JSC009MidBack.model</model>
        </node>
        <node>
           <name>MP_JM015JSC009MidBack_0_0</name>
           <model>japan\misc\JM015JSC009MidBack\JM015JSC009MidBack.model</model>
        </node>
        <node>
           <name>MP_JM026JSC009MidBack_0_0</name>
           <model>japan\misc\JM026JSC009MidBack\JM026JSC009MidBack.model</model>
        </node>
        <node>
           <name>MP_JM020JSC009MidBack_0_0</name>
           <model>japan\misc\JM020JSC009MidBack\JM020JSC009MidBack.model</model>
        </node>
        <node>
           <name>MP_JM019JSC009MidBack_0_0</name>
           <model>japan\misc\JM019JSC009MidBack\JM019JSC009MidBack.model</model>
        </node>
        <node>
           <name>MP_JM018JSC009MidBack_0_0</name>
           <model>japan\misc\JM018JSC009MidBack\JM018JSC009MidBack.model</model>
        </node>
        <node>
           <name>MP_JM010JSC009MidBack_0_0</name>
           <model>japan\misc\JM010JSC009MidBack\JM010JSC009MidBack.model</model>
        </node>
        <node>
           <name>MP_JM110_Deck_Hatch_12</name>
           <model>japan\misc\JM110\JM110.model</model>
        </node>
        <node>
           <name>MP_JM055JSC009MidBack_0_0</name>
           <model>japan\misc\JM055JSC009MidBack\JM055JSC009MidBack.model</model>
        </node>
        <node>
           <name>MP_JM061JSC009MidBack_0_0</name>
           <model>japan\misc\JM061JSC009MidBack\JM061JSC009MidBack.model</model>
        </node>
        <node>
           <name>MP_JM031_Wind_Intensity</name>
           <model>japan\misc\JM031\JM031.model</model>
        </node>
        <node>
           <name>MP_CM004_Barbette_Out</name>
           <model>common\misc\CM004\CM004.model</model>
        </node>
        <node>
           <name>MP_JM037JSC009MidBack_0_0</name>
           <model>japan\misc\JM037JSC009MidBack\JM037JSC009MidBack.model</model>
        </node>
        <node>
           <name>MP_CM017JSC009MidBack_0_0</name>
           <model>common\misc\CM017JSC009MidBack\CM017JSC009MidBack.model</model>
        </node>
        <node>
           <name>MP_JM039JSC009MidBack_0_0</name>
           <model>japan\misc\JM039JSC009MidBack\JM039JSC009MidBack.model</model>
        </node>
        <node>
           <name>MP_JM041JSC009MidBack_0_0</name>
           <model>japan\misc\JM041JSC009MidBack\JM041JSC009MidBack.model</model>
        </node>
        <node>
           <name>MP_JM219JSC009MidBack_0_0</name>
           <model>japan\misc\JM219JSC009MidBack\JM219JSC009MidBack.model</model>
        </node>
        <node>
           <name>MP_JM135_Runway_Lights_Back</name>
           <model>japan\misc\JM135\JM135.model</model>
        </node>
        <node>
           <name>MP_JM059JSC009MidBack_0_0</name>
           <model>japan\misc\JM059JSC009MidBack\JM059JSC009MidBack.model</model>
        </node>
        <node>
           <name>MP_JM145_Lookout</name>
           <model>japan\misc\JM145\JM145.model</model>
        </node>
        <node>
           <name>MP_JM066JSC009MidBack_0_0</name>
           <model>japan\misc\JM066JSC009MidBack\JM066JSC009MidBack.model</model>
        </node>
        <node>
           <name>HP_Fire_Burn_3</name>
           <model>UNKNOWN_ITEM</model>
        </node>
    </midback>
    <stern>
      <model>japan\ship\cruiser\JSC009_Mogami_1935\JSC009_Mogami_1935_Stern_ports.model</model>
        <node>
           <name>HP_JGM_5</name>
           <model>japan\gun\main\JGM029_155mm50_Type_91\JGM029_155mm50_Type_91.model</model>
        </node>
        <node>
           <name>HP_flag_nation</name>
           <model>japan\misc\JM001\JM001.model</model>
        </node>
        <node>
           <name>MP_CM022JSC009Stern_0_0</name>
           <model>common\misc\CM022JSC009Stern\CM022JSC009Stern.model</model>
        </node>
        <node>
           <name>MP_CM008JSC009Stern_0_0</name>
           <model>common\misc\CM008JSC009Stern\CM008JSC009Stern.model</model>
        </node>
        <node>
           <name>MP_JM013JSC009Stern_0_0</name>
           <model>japan\misc\JM013JSC009Stern\JM013JSC009Stern.model</model>
        </node>
        <node>
           <name>MP_JM026JSC009Stern_0_0</name>
           <model>japan\misc\JM026JSC009Stern\JM026JSC009Stern.model</model>
        </node>
        <node>
           <name>MP_JM019JSC009Stern_0_0</name>
           <model>japan\misc\JM019JSC009Stern\JM019JSC009Stern.model</model>
        </node>
        <node>
           <name>MP_JM018JSC009Stern_0_0</name>
           <model>japan\misc\JM018JSC009Stern\JM018JSC009Stern.model</model>
        </node>
        <node>
           <name>MP_JM110JSC009Stern_0_0</name>
           <model>japan\misc\JM110JSC009Stern\JM110JSC009Stern.model</model>
        </node>
        <node>
           <name>MP_JM111_Deck_Hatch_13</name>
           <model>japan\misc\JM111\JM111.model</model>
        </node>
        <node>
           <name>MP_JM044_After_Capstan</name>
           <model>japan\misc\JM044\JM044.model</model>
        </node>
        <node>
           <name>MP_JM063_Sky_Light</name>
           <model>japan\misc\JM063\JM063.model</model>
        </node>
        <node>
           <name>MP_CM004_Barbette_Out</name>
           <model>common\misc\CM004\CM004.model</model>
        </node>
        <node>
           <name>MP_JM125_Signal_Lamp_3</name>
           <model>japan\misc\JM125\JM125.model</model>
        </node>
        <node>
           <name>MP_CM001_Propeller3_L</name>
           <model>common\misc\CM001\CM001.model</model>
        </node>
        <node>
           <name>MP_CM001_Propeller3_L_INDEX_1</name>
           <model>common\misc\CM001\CM001.model</model>
        </node>
        <node>
           <name>MP_CM032_Propeller3_R</name>
           <model>common\misc\CM032\CM032.model</model>
        </node>
        <node>
           <name>MP_CM032_Propeller3_R_INDEX_1</name>
           <model>common\misc\CM032\CM032.model</model>
        </node>
        <node>
           <name>MP_JM170_CraneL</name>
           <model>japan\misc\JM170\JM170.model</model>
        </node>
        <node>
           <name>MP_JM171_CraneR</name>
           <model>japan\misc\JM171\JM171.model</model>
        </node>
        <node>
           <name>MP_JM059JSC009Stern_0_0</name>
           <model>japan\misc\JM059JSC009Stern\JM059JSC009Stern.model</model>
        </node>
        <node>
           <name>HP_Fire_Burn_4</name>
           <model>UNKNOWN_ITEM</model>
        </node>
    </stern>
  </sections>
</JSC009_Mogami_1935.xml>
