<ASC014_New_Orlean_1944.xml>
  <sections>
    <bow>
      <model>usa\ship\cruiser\ASC014_New_Orlean_1944\ASC014_New_Orlean_1944_bow_ports.model</model>
        <node>
           <name>HP_AGA_1</name>
           <model>usa\gun\aaircraft\AGA003_20mm_Oerlikon_MK4\AGA003_20mm_Oerlikon_MK4.model</model>
        </node>
        <node>
           <name>HP_AGA_2</name>
           <model>usa\gun\aaircraft\AGA003_20mm_Oerlikon_MK4\AGA003_20mm_Oerlikon_MK4.model</model>
        </node>
        <node>
           <name>HP_AGM_1</name>
           <model>usa\gun\main\AGM006_8in55_CA32\AGM006_8in55_CA32.model</model>
        </node>
        <node>
           <name>MP_CM004_Barbette_Out</name>
           <model>common\misc\CM004\CM004.model</model>
        </node>
        <node>
           <name>MP_AM004ASC014Bow_0_0</name>
           <model>usa\misc\AM004ASC014Bow\AM004ASC014Bow.model</model>
        </node>
        <node>
           <name>MP_AM005ASC014Bow_0_0</name>
           <model>usa\misc\AM005ASC014Bow\AM005ASC014Bow.model</model>
        </node>
        <node>
           <name>MP_AM022ASC014Bow_0_0</name>
           <model>usa\misc\AM022ASC014Bow\AM022ASC014Bow.model</model>
        </node>
        <node>
           <name>MP_AM023ASC014Bow_0_0</name>
           <model>usa\misc\AM023ASC014Bow\AM023ASC014Bow.model</model>
        </node>
        <node>
           <name>MP_AM024_Hatch_2</name>
           <model>usa\misc\AM024\AM024.model</model>
        </node>
        <node>
           <name>MP_AM026ASC014Bow_0_0</name>
           <model>usa\misc\AM026ASC014Bow\AM026ASC014Bow.model</model>
        </node>
        <node>
           <name>MP_AM030ASC014Bow_0_0</name>
           <model>usa\misc\AM030ASC014Bow\AM030ASC014Bow.model</model>
        </node>
        <node>
           <name>MP_AM088ASC014Bow_0_0</name>
           <model>usa\misc\AM088ASC014Bow\AM088ASC014Bow.model</model>
        </node>
        <node>
           <name>MP_CM006ASC014Bow_0_0</name>
           <model>common\misc\CM006ASC014Bow\CM006ASC014Bow.model</model>
        </node>
        <node>
           <name>HP_Fire_Burn_1</name>
           <model>UNKNOWN_ITEM</model>
        </node>
    </bow>
    <midfront>
      <model>usa\ship\cruiser\ASC014_New_Orlean_1944\ASC014_New_Orlean_1944_MidFront_ports.model</model>
        <node>
           <name>HP_AD_1</name>
           <model>usa\director\AD008_Director_Mk31\AD008_Director_Mk31.model</model>
        </node>
        <node>
           <name>HP_AD_2</name>
           <model>usa\director\AD009_Director_Mk28\AD009_Director_Mk28.model</model>
        </node>
        <node>
           <name>HP_AD_3</name>
           <model>usa\director\AD003_Director_Mk51\AD003_Director_Mk51.model</model>
        </node>
        <node>
           <name>HP_AD_4</name>
           <model>usa\director\AD003_Director_Mk51\AD003_Director_Mk51.model</model>
        </node>
        <node>
           <name>HP_AGA_5</name>
           <model>usa\gun\aaircraft\AGA003_20mm_Oerlikon_MK4\AGA003_20mm_Oerlikon_MK4.model</model>
        </node>
        <node>
           <name>HP_AGA_6</name>
           <model>usa\gun\aaircraft\AGA003_20mm_Oerlikon_MK4\AGA003_20mm_Oerlikon_MK4.model</model>
        </node>
        <node>
           <name>HP_AGA_7</name>
           <model>usa\gun\aaircraft\AGA003_20mm_Oerlikon_MK4\AGA003_20mm_Oerlikon_MK4.model</model>
        </node>
        <node>
           <name>HP_AGA_8</name>
           <model>usa\gun\aaircraft\AGA003_20mm_Oerlikon_MK4\AGA003_20mm_Oerlikon_MK4.model</model>
        </node>
        <node>
           <name>HP_AGA_9</name>
           <model>usa\gun\aaircraft\AGA002_40mm_Bofors_Mk1\AGA002_40mm_Bofors_Mk1.model</model>
        </node>
        <node>
           <name>HP_AGA_10</name>
           <model>usa\gun\aaircraft\AGA002_40mm_Bofors_Mk1\AGA002_40mm_Bofors_Mk1.model</model>
        </node>
        <node>
           <name>HP_AGA_11</name>
           <model>usa\gun\aaircraft\AGA003_20mm_Oerlikon_MK4\AGA003_20mm_Oerlikon_MK4.model</model>
        </node>
        <node>
           <name>HP_AGA_12</name>
           <model>usa\gun\aaircraft\AGA003_20mm_Oerlikon_MK4\AGA003_20mm_Oerlikon_MK4.model</model>
        </node>
        <node>
           <name>HP_AGA_13</name>
           <model>usa\gun\aaircraft\AGA003_20mm_Oerlikon_MK4\AGA003_20mm_Oerlikon_MK4.model</model>
        </node>
        <node>
           <name>HP_AGA_14</name>
           <model>usa\gun\aaircraft\AGA003_20mm_Oerlikon_MK4\AGA003_20mm_Oerlikon_MK4.model</model>
        </node>
        <node>
           <name>HP_AGA_15</name>
           <model>usa\gun\aaircraft\AGA003_20mm_Oerlikon_MK4\AGA003_20mm_Oerlikon_MK4.model</model>
        </node>
        <node>
           <name>HP_AGA_16</name>
           <model>usa\gun\aaircraft\AGA003_20mm_Oerlikon_MK4\AGA003_20mm_Oerlikon_MK4.model</model>
        </node>
        <node>
           <name>HP_AGM_2</name>
           <model>usa\gun\main\AGM006_8in55_CA32\AGM006_8in55_CA32.model</model>
        </node>
        <node>
           <name>HP_AGS_1</name>
           <model>usa\gun\secondary\AGS007_5in25_Mk19_Mod6\AGS007_5in25_Mk19_Mod6.model</model>
        </node>
        <node>
           <name>HP_AGS_2</name>
           <model>usa\gun\secondary\AGS007_5in25_Mk19_Mod6\AGS007_5in25_Mk19_Mod6.model</model>
        </node>
        <node>
           <name>HP_AGS_3</name>
           <model>usa\gun\secondary\AGS007_5in25_Mk19_Mod6\AGS007_5in25_Mk19_Mod6.model</model>
        </node>
        <node>
           <name>HP_AGS_4</name>
           <model>usa\gun\secondary\AGS007_5in25_Mk19_Mod6\AGS007_5in25_Mk19_Mod6.model</model>
        </node>
        <node>
           <name>HP_AGS_5</name>
           <model>usa\gun\secondary\AGS007_5in25_Mk19_Mod6\AGS007_5in25_Mk19_Mod6.model</model>
        </node>
        <node>
           <name>HP_AGS_6</name>
           <model>usa\gun\secondary\AGS007_5in25_Mk19_Mod6\AGS007_5in25_Mk19_Mod6.model</model>
        </node>
        <node>
           <name>HP_ARS_1</name>
           <model>usa\radar\search\ARS006_Radar_SK\ARS006_Radar_SK.model</model>
        </node>
        <node>
           <name>HP_ARS_2</name>
           <model>usa\radar\search\ARS004_Radar_SG\ARS004_Radar_SG.model</model>
        </node>
        <node>
           <name>HP_AGA_3</name>
           <model>usa\gun\aaircraft\AGA003_20mm_Oerlikon_MK4\AGA003_20mm_Oerlikon_MK4.model</model>
        </node>
        <node>
           <name>HP_AGA_4</name>
           <model>usa\gun\aaircraft\AGA003_20mm_Oerlikon_MK4\AGA003_20mm_Oerlikon_MK4.model</model>
        </node>
        <node>
           <name>HP_flag_1</name>
           <model>usa\misc\AM032\AM032.model</model>
        </node>
        <node>
           <name>HP_flag_2</name>
           <model>usa\misc\AM032\AM032.model</model>
        </node>
        <node>
           <name>HP_flag_3</name>
           <model>usa\misc\AM032\AM032.model</model>
        </node>
        <node>
           <name>HP_flag_4</name>
           <model>usa\misc\AM032\AM032.model</model>
        </node>
        <node>
           <name>MP_CM004_Barbette_Out</name>
           <model>common\misc\CM004\CM004.model</model>
        </node>
        <node>
           <name>MP_CM013ASC014MidFront_0_0</name>
           <model>common\misc\CM013ASC014MidFront\CM013ASC014MidFront.model</model>
        </node>
        <node>
           <name>MP_AM004ASC014MidFront_0_0</name>
           <model>usa\misc\AM004ASC014MidFront\AM004ASC014MidFront.model</model>
        </node>
        <node>
           <name>MP_AM005ASC014MidFront_0_0</name>
           <model>usa\misc\AM005ASC014MidFront\AM005ASC014MidFront.model</model>
        </node>
        <node>
           <name>MP_AM006ASC014MidFront_0_0</name>
           <model>usa\misc\AM006ASC014MidFront\AM006ASC014MidFront.model</model>
        </node>
        <node>
           <name>MP_AM007ASC014MidFront_0_0</name>
           <model>usa\misc\AM007ASC014MidFront\AM007ASC014MidFront.model</model>
        </node>
        <node>
           <name>MP_AM025ASC014MidFront_0_0</name>
           <model>usa\misc\AM025ASC014MidFront\AM025ASC014MidFront.model</model>
        </node>
        <node>
           <name>MP_AM028ASC014MidFront_0_0</name>
           <model>usa\misc\AM028ASC014MidFront\AM028ASC014MidFront.model</model>
        </node>
        <node>
           <name>MP_AM029ASC014MidFront_0_0</name>
           <model>usa\misc\AM029ASC014MidFront\AM029ASC014MidFront.model</model>
        </node>
        <node>
           <name>MP_AM037ASC014MidFront_0_0</name>
           <model>usa\misc\AM037ASC014MidFront\AM037ASC014MidFront.model</model>
        </node>
        <node>
           <name>MP_AM038ASC014MidFront_0_0</name>
           <model>usa\misc\AM038ASC014MidFront\AM038ASC014MidFront.model</model>
        </node>
        <node>
           <name>MP_AM054ASC014MidFront_0_0</name>
           <model>usa\misc\AM054ASC014MidFront\AM054ASC014MidFront.model</model>
        </node>
        <node>
           <name>MP_AM061ASC014MidFront_0_0</name>
           <model>usa\misc\AM061ASC014MidFront\AM061ASC014MidFront.model</model>
        </node>
        <node>
           <name>MP_AM063_Wind_Direction</name>
           <model>usa\misc\AM063\AM063.model</model>
        </node>
        <node>
           <name>MP_AM064_Wind_Intensity</name>
           <model>usa\misc\AM064\AM064.model</model>
        </node>
        <node>
           <name>MP_AM072_Ships_bell</name>
           <model>usa\misc\AM072\AM072.model</model>
        </node>
        <node>
           <name>MP_AM077ASC014MidFront_0_0</name>
           <model>usa\misc\AM077ASC014MidFront\AM077ASC014MidFront.model</model>
        </node>
        <node>
           <name>MP_AM085_TBS_Antenna</name>
           <model>usa\misc\AM085\AM085.model</model>
        </node>
        <node>
           <name>MP_AM071ASC014MidFront_0_0</name>
           <model>usa\misc\AM071ASC014MidFront\AM071ASC014MidFront.model</model>
        </node>
        <node>
           <name>MP_AM018_Compass_Binnacle</name>
           <model>usa\misc\AM018\AM018.model</model>
        </node>
        <node>
           <name>MP_AM109ASC014MidFront_0_0</name>
           <model>usa\misc\AM109ASC014MidFront\AM109ASC014MidFront.model</model>
        </node>
        <node>
           <name>MP_AM142_Running_Lights_FW</name>
           <model>usa\misc\AM142\AM142.model</model>
        </node>
        <node>
           <name>MP_AM048_Running_Lights_L</name>
           <model>usa\misc\AM048\AM048.model</model>
        </node>
        <node>
           <name>MP_AM047_Running_Lights_R</name>
           <model>usa\misc\AM047\AM047.model</model>
        </node>
        <node>
           <name>MP_AM051_Fightin_Light_R</name>
           <model>usa\misc\AM051\AM051.model</model>
        </node>
        <node>
           <name>MP_AM052_Fightin_Light_L</name>
           <model>usa\misc\AM052\AM052.model</model>
        </node>
        <node>
           <name>MP_AM062ASC014MidFront_0_0</name>
           <model>usa\misc\AM062ASC014MidFront\AM062ASC014MidFront.model</model>
        </node>
        <node>
           <name>MP_AM151_Gyro_Repeater</name>
           <model>usa\misc\AM151\AM151.model</model>
        </node>
        <node>
           <name>MP_AM479ASC014MidFront_0_0</name>
           <model>usa\misc\AM479ASC014MidFront\AM479ASC014MidFront.model</model>
        </node>
        <node>
           <name>MP_AM115_RDF</name>
           <model>usa\misc\AM115\AM115.model</model>
        </node>
        <node>
           <name>MP_CM011ASC014MidFront_0_0</name>
           <model>common\misc\CM011ASC014MidFront\CM011ASC014MidFront.model</model>
        </node>
        <node>
           <name>MP_AM509ASC014MidFront_0_0</name>
           <model>usa\misc\AM509ASC014MidFront\AM509ASC014MidFront.model</model>
        </node>
        <node>
           <name>MP_AM510ASC014MidFront_0_0</name>
           <model>usa\misc\AM510ASC014MidFront\AM510ASC014MidFront.model</model>
        </node>
        <node>
           <name>MP_CM025_Stairway_Big_R</name>
           <model>common\misc\CM025\CM025.model</model>
        </node>
        <node>
           <name>MP_AM024ASC014MidFront_0_0</name>
           <model>usa\misc\AM024ASC014MidFront\AM024ASC014MidFront.model</model>
        </node>
        <node>
           <name>HP_Smoke_1</name>
           <model>UNKNOWN_ITEM</model>
        </node>
        <node>
           <name>HP_Fire_Burn_2</name>
           <model>UNKNOWN_ITEM</model>
        </node>
        <node>
           <name>HP_NoseWave_Speed</name>
           <model>UNKNOWN_ITEM</model>
        </node>
    </midfront>
    <midback>
      <model>usa\ship\cruiser\ASC014_New_Orlean_1944\ASC014_New_Orlean_1944_MidBack_ports.model</model>
        <node>
           <name>HP_AC_1</name>
           <model>usa\catapult\AC002_Catapult_2\AC002_Catapult_2.model</model>
        </node>
        <node>
           <name>HP_AC_2</name>
           <model>usa\catapult\AC002_Catapult_2\AC002_Catapult_2.model</model>
        </node>
        <node>
           <name>HP_AD_5</name>
           <model>usa\director\AD003_Director_Mk51\AD003_Director_Mk51.model</model>
        </node>
        <node>
           <name>HP_AD_6</name>
           <model>usa\director\AD003_Director_Mk51\AD003_Director_Mk51.model</model>
        </node>
        <node>
           <name>HP_AD_7</name>
           <model>usa\director\AD009_Director_Mk28\AD009_Director_Mk28.model</model>
        </node>
        <node>
           <name>HP_AD_8</name>
           <model>usa\director\AD008_Director_Mk31\AD008_Director_Mk31.model</model>
        </node>
        <node>
           <name>HP_AGA_17</name>
           <model>usa\gun\aaircraft\AGA003_20mm_Oerlikon_MK4\AGA003_20mm_Oerlikon_MK4.model</model>
        </node>
        <node>
           <name>HP_AGA_18</name>
           <model>usa\gun\aaircraft\AGA003_20mm_Oerlikon_MK4\AGA003_20mm_Oerlikon_MK4.model</model>
        </node>
        <node>
           <name>HP_AGA_19</name>
           <model>usa\gun\aaircraft\AGA003_20mm_Oerlikon_MK4\AGA003_20mm_Oerlikon_MK4.model</model>
        </node>
        <node>
           <name>HP_AGA_20</name>
           <model>usa\gun\aaircraft\AGA003_20mm_Oerlikon_MK4\AGA003_20mm_Oerlikon_MK4.model</model>
        </node>
        <node>
           <name>HP_AGA_21</name>
           <model>usa\gun\aaircraft\AGA003_20mm_Oerlikon_MK4\AGA003_20mm_Oerlikon_MK4.model</model>
        </node>
        <node>
           <name>HP_AGA_22</name>
           <model>usa\gun\aaircraft\AGA002_40mm_Bofors_Mk1\AGA002_40mm_Bofors_Mk1.model</model>
        </node>
        <node>
           <name>HP_AGA_23</name>
           <model>usa\gun\aaircraft\AGA003_20mm_Oerlikon_MK4\AGA003_20mm_Oerlikon_MK4.model</model>
        </node>
        <node>
           <name>HP_AGA_24</name>
           <model>usa\gun\aaircraft\AGA002_40mm_Bofors_Mk1\AGA002_40mm_Bofors_Mk1.model</model>
        </node>
        <node>
           <name>HP_AGA_25</name>
           <model>usa\gun\aaircraft\AGA003_20mm_Oerlikon_MK4\AGA003_20mm_Oerlikon_MK4.model</model>
        </node>
        <node>
           <name>HP_AGA_26</name>
           <model>usa\gun\aaircraft\AGA003_20mm_Oerlikon_MK4\AGA003_20mm_Oerlikon_MK4.model</model>
        </node>
        <node>
           <name>HP_AGA_27</name>
           <model>usa\gun\aaircraft\AGA003_20mm_Oerlikon_MK4\AGA003_20mm_Oerlikon_MK4.model</model>
        </node>
        <node>
           <name>HP_AGA_28</name>
           <model>usa\gun\aaircraft\AGA003_20mm_Oerlikon_MK4\AGA003_20mm_Oerlikon_MK4.model</model>
        </node>
        <node>
           <name>HP_AGA_29</name>
           <model>usa\gun\aaircraft\AGA003_20mm_Oerlikon_MK4\AGA003_20mm_Oerlikon_MK4.model</model>
        </node>
        <node>
           <name>HP_AGA_30</name>
           <model>usa\gun\aaircraft\AGA003_20mm_Oerlikon_MK4\AGA003_20mm_Oerlikon_MK4.model</model>
        </node>
        <node>
           <name>HP_AGS_7</name>
           <model>usa\gun\secondary\AGS007_5in25_Mk19_Mod6\AGS007_5in25_Mk19_Mod6.model</model>
        </node>
        <node>
           <name>HP_AGS_8</name>
           <model>usa\gun\secondary\AGS007_5in25_Mk19_Mod6\AGS007_5in25_Mk19_Mod6.model</model>
        </node>
        <node>
           <name>HP_ARF_1</name>
           <model>usa\radar\fcontrol\ARF012_Radar_SM\ARF012_Radar_SM.model</model>
        </node>
        <node>
           <name>HP_ARS_3</name>
           <model>usa\radar\search\ARS004_Radar_SG\ARS004_Radar_SG.model</model>
        </node>
        <node>
           <name>HP_flag_nation</name>
           <model>usa\misc\AM032\AM032.model</model>
        </node>
        <node>
           <name>MP_CM013ASC014MidBack_0_0</name>
           <model>common\misc\CM013ASC014MidBack\CM013ASC014MidBack.model</model>
        </node>
        <node>
           <name>MP_AM004ASC014MidBack_0_0</name>
           <model>usa\misc\AM004ASC014MidBack\AM004ASC014MidBack.model</model>
        </node>
        <node>
           <name>MP_AM008_Reels_3</name>
           <model>usa\misc\AM008\AM008.model</model>
        </node>
        <node>
           <name>MP_AM010_Speaker_1</name>
           <model>usa\misc\AM010\AM010.model</model>
        </node>
        <node>
           <name>MP_AM007ASC014MidBack_0_0</name>
           <model>usa\misc\AM007ASC014MidBack\AM007ASC014MidBack.model</model>
        </node>
        <node>
           <name>MP_AM075ASC014MidBack_0_0</name>
           <model>usa\misc\AM075ASC014MidBack\AM075ASC014MidBack.model</model>
        </node>
        <node>
           <name>MP_AM029ASC014MidBack_0_0</name>
           <model>usa\misc\AM029ASC014MidBack\AM029ASC014MidBack.model</model>
        </node>
        <node>
           <name>MP_AM030ASC014MidBack_0_0</name>
           <model>usa\misc\AM030ASC014MidBack\AM030ASC014MidBack.model</model>
        </node>
        <node>
           <name>MP_AM058ASC014MidBack_0_0</name>
           <model>usa\misc\AM058ASC014MidBack\AM058ASC014MidBack.model</model>
        </node>
        <node>
           <name>MP_AM061ASC014MidBack_0_0</name>
           <model>usa\misc\AM061ASC014MidBack\AM061ASC014MidBack.model</model>
        </node>
        <node>
           <name>MP_AM085_TBS_Antenna</name>
           <model>usa\misc\AM085\AM085.model</model>
        </node>
        <node>
           <name>MP_AM071ASC014MidBack_0_0</name>
           <model>usa\misc\AM071ASC014MidBack\AM071ASC014MidBack.model</model>
        </node>
        <node>
           <name>MP_AM087ASC014MidBack_0_0</name>
           <model>usa\misc\AM087ASC014MidBack\AM087ASC014MidBack.model</model>
        </node>
        <node>
           <name>MP_AM091ASC014MidBack_0_0</name>
           <model>usa\misc\AM091ASC014MidBack\AM091ASC014MidBack.model</model>
        </node>
        <node>
           <name>MP_AM113_Aircraft_Cran_3</name>
           <model>usa\misc\AM113\AM113.model</model>
        </node>
        <node>
           <name>MP_AM062ASC014MidBack_0_0</name>
           <model>usa\misc\AM062ASC014MidBack\AM062ASC014MidBack.model</model>
        </node>
        <node>
           <name>MP_CM011ASC014MidBack_0_0</name>
           <model>common\misc\CM011ASC014MidBack\CM011ASC014MidBack.model</model>
        </node>
        <node>
           <name>MP_CM017ASC014MidBack_0_0</name>
           <model>common\misc\CM017ASC014MidBack\CM017ASC014MidBack.model</model>
        </node>
        <node>
           <name>HP_Smoke_2</name>
           <model>UNKNOWN_ITEM</model>
        </node>
        <node>
           <name>HP_Fire_Burn_3</name>
           <model>UNKNOWN_ITEM</model>
        </node>
    </midback>
    <stern>
      <model>usa\ship\cruiser\ASC014_New_Orlean_1944\ASC014_New_Orlean_1944_Stern_ports.model</model>
        <node>
           <name>HP_AD_9</name>
           <model>usa\director\AD003_Director_Mk51\AD003_Director_Mk51.model</model>
        </node>
        <node>
           <name>HP_AD_10</name>
           <model>usa\director\AD003_Director_Mk51\AD003_Director_Mk51.model</model>
        </node>
        <node>
           <name>HP_AGA_31</name>
           <model>usa\gun\aaircraft\AGA002_40mm_Bofors_Mk1\AGA002_40mm_Bofors_Mk1.model</model>
        </node>
        <node>
           <name>HP_AGA_32</name>
           <model>usa\gun\aaircraft\AGA002_40mm_Bofors_Mk1\AGA002_40mm_Bofors_Mk1.model</model>
        </node>
        <node>
           <name>HP_AGM_3</name>
           <model>usa\gun\main\AGM006_8in55_CA32\AGM006_8in55_CA32.model</model>
        </node>
        <node>
           <name>MP_CM004_Barbette_Out</name>
           <model>common\misc\CM004\CM004.model</model>
        </node>
        <node>
           <name>MP_AM004ASC014Stern_0_0</name>
           <model>usa\misc\AM004ASC014Stern\AM004ASC014Stern.model</model>
        </node>
        <node>
           <name>MP_AM005ASC014Stern_0_0</name>
           <model>usa\misc\AM005ASC014Stern\AM005ASC014Stern.model</model>
        </node>
        <node>
           <name>MP_AM006ASC014Stern_0_0</name>
           <model>usa\misc\AM006ASC014Stern\AM006ASC014Stern.model</model>
        </node>
        <node>
           <name>MP_AM011ASC014Stern_0_0</name>
           <model>usa\misc\AM011ASC014Stern\AM011ASC014Stern.model</model>
        </node>
        <node>
           <name>MP_AM019ASC014Stern_0_0</name>
           <model>usa\misc\AM019ASC014Stern\AM019ASC014Stern.model</model>
        </node>
        <node>
           <name>MP_AM020_Ventilators_2</name>
           <model>usa\misc\AM020\AM020.model</model>
        </node>
        <node>
           <name>MP_AM023ASC014Stern_0_0</name>
           <model>usa\misc\AM023ASC014Stern\AM023ASC014Stern.model</model>
        </node>
        <node>
           <name>MP_AM024ASC014Stern_0_0</name>
           <model>usa\misc\AM024ASC014Stern\AM024ASC014Stern.model</model>
        </node>
        <node>
           <name>MP_AM030ASC014Stern_0_0</name>
           <model>usa\misc\AM030ASC014Stern\AM030ASC014Stern.model</model>
        </node>
        <node>
           <name>MP_AM044_Boat_Winch</name>
           <model>usa\misc\AM044\AM044.model</model>
        </node>
        <node>
           <name>MP_AM046ASC014Stern_0_0</name>
           <model>usa\misc\AM046ASC014Stern\AM046ASC014Stern.model</model>
        </node>
        <node>
           <name>MP_CM002_Propeller4_L</name>
           <model>common\misc\CM002\CM002.model</model>
        </node>
        <node>
           <name>MP_CM002_Propeller4_L_INDEX_1</name>
           <model>common\misc\CM002\CM002.model</model>
        </node>
        <node>
           <name>MP_CM033_Propeller4_R</name>
           <model>common\misc\CM033\CM033.model</model>
        </node>
        <node>
           <name>MP_CM033_Propeller4_R_INDEX_1</name>
           <model>common\misc\CM033\CM033.model</model>
        </node>
        <node>
           <name>HP_Fire_Burn_4</name>
           <model>UNKNOWN_ITEM</model>
        </node>
    </stern>
  </sections>
</ASC014_New_Orlean_1944.xml>
