<JSC035_Chikuma_1912.xml>
  <sections>
    <bow>
      <model>japan\ship\cruiser\JSC035_Chikuma_1912\JSC035_Chikuma_1912_bow_ports.model</model>
        <node>
           <name>MP_JM026_Bollards</name>
           <model>japan\misc\JM026\JM026.model</model>
        </node>
        <node>
           <name>MP_CM086JSC035Bow_0_0</name>
           <model>common\misc\CM086JSC035Bow\CM086JSC035Bow.model</model>
        </node>
        <node>
           <name>MP_CM087JSC035Bow_0_0</name>
           <model>common\misc\CM087JSC035Bow\CM087JSC035Bow.model</model>
        </node>
        <node>
           <name>MP_JM310JSC035Bow_0_0</name>
           <model>japan\misc\JM310JSC035Bow\JM310JSC035Bow.model</model>
        </node>
        <node>
           <name>HP_Fire_Burn_1</name>
           <model>UNKNOWN_ITEM</model>
        </node>
    </bow>
    <midfront>
      <model>japan\ship\cruiser\JSC035_Chikuma_1912\JSC035_Chikuma_1912_MidFront_ports.model</model>
        <node>
           <name>HP_JF_1</name>
           <model>japan\finder\JF028_Rangefinder_2m\JF028_Rangefinder_2m.model</model>
        </node>
        <node>
           <name>HP_JGA_1</name>
           <model>japan\gun\aaircraft\JGA081_M_14_Schwarzlose_6_5mm\JGA081_M_14_Schwarzlose_6_5mm.model</model>
        </node>
        <node>
           <name>HP_JGA_2</name>
           <model>japan\gun\aaircraft\JGA081_M_14_Schwarzlose_6_5mm\JGA081_M_14_Schwarzlose_6_5mm.model</model>
        </node>
        <node>
           <name>HP_JGM_1</name>
           <model>japan\gun\main\JGM105_152mm45\JGM105_152mm45.model</model>
        </node>
        <node>
           <name>HP_JGM_2</name>
           <model>japan\gun\main\JGM105_152mm45\JGM105_152mm45.model</model>
        </node>
        <node>
           <name>HP_JGM_3</name>
           <model>japan\gun\main\JGM105_152mm45\JGM105_152mm45.model</model>
        </node>
        <node>
           <name>HP_JGM_4</name>
           <model>japan\gun\main\JGM105_152mm45\JGM105_152mm45.model</model>
        </node>
        <node>
           <name>HP_JGM_5</name>
           <model>japan\gun\main\JGM105_152mm45\JGM105_152mm45.model</model>
        </node>
        <node>
           <name>HP_JGS_1</name>
           <model>japan\gun\secondary\JGS079_76mm40\JGS079_76mm40.model</model>
        </node>
        <node>
           <name>HP_JGS_2</name>
           <model>japan\gun\secondary\JGS079_76mm40\JGS079_76mm40.model</model>
        </node>
        <node>
           <name>MP_JM037JSC035MidFront_0_0</name>
           <model>japan\misc\JM037JSC035MidFront\JM037JSC035MidFront.model</model>
        </node>
        <node>
           <name>MP_JM191_SanBox</name>
           <model>japan\misc\JM191\JM191.model</model>
        </node>
        <node>
           <name>MP_JM058JSC035MidFront_0_0</name>
           <model>japan\misc\JM058JSC035MidFront\JM058JSC035MidFront.model</model>
        </node>
        <node>
           <name>MP_CM060JSC035MidFront_0_0</name>
           <model>common\misc\CM060JSC035MidFront\CM060JSC035MidFront.model</model>
        </node>
        <node>
           <name>MP_CM011JSC035MidFront_0_0</name>
           <model>common\misc\CM011JSC035MidFront\CM011JSC035MidFront.model</model>
        </node>
        <node>
           <name>MP_JM014JSC035MidFront_0_0</name>
           <model>japan\misc\JM014JSC035MidFront\JM014JSC035MidFront.model</model>
        </node>
        <node>
           <name>MP_JM222JSC035MidFront_0_0</name>
           <model>japan\misc\JM222JSC035MidFront\JM222JSC035MidFront.model</model>
        </node>
        <node>
           <name>MP_JM202JSC035MidFront_0_0</name>
           <model>japan\misc\JM202JSC035MidFront\JM202JSC035MidFront.model</model>
        </node>
        <node>
           <name>MP_JM060JSC035MidFront_0_0</name>
           <model>japan\misc\JM060JSC035MidFront\JM060JSC035MidFront.model</model>
        </node>
        <node>
           <name>MP_CM061JSC035MidFront_0_0</name>
           <model>common\misc\CM061JSC035MidFront\CM061JSC035MidFront.model</model>
        </node>
        <node>
           <name>MP_JM278_Running_Lights_Oil_L</name>
           <model>japan\misc\JM278\JM278.model</model>
        </node>
        <node>
           <name>MP_JM166JSC035MidFront_0_0</name>
           <model>japan\misc\JM166JSC035MidFront\JM166JSC035MidFront.model</model>
        </node>
        <node>
           <name>MP_JM279_Running_Lights_Oil_R</name>
           <model>japan\misc\JM279\JM279.model</model>
        </node>
        <node>
           <name>MP_JM218JSC035MidFront_0_0</name>
           <model>japan\misc\JM218JSC035MidFront\JM218JSC035MidFront.model</model>
        </node>
        <node>
           <name>MP_JM125_Signal_Lamp_3</name>
           <model>japan\misc\JM125\JM125.model</model>
        </node>
        <node>
           <name>MP_JM211_Day_Light_WindDir</name>
           <model>japan\misc\JM211\JM211.model</model>
        </node>
        <node>
           <name>MP_JM216JSC035MidFront_0_0</name>
           <model>japan\misc\JM216JSC035MidFront\JM216JSC035MidFront.model</model>
        </node>
        <node>
           <name>MP_JM062_Deck_Hatch_11</name>
           <model>japan\misc\JM062\JM062.model</model>
        </node>
        <node>
           <name>MP_JM280_Telegraph_Engine</name>
           <model>japan\misc\JM280\JM280.model</model>
        </node>
        <node>
           <name>MP_JM158_Main_Wheel</name>
           <model>japan\misc\JM158\JM158.model</model>
        </node>
        <node>
           <name>MP_CM012JSC035MidFront_0_0</name>
           <model>common\misc\CM012JSC035MidFront\CM012JSC035MidFront.model</model>
        </node>
        <node>
           <name>MP_CM022JSC035MidFront_0_0</name>
           <model>common\misc\CM022JSC035MidFront\CM022JSC035MidFront.model</model>
        </node>
        <node>
           <name>MP_JM052_Deck_Hatch_1</name>
           <model>japan\misc\JM052\JM052.model</model>
        </node>
        <node>
           <name>MP_JM053_Deck_Hatch_2</name>
           <model>japan\misc\JM053\JM053.model</model>
        </node>
        <node>
           <name>MP_JM023_Ventilators_7</name>
           <model>japan\misc\JM023\JM023.model</model>
        </node>
        <node>
           <name>MP_CM008JSC035MidFront_0_0</name>
           <model>common\misc\CM008JSC035MidFront\CM008JSC035MidFront.model</model>
        </node>
        <node>
           <name>MP_JM189_Compass_Binnacle</name>
           <model>japan\misc\JM189\JM189.model</model>
        </node>
        <node>
           <name>MP_JM107_Binocular_2</name>
           <model>japan\misc\JM107\JM107.model</model>
        </node>
        <node>
           <name>MP_JM026_Bollards</name>
           <model>japan\misc\JM026\JM026.model</model>
        </node>
        <node>
           <name>MP_JM183_Table</name>
           <model>japan\misc\JM183\JM183.model</model>
        </node>
        <node>
           <name>MP_JM209_Searchlight_early</name>
           <model>japan\misc\JM209\JM209.model</model>
        </node>
        <node>
           <name>HP_flag_1</name>
           <model>japan\misc\JM001\JM001.model</model>
        </node>
        <node>
           <name>HP_flag_2</name>
           <model>japan\misc\JM001\JM001.model</model>
        </node>
        <node>
           <name>HP_flag_3</name>
           <model>japan\misc\JM001\JM001.model</model>
        </node>
        <node>
           <name>HP_flag_4</name>
           <model>japan\misc\JM001\JM001.model</model>
        </node>
        <node>
           <name>HP_Smoke_1</name>
           <model>UNKNOWN_ITEM</model>
        </node>
        <node>
           <name>HP_Smoke_2</name>
           <model>UNKNOWN_ITEM</model>
        </node>
        <node>
           <name>HP_NoseWave_Speed</name>
           <model>UNKNOWN_ITEM</model>
        </node>
        <node>
           <name>HP_Fire_Burn_2</name>
           <model>UNKNOWN_ITEM</model>
        </node>
        <node>
           <name>HP_Smoke_3</name>
           <model>UNKNOWN_ITEM</model>
        </node>
        <node>
           <name>HP_Smoke_4</name>
           <model>UNKNOWN_ITEM</model>
        </node>
    </midfront>
    <midback>
      <model>japan\ship\cruiser\JSC035_Chikuma_1912\JSC035_Chikuma_1912_MidBack_ports.model</model>
        <node>
           <name>HP_JGM_6</name>
           <model>japan\gun\main\JGM105_152mm45\JGM105_152mm45.model</model>
        </node>
        <node>
           <name>HP_JGM_7</name>
           <model>japan\gun\main\JGM105_152mm45\JGM105_152mm45.model</model>
        </node>
        <node>
           <name>HP_JGS_3</name>
           <model>japan\gun\secondary\JGS079_76mm40\JGS079_76mm40.model</model>
        </node>
        <node>
           <name>HP_JGS_4</name>
           <model>japan\gun\secondary\JGS079_76mm40\JGS079_76mm40.model</model>
        </node>
        <node>
           <name>MP_JM060JSC035MidBack_0_0</name>
           <model>japan\misc\JM060JSC035MidBack\JM060JSC035MidBack.model</model>
        </node>
        <node>
           <name>MP_JM125JSC035MidBack_0_0</name>
           <model>japan\misc\JM125JSC035MidBack\JM125JSC035MidBack.model</model>
        </node>
        <node>
           <name>MP_JM222JSC035MidBack_0_0</name>
           <model>japan\misc\JM222JSC035MidBack\JM222JSC035MidBack.model</model>
        </node>
        <node>
           <name>MP_JM215_Day_Light_Wind_Intensity</name>
           <model>japan\misc\JM215\JM215.model</model>
        </node>
        <node>
           <name>MP_CM059JSC035MidBack_0_0</name>
           <model>common\misc\CM059JSC035MidBack\CM059JSC035MidBack.model</model>
        </node>
        <node>
           <name>MP_CM011JSC035MidBack_0_0</name>
           <model>common\misc\CM011JSC035MidBack\CM011JSC035MidBack.model</model>
        </node>
        <node>
           <name>MP_JM283JSC035MidBack_0_0</name>
           <model>japan\misc\JM283JSC035MidBack\JM283JSC035MidBack.model</model>
        </node>
        <node>
           <name>MP_CM008JSC035MidBack_0_0</name>
           <model>common\misc\CM008JSC035MidBack\CM008JSC035MidBack.model</model>
        </node>
        <node>
           <name>MP_JM189_Compass_Binnacle</name>
           <model>japan\misc\JM189\JM189.model</model>
        </node>
        <node>
           <name>MP_CM028_Swab_Rack</name>
           <model>common\misc\CM028\CM028.model</model>
        </node>
        <node>
           <name>MP_CM012JSC035MidBack_0_0</name>
           <model>common\misc\CM012JSC035MidBack\CM012JSC035MidBack.model</model>
        </node>
        <node>
           <name>MP_JM036JSC035MidBack_0_0</name>
           <model>japan\misc\JM036JSC035MidBack\JM036JSC035MidBack.model</model>
        </node>
        <node>
           <name>MP_JM158_Main_Wheel</name>
           <model>japan\misc\JM158\JM158.model</model>
        </node>
        <node>
           <name>MP_JM053_Deck_Hatch_2</name>
           <model>japan\misc\JM053\JM053.model</model>
        </node>
        <node>
           <name>MP_CM061_Barrel</name>
           <model>common\misc\CM061\CM061.model</model>
        </node>
        <node>
           <name>MP_JM191_SanBox</name>
           <model>japan\misc\JM191\JM191.model</model>
        </node>
        <node>
           <name>MP_JM052_Deck_Hatch_1</name>
           <model>japan\misc\JM052\JM052.model</model>
        </node>
        <node>
           <name>MP_JM157_Ventilation</name>
           <model>japan\misc\JM157\JM157.model</model>
        </node>
        <node>
           <name>MP_JM023_Ventilators_7</name>
           <model>japan\misc\JM023\JM023.model</model>
        </node>
        <node>
           <name>MP_JM281JSC035MidBack_0_0</name>
           <model>japan\misc\JM281JSC035MidBack\JM281JSC035MidBack.model</model>
        </node>
        <node>
           <name>MP_JM280_Telegraph_Engine</name>
           <model>japan\misc\JM280\JM280.model</model>
        </node>
        <node>
           <name>MP_JM166_Voice_Tube</name>
           <model>japan\misc\JM166\JM166.model</model>
        </node>
        <node>
           <name>MP_JM209JSC035MidBack_0_0</name>
           <model>japan\misc\JM209JSC035MidBack\JM209JSC035MidBack.model</model>
        </node>
        <node>
           <name>MP_JM113_Flag_Box</name>
           <model>japan\misc\JM113\JM113.model</model>
        </node>
        <node>
           <name>HP_Fire_Burn_3</name>
           <model>UNKNOWN_ITEM</model>
        </node>
    </midback>
    <stern>
      <model>japan\ship\cruiser\JSC035_Chikuma_1912\JSC035_Chikuma_1912_Stern_ports.model</model>
        <node>
           <name>HP_JGM_8</name>
           <model>japan\gun\main\JGM105_152mm45\JGM105_152mm45.model</model>
        </node>
        <node>
           <name>MP_JM061_Deck_Hatch_10</name>
           <model>japan\misc\JM061\JM061.model</model>
        </node>
        <node>
           <name>MP_CM008JSC035Stern_0_0</name>
           <model>common\misc\CM008JSC035Stern\CM008JSC035Stern.model</model>
        </node>
        <node>
           <name>MP_JM062_Deck_Hatch_11</name>
           <model>japan\misc\JM062\JM062.model</model>
        </node>
        <node>
           <name>MP_CM001_Propeller3_L</name>
           <model>common\misc\CM001\CM001.model</model>
        </node>
        <node>
           <name>MP_JM026JSC035Stern_0_0</name>
           <model>japan\misc\JM026JSC035Stern\JM026JSC035Stern.model</model>
        </node>
        <node>
           <name>MP_JM222JSC035Stern_0_0</name>
           <model>japan\misc\JM222JSC035Stern\JM222JSC035Stern.model</model>
        </node>
        <node>
           <name>MP_JM111_Deck_Hatch_13</name>
           <model>japan\misc\JM111\JM111.model</model>
        </node>
        <node>
           <name>MP_CM032_Propeller3_R</name>
           <model>common\misc\CM032\CM032.model</model>
        </node>
        <node>
           <name>HP_flag_nation</name>
           <model>japan\misc\JM001\JM001.model</model>
        </node>
        <node>
           <name>HP_Fire_Burn_4</name>
           <model>UNKNOWN_ITEM</model>
        </node>
    </stern>
  </sections>
</JSC035_Chikuma_1912.xml>
