<RSD001_Gremyashchy_1942.xml>
  <sections>
    <bow>
      <model>russia\ship\destroyer\RSD001_Gremyashchy_1942\RSD001_Gremyashchy_1942_bow_ports.model</model>
        <node>
           <name>HP_RGM_1</name>
           <model>russia\gun\main\RGM009_130mm_B_13\RGM009_130mm_B_13.model</model>
        </node>
        <node>
           <name>MP_RM054_Life_buoy</name>
           <model>russia\misc\RM054\RM054.model</model>
        </node>
        <node>
           <name>MP_CM086_Anchor_top</name>
           <model>common\misc\CM086\CM086.model</model>
        </node>
        <node>
           <name>MP_RM060_Hatch</name>
           <model>russia\misc\RM060\RM060.model</model>
        </node>
        <node>
           <name>MP_CM086_Anchor_top_INDEX_1</name>
           <model>common\misc\CM086\CM086.model</model>
        </node>
        <node>
           <name>MP_CM087_Anchor_down</name>
           <model>common\misc\CM087\CM087.model</model>
        </node>
        <node>
           <name>MP_RM059_Fairlead</name>
           <model>russia\misc\RM059\RM059.model</model>
        </node>
        <node>
           <name>MP_RM019_Reels</name>
           <model>russia\misc\RM019\RM019.model</model>
        </node>
        <node>
           <name>MP_RM059_Fairlead_INDEX_1</name>
           <model>russia\misc\RM059\RM059.model</model>
        </node>
        <node>
           <name>MP_RM050_Bollard</name>
           <model>russia\misc\RM050\RM050.model</model>
        </node>
        <node>
           <name>MP_RM068_Sky_Light</name>
           <model>russia\misc\RM068\RM068.model</model>
        </node>
        <node>
           <name>MP_CM087_Anchor_down_INDEX_1</name>
           <model>common\misc\CM087\CM087.model</model>
        </node>
        <node>
           <name>MP_RM019_Reels_INDEX_1</name>
           <model>russia\misc\RM019\RM019.model</model>
        </node>
        <node>
           <name>MP_RM060_Hatch_INDEX_1</name>
           <model>russia\misc\RM060\RM060.model</model>
        </node>
        <node>
           <name>MP_RM025_Signal_Lamp</name>
           <model>russia\misc\RM025\RM025.model</model>
        </node>
        <node>
           <name>MP_RM054_Life_buoy_INDEX_1</name>
           <model>russia\misc\RM054\RM054.model</model>
        </node>
        <node>
           <name>MP_RM050_Bollard_INDEX_1</name>
           <model>russia\misc\RM050\RM050.model</model>
        </node>
        <node>
           <name>HP_Fire_Burn_1</name>
           <model>UNKNOWN_ITEM</model>
        </node>
    </bow>
    <midfront>
      <model>russia\ship\destroyer\RSD001_Gremyashchy_1942\RSD001_Gremyashchy_1942_MidFront_ports.model</model>
        <node>
           <name>HP_RF_1</name>
           <model>russia\finder\RF004_KDP2_4_type_B_12\RF004_KDP2_4_type_B_12.model</model>
        </node>
        <node>
           <name>HP_RGA_1</name>
           <model>russia\gun\aaircraft\RGA008_12_DShK\RGA008_12_DShK.model</model>
        </node>
        <node>
           <name>HP_RGA_2</name>
           <model>russia\gun\aaircraft\RGA008_12_DShK\RGA008_12_DShK.model</model>
        </node>
        <node>
           <name>HP_RGA_3</name>
           <model>russia\gun\aaircraft\RGA005_37mm70K\RGA005_37mm70K.model</model>
        </node>
        <node>
           <name>HP_RGA_4</name>
           <model>russia\gun\aaircraft\RGA005_37mm70K\RGA005_37mm70K.model</model>
        </node>
        <node>
           <name>HP_RGA_5</name>
           <model>russia\gun\aaircraft\RGA005_37mm70K\RGA005_37mm70K.model</model>
        </node>
        <node>
           <name>HP_RGM_2</name>
           <model>russia\gun\main\RGM009_130mm_B_13\RGM009_130mm_B_13.model</model>
        </node>
        <node>
           <name>HP_RRS_1</name>
           <model>russia\radar\search\RRS003_Radar_01\RRS003_Radar_01.model</model>
        </node>
        <node>
           <name>HP_flag_1</name>
           <model>russia\misc\RM001\RM001.model</model>
        </node>
        <node>
           <name>HP_flag_2</name>
           <model>russia\misc\RM001\RM001.model</model>
        </node>
        <node>
           <name>HP_flag_3</name>
           <model>russia\misc\RM001\RM001.model</model>
        </node>
        <node>
           <name>HP_flag_4</name>
           <model>russia\misc\RM001\RM001.model</model>
        </node>
        <node>
           <name>MP_CM029_Emergency_Box</name>
           <model>common\misc\CM029\CM029.model</model>
        </node>
        <node>
           <name>MP_CM015_Bundle_1</name>
           <model>common\misc\CM015\CM015.model</model>
        </node>
        <node>
           <name>MP_RM017_Fairlead</name>
           <model>russia\misc\RM017\RM017.model</model>
        </node>
        <node>
           <name>MP_RM069_Telegraph</name>
           <model>russia\misc\RM069\RM069.model</model>
        </node>
        <node>
           <name>MP_CM082_Rope</name>
           <model>common\misc\CM082\CM082.model</model>
        </node>
        <node>
           <name>MP_CM030_Swab_Rack_2</name>
           <model>common\misc\CM030\CM030.model</model>
        </node>
        <node>
           <name>MP_CM029_Emergency_Box_INDEX_1</name>
           <model>common\misc\CM029\CM029.model</model>
        </node>
        <node>
           <name>MP_RM066_Ammunition_Box</name>
           <model>russia\misc\RM066\RM066.model</model>
        </node>
        <node>
           <name>MP_RM064_Ventilators_1</name>
           <model>russia\misc\RM064\RM064.model</model>
        </node>
        <node>
           <name>MP_RM050_Bollard</name>
           <model>russia\misc\RM050\RM050.model</model>
        </node>
        <node>
           <name>MP_RM065_Ammunition_Box</name>
           <model>russia\misc\RM065\RM065.model</model>
        </node>
        <node>
           <name>MP_RM064_Ventilators_1_INDEX_1</name>
           <model>russia\misc\RM064\RM064.model</model>
        </node>
        <node>
           <name>MP_RM065_Ammunition_Box_INDEX_1</name>
           <model>russia\misc\RM065\RM065.model</model>
        </node>
        <node>
           <name>MP_RM065_Ammunition_Box_INDEX_2</name>
           <model>russia\misc\RM065\RM065.model</model>
        </node>
        <node>
           <name>MP_RM069_Telegraph_INDEX_1</name>
           <model>russia\misc\RM069\RM069.model</model>
        </node>
        <node>
           <name>MP_RM073_Searchlight_900mm</name>
           <model>russia\misc\RM073\RM073.model</model>
        </node>
        <node>
           <name>MP_CM052_Fender</name>
           <model>common\misc\CM052\CM052.model</model>
        </node>
        <node>
           <name>MP_CM011_Fire_Fighting_Gear</name>
           <model>common\misc\CM011\CM011.model</model>
        </node>
        <node>
           <name>MP_RM029_Signal_Lamp</name>
           <model>russia\misc\RM029\RM029.model</model>
        </node>
        <node>
           <name>MP_RM064_Ventilators_1_INDEX_2</name>
           <model>russia\misc\RM064\RM064.model</model>
        </node>
        <node>
           <name>MP_RM065_Ammunition_Box_INDEX_3</name>
           <model>russia\misc\RM065\RM065.model</model>
        </node>
        <node>
           <name>MP_CM029_Emergency_Box_INDEX_2</name>
           <model>common\misc\CM029\CM029.model</model>
        </node>
        <node>
           <name>MP_RM064_Ventilators_1_INDEX_3</name>
           <model>russia\misc\RM064\RM064.model</model>
        </node>
        <node>
           <name>MP_RM072_Searchlight_900mm</name>
           <model>russia\misc\RM072\RM072.model</model>
        </node>
        <node>
           <name>MP_RM064_Ventilators_1_INDEX_4</name>
           <model>russia\misc\RM064\RM064.model</model>
        </node>
        <node>
           <name>MP_RM064_Ventilators_1_INDEX_5</name>
           <model>russia\misc\RM064\RM064.model</model>
        </node>
        <node>
           <name>MP_CM057_Accommodation_Ladder_Closed</name>
           <model>common\misc\CM057\CM057.model</model>
        </node>
        <node>
           <name>MP_CM052_Fender_INDEX_1</name>
           <model>common\misc\CM052\CM052.model</model>
        </node>
        <node>
           <name>MP_CM029_Emergency_Box_INDEX_3</name>
           <model>common\misc\CM029\CM029.model</model>
        </node>
        <node>
           <name>MP_RM022_Running_Light_R</name>
           <model>russia\misc\RM022\RM022.model</model>
        </node>
        <node>
           <name>MP_RM054_Life_buoy</name>
           <model>russia\misc\RM054\RM054.model</model>
        </node>
        <node>
           <name>MP_CM011_Fire_Fighting_Gear_INDEX_1</name>
           <model>common\misc\CM011\CM011.model</model>
        </node>
        <node>
           <name>MP_RM082_Pelorus_Mk7</name>
           <model>russia\misc\RM082\RM082.model</model>
        </node>
        <node>
           <name>MP_RM064_Ventilators_1_INDEX_6</name>
           <model>russia\misc\RM064\RM064.model</model>
        </node>
        <node>
           <name>MP_RM060_Hatch</name>
           <model>russia\misc\RM060\RM060.model</model>
        </node>
        <node>
           <name>MP_RM023_Running_Light_L</name>
           <model>russia\misc\RM023\RM023.model</model>
        </node>
        <node>
           <name>MP_RM003_Yawl_20ft</name>
           <model>russia\misc\RM003\RM003.model</model>
        </node>
        <node>
           <name>MP_RM027_Signal_Lamp</name>
           <model>russia\misc\RM027\RM027.model</model>
        </node>
        <node>
           <name>MP_CM011_Fire_Fighting_Gear_INDEX_2</name>
           <model>common\misc\CM011\CM011.model</model>
        </node>
        <node>
           <name>MP_RM096_Paravane</name>
           <model>russia\misc\RM096\RM096.model</model>
        </node>
        <node>
           <name>MP_RM060_Hatch_INDEX_1</name>
           <model>russia\misc\RM060\RM060.model</model>
        </node>
        <node>
           <name>MP_RM062_Siren</name>
           <model>russia\misc\RM062\RM062.model</model>
        </node>
        <node>
           <name>MP_RM074_Launch_6_5m</name>
           <model>russia\misc\RM074\RM074.model</model>
        </node>
        <node>
           <name>MP_RM008_Voice_Tube</name>
           <model>russia\misc\RM008\RM008.model</model>
        </node>
        <node>
           <name>MP_RM073_Searchlight_900mm_INDEX_1</name>
           <model>russia\misc\RM073\RM073.model</model>
        </node>
        <node>
           <name>MP_RM070_Binoculars_Bridge</name>
           <model>russia\misc\RM070\RM070.model</model>
        </node>
        <node>
           <name>MP_RM054_Life_buoy_INDEX_1</name>
           <model>russia\misc\RM054\RM054.model</model>
        </node>
        <node>
           <name>MP_RM017_Fairlead_INDEX_1</name>
           <model>russia\misc\RM017\RM017.model</model>
        </node>
        <node>
           <name>MP_CM013_Fire_Hose_Rack_2</name>
           <model>common\misc\CM013\CM013.model</model>
        </node>
        <node>
           <name>MP_RM008_Voice_Tube_INDEX_1</name>
           <model>russia\misc\RM008\RM008.model</model>
        </node>
        <node>
           <name>MP_RM017_Fairlead_INDEX_2</name>
           <model>russia\misc\RM017\RM017.model</model>
        </node>
        <node>
           <name>MP_CM029_Emergency_Box_INDEX_4</name>
           <model>common\misc\CM029\CM029.model</model>
        </node>
        <node>
           <name>MP_RM148_Ammunition_Box</name>
           <model>russia\misc\RM148\RM148.model</model>
        </node>
        <node>
           <name>MP_RM011_Insulator_2</name>
           <model>russia\misc\RM011\RM011.model</model>
        </node>
        <node>
           <name>MP_RM148_Ammunition_Box_INDEX_1</name>
           <model>russia\misc\RM148\RM148.model</model>
        </node>
        <node>
           <name>MP_RM017_Fairlead_INDEX_3</name>
           <model>russia\misc\RM017\RM017.model</model>
        </node>
        <node>
           <name>MP_RM064_Ventilators_1_INDEX_7</name>
           <model>russia\misc\RM064\RM064.model</model>
        </node>
        <node>
           <name>MP_RM008_Voice_Tube_INDEX_2</name>
           <model>russia\misc\RM008\RM008.model</model>
        </node>
        <node>
           <name>MP_RM147_Ammunition_Box</name>
           <model>russia\misc\RM147\RM147.model</model>
        </node>
        <node>
           <name>MP_AM465_Fire_Extinguisher</name>
           <model>usa\misc\AM465\AM465.model</model>
        </node>
        <node>
           <name>MP_RM064_Ventilators_1_INDEX_8</name>
           <model>russia\misc\RM064\RM064.model</model>
        </node>
        <node>
           <name>MP_CM030_Swab_Rack_2_INDEX_1</name>
           <model>common\misc\CM030\CM030.model</model>
        </node>
        <node>
           <name>MP_RM148_Ammunition_Box_INDEX_2</name>
           <model>russia\misc\RM148\RM148.model</model>
        </node>
        <node>
           <name>MP_CM052_Fender_INDEX_2</name>
           <model>common\misc\CM052\CM052.model</model>
        </node>
        <node>
           <name>MP_RM008_Voice_Tube_INDEX_3</name>
           <model>russia\misc\RM008\RM008.model</model>
        </node>
        <node>
           <name>MP_CM082_Rope_INDEX_1</name>
           <model>common\misc\CM082\CM082.model</model>
        </node>
        <node>
           <name>MP_RM148_Ammunition_Box_INDEX_3</name>
           <model>russia\misc\RM148\RM148.model</model>
        </node>
        <node>
           <name>MP_RM003_Yawl_20ft_INDEX_1</name>
           <model>russia\misc\RM003\RM003.model</model>
        </node>
        <node>
           <name>MP_RM070_Binoculars_Bridge_INDEX_1</name>
           <model>russia\misc\RM070\RM070.model</model>
        </node>
        <node>
           <name>MP_CM082_Rope_INDEX_2</name>
           <model>common\misc\CM082\CM082.model</model>
        </node>
        <node>
           <name>MP_RM082_Pelorus_Mk7_INDEX_1</name>
           <model>russia\misc\RM082\RM082.model</model>
        </node>
        <node>
           <name>MP_RM060_Hatch_INDEX_2</name>
           <model>russia\misc\RM060\RM060.model</model>
        </node>
        <node>
           <name>MP_RM063_Flag_Box</name>
           <model>russia\misc\RM063\RM063.model</model>
        </node>
        <node>
           <name>MP_RM148_Ammunition_Box_INDEX_4</name>
           <model>russia\misc\RM148\RM148.model</model>
        </node>
        <node>
           <name>MP_RM008_Voice_Tube_INDEX_4</name>
           <model>russia\misc\RM008\RM008.model</model>
        </node>
        <node>
           <name>MP_RM054_Life_buoy_INDEX_2</name>
           <model>russia\misc\RM054\RM054.model</model>
        </node>
        <node>
           <name>MP_RM066_Ammunition_Box_INDEX_1</name>
           <model>russia\misc\RM066\RM066.model</model>
        </node>
        <node>
           <name>MP_RM050_Bollard_INDEX_1</name>
           <model>russia\misc\RM050\RM050.model</model>
        </node>
        <node>
           <name>MP_CM011_Fire_Fighting_Gear_INDEX_3</name>
           <model>common\misc\CM011\CM011.model</model>
        </node>
        <node>
           <name>MP_CM057_Accommodation_Ladder_Closed_INDEX_1</name>
           <model>common\misc\CM057\CM057.model</model>
        </node>
        <node>
           <name>MP_AM465_Fire_Extinguisher_INDEX_1</name>
           <model>usa\misc\AM465\AM465.model</model>
        </node>
        <node>
           <name>MP_RM054_Life_buoy_INDEX_3</name>
           <model>russia\misc\RM054\RM054.model</model>
        </node>
        <node>
           <name>MP_RM065_Ammunition_Box_INDEX_4</name>
           <model>russia\misc\RM065\RM065.model</model>
        </node>
        <node>
           <name>MP_RM065_Ammunition_Box_INDEX_5</name>
           <model>russia\misc\RM065\RM065.model</model>
        </node>
        <node>
           <name>MP_RM008_Voice_Tube_INDEX_5</name>
           <model>russia\misc\RM008\RM008.model</model>
        </node>
        <node>
           <name>MP_CM013_Fire_Hose_Rack_2_INDEX_1</name>
           <model>common\misc\CM013\CM013.model</model>
        </node>
        <node>
           <name>MP_CM013_Fire_Hose_Rack_2_INDEX_2</name>
           <model>common\misc\CM013\CM013.model</model>
        </node>
        <node>
           <name>MP_RM054_Life_buoy_INDEX_4</name>
           <model>russia\misc\RM054\RM054.model</model>
        </node>
        <node>
           <name>MP_CM029_Emergency_Box_INDEX_5</name>
           <model>common\misc\CM029\CM029.model</model>
        </node>
        <node>
           <name>MP_CM013_Fire_Hose_Rack_2_INDEX_3</name>
           <model>common\misc\CM013\CM013.model</model>
        </node>
        <node>
           <name>MP_RM096_Paravane_INDEX_1</name>
           <model>russia\misc\RM096\RM096.model</model>
        </node>
        <node>
           <name>MP_CM013_Fire_Hose_Rack_2_INDEX_4</name>
           <model>common\misc\CM013\CM013.model</model>
        </node>
        <node>
           <name>MP_RM065_Ammunition_Box_INDEX_6</name>
           <model>russia\misc\RM065\RM065.model</model>
        </node>
        <node>
           <name>MP_RM062_Siren_INDEX_1</name>
           <model>russia\misc\RM062\RM062.model</model>
        </node>
        <node>
           <name>MP_RM067_Ammunition_Box</name>
           <model>russia\misc\RM067\RM067.model</model>
        </node>
        <node>
           <name>MP_RM060_Hatch_INDEX_3</name>
           <model>russia\misc\RM060\RM060.model</model>
        </node>
        <node>
           <name>MP_RM147_Ammunition_Box_INDEX_1</name>
           <model>russia\misc\RM147\RM147.model</model>
        </node>
        <node>
           <name>MP_CM052_Fender_INDEX_3</name>
           <model>common\misc\CM052\CM052.model</model>
        </node>
        <node>
           <name>MP_RM008_Voice_Tube_INDEX_6</name>
           <model>russia\misc\RM008\RM008.model</model>
        </node>
        <node>
           <name>MP_CM082_Rope_INDEX_3</name>
           <model>common\misc\CM082\CM082.model</model>
        </node>
        <node>
           <name>MP_RM066_Ammunition_Box_INDEX_2</name>
           <model>russia\misc\RM066\RM066.model</model>
        </node>
        <node>
           <name>MP_RM063_Flag_Box_INDEX_1</name>
           <model>russia\misc\RM063\RM063.model</model>
        </node>
        <node>
           <name>MP_RM008_Voice_Tube_INDEX_7</name>
           <model>russia\misc\RM008\RM008.model</model>
        </node>
        <node>
           <name>MP_RM054_Life_buoy_INDEX_5</name>
           <model>russia\misc\RM054\RM054.model</model>
        </node>
        <node>
           <name>MP_RM064_Ventilators_1_INDEX_9</name>
           <model>russia\misc\RM064\RM064.model</model>
        </node>
        <node>
           <name>MP_CM082_Rope_INDEX_4</name>
           <model>common\misc\CM082\CM082.model</model>
        </node>
        <node>
           <name>HP_Fire_Burn_2</name>
           <model>UNKNOWN_ITEM</model>
        </node>
        <node>
           <name>HP_NoseWave_Speed</name>
           <model>UNKNOWN_ITEM</model>
        </node>
    </midfront>
    <midback>
      <model>russia\ship\destroyer\RSD001_Gremyashchy_1942\RSD001_Gremyashchy_1942_MidBack_ports.model</model>
        <node>
           <name>HP_RF_2</name>
           <model>russia\finder\RF002_Rangefinder_3m\RF002_Rangefinder_3m.model</model>
        </node>
        <node>
           <name>HP_RGA_6</name>
           <model>russia\gun\aaircraft\RGA006_76mm34K\RGA006_76mm34K.model</model>
        </node>
        <node>
           <name>HP_RGA_7</name>
           <model>russia\gun\aaircraft\RGA006_76mm34K\RGA006_76mm34K.model</model>
        </node>
        <node>
           <name>HP_RGA_8</name>
           <model>russia\gun\aaircraft\RGA007_12_7mm_Colt\RGA007_12_7mm_Colt.model</model>
        </node>
        <node>
           <name>HP_RGA_9</name>
           <model>russia\gun\aaircraft\RGA007_12_7mm_Colt\RGA007_12_7mm_Colt.model</model>
        </node>
        <node>
           <name>HP_RGM_3</name>
           <model>russia\gun\main\RGM009_130mm_B_13\RGM009_130mm_B_13.model</model>
        </node>
        <node>
           <name>HP_RGT_1</name>
           <model>russia\gun\torpedo\RGT010_533mm_39_U_Torpedo_Tubes_Triple\RGT010_533mm_39_U_Torpedo_Tubes_Triple.model</model>
        </node>
        <node>
           <name>HP_RGT_2</name>
           <model>russia\gun\torpedo\RGT010_533mm_39_U_Torpedo_Tubes_Triple\RGT010_533mm_39_U_Torpedo_Tubes_Triple.model</model>
        </node>
        <node>
           <name>HP_flag_nation</name>
           <model>russia\misc\RM001\RM001.model</model>
        </node>
        <node>
           <name>MP_RM054_Life_buoy</name>
           <model>russia\misc\RM054\RM054.model</model>
        </node>
        <node>
           <name>MP_RM008_Voice_Tube</name>
           <model>russia\misc\RM008\RM008.model</model>
        </node>
        <node>
           <name>MP_RM050_Bollard</name>
           <model>russia\misc\RM050\RM050.model</model>
        </node>
        <node>
           <name>MP_RM066_Ammunition_Box</name>
           <model>russia\misc\RM066\RM066.model</model>
        </node>
        <node>
           <name>MP_RM054_Life_buoy_INDEX_1</name>
           <model>russia\misc\RM054\RM054.model</model>
        </node>
        <node>
           <name>MP_CM011_Fire_Fighting_Gear</name>
           <model>common\misc\CM011\CM011.model</model>
        </node>
        <node>
           <name>MP_RM008_Voice_Tube_INDEX_1</name>
           <model>russia\misc\RM008\RM008.model</model>
        </node>
        <node>
           <name>MP_RM050_Bollard_INDEX_1</name>
           <model>russia\misc\RM050\RM050.model</model>
        </node>
        <node>
           <name>MP_RM067_Ammunition_Box</name>
           <model>russia\misc\RM067\RM067.model</model>
        </node>
        <node>
           <name>MP_RM068_Sky_Light</name>
           <model>russia\misc\RM068\RM068.model</model>
        </node>
        <node>
           <name>MP_RM064_Ventilators_1</name>
           <model>russia\misc\RM064\RM064.model</model>
        </node>
        <node>
           <name>MP_CM052_Fender</name>
           <model>common\misc\CM052\CM052.model</model>
        </node>
        <node>
           <name>MP_RM067_Ammunition_Box_INDEX_1</name>
           <model>russia\misc\RM067\RM067.model</model>
        </node>
        <node>
           <name>MP_RM054_Life_buoy_INDEX_2</name>
           <model>russia\misc\RM054\RM054.model</model>
        </node>
        <node>
           <name>MP_RM050_Bollard_INDEX_2</name>
           <model>russia\misc\RM050\RM050.model</model>
        </node>
        <node>
           <name>MP_CM013_Fire_Hose_Rack_2</name>
           <model>common\misc\CM013\CM013.model</model>
        </node>
        <node>
           <name>MP_CM011_Fire_Fighting_Gear_INDEX_1</name>
           <model>common\misc\CM011\CM011.model</model>
        </node>
        <node>
           <name>MP_RM008_Voice_Tube_INDEX_2</name>
           <model>russia\misc\RM008\RM008.model</model>
        </node>
        <node>
           <name>MP_CM052_Fender_INDEX_1</name>
           <model>common\misc\CM052\CM052.model</model>
        </node>
        <node>
           <name>MP_RM064_Ventilators_1_INDEX_1</name>
           <model>russia\misc\RM064\RM064.model</model>
        </node>
        <node>
           <name>MP_RM067_Ammunition_Box_INDEX_2</name>
           <model>russia\misc\RM067\RM067.model</model>
        </node>
        <node>
           <name>MP_RM064_Ventilators_1_INDEX_2</name>
           <model>russia\misc\RM064\RM064.model</model>
        </node>
        <node>
           <name>MP_RM067_Ammunition_Box_INDEX_3</name>
           <model>russia\misc\RM067\RM067.model</model>
        </node>
        <node>
           <name>MP_RM050_Bollard_INDEX_3</name>
           <model>russia\misc\RM050\RM050.model</model>
        </node>
        <node>
           <name>MP_RM060_Hatch</name>
           <model>russia\misc\RM060\RM060.model</model>
        </node>
        <node>
           <name>MP_CM013_Fire_Hose_Rack_2_INDEX_1</name>
           <model>common\misc\CM013\CM013.model</model>
        </node>
        <node>
           <name>MP_CM029_Emergency_Box</name>
           <model>common\misc\CM029\CM029.model</model>
        </node>
        <node>
           <name>MP_RM028_Signal_Lamp</name>
           <model>russia\misc\RM028\RM028.model</model>
        </node>
        <node>
           <name>MP_RM066_Ammunition_Box_INDEX_1</name>
           <model>russia\misc\RM066\RM066.model</model>
        </node>
        <node>
           <name>MP_RM064_Ventilators_1_INDEX_3</name>
           <model>russia\misc\RM064\RM064.model</model>
        </node>
        <node>
           <name>MP_RM008_Voice_Tube_INDEX_3</name>
           <model>russia\misc\RM008\RM008.model</model>
        </node>
        <node>
           <name>MP_RM060_Hatch_INDEX_1</name>
           <model>russia\misc\RM060\RM060.model</model>
        </node>
        <node>
           <name>MP_CM029_Emergency_Box_INDEX_1</name>
           <model>common\misc\CM029\CM029.model</model>
        </node>
        <node>
           <name>MP_RM054_Life_buoy_INDEX_3</name>
           <model>russia\misc\RM054\RM054.model</model>
        </node>
        <node>
           <name>MP_RM054_Life_buoy_INDEX_4</name>
           <model>russia\misc\RM054\RM054.model</model>
        </node>
        <node>
           <name>MP_RM054_Life_buoy_INDEX_5</name>
           <model>russia\misc\RM054\RM054.model</model>
        </node>
        <node>
           <name>MP_RM008_Voice_Tube_INDEX_4</name>
           <model>russia\misc\RM008\RM008.model</model>
        </node>
        <node>
           <name>MP_RM066_Ammunition_Box_INDEX_2</name>
           <model>russia\misc\RM066\RM066.model</model>
        </node>
        <node>
           <name>MP_RM008_Voice_Tube_INDEX_5</name>
           <model>russia\misc\RM008\RM008.model</model>
        </node>
        <node>
           <name>MP_AM465_Fire_Extinguisher</name>
           <model>usa\misc\AM465\AM465.model</model>
        </node>
        <node>
           <name>MP_RM054_Life_buoy_INDEX_6</name>
           <model>russia\misc\RM054\RM054.model</model>
        </node>
        <node>
           <name>MP_RM066_Ammunition_Box_INDEX_3</name>
           <model>russia\misc\RM066\RM066.model</model>
        </node>
        <node>
           <name>MP_RM064_Ventilators_1_INDEX_4</name>
           <model>russia\misc\RM064\RM064.model</model>
        </node>
        <node>
           <name>MP_RM054_Life_buoy_INDEX_7</name>
           <model>russia\misc\RM054\RM054.model</model>
        </node>
        <node>
           <name>HP_Fire_Burn_3</name>
           <model>UNKNOWN_ITEM</model>
        </node>
    </midback>
    <stern>
      <model>russia\ship\destroyer\RSD001_Gremyashchy_1942\RSD001_Gremyashchy_1942_Stern_ports.model</model>
        <node>
           <name>HP_RGA_10</name>
           <model>russia\gun\aaircraft\RGA005_37mm70K\RGA005_37mm70K.model</model>
        </node>
        <node>
           <name>HP_RGM_4</name>
           <model>russia\gun\main\RGM009_130mm_B_13\RGM009_130mm_B_13.model</model>
        </node>
        <node>
           <name>MP_CM001_Propeller3_L</name>
           <model>common\misc\CM001\CM001.model</model>
        </node>
        <node>
           <name>MP_RM019_Reels</name>
           <model>russia\misc\RM019\RM019.model</model>
        </node>
        <node>
           <name>MP_RM019_Reels_INDEX_1</name>
           <model>russia\misc\RM019\RM019.model</model>
        </node>
        <node>
           <name>MP_RM068_Sky_Light</name>
           <model>russia\misc\RM068\RM068.model</model>
        </node>
        <node>
           <name>MP_RM054_Life_buoy</name>
           <model>russia\misc\RM054\RM054.model</model>
        </node>
        <node>
           <name>MP_RM050_Bollard</name>
           <model>russia\misc\RM050\RM050.model</model>
        </node>
        <node>
           <name>MP_RM068_Sky_Light_INDEX_1</name>
           <model>russia\misc\RM068\RM068.model</model>
        </node>
        <node>
           <name>MP_RM050_Bollard_INDEX_1</name>
           <model>russia\misc\RM050\RM050.model</model>
        </node>
        <node>
           <name>MP_RM066_Ammunition_Box</name>
           <model>russia\misc\RM066\RM066.model</model>
        </node>
        <node>
           <name>MP_RM059_Fairlead</name>
           <model>russia\misc\RM059\RM059.model</model>
        </node>
        <node>
           <name>MP_RM059_Fairlead_INDEX_1</name>
           <model>russia\misc\RM059\RM059.model</model>
        </node>
        <node>
           <name>MP_RM066_Ammunition_Box_INDEX_1</name>
           <model>russia\misc\RM066\RM066.model</model>
        </node>
        <node>
           <name>MP_RM066_Ammunition_Box_INDEX_2</name>
           <model>russia\misc\RM066\RM066.model</model>
        </node>
        <node>
           <name>MP_RM060_Hatch</name>
           <model>russia\misc\RM060\RM060.model</model>
        </node>
        <node>
           <name>MP_RM054_Life_buoy_INDEX_1</name>
           <model>russia\misc\RM054\RM054.model</model>
        </node>
        <node>
           <name>MP_RM059_Fairlead_INDEX_2</name>
           <model>russia\misc\RM059\RM059.model</model>
        </node>
        <node>
           <name>MP_RM025_Signal_Lamp</name>
           <model>russia\misc\RM025\RM025.model</model>
        </node>
        <node>
           <name>MP_RM066_Ammunition_Box_INDEX_3</name>
           <model>russia\misc\RM066\RM066.model</model>
        </node>
        <node>
           <name>MP_CM032_Propeller3_R</name>
           <model>common\misc\CM032\CM032.model</model>
        </node>
        <node>
           <name>MP_RM059_Fairlead_INDEX_3</name>
           <model>russia\misc\RM059\RM059.model</model>
        </node>
        <node>
           <name>HP_Smoke_1</name>
           <model>UNKNOWN_ITEM</model>
        </node>
    </stern>
  </sections>
</RSD001_Gremyashchy_1942.xml>
