<ship_tree>
	<nation name='USA'>
		<arrows>
			<arrow item0='4274927600' item1='4280170480'>
				<cell x='6' y='3'/>
				<cell x='6' y='4'/>
			</arrow>
			<arrow item0='4280203248' item1='4277057520'>
				<cell x='4' y='7'/>
				<cell x='4' y='8'/>
			</arrow>
			<arrow item0='4293867504' item1='4290721776'>
				<cell x='2' y='2'/>
				<cell x='2' y='3'/>
			</arrow>
			<arrow item0='4284463088' item1='4282365936'>
				<cell x='0' y='6'/>
				<cell x='0' y='7'/>
			</arrow>
			<arrow item0='4276041712' item1='4277090288'>
				<cell x='2' y='8'/>
				<cell x='2' y='9'/>
			</arrow>
			<arrow item0='4292786160' item1='4290689008'>
				<cell x='4' y='1'/>
				<cell x='4' y='2'/>
			</arrow>
			<arrow item0='4292786160' item1='4292753392'>
				<cell x='4' y='1'/>
				<cell x='6' y='1'/>
			</arrow>
			<arrow item0='4259264496' item1='4286527472'>
				<cell x='2' y='5'/>
				<cell x='2' y='6'/>
			</arrow>
			<arrow item0='4290689008' item1='4293867504'>
				<cell x='4' y='2'/>
				<cell x='2' y='2'/>
			</arrow>
			<arrow item0='4290689008' item1='4269717488'>
				<cell x='4' y='2'/>
				<cell x='4' y='3'/>
			</arrow>
			<arrow item0='4286527472' item1='4282333168'>
				<cell x='2' y='6'/>
				<cell x='2' y='7'/>
			</arrow>
			<arrow item0='4280170480' item1='4289607664'>
				<cell x='6' y='4'/>
				<cell x='6' y='5'/>
			</arrow>
			<arrow item0='4282300400' item1='4280203248'>
				<cell x='4' y='6'/>
				<cell x='4' y='7'/>
			</arrow>
			<arrow item0='4281317360' item1='4279220208'>
				<cell x='0' y='8'/>
				<cell x='0' y='9'/>
			</arrow>
			<arrow item0='4287543280' item1='4282300400'>
				<cell x='4' y='5'/>
				<cell x='4' y='6'/>
			</arrow>
			<arrow item0='4269717488' item1='4289640432'>
				<cell x='4' y='3'/>
				<cell x='4' y='4'/>
			</arrow>
			<arrow item0='4288559088' item1='4286461936'>
				<cell x='6' y='6'/>
				<cell x='6' y='7'/>
			</arrow>
			<arrow item0='4290721776' item1='4290754544'>
				<cell x='2' y='3'/>
				<cell x='0' y='3'/>
			</arrow>
			<arrow item0='4290721776' item1='4288624624'>
				<cell x='2' y='3'/>
				<cell x='2' y='4'/>
			</arrow>
			<arrow item0='4282333168' item1='4276041712'>
				<cell x='2' y='7'/>
				<cell x='2' y='8'/>
			</arrow>
			<arrow item0='4286461936' item1='4272830448'>
				<cell x='6' y='7'/>
				<cell x='6' y='8'/>
			</arrow>
			<arrow item0='4289640432' item1='4287543280'>
				<cell x='4' y='4'/>
				<cell x='4' y='5'/>
			</arrow>
			<arrow item0='4292753392' item1='4266538992'>
				<cell x='6' y='1'/>
				<cell x='6' y='2'/>
			</arrow>
			<arrow item0='4289607664' item1='4288559088'>
				<cell x='6' y='5'/>
				<cell x='6' y='6'/>
			</arrow>
			<arrow item0='4292851696' item1='4288657392'>
				<cell x='0' y='4'/>
				<cell x='0' y='5'/>
			</arrow>
			<arrow item0='4293834736' item1='4292786160'>
				<cell x='4' y='0'/>
				<cell x='4' y='1'/>
			</arrow>
			<arrow item0='4277057520' item1='4273911792'>
				<cell x='4' y='8'/>
				<cell x='4' y='9'/>
			</arrow>
			<arrow item0='4272830448' item1='4281219056'>
				<cell x='6' y='8'/>
				<cell x='6' y='9'/>
			</arrow>
			<arrow item0='4282365936' item1='4281317360'>
				<cell x='0' y='7'/>
				<cell x='0' y='8'/>
			</arrow>
			<arrow item0='4288657392' item1='4284463088'>
				<cell x='0' y='5'/>
				<cell x='0' y='6'/>
			</arrow>
			<arrow item0='4288624624' item1='4259264496'>
				<cell x='2' y='4'/>
				<cell x='2' y='5'/>
			</arrow>
			<arrow item0='4290754544' item1='4292851696'>
				<cell x='0' y='3'/>
				<cell x='0' y='4'/>
			</arrow>
			<arrow item0='4266538992' item1='4274927600'>
				<cell x='6' y='2'/>
				<cell x='6' y='3'/>
			</arrow>
		</arrows>
		<ships>
				<ship shipid='4290754544' x='0' y='3' />
				<ship shipid='4292851696' x='0' y='4' />
				<ship shipid='4288657392' x='0' y='5' />
				<ship shipid='4284463088' x='0' y='6' />
				<ship shipid='4282365936' x='0' y='7' />
				<ship shipid='4281317360' x='0' y='8' />
				<ship shipid='4279220208' x='0' y='9' />
				<ship shipid='4293867504' x='2' y='2' />
				<ship shipid='4290721776' x='2' y='3' />
				<ship shipid='4288624624' x='2' y='4' />
				<ship shipid='4259264496' x='2' y='5' />
				<ship shipid='4286527472' x='2' y='6' />
				<ship shipid='4282333168' x='2' y='7' />
				<ship shipid='4276041712' x='2' y='8' />
				<ship shipid='4277090288' x='2' y='9' />
				<ship shipid='4293834736' x='4' y='0' />
				<ship shipid='4292786160' x='4' y='1' />
				<ship shipid='4290689008' x='4' y='2' />
				<ship shipid='4269717488' x='4' y='3' />
				<ship shipid='4289640432' x='4' y='4' />
				<ship shipid='4287543280' x='4' y='5' />
				<ship shipid='4282300400' x='4' y='6' />
				<ship shipid='4280203248' x='4' y='7' />
				<ship shipid='4277057520' x='4' y='8' />
				<ship shipid='4273911792' x='4' y='9' />
				<ship shipid='4292753392' x='6' y='1' />
				<ship shipid='4266538992' x='6' y='2' />
				<ship shipid='4274927600' x='6' y='3' />
				<ship shipid='4280170480' x='6' y='4' />
				<ship shipid='4289607664' x='6' y='5' />
				<ship shipid='4288559088' x='6' y='6' />
				<ship shipid='4286461936' x='6' y='7' />
				<ship shipid='4272830448' x='6' y='8' />
				<ship shipid='4281219056' x='6' y='9' />
				<ship shipid='4288591856' x='8' y='6' />
				<ship shipid='4291737584' x='10' y='1' />
				<ship shipid='4281284592' x='10' y='3' />
				<ship shipid='4248745968' x='10' y='4' />
				<ship shipid='4247697392' x='10' y='5' />
				<ship shipid='4264441840' x='10' y='6' />
				<ship shipid='4293801968' x='12' y='1' />
				<ship shipid='4287903728' x='12' y='4' />
				<ship shipid='4286560240' x='12' y='5' />
				<ship shipid='4253988848' x='12' y='6' />
				<ship shipid='4274960368' x='12' y='8' />
				<ship shipid='4278106096' x='12' y='9' />
		</ships>
		<types>
				<type id='3' nameIDS='IDS_CARRIER' x='0' y='-1' />
				<type id='2' nameIDS='IDS_BATTLESHIP' x='2' y='-1' />
				<type id='1' nameIDS='IDS_CRUISER' x='4' y='-1' />
				<type id='0' nameIDS='IDS_DESTROYER' x='6' y='-1' />
				<type id='4' nameIDS='IDS_PREMIUM' x='8' y='-1' />
				<type id='5' nameIDS='Special' x='10' y='-1' />
				<type id='6' nameIDS='Disabled' x='12' y='-1' />
		</types>
	</nation>
	<nation name='Japan'>
		<arrows>
			<arrow item0='4288624336' item1='4284430032'>
				<cell x='2' y='5'/>
				<cell x='2' y='6'/>
			</arrow>
			<arrow item0='4269684432' item1='4291704528'>
				<cell x='6' y='2'/>
				<cell x='6' y='3'/>
			</arrow>
			<arrow item0='4287575760' item1='4288624336'>
				<cell x='2' y='4'/>
				<cell x='2' y='5'/>
			</arrow>
			<arrow item0='4288558800' item1='4287510224'>
				<cell x='6' y='6'/>
				<cell x='6' y='7'/>
			</arrow>
			<arrow item0='4287542992' item1='4286494416'>
				<cell x='4' y='5'/>
				<cell x='4' y='6'/>
			</arrow>
			<arrow item0='4279154384' item1='4281251536'>
				<cell x='4' y='2'/>
				<cell x='4' y='3'/>
			</arrow>
			<arrow item0='4279154384' item1='4293867216'>
				<cell x='4' y='2'/>
				<cell x='2' y='2'/>
			</arrow>
			<arrow item0='4283414224' item1='4282365648'>
				<cell x='0' y='6'/>
				<cell x='0' y='7'/>
			</arrow>
			<arrow item0='4289640144' item1='4287542992'>
				<cell x='4' y='4'/>
				<cell x='4' y='5'/>
			</arrow>
			<arrow item0='4286494416' item1='4285445840'>
				<cell x='4' y='6'/>
				<cell x='4' y='7'/>
			</arrow>
			<arrow item0='4289607376' item1='4288558800'>
				<cell x='6' y='5'/>
				<cell x='6' y='6'/>
			</arrow>
			<arrow item0='4292753104' item1='4269684432'>
				<cell x='6' y='1'/>
				<cell x='6' y='2'/>
			</arrow>
			<arrow item0='4256085712' item1='4258182864'>
				<cell x='4' y='0'/>
				<cell x='4' y='1'/>
			</arrow>
			<arrow item0='4284364496' item1='4282267344'>
				<cell x='6' y='8'/>
				<cell x='6' y='9'/>
			</arrow>
			<arrow item0='4287510224' item1='4284364496'>
				<cell x='6' y='7'/>
				<cell x='6' y='8'/>
			</arrow>
			<arrow item0='4282300112' item1='4259231440'>
				<cell x='4' y='8'/>
				<cell x='4' y='9'/>
			</arrow>
			<arrow item0='4291704528' item1='4290655952'>
				<cell x='6' y='3'/>
				<cell x='6' y='4'/>
			</arrow>
			<arrow item0='4292851408' item1='4288657104'>
				<cell x='0' y='3'/>
				<cell x='0' y='4'/>
			</arrow>
			<arrow item0='4284430032' item1='4281284304'>
				<cell x='2' y='6'/>
				<cell x='2' y='7'/>
			</arrow>
			<arrow item0='4272895696' item1='4276041424'>
				<cell x='2' y='8'/>
				<cell x='2' y='9'/>
			</arrow>
			<arrow item0='4293867216' item1='4291770064'>
				<cell x='2' y='2'/>
				<cell x='2' y='3'/>
			</arrow>
			<arrow item0='4281284304' item1='4272895696'>
				<cell x='2' y='7'/>
				<cell x='2' y='8'/>
			</arrow>
			<arrow item0='4290655952' item1='4289607376'>
				<cell x='6' y='4'/>
				<cell x='6' y='5'/>
			</arrow>
			<arrow item0='4282365648' item1='4279219920'>
				<cell x='0' y='7'/>
				<cell x='0' y='8'/>
			</arrow>
			<arrow item0='4291770064' item1='4292851408'>
				<cell x='2' y='3'/>
				<cell x='0' y='3'/>
			</arrow>
			<arrow item0='4291770064' item1='4287575760'>
				<cell x='2' y='3'/>
				<cell x='2' y='4'/>
			</arrow>
			<arrow item0='4281251536' item1='4289640144'>
				<cell x='4' y='3'/>
				<cell x='4' y='4'/>
			</arrow>
			<arrow item0='4285445840' item1='4282300112'>
				<cell x='4' y='7'/>
				<cell x='4' y='8'/>
			</arrow>
			<arrow item0='4279219920' item1='4277122768'>
				<cell x='0' y='8'/>
				<cell x='0' y='9'/>
			</arrow>
			<arrow item0='4285511376' item1='4283414224'>
				<cell x='0' y='5'/>
				<cell x='0' y='6'/>
			</arrow>
			<arrow item0='4288657104' item1='4285511376'>
				<cell x='0' y='4'/>
				<cell x='0' y='5'/>
			</arrow>
			<arrow item0='4258182864' item1='4292753104'>
				<cell x='4' y='1'/>
				<cell x='6' y='1'/>
			</arrow>
			<arrow item0='4258182864' item1='4279154384'>
				<cell x='4' y='1'/>
				<cell x='4' y='2'/>
			</arrow>
		</arrows>
		<ships>
				<ship shipid='4292851408' x='0' y='3' />
				<ship shipid='4288657104' x='0' y='4' />
				<ship shipid='4285511376' x='0' y='5' />
				<ship shipid='4283414224' x='0' y='6' />
				<ship shipid='4282365648' x='0' y='7' />
				<ship shipid='4279219920' x='0' y='8' />
				<ship shipid='4277122768' x='0' y='9' />
				<ship shipid='4293867216' x='2' y='2' />
				<ship shipid='4291770064' x='2' y='3' />
				<ship shipid='4287575760' x='2' y='4' />
				<ship shipid='4288624336' x='2' y='5' />
				<ship shipid='4284430032' x='2' y='6' />
				<ship shipid='4281284304' x='2' y='7' />
				<ship shipid='4272895696' x='2' y='8' />
				<ship shipid='4276041424' x='2' y='9' />
				<ship shipid='4256085712' x='4' y='0' />
				<ship shipid='4258182864' x='4' y='1' />
				<ship shipid='4279154384' x='4' y='2' />
				<ship shipid='4281251536' x='4' y='3' />
				<ship shipid='4289640144' x='4' y='4' />
				<ship shipid='4287542992' x='4' y='5' />
				<ship shipid='4286494416' x='4' y='6' />
				<ship shipid='4285445840' x='4' y='7' />
				<ship shipid='4282300112' x='4' y='8' />
				<ship shipid='4259231440' x='4' y='9' />
				<ship shipid='4292753104' x='6' y='1' />
				<ship shipid='4269684432' x='6' y='2' />
				<ship shipid='4291704528' x='6' y='3' />
				<ship shipid='4290655952' x='6' y='4' />
				<ship shipid='4289607376' x='6' y='5' />
				<ship shipid='4288558800' x='6' y='6' />
				<ship shipid='4284364496' x='6' y='8' />
				<ship shipid='4287510224' x='6' y='7' />
				<ship shipid='4282267344' x='6' y='9' />
				<ship shipid='4255037136' x='8' y='7' />
				<ship shipid='4293801680' x='10' y='0' />
				<ship shipid='4280170192' x='10' y='1' />
				<ship shipid='4283381456' x='10' y='2' />
				<ship shipid='4286527184' x='10' y='3' />
				<ship shipid='4277024464' x='10' y='4' />
				<ship shipid='4290688720' x='10' y='5' />
				<ship shipid='4267620048' x='10' y='6' />
				<ship shipid='4276008656' x='10' y='7' />
				<ship shipid='4280202960' x='12' y='7' />
				<ship shipid='3247355600' x='12' y='9' />
		</ships>
		<types>
				<type id='3' nameIDS='IDS_CARRIER' x='0' y='-1' />
				<type id='2' nameIDS='IDS_BATTLESHIP' x='2' y='-1' />
				<type id='1' nameIDS='IDS_CRUISER' x='4' y='-1' />
				<type id='0' nameIDS='IDS_DESTROYER' x='6' y='-1' />
				<type id='4' nameIDS='IDS_PREMIUM' x='8' y='-1' />
				<type id='5' nameIDS='Special' x='10' y='-1' />
				<type id='6' nameIDS='Disabled' x='12' y='-1' />
		</types>
	</nation>
	<nation name='Russia'>
		<ships>
				<ship shipid='4187895248' x='0' y='1' />
				<ship shipid='4186846672' x='0' y='2' />
				<ship shipid='4185798096' x='0' y='3' />
				<ship shipid='4184749520' x='0' y='4' />
				<ship shipid='4183700944' x='0' y='5' />
				<ship shipid='4180555216' x='0' y='6' />
				<ship shipid='4181603792' x='0' y='7' />
				<ship shipid='4182652368' x='0' y='8' />
				<ship shipid='4179506640' x='0' y='9' />
				<ship shipid='4293834192' x='2' y='2' />
				<ship shipid='4291737040' x='2' y='4' />
				<ship shipid='4188976592' x='4' y='0' />
				<ship shipid='4292785616' x='4' y='1' />
				<ship shipid='4284397008' x='4' y='2' />
				<ship shipid='4293866960' x='4' y='3' />
				<ship shipid='4293801424' x='4' y='4' />
		</ships>
		<types>
				<type id='0' nameIDS='IDS_DESTROYER' x='0' y='-1' />
				<type id='4' nameIDS='IDS_PREMIUM' x='2' y='-1' />
				<type id='5' nameIDS='Special' x='4' y='-1' />
		</types>
	</nation>
	<nation name='Germany'>
		<ships>
				<ship shipid='4293867312' x='0' y='7' />
				<ship shipid='4293834544' x='2' y='0' />
				<ship shipid='4292785968' x='2' y='1' />
				<ship shipid='4186879792' x='2' y='2' />
				<ship shipid='4185831216' x='2' y='3' />
				<ship shipid='4184782640' x='2' y='4' />
				<ship shipid='4183734064' x='2' y='5' />
				<ship shipid='4182685488' x='2' y='6' />
				<ship shipid='4181636912' x='2' y='7' />
				<ship shipid='4180588336' x='2' y='8' />
				<ship shipid='4179539760' x='2' y='9' />
				<ship shipid='4292818736' x='4' y='7' />
		</ships>
		<types>
				<type id='1' nameIDS='IDS_CRUISER' x='2' y='-1' />
				<type id='2' nameIDS='IDS_BATTLESHIP' x='0' y='-1' />
				<type id='4' nameIDS='IDS_PREMIUM' x='4' y='-1' />
		</types>
	</nation>
	<nation name='United_Kingdom'>
		<ships>
				<ship shipid='4292818896' x='0' y='5' />
		</ships>
		<types>
				<type id='4' nameIDS='IDS_PREMIUM' x='0' y='-1' />
		</types>
	</nation>
	<nation name='Poland'>
		<ships>
				<ship shipid='3769513264' x='0' y='5' />
		</ships>
		<types>
				<type id='4' nameIDS='IDS_PREMIUM' x='0' y='-1' />
		</types>
	</nation>
</ship_tree>
