<?xml version="1.0" encoding="UTF-8" ?>
<XML>
    <MATERIALLIST>
        <MATERIAL name="at_dog">
            <DIFFUSE>150 150 150</DIFFUSE>
            <AMBIENT>150 150 150</AMBIENT>
            <SPECULAR>229 229 229</SPECULAR>
            <SPECULAR_LEVEL>0.000</SPECULAR_LEVEL>
            <GLOSSINESS>10.000</GLOSSINESS>
            <TEXTURELIST count="2">
                <TEXTURELAYER index="0">
                    <DIFFUSEMAP>dog.tga.dds</DIFFUSEMAP>
                </TEXTURELAYER>
                <TEXTURELAYER index="1">
                    <OPACITYMAP>dog.tga.dds</OPACITYMAP>
                </TEXTURELAYER>
                <TEX_ANIMATION />
            </TEXTURELIST>
            <TWOSIDED />
            <USEALPHATEST>
                <ALPHATESTVALUE>128</ALPHATESTVALUE>
            </USEALPHATEST>
        </MATERIAL>
    </MATERIALLIST>
    <USERPROPERTYLIST />
    <SCENE />
    <COLLISION />
</XML>
