<RSC001_Avrora_1917.xml>
  <sections>
    <bow>
      <model>russia\ship\cruiser\RSC001_Avrora_1917\RSC001_Avrora_1917_bow_ports.visual</model>
        <node>
           <name>HP_RGM_1</name>
           <model>\russia\gun\secondary\RGS001_6in45\RGS001_6in45.primitives</model>
        </node>
        <node>
           <name>MP_RM009RSC001Bow_0_0</name>
           <model>\russia\misc\RM009RSC001Bow\RM009RSC001Bow.primitives</model>
        </node>
        <node>
           <name>MP_RM025_Signal_Lamp</name>
           <model>\russia\misc\RM025\RM025.primitives</model>
        </node>
        <node>
           <name>HP_Fire_Burn_1</name>
           <model>UNKNOWN_ITEM</model>
        </node>
    </bow>
    <midfront>
      <model>russia\ship\cruiser\RSC001_Avrora_1917\RSC001_Avrora_1917_MidFront_ports.visual</model>
        <node>
           <name>HP_RF_1</name>
           <model>\russia\finder\RF001_Rangefinder_2_7m\RF001_Rangefinder_2_7m.primitives</model>
        </node>
        <node>
           <name>HP_RGM_2</name>
           <model>\russia\gun\secondary\RGS001_6in45\RGS001_6in45.primitives</model>
        </node>
        <node>
           <name>HP_RGM_3</name>
           <model>\russia\gun\secondary\RGS001_6in45\RGS001_6in45.primitives</model>
        </node>
        <node>
           <name>HP_RGM_4</name>
           <model>\russia\gun\secondary\RGS001_6in45\RGS001_6in45.primitives</model>
        </node>
        <node>
           <name>HP_RGM_5</name>
           <model>\russia\gun\secondary\RGS001_6in45\RGS001_6in45.primitives</model>
        </node>
        <node>
           <name>HP_RGM_6</name>
           <model>\russia\gun\secondary\RGS001_6in45\RGS001_6in45.primitives</model>
        </node>
        <node>
           <name>HP_RGM_7</name>
           <model>\russia\gun\secondary\RGS001_6in45\RGS001_6in45.primitives</model>
        </node>
        <node>
           <name>HP_RGA_1</name>
           <model>\russia\gun\aaircraft\RGA003_MachineGunMaxim_7_62\RGA003_MachineGunMaxim_7_62.primitives</model>
        </node>
        <node>
           <name>MP_RM016RSC001MidFront_0_0</name>
           <model>\russia\misc\RM016RSC001MidFront\RM016RSC001MidFront.primitives</model>
        </node>
        <node>
           <name>MP_RM014RSC001MidFront_0_0</name>
           <model>\russia\misc\RM014RSC001MidFront\RM014RSC001MidFront.primitives</model>
        </node>
        <node>
           <name>MP_RM019RSC001MidFront_0_0</name>
           <model>\russia\misc\RM019RSC001MidFront\RM019RSC001MidFront.primitives</model>
        </node>
        <node>
           <name>MP_RM054RSC001MidFront_0_0</name>
           <model>\russia\misc\RM054RSC001MidFront\RM054RSC001MidFront.primitives</model>
        </node>
        <node>
           <name>MP_RM024_Searchlight</name>
           <model>\russia\misc\RM024\RM024.primitives</model>
        </node>
        <node>
           <name>MP_RM023_Running_Light_L</name>
           <model>\russia\misc\RM023\RM023.primitives</model>
        </node>
        <node>
           <name>MP_RM007_Compass_Binnacle</name>
           <model>\russia\misc\RM007\RM007.primitives</model>
        </node>
        <node>
           <name>MP_CM056_Ships_bell</name>
           <model>\common\misc\CM056\CM056.primitives</model>
        </node>
        <node>
           <name>MP_RM030_Hatch</name>
           <model>\russia\misc\RM030\RM030.primitives</model>
        </node>
        <node>
           <name>MP_CM051RSC001MidFront_0_0</name>
           <model>\common\misc\CM051RSC001MidFront\CM051RSC001MidFront.primitives</model>
        </node>
        <node>
           <name>MP_RM056RSC001MidFront_0_0</name>
           <model>\russia\misc\RM056RSC001MidFront\RM056RSC001MidFront.primitives</model>
        </node>
        <node>
           <name>MP_RM026_Hatch</name>
           <model>\russia\misc\RM026\RM026.primitives</model>
        </node>
        <node>
           <name>MP_RM022_Running_Light_R</name>
           <model>\russia\misc\RM022\RM022.primitives</model>
        </node>
        <node>
           <name>MP_RM049RSC001MidFront_0_0</name>
           <model>\russia\misc\RM049RSC001MidFront\RM049RSC001MidFront.primitives</model>
        </node>
        <node>
           <name>MP_RM055RSC001MidFront_0_0</name>
           <model>\russia\misc\RM055RSC001MidFront\RM055RSC001MidFront.primitives</model>
        </node>
        <node>
           <name>MP_RM029_Signal_Lamp</name>
           <model>\russia\misc\RM029\RM029.primitives</model>
        </node>
        <node>
           <name>MP_RM005RSC001MidFront_0_0</name>
           <model>\russia\misc\RM005RSC001MidFront\RM005RSC001MidFront.primitives</model>
        </node>
        <node>
           <name>MP_RM027RSC001MidFront_0_0</name>
           <model>\russia\misc\RM027RSC001MidFront\RM027RSC001MidFront.primitives</model>
        </node>
        <node>
           <name>MP_RM015RSC001MidFront_0_0</name>
           <model>\russia\misc\RM015RSC001MidFront\RM015RSC001MidFront.primitives</model>
        </node>
        <node>
           <name>MP_RM011RSC001MidFront_0_0</name>
           <model>\russia\misc\RM011RSC001MidFront\RM011RSC001MidFront.primitives</model>
        </node>
        <node>
           <name>HP_flag_1</name>
           <model>\russia\misc\RM001\RM001.primitives</model>
        </node>
        <node>
           <name>HP_flag_2</name>
           <model>\russia\misc\RM001\RM001.primitives</model>
        </node>
        <node>
           <name>HP_flag_3</name>
           <model>\russia\misc\RM001\RM001.primitives</model>
        </node>
        <node>
           <name>HP_flag_4</name>
           <model>\russia\misc\RM001\RM001.primitives</model>
        </node>
        <node>
           <name>HP_Smoke_1</name>
           <model>UNKNOWN_ITEM</model>
        </node>
        <node>
           <name>HP_Smoke_2</name>
           <model>UNKNOWN_ITEM</model>
        </node>
        <node>
           <name>HP_Fire_Burn_2</name>
           <model>UNKNOWN_ITEM</model>
        </node>
        <node>
           <name>HP_NoseWave_Speed</name>
           <model>UNKNOWN_ITEM</model>
        </node>
    </midfront>
    <midback>
      <model>russia\ship\cruiser\RSC001_Avrora_1917\RSC001_Avrora_1917_MidBack_ports.visual</model>
        <node>
           <name>HP_RGM_8</name>
           <model>\russia\gun\secondary\RGS001_6in45\RGS001_6in45.primitives</model>
        </node>
        <node>
           <name>HP_RGM_9</name>
           <model>\russia\gun\secondary\RGS001_6in45\RGS001_6in45.primitives</model>
        </node>
        <node>
           <name>HP_RGM_10</name>
           <model>\russia\gun\secondary\RGS001_6in45\RGS001_6in45.primitives</model>
        </node>
        <node>
           <name>HP_RGM_11</name>
           <model>\russia\gun\secondary\RGS001_6in45\RGS001_6in45.primitives</model>
        </node>
        <node>
           <name>HP_RGA_2</name>
           <model>\russia\gun\aaircraft\RGA003_MachineGunMaxim_7_62\RGA003_MachineGunMaxim_7_62.primitives</model>
        </node>
        <node>
           <name>HP_RGA_3</name>
           <model>\russia\gun\aaircraft\RGA003_MachineGunMaxim_7_62\RGA003_MachineGunMaxim_7_62.primitives</model>
        </node>
        <node>
           <name>MP_RM027_Signal_Lamp</name>
           <model>\russia\misc\RM027\RM027.primitives</model>
        </node>
        <node>
           <name>MP_RM013RSC001MidBack_0_0</name>
           <model>\russia\misc\RM013RSC001MidBack\RM013RSC001MidBack.primitives</model>
        </node>
        <node>
           <name>MP_RM055RSC001MidBack_0_0</name>
           <model>\russia\misc\RM055RSC001MidBack\RM055RSC001MidBack.primitives</model>
        </node>
        <node>
           <name>MP_CM040_Steering_Wheel</name>
           <model>\common\misc\CM040\CM040.primitives</model>
        </node>
        <node>
           <name>MP_RM015RSC001MidBack_0_0</name>
           <model>\russia\misc\RM015RSC001MidBack\RM015RSC001MidBack.primitives</model>
        </node>
        <node>
           <name>MP_RM014RSC001MidBack_0_0</name>
           <model>\russia\misc\RM014RSC001MidBack\RM014RSC001MidBack.primitives</model>
        </node>
        <node>
           <name>MP_RM012_Ventilation</name>
           <model>\russia\misc\RM012\RM012.primitives</model>
        </node>
        <node>
           <name>MP_RM006RSC001MidBack_0_0</name>
           <model>\russia\misc\RM006RSC001MidBack\RM006RSC001MidBack.primitives</model>
        </node>
        <node>
           <name>MP_RM056RSC001MidBack_0_0</name>
           <model>\russia\misc\RM056RSC001MidBack\RM056RSC001MidBack.primitives</model>
        </node>
        <node>
           <name>MP_RM026RSC001MidBack_0_0</name>
           <model>\russia\misc\RM026RSC001MidBack\RM026RSC001MidBack.primitives</model>
        </node>
        <node>
           <name>MP_RM021_Screened_speed_light</name>
           <model>\russia\misc\RM021\RM021.primitives</model>
        </node>
        <node>
           <name>MP_CM022RSC001MidBack_0_0</name>
           <model>\common\misc\CM022RSC001MidBack\CM022RSC001MidBack.primitives</model>
        </node>
        <node>
           <name>MP_CM053_Telegraph</name>
           <model>\common\misc\CM053\CM053.primitives</model>
        </node>
        <node>
           <name>MP_RM010_Insulator</name>
           <model>\russia\misc\RM010\RM010.primitives</model>
        </node>
        <node>
           <name>MP_RM024_Searchlight</name>
           <model>\russia\misc\RM024\RM024.primitives</model>
        </node>
        <node>
           <name>MP_RM018RSC001MidBack_0_0</name>
           <model>\russia\misc\RM018RSC001MidBack\RM018RSC001MidBack.primitives</model>
        </node>
        <node>
           <name>MP_RM054RSC001MidBack_0_0</name>
           <model>\russia\misc\RM054RSC001MidBack\RM054RSC001MidBack.primitives</model>
        </node>
        <node>
           <name>MP_RM002RSC001MidBack_0_0</name>
           <model>\russia\misc\RM002RSC001MidBack\RM002RSC001MidBack.primitives</model>
        </node>
        <node>
           <name>MP_CM011_Fire_Fighting_Gear</name>
           <model>\common\misc\CM011\CM011.primitives</model>
        </node>
        <node>
           <name>MP_CM056_Ships_bell</name>
           <model>\common\misc\CM056\CM056.primitives</model>
        </node>
        <node>
           <name>MP_RM007_Compass_Binnacle</name>
           <model>\russia\misc\RM007\RM007.primitives</model>
        </node>
        <node>
           <name>HP_flag_nation</name>
           <model>UNKNOWN_ITEM</model>
        </node>
        <node>
           <name>HP_Smoke_3</name>
           <model>UNKNOWN_ITEM</model>
        </node>
        <node>
           <name>HP_Fire_Burn_3</name>
           <model>UNKNOWN_ITEM</model>
        </node>
    </midback>
    <stern>
      <model>russia\ship\cruiser\RSC001_Avrora_1917\RSC001_Avrora_1917_Stern_ports.visual</model>
        <node>
           <name>HP_RF_2</name>
           <model>\russia\finder\RF001_Rangefinder_2_7m\RF001_Rangefinder_2_7m.primitives</model>
        </node>
        <node>
           <name>HP_RGM_12</name>
           <model>\russia\gun\secondary\RGS001_6in45\RGS001_6in45.primitives</model>
        </node>
        <node>
           <name>HP_RGM_13</name>
           <model>\russia\gun\secondary\RGS001_6in45\RGS001_6in45.primitives</model>
        </node>
        <node>
           <name>HP_RGM_14</name>
           <model>\russia\gun\secondary\RGS001_6in45\RGS001_6in45.primitives</model>
        </node>
        <node>
           <name>HP_RGA_4</name>
           <model>\russia\gun\aaircraft\RGA003_MachineGunMaxim_7_62\RGA003_MachineGunMaxim_7_62.primitives</model>
        </node>
        <node>
           <name>HP_RGA_5</name>
           <model>\russia\gun\aaircraft\RGA003_MachineGunMaxim_7_62\RGA003_MachineGunMaxim_7_62.primitives</model>
        </node>
        <node>
           <name>HP_RGA_6</name>
           <model>\russia\gun\aaircraft\RGA003_MachineGunMaxim_7_62\RGA003_MachineGunMaxim_7_62.primitives</model>
        </node>
        <node>
           <name>MP_RM054RSC001Stern_0_0</name>
           <model>\russia\misc\RM054RSC001Stern\RM054RSC001Stern.primitives</model>
        </node>
        <node>
           <name>MP_RM015RSC001Stern_0_0</name>
           <model>\russia\misc\RM015RSC001Stern\RM015RSC001Stern.primitives</model>
        </node>
        <node>
           <name>MP_CM011RSC001Stern_0_0</name>
           <model>\common\misc\CM011RSC001Stern\CM011RSC001Stern.primitives</model>
        </node>
        <node>
           <name>MP_RM027RSC001Stern_0_0</name>
           <model>\russia\misc\RM027RSC001Stern\RM027RSC001Stern.primitives</model>
        </node>
        <node>
           <name>MP_RM017RSC001Stern_0_0</name>
           <model>\russia\misc\RM017RSC001Stern\RM017RSC001Stern.primitives</model>
        </node>
        <node>
           <name>MP_CM022RSC001Stern_0_0</name>
           <model>\common\misc\CM022RSC001Stern\CM022RSC001Stern.primitives</model>
        </node>
        <node>
           <name>MP_CM032_Propeller3_R</name>
           <model>\common\misc\CM032\CM032.primitives</model>
        </node>
        <node>
           <name>MP_CM001_Propeller3_L</name>
           <model>\common\misc\CM001\CM001.primitives</model>
        </node>
        <node>
           <name>MP_RM003RSC001Stern_0_0</name>
           <model>\russia\misc\RM003RSC001Stern\RM003RSC001Stern.primitives</model>
        </node>
        <node>
           <name>MP_CM032_Propeller3_R_INDEX_1</name>
           <model>\common\misc\CM032\CM032.primitives</model>
        </node>
        <node>
           <name>HP_Fire_Burn_4</name>
           <model>UNKNOWN_ITEM</model>
        </node>
    </stern>
  </sections>
</RSC001_Avrora_1917.xml>
