﻿"Time of Day","Process Name","PID","Operation","Path","Result","Detail"
"9:54:17.4962223","worldofwarships.exe","4380","ReadFile","V:\Games\World of Warships\res\content\gameplay\russia\ship\cruiser\RSC001_Avrora_1917\RSC001_Avrora_1917.model","SUCCESS","Offset: 0, Length: 712, Priority: Normal"
"9:54:17.4962440","worldofwarships.exe","4380","ReadFile","V:\Games\World of Warships\res\content\gameplay\russia\ship\cruiser\RSC001_Avrora_1917\RSC001_Avrora_1917.model","SUCCESS","Offset: 0, Length: 712, I/O Flags: Non-cached, Paging I/O, Priority: Normal"
"9:54:17.5130295","worldofwarships.exe","4380","ReadFile","V:\Games\World of Warships\res\content\gameplay\russia\ship\cruiser\RSC001_Avrora_1917\RSC001_Avrora_1917.model","SUCCESS","Offset: 0, Length: 712, Priority: Normal"
"9:54:17.5134154","worldofwarships.exe","4380","ReadFile","V:\Games\World of Warships\res\content\gameplay\russia\ship\cruiser\RSC001_Avrora_1917\RSC001_Avrora_1917_Bow.model","SUCCESS","Offset: 0, Length: 723, Priority: Normal"
"9:54:17.5134362","worldofwarships.exe","4380","ReadFile","V:\Games\World of Warships\res\content\gameplay\russia\ship\cruiser\RSC001_Avrora_1917\RSC001_Avrora_1917_Bow.model","SUCCESS","Offset: 0, Length: 723, I/O Flags: Non-cached, Paging I/O, Priority: Normal"
"9:54:17.5138949","worldofwarships.exe","4380","ReadFile","V:\Games\World of Warships\res\content\gameplay\russia\ship\cruiser\RSC001_Avrora_1917\RSC001_Avrora_1917_Bow.model","SUCCESS","Offset: 0, Length: 723, Priority: Normal"
"9:54:17.5142440","worldofwarships.exe","4380","ReadFile","V:\Games\World of Warships\res\content\gameplay\russia\ship\cruiser\RSC001_Avrora_1917\RSC001_Avrora_1917_Bow_ports.model","SUCCESS","Offset: 0, Length: 633, Priority: Normal"
"9:54:17.5142616","worldofwarships.exe","4380","ReadFile","V:\Games\World of Warships\res\content\gameplay\russia\ship\cruiser\RSC001_Avrora_1917\RSC001_Avrora_1917_Bow_ports.model","SUCCESS","Offset: 0, Length: 633, I/O Flags: Non-cached, Paging I/O, Priority: Normal"
"9:54:17.5149968","worldofwarships.exe","4380","ReadFile","V:\Games\World of Warships\res\content\gameplay\russia\ship\cruiser\RSC001_Avrora_1917\RSC001_Avrora_1917_Bow_ports.model","SUCCESS","Offset: 0, Length: 633, Priority: Normal"
"9:54:17.5153399","worldofwarships.exe","4380","ReadFile","V:\Games\World of Warships\res\content\gameplay\russia\ship\cruiser\RSC001_Avrora_1917\RSC001_Avrora_1917_MidBack.model","SUCCESS","Offset: 0, Length: 740, Priority: Normal"
"9:54:17.5153574","worldofwarships.exe","4380","ReadFile","V:\Games\World of Warships\res\content\gameplay\russia\ship\cruiser\RSC001_Avrora_1917\RSC001_Avrora_1917_MidBack.model","SUCCESS","Offset: 0, Length: 740, I/O Flags: Non-cached, Paging I/O, Priority: Normal"
"9:54:17.5157462","worldofwarships.exe","4380","ReadFile","V:\Games\World of Warships\res\content\gameplay\russia\ship\cruiser\RSC001_Avrora_1917\RSC001_Avrora_1917_MidBack.model","SUCCESS","Offset: 0, Length: 740, Priority: Normal"
"9:54:17.5160476","worldofwarships.exe","4380","ReadFile","V:\Games\World of Warships\res\content\gameplay\russia\ship\cruiser\RSC001_Avrora_1917\RSC001_Avrora_1917_MidBack_ports.model","SUCCESS","Offset: 0, Length: 649, Priority: Normal"
"9:54:17.5160646","worldofwarships.exe","4380","ReadFile","V:\Games\World of Warships\res\content\gameplay\russia\ship\cruiser\RSC001_Avrora_1917\RSC001_Avrora_1917_MidBack_ports.model","SUCCESS","Offset: 0, Length: 649, I/O Flags: Non-cached, Paging I/O, Priority: Normal"
"9:54:17.5235931","worldofwarships.exe","4380","ReadFile","V:\Games\World of Warships\res\content\gameplay\russia\ship\cruiser\RSC001_Avrora_1917\RSC001_Avrora_1917_MidBack_ports.model","SUCCESS","Offset: 0, Length: 649, Priority: Normal"
"9:54:17.5239399","worldofwarships.exe","4380","ReadFile","V:\Games\World of Warships\res\content\gameplay\russia\ship\cruiser\RSC001_Avrora_1917\RSC001_Avrora_1917_MidFront.model","SUCCESS","Offset: 0, Length: 744, Priority: Normal"
"9:54:17.5239591","worldofwarships.exe","4380","ReadFile","V:\Games\World of Warships\res\content\gameplay\russia\ship\cruiser\RSC001_Avrora_1917\RSC001_Avrora_1917_MidFront.model","SUCCESS","Offset: 0, Length: 744, I/O Flags: Non-cached, Paging I/O, Priority: Normal"
"9:54:17.5244527","worldofwarships.exe","4380","ReadFile","V:\Games\World of Warships\res\content\gameplay\russia\ship\cruiser\RSC001_Avrora_1917\RSC001_Avrora_1917_MidFront.model","SUCCESS","Offset: 0, Length: 744, Priority: Normal"
"9:54:17.5247794","worldofwarships.exe","4380","ReadFile","V:\Games\World of Warships\res\content\gameplay\russia\ship\cruiser\RSC001_Avrora_1917\RSC001_Avrora_1917_MidFront_ports.model","SUCCESS","Offset: 0, Length: 648, Priority: Normal"
"9:54:17.5247973","worldofwarships.exe","4380","ReadFile","V:\Games\World of Warships\res\content\gameplay\russia\ship\cruiser\RSC001_Avrora_1917\RSC001_Avrora_1917_MidFront_ports.model","SUCCESS","Offset: 0, Length: 648, I/O Flags: Non-cached, Paging I/O, Priority: Normal"
"9:54:17.5252919","worldofwarships.exe","4380","ReadFile","V:\Games\World of Warships\res\content\gameplay\russia\ship\cruiser\RSC001_Avrora_1917\RSC001_Avrora_1917_MidFront_ports.model","SUCCESS","Offset: 0, Length: 648, Priority: Normal"
"9:54:17.5255943","worldofwarships.exe","4380","ReadFile","V:\Games\World of Warships\res\content\gameplay\russia\ship\cruiser\RSC001_Avrora_1917\RSC001_Avrora_1917_Stern.model","SUCCESS","Offset: 0, Length: 733, Priority: Normal"
"9:54:17.5256109","worldofwarships.exe","4380","ReadFile","V:\Games\World of Warships\res\content\gameplay\russia\ship\cruiser\RSC001_Avrora_1917\RSC001_Avrora_1917_Stern.model","SUCCESS","Offset: 0, Length: 733, I/O Flags: Non-cached, Paging I/O, Priority: Normal"
"9:54:17.5260051","worldofwarships.exe","4380","ReadFile","V:\Games\World of Warships\res\content\gameplay\russia\ship\cruiser\RSC001_Avrora_1917\RSC001_Avrora_1917_Stern.model","SUCCESS","Offset: 0, Length: 733, Priority: Normal"
"9:54:17.5262963","worldofwarships.exe","4380","ReadFile","V:\Games\World of Warships\res\content\gameplay\russia\ship\cruiser\RSC001_Avrora_1917\RSC001_Avrora_1917_Stern_ports.model","SUCCESS","Offset: 0, Length: 641, Priority: Normal"
"9:54:17.5263126","worldofwarships.exe","4380","ReadFile","V:\Games\World of Warships\res\content\gameplay\russia\ship\cruiser\RSC001_Avrora_1917\RSC001_Avrora_1917_Stern_ports.model","SUCCESS","Offset: 0, Length: 641, I/O Flags: Non-cached, Paging I/O, Priority: Normal"
"9:54:17.5267039","worldofwarships.exe","4380","ReadFile","V:\Games\World of Warships\res\content\gameplay\russia\ship\cruiser\RSC001_Avrora_1917\RSC001_Avrora_1917_Stern_ports.model","SUCCESS","Offset: 0, Length: 641, Priority: Normal"
"9:54:17.5283365","worldofwarships.exe","4380","ReadFile","V:\Games\World of Warships\res\content\gameplay\russia\gun\secondary\RGS001_6in45\RGS001_6in45.model","SUCCESS","Offset: 0, Length: 674, Priority: Normal"
"9:54:17.5283544","worldofwarships.exe","4380","ReadFile","V:\Games\World of Warships\res\content\gameplay\russia\gun\secondary\RGS001_6in45\RGS001_6in45.model","SUCCESS","Offset: 0, Length: 674, I/O Flags: Non-cached, Paging I/O, Priority: Normal"
"9:54:17.5434584","worldofwarships.exe","4380","ReadFile","V:\Games\World of Warships\res\content\gameplay\russia\gun\secondary\RGS001_6in45\RGS001_6in45.model","SUCCESS","Offset: 0, Length: 674, Priority: Normal"
"9:54:17.5446745","worldofwarships.exe","4380","ReadFile","V:\Games\World of Warships\res\content\gameplay\russia\gun\aaircraft\RGA003_MachineGunMaxim_7_62\RGA003_MachineGunMaxim_7_62.model","SUCCESS","Offset: 0, Length: 731, Priority: Normal"
"9:54:17.5446933","worldofwarships.exe","4380","ReadFile","V:\Games\World of Warships\res\content\gameplay\russia\gun\aaircraft\RGA003_MachineGunMaxim_7_62\RGA003_MachineGunMaxim_7_62.model","SUCCESS","Offset: 0, Length: 731, I/O Flags: Non-cached, Paging I/O, Priority: Normal"
"9:54:17.5531390","worldofwarships.exe","4380","ReadFile","V:\Games\World of Warships\res\content\gameplay\russia\gun\aaircraft\RGA003_MachineGunMaxim_7_62\RGA003_MachineGunMaxim_7_62.model","SUCCESS","Offset: 0, Length: 731, Priority: Normal"
"9:54:17.5542029","worldofwarships.exe","4380","ReadFile","V:\Games\World of Warships\res\content\gameplay\russia\finder\RF001_Rangefinder_2_7m\RF001_Rangefinder_2_7m.model","SUCCESS","Offset: 0, Length: 684, Priority: Normal"
"9:54:17.5542201","worldofwarships.exe","4380","ReadFile","V:\Games\World of Warships\res\content\gameplay\russia\finder\RF001_Rangefinder_2_7m\RF001_Rangefinder_2_7m.model","SUCCESS","Offset: 0, Length: 684, I/O Flags: Non-cached, Paging I/O, Priority: Normal"
"9:54:17.5547029","worldofwarships.exe","4380","ReadFile","V:\Games\World of Warships\res\content\gameplay\russia\finder\RF001_Rangefinder_2_7m\RF001_Rangefinder_2_7m.model","SUCCESS","Offset: 0, Length: 684, Priority: Normal"
"9:54:20.0075356","worldofwarships.exe","4380","ReadFile","V:\Games\World of Warships\res\content\gameplay\russia\misc\RM009RSC001Bow\RM009RSC001Bow.model","SUCCESS","Offset: 0, Length: 632, Priority: Normal"
"9:54:20.0075571","worldofwarships.exe","4380","ReadFile","V:\Games\World of Warships\res\content\gameplay\russia\misc\RM009RSC001Bow\RM009RSC001Bow.model","SUCCESS","Offset: 0, Length: 632, I/O Flags: Non-cached, Paging I/O, Priority: Normal"
"9:54:20.0132947","worldofwarships.exe","4380","ReadFile","V:\Games\World of Warships\res\content\gameplay\russia\misc\RM009RSC001Bow\RM009RSC001Bow.model","SUCCESS","Offset: 0, Length: 632, Priority: Normal"
"9:54:20.4171756","worldofwarships.exe","4380","ReadFile","V:\Games\World of Warships\res\content\gameplay\russia\misc\RM025\RM025.model","SUCCESS","Offset: 0, Length: 582, Priority: Normal"
"9:54:20.4171967","worldofwarships.exe","4380","ReadFile","V:\Games\World of Warships\res\content\gameplay\russia\misc\RM025\RM025.model","SUCCESS","Offset: 0, Length: 582, I/O Flags: Non-cached, Paging I/O, Priority: Normal"
"9:54:20.4175030","worldofwarships.exe","4380","ReadFile","V:\Games\World of Warships\res\content\gameplay\russia\misc\RM025\RM025.model","SUCCESS","Offset: 0, Length: 582, Priority: Normal"
"9:54:20.5961674","worldofwarships.exe","4380","ReadFile","V:\Games\World of Warships\res\content\gameplay\russia\finder\RF001_Rangefinder_2_7m\RF001_Rangefinder_2_7m.model","SUCCESS","Offset: 0, Length: 684, Priority: Normal"
"9:54:20.5967199","worldofwarships.exe","4380","ReadFile","V:\Games\World of Warships\res\content\gameplay\russia\finder\RF001_Rangefinder_2_7m\RF001_Rangefinder_2_7m.model","SUCCESS","Offset: 0, Length: 684, Priority: Normal"
"9:54:20.9365191","worldofwarships.exe","4380","ReadFile","V:\Games\World of Warships\res\content\gameplay\russia\misc\RM027\RM027.model","SUCCESS","Offset: 0, Length: 432, Priority: Normal"
"9:54:20.9365405","worldofwarships.exe","4380","ReadFile","V:\Games\World of Warships\res\content\gameplay\russia\misc\RM027\RM027.model","SUCCESS","Offset: 0, Length: 432, I/O Flags: Non-cached, Paging I/O, Priority: Normal"
"9:54:20.9368854","worldofwarships.exe","4380","ReadFile","V:\Games\World of Warships\res\content\gameplay\russia\misc\RM027\RM027.model","SUCCESS","Offset: 0, Length: 432, Priority: Normal"
"9:54:21.0863038","worldofwarships.exe","4380","ReadFile","V:\Games\World of Warships\res\content\gameplay\russia\misc\RM013RSC001MidBack\RM013RSC001MidBack.model","SUCCESS","Offset: 0, Length: 656, Priority: Normal"
"9:54:21.0863256","worldofwarships.exe","4380","ReadFile","V:\Games\World of Warships\res\content\gameplay\russia\misc\RM013RSC001MidBack\RM013RSC001MidBack.model","SUCCESS","Offset: 0, Length: 656, I/O Flags: Non-cached, Paging I/O, Priority: Normal"
"9:54:21.1079025","worldofwarships.exe","4380","ReadFile","V:\Games\World of Warships\res\content\gameplay\russia\misc\RM013RSC001MidBack\RM013RSC001MidBack.model","SUCCESS","Offset: 0, Length: 656, Priority: Normal"
"9:54:21.3324486","worldofwarships.exe","4380","ReadFile","V:\Games\World of Warships\res\content\gameplay\russia\misc\RM055RSC001MidBack\RM055RSC001MidBack.model","SUCCESS","Offset: 0, Length: 656, Priority: Normal"
"9:54:21.3324709","worldofwarships.exe","4380","ReadFile","V:\Games\World of Warships\res\content\gameplay\russia\misc\RM055RSC001MidBack\RM055RSC001MidBack.model","SUCCESS","Offset: 0, Length: 656, I/O Flags: Non-cached, Paging I/O, Priority: Normal"
"9:54:21.3437065","worldofwarships.exe","4380","ReadFile","V:\Games\World of Warships\res\content\gameplay\russia\misc\RM055RSC001MidBack\RM055RSC001MidBack.model","SUCCESS","Offset: 0, Length: 656, Priority: Normal"
"9:54:21.7308233","worldofwarships.exe","4380","ReadFile","V:\Games\World of Warships\res\content\gameplay\common\misc\CM040\CM040.model","SUCCESS","Offset: 0, Length: 578, Priority: Normal"
"9:54:21.7308450","worldofwarships.exe","4380","ReadFile","V:\Games\World of Warships\res\content\gameplay\common\misc\CM040\CM040.model","SUCCESS","Offset: 0, Length: 578, I/O Flags: Non-cached, Paging I/O, Priority: Normal"
"9:54:21.7311596","worldofwarships.exe","4380","ReadFile","V:\Games\World of Warships\res\content\gameplay\common\misc\CM040\CM040.model","SUCCESS","Offset: 0, Length: 578, Priority: Normal"
"9:54:22.0468843","worldofwarships.exe","4380","ReadFile","V:\Games\World of Warships\res\content\gameplay\russia\misc\RM015RSC001MidBack\RM015RSC001MidBack.model","SUCCESS","Offset: 0, Length: 656, Priority: Normal"
"9:54:22.0469060","worldofwarships.exe","4380","ReadFile","V:\Games\World of Warships\res\content\gameplay\russia\misc\RM015RSC001MidBack\RM015RSC001MidBack.model","SUCCESS","Offset: 0, Length: 656, I/O Flags: Non-cached, Paging I/O, Priority: Normal"
"9:54:22.0648609","worldofwarships.exe","4380","ReadFile","V:\Games\World of Warships\res\content\gameplay\russia\misc\RM015RSC001MidBack\RM015RSC001MidBack.model","SUCCESS","Offset: 0, Length: 656, Priority: Normal"
"9:54:22.1964053","worldofwarships.exe","4380","ReadFile","V:\Games\World of Warships\res\content\gameplay\russia\misc\RM014RSC001MidBack\RM014RSC001MidBack.model","SUCCESS","Offset: 0, Length: 656, Priority: Normal"
"9:54:22.1964273","worldofwarships.exe","4380","ReadFile","V:\Games\World of Warships\res\content\gameplay\russia\misc\RM014RSC001MidBack\RM014RSC001MidBack.model","SUCCESS","Offset: 0, Length: 656, I/O Flags: Non-cached, Paging I/O, Priority: Normal"
"9:54:22.2084106","worldofwarships.exe","4380","ReadFile","V:\Games\World of Warships\res\content\gameplay\russia\misc\RM014RSC001MidBack\RM014RSC001MidBack.model","SUCCESS","Offset: 0, Length: 656, Priority: Normal"
"9:54:22.3911226","worldofwarships.exe","4380","ReadFile","V:\Games\World of Warships\res\content\gameplay\russia\misc\RM012\RM012.model","SUCCESS","Offset: 0, Length: 581, Priority: Normal"
"9:54:22.3911437","worldofwarships.exe","4380","ReadFile","V:\Games\World of Warships\res\content\gameplay\russia\misc\RM012\RM012.model","SUCCESS","Offset: 0, Length: 581, I/O Flags: Non-cached, Paging I/O, Priority: Normal"
"9:54:22.3914812","worldofwarships.exe","4380","ReadFile","V:\Games\World of Warships\res\content\gameplay\russia\misc\RM012\RM012.model","SUCCESS","Offset: 0, Length: 581, Priority: Normal"
"9:54:22.4303200","worldofwarships.exe","4380","ReadFile","V:\Games\World of Warships\res\content\gameplay\russia\misc\RM006RSC001MidBack\RM006RSC001MidBack.model","SUCCESS","Offset: 0, Length: 656, Priority: Normal"
"9:54:22.4303369","worldofwarships.exe","4380","ReadFile","V:\Games\World of Warships\res\content\gameplay\russia\misc\RM006RSC001MidBack\RM006RSC001MidBack.model","SUCCESS","Offset: 0, Length: 656, I/O Flags: Non-cached, Paging I/O, Priority: Normal"
"9:54:22.4568839","worldofwarships.exe","4380","ReadFile","V:\Games\World of Warships\res\content\gameplay\russia\misc\RM006RSC001MidBack\RM006RSC001MidBack.model","SUCCESS","Offset: 0, Length: 656, Priority: Normal"
"9:54:22.8649891","worldofwarships.exe","4380","ReadFile","V:\Games\World of Warships\res\content\gameplay\russia\misc\RM056RSC001MidBack\RM056RSC001MidBack.model","SUCCESS","Offset: 0, Length: 656, Priority: Normal"
"9:54:22.8650108","worldofwarships.exe","4380","ReadFile","V:\Games\World of Warships\res\content\gameplay\russia\misc\RM056RSC001MidBack\RM056RSC001MidBack.model","SUCCESS","Offset: 0, Length: 656, I/O Flags: Non-cached, Paging I/O, Priority: Normal"
"9:54:22.8785500","worldofwarships.exe","4380","ReadFile","V:\Games\World of Warships\res\content\gameplay\russia\misc\RM056RSC001MidBack\RM056RSC001MidBack.model","SUCCESS","Offset: 0, Length: 656, Priority: Normal"
"9:54:23.1980801","worldofwarships.exe","4380","ReadFile","V:\Games\World of Warships\res\content\gameplay\russia\misc\RM026RSC001MidBack\RM026RSC001MidBack.model","SUCCESS","Offset: 0, Length: 655, Priority: Normal"
"9:54:23.1981022","worldofwarships.exe","4380","ReadFile","V:\Games\World of Warships\res\content\gameplay\russia\misc\RM026RSC001MidBack\RM026RSC001MidBack.model","SUCCESS","Offset: 0, Length: 655, I/O Flags: Non-cached, Paging I/O, Priority: Normal"
"9:54:23.2108974","worldofwarships.exe","4380","ReadFile","V:\Games\World of Warships\res\content\gameplay\russia\misc\RM026RSC001MidBack\RM026RSC001MidBack.model","SUCCESS","Offset: 0, Length: 655, Priority: Normal"
"9:54:23.5049883","worldofwarships.exe","4380","ReadFile","V:\Games\World of Warships\res\content\gameplay\russia\misc\RM021\RM021.model","SUCCESS","Offset: 0, Length: 581, Priority: Normal"
"9:54:23.5050094","worldofwarships.exe","4380","ReadFile","V:\Games\World of Warships\res\content\gameplay\russia\misc\RM021\RM021.model","SUCCESS","Offset: 0, Length: 581, I/O Flags: Non-cached, Paging I/O, Priority: Normal"
"9:54:23.5053198","worldofwarships.exe","4380","ReadFile","V:\Games\World of Warships\res\content\gameplay\russia\misc\RM021\RM021.model","SUCCESS","Offset: 0, Length: 581, Priority: Normal"
"9:54:23.7328702","worldofwarships.exe","4380","ReadFile","V:\Games\World of Warships\res\content\gameplay\common\misc\CM022RSC001MidBack\CM022RSC001MidBack.model","SUCCESS","Offset: 0, Length: 688, Priority: Normal"
"9:54:23.7328929","worldofwarships.exe","4380","ReadFile","V:\Games\World of Warships\res\content\gameplay\common\misc\CM022RSC001MidBack\CM022RSC001MidBack.model","SUCCESS","Offset: 0, Length: 688, I/O Flags: Non-cached, Paging I/O, Priority: Normal"
"9:54:23.7596234","worldofwarships.exe","4380","ReadFile","V:\Games\World of Warships\res\content\gameplay\common\misc\CM022RSC001MidBack\CM022RSC001MidBack.model","SUCCESS","Offset: 0, Length: 688, Priority: Normal"
"9:54:23.9788052","worldofwarships.exe","4380","ReadFile","V:\Games\World of Warships\res\content\gameplay\common\misc\CM053\CM053.model","SUCCESS","Offset: 0, Length: 578, Priority: Normal"
"9:54:23.9788267","worldofwarships.exe","4380","ReadFile","V:\Games\World of Warships\res\content\gameplay\common\misc\CM053\CM053.model","SUCCESS","Offset: 0, Length: 578, I/O Flags: Non-cached, Paging I/O, Priority: Normal"
"9:54:23.9807623","worldofwarships.exe","4380","ReadFile","V:\Games\World of Warships\res\content\gameplay\common\misc\CM053\CM053.model","SUCCESS","Offset: 0, Length: 578, Priority: Normal"
"9:54:24.1486983","worldofwarships.exe","4380","ReadFile","V:\Games\World of Warships\res\content\gameplay\russia\misc\RM010\RM010.model","SUCCESS","Offset: 0, Length: 578, Priority: Normal"
"9:54:24.1487191","worldofwarships.exe","4380","ReadFile","V:\Games\World of Warships\res\content\gameplay\russia\misc\RM010\RM010.model","SUCCESS","Offset: 0, Length: 578, I/O Flags: Non-cached, Paging I/O, Priority: Normal"
"9:54:24.1490726","worldofwarships.exe","4380","ReadFile","V:\Games\World of Warships\res\content\gameplay\russia\misc\RM010\RM010.model","SUCCESS","Offset: 0, Length: 578, Priority: Normal"
"9:54:24.2172961","worldofwarships.exe","4380","ReadFile","V:\Games\World of Warships\res\content\gameplay\russia\misc\RM024\RM024.model","SUCCESS","Offset: 0, Length: 581, Priority: Normal"
"9:54:24.2173140","worldofwarships.exe","4380","ReadFile","V:\Games\World of Warships\res\content\gameplay\russia\misc\RM024\RM024.model","SUCCESS","Offset: 0, Length: 581, I/O Flags: Non-cached, Paging I/O, Priority: Normal"
"9:54:24.2176510","worldofwarships.exe","4380","ReadFile","V:\Games\World of Warships\res\content\gameplay\russia\misc\RM024\RM024.model","SUCCESS","Offset: 0, Length: 581, Priority: Normal"
"9:54:24.6451874","worldofwarships.exe","4380","ReadFile","V:\Games\World of Warships\res\content\gameplay\russia\misc\RM018RSC001MidBack\RM018RSC001MidBack.model","SUCCESS","Offset: 0, Length: 655, Priority: Normal"
"9:54:24.6452078","worldofwarships.exe","4380","ReadFile","V:\Games\World of Warships\res\content\gameplay\russia\misc\RM018RSC001MidBack\RM018RSC001MidBack.model","SUCCESS","Offset: 0, Length: 655, I/O Flags: Non-cached, Paging I/O, Priority: Normal"
"9:54:24.6471160","worldofwarships.exe","4380","ReadFile","V:\Games\World of Warships\res\content\gameplay\russia\misc\RM018RSC001MidBack\RM018RSC001MidBack.model","SUCCESS","Offset: 0, Length: 655, Priority: Normal"
"9:54:24.9748719","worldofwarships.exe","4380","ReadFile","V:\Games\World of Warships\res\content\gameplay\russia\misc\RM054RSC001MidBack\RM054RSC001MidBack.model","SUCCESS","Offset: 0, Length: 653, Priority: Normal"
"9:54:24.9748927","worldofwarships.exe","4380","ReadFile","V:\Games\World of Warships\res\content\gameplay\russia\misc\RM054RSC001MidBack\RM054RSC001MidBack.model","SUCCESS","Offset: 0, Length: 653, I/O Flags: Non-cached, Paging I/O, Priority: Normal"
"9:54:25.0045549","worldofwarships.exe","4380","ReadFile","V:\Games\World of Warships\res\content\gameplay\russia\misc\RM054RSC001MidBack\RM054RSC001MidBack.model","SUCCESS","Offset: 0, Length: 653, Priority: Normal"
"9:54:25.0947019","worldofwarships.exe","4380","ReadFile","V:\Games\World of Warships\res\content\gameplay\russia\misc\RM002RSC001MidBack\RM002RSC001MidBack.model","SUCCESS","Offset: 0, Length: 656, Priority: Normal"
"9:54:25.0947233","worldofwarships.exe","4380","ReadFile","V:\Games\World of Warships\res\content\gameplay\russia\misc\RM002RSC001MidBack\RM002RSC001MidBack.model","SUCCESS","Offset: 0, Length: 656, I/O Flags: Non-cached, Paging I/O, Priority: Normal"
"9:54:25.1109471","worldofwarships.exe","4380","ReadFile","V:\Games\World of Warships\res\content\gameplay\russia\misc\RM002RSC001MidBack\RM002RSC001MidBack.model","SUCCESS","Offset: 0, Length: 656, Priority: Normal"
"9:54:25.5672523","worldofwarships.exe","4380","ReadFile","V:\Games\World of Warships\res\content\gameplay\common\misc\CM011\CM011.model","SUCCESS","Offset: 0, Length: 577, Priority: Normal"
"9:54:25.5672766","worldofwarships.exe","4380","ReadFile","V:\Games\World of Warships\res\content\gameplay\common\misc\CM011\CM011.model","SUCCESS","Offset: 0, Length: 577, I/O Flags: Non-cached, Paging I/O, Priority: Normal"
"9:54:25.5674824","worldofwarships.exe","4380","ReadFile","V:\Games\World of Warships\res\content\gameplay\common\misc\CM011\CM011.model","SUCCESS","Offset: 0, Length: 577, Priority: Normal"
"9:54:25.8107331","worldofwarships.exe","4380","ReadFile","V:\Games\World of Warships\res\content\gameplay\common\misc\CM056\CM056.model","SUCCESS","Offset: 0, Length: 578, Priority: Normal"
"9:54:25.8107583","worldofwarships.exe","4380","ReadFile","V:\Games\World of Warships\res\content\gameplay\common\misc\CM056\CM056.model","SUCCESS","Offset: 0, Length: 578, I/O Flags: Non-cached, Paging I/O, Priority: Normal"
"9:54:25.8109652","worldofwarships.exe","4380","ReadFile","V:\Games\World of Warships\res\content\gameplay\common\misc\CM056\CM056.model","SUCCESS","Offset: 0, Length: 578, Priority: Normal"
"9:54:26.0802369","worldofwarships.exe","4380","ReadFile","V:\Games\World of Warships\res\content\gameplay\russia\misc\RM007\RM007.model","SUCCESS","Offset: 0, Length: 582, Priority: Normal"
"9:54:26.0802574","worldofwarships.exe","4380","ReadFile","V:\Games\World of Warships\res\content\gameplay\russia\misc\RM007\RM007.model","SUCCESS","Offset: 0, Length: 582, I/O Flags: Non-cached, Paging I/O, Priority: Normal"
"9:54:26.0804543","worldofwarships.exe","4380","ReadFile","V:\Games\World of Warships\res\content\gameplay\russia\misc\RM007\RM007.model","SUCCESS","Offset: 0, Length: 582, Priority: Normal"
"9:54:26.4277916","worldofwarships.exe","4380","ReadFile","V:\Games\World of Warships\res\content\gameplay\russia\misc\RM016RSC001MidFront\RM016RSC001MidFront.model","SUCCESS","Offset: 0, Length: 662, Priority: Normal"
"9:54:26.4278114","worldofwarships.exe","4380","ReadFile","V:\Games\World of Warships\res\content\gameplay\russia\misc\RM016RSC001MidFront\RM016RSC001MidFront.model","SUCCESS","Offset: 0, Length: 662, I/O Flags: Non-cached, Paging I/O, Priority: Normal"
"9:54:26.4282053","worldofwarships.exe","4380","ReadFile","V:\Games\World of Warships\res\content\gameplay\russia\misc\RM016RSC001MidFront\RM016RSC001MidFront.model","SUCCESS","Offset: 0, Length: 662, Priority: Normal"
"9:54:26.5528238","worldofwarships.exe","4380","ReadFile","V:\Games\World of Warships\res\content\gameplay\russia\misc\RM014RSC001MidFront\RM014RSC001MidFront.model","SUCCESS","Offset: 0, Length: 662, Priority: Normal"
"9:54:26.5528455","worldofwarships.exe","4380","ReadFile","V:\Games\World of Warships\res\content\gameplay\russia\misc\RM014RSC001MidFront\RM014RSC001MidFront.model","SUCCESS","Offset: 0, Length: 662, I/O Flags: Non-cached, Paging I/O, Priority: Normal"
"9:54:26.5620926","worldofwarships.exe","4380","ReadFile","V:\Games\World of Warships\res\content\gameplay\russia\misc\RM014RSC001MidFront\RM014RSC001MidFront.model","SUCCESS","Offset: 0, Length: 662, Priority: Normal"
"9:54:26.8380032","worldofwarships.exe","4380","ReadFile","V:\Games\World of Warships\res\content\gameplay\russia\misc\RM019RSC001MidFront\RM019RSC001MidFront.model","SUCCESS","Offset: 0, Length: 658, Priority: Normal"
"9:54:26.8380249","worldofwarships.exe","4380","ReadFile","V:\Games\World of Warships\res\content\gameplay\russia\misc\RM019RSC001MidFront\RM019RSC001MidFront.model","SUCCESS","Offset: 0, Length: 658, I/O Flags: Non-cached, Paging I/O, Priority: Normal"
"9:54:26.8544067","worldofwarships.exe","4380","ReadFile","V:\Games\World of Warships\res\content\gameplay\russia\misc\RM019RSC001MidFront\RM019RSC001MidFront.model","SUCCESS","Offset: 0, Length: 658, Priority: Normal"
"9:54:27.2024885","worldofwarships.exe","4380","ReadFile","V:\Games\World of Warships\res\content\gameplay\russia\misc\RM054RSC001MidFront\RM054RSC001MidFront.model","SUCCESS","Offset: 0, Length: 659, Priority: Normal"
"9:54:27.2025099","worldofwarships.exe","4380","ReadFile","V:\Games\World of Warships\res\content\gameplay\russia\misc\RM054RSC001MidFront\RM054RSC001MidFront.model","SUCCESS","Offset: 0, Length: 659, I/O Flags: Non-cached, Paging I/O, Priority: Normal"
"9:54:27.2305364","worldofwarships.exe","4380","ReadFile","V:\Games\World of Warships\res\content\gameplay\russia\misc\RM054RSC001MidFront\RM054RSC001MidFront.model","SUCCESS","Offset: 0, Length: 659, Priority: Normal"
"9:54:27.5107828","worldofwarships.exe","4380","ReadFile","V:\Games\World of Warships\res\content\gameplay\russia\misc\RM023\RM023.model","SUCCESS","Offset: 0, Length: 582, Priority: Normal"
"9:54:27.5108055","worldofwarships.exe","4380","ReadFile","V:\Games\World of Warships\res\content\gameplay\russia\misc\RM023\RM023.model","SUCCESS","Offset: 0, Length: 582, I/O Flags: Non-cached, Paging I/O, Priority: Normal"
"9:54:27.5110235","worldofwarships.exe","4380","ReadFile","V:\Games\World of Warships\res\content\gameplay\russia\misc\RM023\RM023.model","SUCCESS","Offset: 0, Length: 582, Priority: Normal"
"9:54:27.8448875","worldofwarships.exe","4380","ReadFile","V:\Games\World of Warships\res\content\gameplay\russia\misc\RM030\RM030.model","SUCCESS","Offset: 0, Length: 581, Priority: Normal"
"9:54:27.8449083","worldofwarships.exe","4380","ReadFile","V:\Games\World of Warships\res\content\gameplay\russia\misc\RM030\RM030.model","SUCCESS","Offset: 0, Length: 581, I/O Flags: Non-cached, Paging I/O, Priority: Normal"
"9:54:27.8451401","worldofwarships.exe","4380","ReadFile","V:\Games\World of Warships\res\content\gameplay\russia\misc\RM030\RM030.model","SUCCESS","Offset: 0, Length: 581, Priority: Normal"
"9:54:27.9477063","worldofwarships.exe","4380","ReadFile","V:\Games\World of Warships\res\content\gameplay\common\misc\CM051RSC001MidFront\CM051RSC001MidFront.model","SUCCESS","Offset: 0, Length: 655, Priority: Normal"
"9:54:27.9477277","worldofwarships.exe","4380","ReadFile","V:\Games\World of Warships\res\content\gameplay\common\misc\CM051RSC001MidFront\CM051RSC001MidFront.model","SUCCESS","Offset: 0, Length: 655, I/O Flags: Non-cached, Paging I/O, Priority: Normal"
"9:54:27.9699814","worldofwarships.exe","4380","ReadFile","V:\Games\World of Warships\res\content\gameplay\common\misc\CM051RSC001MidFront\CM051RSC001MidFront.model","SUCCESS","Offset: 0, Length: 655, Priority: Normal"
"9:54:28.0613840","worldofwarships.exe","4380","ReadFile","V:\Games\World of Warships\res\content\gameplay\russia\misc\RM056RSC001MidFront\RM056RSC001MidFront.model","SUCCESS","Offset: 0, Length: 662, Priority: Normal"
"9:54:28.0614048","worldofwarships.exe","4380","ReadFile","V:\Games\World of Warships\res\content\gameplay\russia\misc\RM056RSC001MidFront\RM056RSC001MidFront.model","SUCCESS","Offset: 0, Length: 662, I/O Flags: Non-cached, Paging I/O, Priority: Normal"
"9:54:28.0781382","worldofwarships.exe","4380","ReadFile","V:\Games\World of Warships\res\content\gameplay\russia\misc\RM056RSC001MidFront\RM056RSC001MidFront.model","SUCCESS","Offset: 0, Length: 662, Priority: Normal"
"9:54:28.1915644","worldofwarships.exe","4380","ReadFile","V:\Games\World of Warships\res\content\gameplay\russia\misc\RM026\RM026.model","SUCCESS","Offset: 0, Length: 581, Priority: Normal"
"9:54:28.1915851","worldofwarships.exe","4380","ReadFile","V:\Games\World of Warships\res\content\gameplay\russia\misc\RM026\RM026.model","SUCCESS","Offset: 0, Length: 581, I/O Flags: Non-cached, Paging I/O, Priority: Normal"
"9:54:28.1918760","worldofwarships.exe","4380","ReadFile","V:\Games\World of Warships\res\content\gameplay\russia\misc\RM026\RM026.model","SUCCESS","Offset: 0, Length: 581, Priority: Normal"
"9:54:28.2736384","worldofwarships.exe","4380","ReadFile","V:\Games\World of Warships\res\content\gameplay\russia\misc\RM022\RM022.model","SUCCESS","Offset: 0, Length: 580, Priority: Normal"
"9:54:28.2736592","worldofwarships.exe","4380","ReadFile","V:\Games\World of Warships\res\content\gameplay\russia\misc\RM022\RM022.model","SUCCESS","Offset: 0, Length: 580, I/O Flags: Non-cached, Paging I/O, Priority: Normal"
"9:54:28.2740067","worldofwarships.exe","4380","ReadFile","V:\Games\World of Warships\res\content\gameplay\russia\misc\RM022\RM022.model","SUCCESS","Offset: 0, Length: 580, Priority: Normal"
"9:54:28.2983430","worldofwarships.exe","4380","ReadFile","V:\Games\World of Warships\res\content\gameplay\russia\misc\RM049RSC001MidFront\RM049RSC001MidFront.model","SUCCESS","Offset: 0, Length: 662, Priority: Normal"
"9:54:28.2983625","worldofwarships.exe","4380","ReadFile","V:\Games\World of Warships\res\content\gameplay\russia\misc\RM049RSC001MidFront\RM049RSC001MidFront.model","SUCCESS","Offset: 0, Length: 662, I/O Flags: Non-cached, Paging I/O, Priority: Normal"
"9:54:28.2988580","worldofwarships.exe","4380","ReadFile","V:\Games\World of Warships\res\content\gameplay\russia\misc\RM049RSC001MidFront\RM049RSC001MidFront.model","SUCCESS","Offset: 0, Length: 662, Priority: Normal"
"9:54:28.5158724","worldofwarships.exe","4380","ReadFile","V:\Games\World of Warships\res\content\gameplay\russia\misc\RM055RSC001MidFront\RM055RSC001MidFront.model","SUCCESS","Offset: 0, Length: 662, Priority: Normal"
"9:54:28.5158932","worldofwarships.exe","4380","ReadFile","V:\Games\World of Warships\res\content\gameplay\russia\misc\RM055RSC001MidFront\RM055RSC001MidFront.model","SUCCESS","Offset: 0, Length: 662, I/O Flags: Non-cached, Paging I/O, Priority: Normal"
"9:54:28.5164559","worldofwarships.exe","4380","ReadFile","V:\Games\World of Warships\res\content\gameplay\russia\misc\RM055RSC001MidFront\RM055RSC001MidFront.model","SUCCESS","Offset: 0, Length: 662, Priority: Normal"
"9:54:29.2489069","worldofwarships.exe","4380","ReadFile","V:\Games\World of Warships\res\content\gameplay\russia\misc\RM029\RM029.model","SUCCESS","Offset: 0, Length: 581, Priority: Normal"
"9:54:29.2489280","worldofwarships.exe","4380","ReadFile","V:\Games\World of Warships\res\content\gameplay\russia\misc\RM029\RM029.model","SUCCESS","Offset: 0, Length: 581, I/O Flags: Non-cached, Paging I/O, Priority: Normal"
"9:54:29.2492339","worldofwarships.exe","4380","ReadFile","V:\Games\World of Warships\res\content\gameplay\russia\misc\RM029\RM029.model","SUCCESS","Offset: 0, Length: 581, Priority: Normal"
"9:54:29.5612841","worldofwarships.exe","4380","ReadFile","V:\Games\World of Warships\res\content\gameplay\russia\misc\RM005RSC001MidFront\RM005RSC001MidFront.model","SUCCESS","Offset: 0, Length: 662, Priority: Normal"
"9:54:29.5613046","worldofwarships.exe","4380","ReadFile","V:\Games\World of Warships\res\content\gameplay\russia\misc\RM005RSC001MidFront\RM005RSC001MidFront.model","SUCCESS","Offset: 0, Length: 662, I/O Flags: Non-cached, Paging I/O, Priority: Normal"
"9:54:29.5888662","worldofwarships.exe","4380","ReadFile","V:\Games\World of Warships\res\content\gameplay\russia\misc\RM005RSC001MidFront\RM005RSC001MidFront.model","SUCCESS","Offset: 0, Length: 662, Priority: Normal"
"9:54:29.8653462","worldofwarships.exe","4380","ReadFile","V:\Games\World of Warships\res\content\gameplay\russia\misc\RM027RSC001MidFront\RM027RSC001MidFront.model","SUCCESS","Offset: 0, Length: 512, Priority: Normal"
"9:54:29.8653657","worldofwarships.exe","4380","ReadFile","V:\Games\World of Warships\res\content\gameplay\russia\misc\RM027RSC001MidFront\RM027RSC001MidFront.model","SUCCESS","Offset: 0, Length: 512, I/O Flags: Non-cached, Paging I/O, Priority: Normal"
"9:54:29.8656729","worldofwarships.exe","4380","ReadFile","V:\Games\World of Warships\res\content\gameplay\russia\misc\RM027RSC001MidFront\RM027RSC001MidFront.model","SUCCESS","Offset: 0, Length: 512, Priority: Normal"
"9:54:29.9583233","worldofwarships.exe","4380","ReadFile","V:\Games\World of Warships\res\content\gameplay\russia\misc\RM015RSC001MidFront\RM015RSC001MidFront.model","SUCCESS","Offset: 0, Length: 662, Priority: Normal"
"9:54:29.9583447","worldofwarships.exe","4380","ReadFile","V:\Games\World of Warships\res\content\gameplay\russia\misc\RM015RSC001MidFront\RM015RSC001MidFront.model","SUCCESS","Offset: 0, Length: 662, I/O Flags: Non-cached, Paging I/O, Priority: Normal"
"9:54:29.9697061","worldofwarships.exe","4380","ReadFile","V:\Games\World of Warships\res\content\gameplay\russia\misc\RM015RSC001MidFront\RM015RSC001MidFront.model","SUCCESS","Offset: 0, Length: 662, Priority: Normal"
"9:54:30.0311358","worldofwarships.exe","4380","ReadFile","V:\Games\World of Warships\res\content\gameplay\russia\misc\RM011RSC001MidFront\RM011RSC001MidFront.model","SUCCESS","Offset: 0, Length: 658, Priority: Normal"
"9:54:30.0311547","worldofwarships.exe","4380","ReadFile","V:\Games\World of Warships\res\content\gameplay\russia\misc\RM011RSC001MidFront\RM011RSC001MidFront.model","SUCCESS","Offset: 0, Length: 658, I/O Flags: Non-cached, Paging I/O, Priority: Normal"
"9:54:30.0315805","worldofwarships.exe","4380","ReadFile","V:\Games\World of Warships\res\content\gameplay\russia\misc\RM011RSC001MidFront\RM011RSC001MidFront.model","SUCCESS","Offset: 0, Length: 658, Priority: Normal"
"9:54:30.1715398","worldofwarships.exe","4380","ReadFile","V:\Games\World of Warships\res\content\gameplay\russia\misc\RM054RSC001Stern\RM054RSC001Stern.model","SUCCESS","Offset: 0, Length: 641, Priority: Normal"
"9:54:30.1715613","worldofwarships.exe","4380","ReadFile","V:\Games\World of Warships\res\content\gameplay\russia\misc\RM054RSC001Stern\RM054RSC001Stern.model","SUCCESS","Offset: 0, Length: 641, I/O Flags: Non-cached, Paging I/O, Priority: Normal"
"9:54:30.1825266","worldofwarships.exe","4380","ReadFile","V:\Games\World of Warships\res\content\gameplay\russia\misc\RM054RSC001Stern\RM054RSC001Stern.model","SUCCESS","Offset: 0, Length: 641, Priority: Normal"
"9:54:30.2563564","worldofwarships.exe","4380","ReadFile","V:\Games\World of Warships\res\content\gameplay\russia\misc\RM015RSC001Stern\RM015RSC001Stern.model","SUCCESS","Offset: 0, Length: 644, Priority: Normal"
"9:54:30.2563772","worldofwarships.exe","4380","ReadFile","V:\Games\World of Warships\res\content\gameplay\russia\misc\RM015RSC001Stern\RM015RSC001Stern.model","SUCCESS","Offset: 0, Length: 644, I/O Flags: Non-cached, Paging I/O, Priority: Normal"
"9:54:30.2568676","worldofwarships.exe","4380","ReadFile","V:\Games\World of Warships\res\content\gameplay\russia\misc\RM015RSC001Stern\RM015RSC001Stern.model","SUCCESS","Offset: 0, Length: 644, Priority: Normal"
"9:54:30.3142418","worldofwarships.exe","4380","ReadFile","V:\Games\World of Warships\res\content\gameplay\common\misc\CM011RSC001Stern\CM011RSC001Stern.model","SUCCESS","Offset: 0, Length: 639, Priority: Normal"
"9:54:30.3142638","worldofwarships.exe","4380","ReadFile","V:\Games\World of Warships\res\content\gameplay\common\misc\CM011RSC001Stern\CM011RSC001Stern.model","SUCCESS","Offset: 0, Length: 639, I/O Flags: Non-cached, Paging I/O, Priority: Normal"
"9:54:30.3199346","worldofwarships.exe","4380","ReadFile","V:\Games\World of Warships\res\content\gameplay\common\misc\CM011RSC001Stern\CM011RSC001Stern.model","SUCCESS","Offset: 0, Length: 639, Priority: Normal"
"9:54:30.3643553","worldofwarships.exe","4380","ReadFile","V:\Games\World of Warships\res\content\gameplay\russia\misc\RM027RSC001Stern\RM027RSC001Stern.model","SUCCESS","Offset: 0, Length: 498, Priority: Normal"
"9:54:30.3643742","worldofwarships.exe","4380","ReadFile","V:\Games\World of Warships\res\content\gameplay\russia\misc\RM027RSC001Stern\RM027RSC001Stern.model","SUCCESS","Offset: 0, Length: 498, I/O Flags: Non-cached, Paging I/O, Priority: Normal"
"9:54:30.3650065","worldofwarships.exe","4380","ReadFile","V:\Games\World of Warships\res\content\gameplay\russia\misc\RM027RSC001Stern\RM027RSC001Stern.model","SUCCESS","Offset: 0, Length: 498, Priority: Normal"
"9:54:30.4116202","worldofwarships.exe","4380","ReadFile","V:\Games\World of Warships\res\content\gameplay\russia\misc\RM017RSC001Stern\RM017RSC001Stern.model","SUCCESS","Offset: 0, Length: 502, Priority: Normal"
"9:54:30.4116407","worldofwarships.exe","4380","ReadFile","V:\Games\World of Warships\res\content\gameplay\russia\misc\RM017RSC001Stern\RM017RSC001Stern.model","SUCCESS","Offset: 0, Length: 502, I/O Flags: Non-cached, Paging I/O, Priority: Normal"
"9:54:30.4120300","worldofwarships.exe","4380","ReadFile","V:\Games\World of Warships\res\content\gameplay\russia\misc\RM017RSC001Stern\RM017RSC001Stern.model","SUCCESS","Offset: 0, Length: 502, Priority: Normal"
"9:54:30.4946744","worldofwarships.exe","4380","ReadFile","V:\Games\World of Warships\res\content\gameplay\common\misc\CM022RSC001Stern\CM022RSC001Stern.model","SUCCESS","Offset: 0, Length: 676, Priority: Normal"
"9:54:30.4947015","worldofwarships.exe","4380","ReadFile","V:\Games\World of Warships\res\content\gameplay\common\misc\CM022RSC001Stern\CM022RSC001Stern.model","SUCCESS","Offset: 0, Length: 676, I/O Flags: Non-cached, Paging I/O, Priority: Normal"
"9:54:30.5099369","worldofwarships.exe","4380","ReadFile","V:\Games\World of Warships\res\content\gameplay\common\misc\CM022RSC001Stern\CM022RSC001Stern.model","SUCCESS","Offset: 0, Length: 676, Priority: Normal"
"9:54:30.5778628","worldofwarships.exe","4380","ReadFile","V:\Games\World of Warships\res\content\gameplay\common\misc\CM032\CM032.model","SUCCESS","Offset: 0, Length: 891, Priority: Normal"
"9:54:30.5778842","worldofwarships.exe","4380","ReadFile","V:\Games\World of Warships\res\content\gameplay\common\misc\CM032\CM032.model","SUCCESS","Offset: 0, Length: 891, I/O Flags: Non-cached, Paging I/O, Priority: Normal"
"9:54:30.5953762","worldofwarships.exe","4380","ReadFile","V:\Games\World of Warships\res\content\gameplay\common\misc\CM032\CM032.model","SUCCESS","Offset: 0, Length: 891, Priority: Normal"
"9:54:30.7286194","worldofwarships.exe","4380","ReadFile","V:\Games\World of Warships\res\content\gameplay\common\misc\CM001\CM001.model","SUCCESS","Offset: 0, Length: 891, Priority: Normal"
"9:54:30.7286418","worldofwarships.exe","4380","ReadFile","V:\Games\World of Warships\res\content\gameplay\common\misc\CM001\CM001.model","SUCCESS","Offset: 0, Length: 891, I/O Flags: Non-cached, Paging I/O, Priority: Normal"
"9:54:30.7387597","worldofwarships.exe","4380","ReadFile","V:\Games\World of Warships\res\content\gameplay\common\misc\CM001\CM001.model","SUCCESS","Offset: 0, Length: 891, Priority: Normal"
"9:54:30.8130473","worldofwarships.exe","4380","ReadFile","V:\Games\World of Warships\res\content\gameplay\russia\misc\RM003RSC001Stern\RM003RSC001Stern.model","SUCCESS","Offset: 0, Length: 644, Priority: Normal"
"9:54:30.8130668","worldofwarships.exe","4380","ReadFile","V:\Games\World of Warships\res\content\gameplay\russia\misc\RM003RSC001Stern\RM003RSC001Stern.model","SUCCESS","Offset: 0, Length: 644, I/O Flags: Non-cached, Paging I/O, Priority: Normal"
"9:54:30.8134744","worldofwarships.exe","4380","ReadFile","V:\Games\World of Warships\res\content\gameplay\russia\misc\RM003RSC001Stern\RM003RSC001Stern.model","SUCCESS","Offset: 0, Length: 644, Priority: Normal"
