<ASC036_Cleveland_1942.xml>
  <sections>
    <bow>
      <model>usa\ship\cruiser\ASC036_Cleveland_1942\ASC036_Cleveland_1942_bow_ports.model</model>
        <node>
           <name>HP_AGA_2</name>
           <model>usa\gun\aaircraft\AGA003_20mm_Oerlikon_MK4\AGA003_20mm_Oerlikon_MK4.model</model>
        </node>
        <node>
           <name>HP_AGA_1</name>
           <model>usa\gun\aaircraft\AGA003_20mm_Oerlikon_MK4\AGA003_20mm_Oerlikon_MK4.model</model>
        </node>
        <node>
           <name>HP_AGM_1</name>
           <model>usa\gun\main\AGM009_6in47_CL55\AGM009_6in47_CL55.model</model>
        </node>
        <node>
           <name>HP_AGM_2</name>
           <model>usa\gun\main\AGM009_6in47_CL55\AGM009_6in47_CL55.model</model>
        </node>
        <node>
           <name>MP_CM006ASC036Bow_0_0</name>
           <model>common\misc\CM006ASC036Bow\CM006ASC036Bow.model</model>
        </node>
        <node>
           <name>MP_AM005ASC036Bow_0_0</name>
           <model>usa\misc\AM005ASC036Bow\AM005ASC036Bow.model</model>
        </node>
        <node>
           <name>MP_AM049_Signal_Lamp_1</name>
           <model>usa\misc\AM049\AM049.model</model>
        </node>
        <node>
           <name>MP_CM004ASC036Bow_0_0</name>
           <model>common\misc\CM004ASC036Bow\CM004ASC036Bow.model</model>
        </node>
        <node>
           <name>MP_AM020ASC036Bow_0_0</name>
           <model>usa\misc\AM020ASC036Bow\AM020ASC036Bow.model</model>
        </node>
        <node>
           <name>MP_AM024ASC036Bow_0_0</name>
           <model>usa\misc\AM024ASC036Bow\AM024ASC036Bow.model</model>
        </node>
        <node>
           <name>MP_AM023ASC036Bow_0_0</name>
           <model>usa\misc\AM023ASC036Bow\AM023ASC036Bow.model</model>
        </node>
        <node>
           <name>MP_AM100ASC036Bow_0_0</name>
           <model>usa\misc\AM100ASC036Bow\AM100ASC036Bow.model</model>
        </node>
        <node>
           <name>MP_AM088ASC036Bow_0_0</name>
           <model>usa\misc\AM088ASC036Bow\AM088ASC036Bow.model</model>
        </node>
        <node>
           <name>MP_AM004ASC036Bow_0_0</name>
           <model>usa\misc\AM004ASC036Bow\AM004ASC036Bow.model</model>
        </node>
        <node>
           <name>MP_AM030ASC036Bow_0_0</name>
           <model>usa\misc\AM030ASC036Bow\AM030ASC036Bow.model</model>
        </node>
        <node>
           <name>MP_AM141_Hatch_6</name>
           <model>usa\misc\AM141\AM141.model</model>
        </node>
        <node>
           <name>HP_Fire_Burn_1</name>
           <model>UNKNOWN_ITEM</model>
        </node>
    </bow>
    <midfront>
      <model>usa\ship\cruiser\ASC036_Cleveland_1942\ASC036_Cleveland_1942_MidFront_ports.model</model>
        <node>
           <name>HP_AGA_3</name>
           <model>usa\gun\aaircraft\AGA003_20mm_Oerlikon_MK4\AGA003_20mm_Oerlikon_MK4.model</model>
        </node>
        <node>
           <name>HP_AGS_1</name>
           <model>usa\gun\secondary\AGS010_5in38_Mk32_Mod12\AGS010_5in38_Mk32_Mod12.model</model>
        </node>
        <node>
           <name>HP_AD_1</name>
           <model>usa\director\AD001_Director_Mk37\AD001_Director_Mk37.model</model>
        </node>
        <node>
           <name>HP_AD_3</name>
           <model>usa\director\AD003_Director_Mk51\AD003_Director_Mk51.model</model>
        </node>
        <node>
           <name>HP_AD_4</name>
           <model>usa\director\AD003_Director_Mk51\AD003_Director_Mk51.model</model>
        </node>
        <node>
           <name>HP_AD_2</name>
           <model>usa\director\AD001_Director_Mk37\AD001_Director_Mk37.model</model>
        </node>
        <node>
           <name>HP_AF_1</name>
           <model>usa\finder\AF029_Periscope_1\AF029_Periscope_1.model</model>
        </node>
        <node>
           <name>HP_AF_2</name>
           <model>usa\finder\AF029_Periscope_1\AF029_Periscope_1.model</model>
        </node>
        <node>
           <name>HP_AGA_4</name>
           <model>usa\gun\aaircraft\AGA003_20mm_Oerlikon_MK4\AGA003_20mm_Oerlikon_MK4.model</model>
        </node>
        <node>
           <name>HP_AGA_5</name>
           <model>usa\gun\aaircraft\AGA013_1in_Mk2_Mod2\AGA013_1in_Mk2_Mod2.model</model>
        </node>
        <node>
           <name>HP_AGA_6</name>
           <model>usa\gun\aaircraft\AGA013_1in_Mk2_Mod2\AGA013_1in_Mk2_Mod2.model</model>
        </node>
        <node>
           <name>HP_AGS_2</name>
           <model>usa\gun\secondary\AGS010_5in38_Mk32_Mod12\AGS010_5in38_Mk32_Mod12.model</model>
        </node>
        <node>
           <name>HP_AGS_3</name>
           <model>usa\gun\secondary\AGS010_5in38_Mk32_Mod12\AGS010_5in38_Mk32_Mod12.model</model>
        </node>
        <node>
           <name>HP_ARS_1</name>
           <model>usa\radar\search\ARS004_Radar_SG\ARS004_Radar_SG.model</model>
        </node>
        <node>
           <name>HP_AGA_7</name>
           <model>usa\gun\aaircraft\AGA003_20mm_Oerlikon_MK4\AGA003_20mm_Oerlikon_MK4.model</model>
        </node>
        <node>
           <name>HP_AGA_8</name>
           <model>usa\gun\aaircraft\AGA003_20mm_Oerlikon_MK4\AGA003_20mm_Oerlikon_MK4.model</model>
        </node>
        <node>
           <name>HP_flag_1</name>
           <model>usa\misc\AM032\AM032.model</model>
        </node>
        <node>
           <name>HP_flag_2</name>
           <model>usa\misc\AM032\AM032.model</model>
        </node>
        <node>
           <name>HP_flag_3</name>
           <model>usa\misc\AM032\AM032.model</model>
        </node>
        <node>
           <name>HP_flag_4</name>
           <model>usa\misc\AM032\AM032.model</model>
        </node>
        <node>
           <name>MP_CM029ASC036MidFront_0_0</name>
           <model>common\misc\CM029ASC036MidFront\CM029ASC036MidFront.model</model>
        </node>
        <node>
           <name>MP_AM010ASC036MidFront_0_0</name>
           <model>usa\misc\AM010ASC036MidFront\AM010ASC036MidFront.model</model>
        </node>
        <node>
           <name>MP_AM025ASC036MidFront_0_0</name>
           <model>usa\misc\AM025ASC036MidFront\AM025ASC036MidFront.model</model>
        </node>
        <node>
           <name>MP_AM540ASC036MidFront_0_0</name>
           <model>usa\misc\AM540ASC036MidFront\AM540ASC036MidFront.model</model>
        </node>
        <node>
           <name>MP_AM108_Reels_4</name>
           <model>usa\misc\AM108\AM108.model</model>
        </node>
        <node>
           <name>MP_AM004ASC036MidFront_0_0</name>
           <model>usa\misc\AM004ASC036MidFront\AM004ASC036MidFront.model</model>
        </node>
        <node>
           <name>MP_CM004ASC036MidFront_0_0</name>
           <model>common\misc\CM004ASC036MidFront\CM004ASC036MidFront.model</model>
        </node>
        <node>
           <name>MP_AM030ASC036MidFront_0_0</name>
           <model>usa\misc\AM030ASC036MidFront\AM030ASC036MidFront.model</model>
        </node>
        <node>
           <name>MP_AM250ASC036MidFront_0_0</name>
           <model>usa\misc\AM250ASC036MidFront\AM250ASC036MidFront.model</model>
        </node>
        <node>
           <name>MP_AM176ASC036MidFront_0_0</name>
           <model>usa\misc\AM176ASC036MidFront\AM176ASC036MidFront.model</model>
        </node>
        <node>
           <name>MP_CM013ASC036MidFront_0_0</name>
           <model>common\misc\CM013ASC036MidFront\CM013ASC036MidFront.model</model>
        </node>
        <node>
           <name>MP_AM509ASC036MidFront_0_0</name>
           <model>usa\misc\AM509ASC036MidFront\AM509ASC036MidFront.model</model>
        </node>
        <node>
           <name>MP_CM017ASC036MidFront_0_0</name>
           <model>common\misc\CM017ASC036MidFront\CM017ASC036MidFront.model</model>
        </node>
        <node>
           <name>MP_AM143ASC036MidFront_0_0</name>
           <model>usa\misc\AM143ASC036MidFront\AM143ASC036MidFront.model</model>
        </node>
        <node>
           <name>MP_AM549ASC036MidFront_0_0</name>
           <model>usa\misc\AM549ASC036MidFront\AM549ASC036MidFront.model</model>
        </node>
        <node>
           <name>MP_AM091ASC036MidFront_0_0</name>
           <model>usa\misc\AM091ASC036MidFront\AM091ASC036MidFront.model</model>
        </node>
        <node>
           <name>MP_AM506ASC036MidFront_0_0</name>
           <model>usa\misc\AM506ASC036MidFront\AM506ASC036MidFront.model</model>
        </node>
        <node>
           <name>MP_AM114ASC036MidFront_0_0</name>
           <model>usa\misc\AM114ASC036MidFront\AM114ASC036MidFront.model</model>
        </node>
        <node>
           <name>MP_AM129ASC036MidFront_0_0</name>
           <model>usa\misc\AM129ASC036MidFront\AM129ASC036MidFront.model</model>
        </node>
        <node>
           <name>MP_AM489ASC036MidFront_0_0</name>
           <model>usa\misc\AM489ASC036MidFront\AM489ASC036MidFront.model</model>
        </node>
        <node>
           <name>MP_AM100ASC036MidFront_0_0</name>
           <model>usa\misc\AM100ASC036MidFront\AM100ASC036MidFront.model</model>
        </node>
        <node>
           <name>MP_CM028ASC036MidFront_0_0</name>
           <model>common\misc\CM028ASC036MidFront\CM028ASC036MidFront.model</model>
        </node>
        <node>
           <name>MP_CM011ASC036MidFront_0_0</name>
           <model>common\misc\CM011ASC036MidFront\CM011ASC036MidFront.model</model>
        </node>
        <node>
           <name>MP_AM442ASC036MidFront_0_0</name>
           <model>usa\misc\AM442ASC036MidFront\AM442ASC036MidFront.model</model>
        </node>
        <node>
           <name>MP_AM051_Fightin_Light_R</name>
           <model>usa\misc\AM051\AM051.model</model>
        </node>
        <node>
           <name>MP_AM061ASC036MidFront_0_0</name>
           <model>usa\misc\AM061ASC036MidFront\AM061ASC036MidFront.model</model>
        </node>
        <node>
           <name>MP_CM012ASC036MidFront_0_0</name>
           <model>common\misc\CM012ASC036MidFront\CM012ASC036MidFront.model</model>
        </node>
        <node>
           <name>MP_AM180_Siren_2</name>
           <model>usa\misc\AM180\AM180.model</model>
        </node>
        <node>
           <name>MP_AM142ASC036MidFront_0_0</name>
           <model>usa\misc\AM142ASC036MidFront\AM142ASC036MidFront.model</model>
        </node>
        <node>
           <name>MP_AM048_Running_Lights_L</name>
           <model>usa\misc\AM048\AM048.model</model>
        </node>
        <node>
           <name>MP_AM425ASC036MidFront_0_0</name>
           <model>usa\misc\AM425ASC036MidFront\AM425ASC036MidFront.model</model>
        </node>
        <node>
           <name>MP_AM047_Running_Lights_R</name>
           <model>usa\misc\AM047\AM047.model</model>
        </node>
        <node>
           <name>MP_AM031_Ammunition_Box5</name>
           <model>usa\misc\AM031\AM031.model</model>
        </node>
        <node>
           <name>MP_AM534ASC036MidFront_0_0</name>
           <model>usa\misc\AM534ASC036MidFront\AM534ASC036MidFront.model</model>
        </node>
        <node>
           <name>MP_AM144ASC036MidFront_0_0</name>
           <model>usa\misc\AM144ASC036MidFront\AM144ASC036MidFront.model</model>
        </node>
        <node>
           <name>MP_AM008ASC036MidFront_0_0</name>
           <model>usa\misc\AM008ASC036MidFront\AM008ASC036MidFront.model</model>
        </node>
        <node>
           <name>MP_AM049ASC036MidFront_0_0</name>
           <model>usa\misc\AM049ASC036MidFront\AM049ASC036MidFront.model</model>
        </node>
        <node>
           <name>MP_AM019_Ventilators_1</name>
           <model>usa\misc\AM019\AM019.model</model>
        </node>
        <node>
           <name>MP_AM510ASC036MidFront_0_0</name>
           <model>usa\misc\AM510ASC036MidFront\AM510ASC036MidFront.model</model>
        </node>
        <node>
           <name>MP_CM025_Stairway_Big_R</name>
           <model>common\misc\CM025\CM025.model</model>
        </node>
        <node>
           <name>MP_AM037ASC036MidFront_0_0</name>
           <model>usa\misc\AM037ASC036MidFront\AM037ASC036MidFront.model</model>
        </node>
        <node>
           <name>MP_AM071ASC036MidFront_0_0</name>
           <model>usa\misc\AM071ASC036MidFront\AM071ASC036MidFront.model</model>
        </node>
        <node>
           <name>MP_AM052_Fightin_Light_L</name>
           <model>usa\misc\AM052\AM052.model</model>
        </node>
        <node>
           <name>MP_AM038ASC036MidFront_0_0</name>
           <model>usa\misc\AM038ASC036MidFront\AM038ASC036MidFront.model</model>
        </node>
        <node>
           <name>MP_AM111ASC036MidFront_0_0</name>
           <model>usa\misc\AM111ASC036MidFront\AM111ASC036MidFront.model</model>
        </node>
        <node>
           <name>MP_AM005ASC036MidFront_0_0</name>
           <model>usa\misc\AM005ASC036MidFront\AM005ASC036MidFront.model</model>
        </node>
        <node>
           <name>MP_AM533ASC036MidFront_0_0</name>
           <model>usa\misc\AM533ASC036MidFront\AM533ASC036MidFront.model</model>
        </node>
        <node>
           <name>MP_AM023ASC036MidFront_0_0</name>
           <model>usa\misc\AM023ASC036MidFront\AM023ASC036MidFront.model</model>
        </node>
        <node>
           <name>MP_AM072_Ships_bell</name>
           <model>usa\misc\AM072\AM072.model</model>
        </node>
        <node>
           <name>MP_CM010ASC036MidFront_0_0</name>
           <model>common\misc\CM010ASC036MidFront\CM010ASC036MidFront.model</model>
        </node>
        <node>
           <name>MP_AM018_Compass_Binnacle</name>
           <model>usa\misc\AM018\AM018.model</model>
        </node>
        <node>
           <name>MP_AM433_MC_Box</name>
           <model>usa\misc\AM433\AM433.model</model>
        </node>
        <node>
           <name>MP_AM451ASC036MidFront_0_0</name>
           <model>usa\misc\AM451ASC036MidFront\AM451ASC036MidFront.model</model>
        </node>
        <node>
           <name>MP_AM173_Insulator_1</name>
           <model>usa\misc\AM173\AM173.model</model>
        </node>
        <node>
           <name>MP_AM181_Siren_3</name>
           <model>usa\misc\AM181\AM181.model</model>
        </node>
        <node>
           <name>MP_AM350ASC036MidFront_0_0</name>
           <model>usa\misc\AM350ASC036MidFront\AM350ASC036MidFront.model</model>
        </node>
        <node>
           <name>MP_CM024_Stairway_Big_L</name>
           <model>common\misc\CM024\CM024.model</model>
        </node>
        <node>
           <name>MP_AM280_Signal_Lamp</name>
           <model>usa\misc\AM280\AM280.model</model>
        </node>
        <node>
           <name>MP_AM537ASC036MidFront_0_0</name>
           <model>usa\misc\AM537ASC036MidFront\AM537ASC036MidFront.model</model>
        </node>
        <node>
           <name>MP_AM524_Telephone</name>
           <model>usa\misc\AM524\AM524.model</model>
        </node>
        <node>
           <name>HP_Smoke_1</name>
           <model>UNKNOWN_ITEM</model>
        </node>
        <node>
           <name>HP_Fire_Burn_2</name>
           <model>UNKNOWN_ITEM</model>
        </node>
        <node>
           <name>HP_NoseWave_Speed</name>
           <model>UNKNOWN_ITEM</model>
        </node>
    </midfront>
    <midback>
      <model>usa\ship\cruiser\ASC036_Cleveland_1942\ASC036_Cleveland_1942_MidBack_ports.model</model>
        <node>
           <name>HP_AD_8</name>
           <model>usa\director\AD001_Director_Mk37\AD001_Director_Mk37.model</model>
        </node>
        <node>
           <name>HP_AD_6</name>
           <model>usa\director\AD003_Director_Mk51\AD003_Director_Mk51.model</model>
        </node>
        <node>
           <name>HP_AD_5</name>
           <model>usa\director\AD003_Director_Mk51\AD003_Director_Mk51.model</model>
        </node>
        <node>
           <name>HP_AD_7</name>
           <model>usa\director\AD001_Director_Mk37\AD001_Director_Mk37.model</model>
        </node>
        <node>
           <name>HP_AGA_9</name>
           <model>usa\gun\aaircraft\AGA003_20mm_Oerlikon_MK4\AGA003_20mm_Oerlikon_MK4.model</model>
        </node>
        <node>
           <name>HP_AGA_10</name>
           <model>usa\gun\aaircraft\AGA003_20mm_Oerlikon_MK4\AGA003_20mm_Oerlikon_MK4.model</model>
        </node>
        <node>
           <name>HP_AGA_11</name>
           <model>usa\gun\aaircraft\AGA013_1in_Mk2_Mod2\AGA013_1in_Mk2_Mod2.model</model>
        </node>
        <node>
           <name>HP_AGA_12</name>
           <model>usa\gun\aaircraft\AGA013_1in_Mk2_Mod2\AGA013_1in_Mk2_Mod2.model</model>
        </node>
        <node>
           <name>HP_AGA_13</name>
           <model>usa\gun\aaircraft\AGA003_20mm_Oerlikon_MK4\AGA003_20mm_Oerlikon_MK4.model</model>
        </node>
        <node>
           <name>HP_AGS_4</name>
           <model>usa\gun\secondary\AGS010_5in38_Mk32_Mod12\AGS010_5in38_Mk32_Mod12.model</model>
        </node>
        <node>
           <name>HP_AGS_5</name>
           <model>usa\gun\secondary\AGS010_5in38_Mk32_Mod12\AGS010_5in38_Mk32_Mod12.model</model>
        </node>
        <node>
           <name>HP_AGS_6</name>
           <model>usa\gun\secondary\AGS010_5in38_Mk32_Mod12\AGS010_5in38_Mk32_Mod12.model</model>
        </node>
        <node>
           <name>HP_ARS_2</name>
           <model>usa\radar\search\ARS006_Radar_SK\ARS006_Radar_SK.model</model>
        </node>
        <node>
           <name>HP_AGA_14</name>
           <model>usa\gun\aaircraft\AGA003_20mm_Oerlikon_MK4\AGA003_20mm_Oerlikon_MK4.model</model>
        </node>
        <node>
           <name>HP_AGA_15</name>
           <model>usa\gun\aaircraft\AGA003_20mm_Oerlikon_MK4\AGA003_20mm_Oerlikon_MK4.model</model>
        </node>
        <node>
           <name>HP_flag_nation</name>
           <model>usa\misc\AM032\AM032.model</model>
        </node>
        <node>
           <name>MP_AM549ASC036MidBack_0_0</name>
           <model>usa\misc\AM549ASC036MidBack\AM549ASC036MidBack.model</model>
        </node>
        <node>
           <name>MP_AM538ASC036MidBack_0_0</name>
           <model>usa\misc\AM538ASC036MidBack\AM538ASC036MidBack.model</model>
        </node>
        <node>
           <name>MP_AM433_MC_Box</name>
           <model>usa\misc\AM433\AM433.model</model>
        </node>
        <node>
           <name>MP_AM442ASC036MidBack_0_0</name>
           <model>usa\misc\AM442ASC036MidBack\AM442ASC036MidBack.model</model>
        </node>
        <node>
           <name>MP_AM173ASC036MidBack_0_0</name>
           <model>usa\misc\AM173ASC036MidBack\AM173ASC036MidBack.model</model>
        </node>
        <node>
           <name>MP_AM132_Flag_Box</name>
           <model>usa\misc\AM132\AM132.model</model>
        </node>
        <node>
           <name>MP_CM012ASC036MidBack_0_0</name>
           <model>common\misc\CM012ASC036MidBack\CM012ASC036MidBack.model</model>
        </node>
        <node>
           <name>MP_AM133ASC036MidBack_0_0</name>
           <model>usa\misc\AM133ASC036MidBack\AM133ASC036MidBack.model</model>
        </node>
        <node>
           <name>MP_AM061ASC036MidBack_0_0</name>
           <model>usa\misc\AM061ASC036MidBack\AM061ASC036MidBack.model</model>
        </node>
        <node>
           <name>MP_AM200_Screened_speed_light</name>
           <model>usa\misc\AM200\AM200.model</model>
        </node>
        <node>
           <name>MP_CM010ASC036MidBack_0_0</name>
           <model>common\misc\CM010ASC036MidBack\CM010ASC036MidBack.model</model>
        </node>
        <node>
           <name>MP_AM071ASC036MidBack_0_0</name>
           <model>usa\misc\AM071ASC036MidBack\AM071ASC036MidBack.model</model>
        </node>
        <node>
           <name>MP_AM537ASC036MidBack_0_0</name>
           <model>usa\misc\AM537ASC036MidBack\AM537ASC036MidBack.model</model>
        </node>
        <node>
           <name>MP_AM037ASC036MidBack_0_0</name>
           <model>usa\misc\AM037ASC036MidBack\AM037ASC036MidBack.model</model>
        </node>
        <node>
           <name>MP_AM019ASC036MidBack_0_0</name>
           <model>usa\misc\AM019ASC036MidBack\AM019ASC036MidBack.model</model>
        </node>
        <node>
           <name>MP_AM247_Ammunition_Box</name>
           <model>usa\misc\AM247\AM247.model</model>
        </node>
        <node>
           <name>MP_CM011ASC036MidBack_0_0</name>
           <model>common\misc\CM011ASC036MidBack\CM011ASC036MidBack.model</model>
        </node>
        <node>
           <name>MP_CM014ASC036MidBack_0_0</name>
           <model>common\misc\CM014ASC036MidBack\CM014ASC036MidBack.model</model>
        </node>
        <node>
           <name>MP_AM030ASC036MidBack_0_0</name>
           <model>usa\misc\AM030ASC036MidBack\AM030ASC036MidBack.model</model>
        </node>
        <node>
           <name>MP_AM524_Telephone</name>
           <model>usa\misc\AM524\AM524.model</model>
        </node>
        <node>
           <name>MP_AM100ASC036MidBack_0_0</name>
           <model>usa\misc\AM100ASC036MidBack\AM100ASC036MidBack.model</model>
        </node>
        <node>
           <name>MP_CM004ASC036MidBack_0_0</name>
           <model>common\misc\CM004ASC036MidBack\CM004ASC036MidBack.model</model>
        </node>
        <node>
           <name>MP_AM142_Running_Lights_FW</name>
           <model>usa\misc\AM142\AM142.model</model>
        </node>
        <node>
           <name>MP_AM364ASC036MidBack_0_0</name>
           <model>usa\misc\AM364ASC036MidBack\AM364ASC036MidBack.model</model>
        </node>
        <node>
           <name>MP_AM028ASC036MidBack_0_0</name>
           <model>usa\misc\AM028ASC036MidBack\AM028ASC036MidBack.model</model>
        </node>
        <node>
           <name>MP_AM114ASC036MidBack_0_0</name>
           <model>usa\misc\AM114ASC036MidBack\AM114ASC036MidBack.model</model>
        </node>
        <node>
           <name>MP_AM129ASC036MidBack_0_0</name>
           <model>usa\misc\AM129ASC036MidBack\AM129ASC036MidBack.model</model>
        </node>
        <node>
           <name>MP_AM007_Reels_2</name>
           <model>usa\misc\AM007\AM007.model</model>
        </node>
        <node>
           <name>MP_CM013_Fire_Hose_Rack_2</name>
           <model>common\misc\CM013\CM013.model</model>
        </node>
        <node>
           <name>MP_AM080_Whips_Antenna</name>
           <model>usa\misc\AM080\AM080.model</model>
        </node>
        <node>
           <name>MP_AM176ASC036MidBack_0_0</name>
           <model>usa\misc\AM176ASC036MidBack\AM176ASC036MidBack.model</model>
        </node>
        <node>
           <name>MP_AM004ASC036MidBack_0_0</name>
           <model>usa\misc\AM004ASC036MidBack\AM004ASC036MidBack.model</model>
        </node>
        <node>
           <name>MP_AM008ASC036MidBack_0_0</name>
           <model>usa\misc\AM008ASC036MidBack\AM008ASC036MidBack.model</model>
        </node>
        <node>
           <name>MP_AM280_Signal_Lamp</name>
           <model>usa\misc\AM280\AM280.model</model>
        </node>
        <node>
           <name>MP_AM350ASC036MidBack_0_0</name>
           <model>usa\misc\AM350ASC036MidBack\AM350ASC036MidBack.model</model>
        </node>
        <node>
           <name>MP_AM005ASC036MidBack_0_0</name>
           <model>usa\misc\AM005ASC036MidBack\AM005ASC036MidBack.model</model>
        </node>
        <node>
           <name>MP_AM010_Speaker_1</name>
           <model>usa\misc\AM010\AM010.model</model>
        </node>
        <node>
           <name>HP_Smoke_2</name>
           <model>UNKNOWN_ITEM</model>
        </node>
        <node>
           <name>HP_Fire_Burn_3</name>
           <model>UNKNOWN_ITEM</model>
        </node>
    </midback>
    <stern>
      <model>usa\ship\cruiser\ASC036_Cleveland_1942\ASC036_Cleveland_1942_Stern_ports.model</model>
        <node>
           <name>HP_AC_1</name>
           <model>usa\catapult\AC002_Catapult_2\AC002_Catapult_2.model</model>
        </node>
        <node>
           <name>HP_AC_2</name>
           <model>usa\catapult\AC002_Catapult_2\AC002_Catapult_2.model</model>
        </node>
        <node>
           <name>HP_AGA_16</name>
           <model>usa\gun\aaircraft\AGA003_20mm_Oerlikon_MK4\AGA003_20mm_Oerlikon_MK4.model</model>
        </node>
        <node>
           <name>HP_AGA_17</name>
           <model>usa\gun\aaircraft\AGA003_20mm_Oerlikon_MK4\AGA003_20mm_Oerlikon_MK4.model</model>
        </node>
        <node>
           <name>HP_AGM_3</name>
           <model>usa\gun\main\AGM009_6in47_CL55\AGM009_6in47_CL55.model</model>
        </node>
        <node>
           <name>HP_AGM_4</name>
           <model>usa\gun\main\AGM009_6in47_CL55\AGM009_6in47_CL55.model</model>
        </node>
        <node>
           <name>MP_AM030ASC036Stern_0_0</name>
           <model>usa\misc\AM030ASC036Stern\AM030ASC036Stern.model</model>
        </node>
        <node>
           <name>MP_AM024ASC036Stern_0_0</name>
           <model>usa\misc\AM024ASC036Stern\AM024ASC036Stern.model</model>
        </node>
        <node>
           <name>MP_CM002_Propeller4_L</name>
           <model>common\misc\CM002\CM002.model</model>
        </node>
        <node>
           <name>MP_AM043_Aircraft_Deck_Cradle</name>
           <model>usa\misc\AM043\AM043.model</model>
        </node>
        <node>
           <name>MP_CM033_Propeller4_R</name>
           <model>common\misc\CM033\CM033.model</model>
        </node>
        <node>
           <name>MP_CM004ASC036Stern_0_0</name>
           <model>common\misc\CM004ASC036Stern\CM004ASC036Stern.model</model>
        </node>
        <node>
           <name>MP_AM019ASC036Stern_0_0</name>
           <model>usa\misc\AM019ASC036Stern\AM019ASC036Stern.model</model>
        </node>
        <node>
           <name>MP_AM046ASC036Stern_0_0</name>
           <model>usa\misc\AM046ASC036Stern\AM046ASC036Stern.model</model>
        </node>
        <node>
           <name>MP_AM003ASC036Stern_0_0</name>
           <model>usa\misc\AM003ASC036Stern\AM003ASC036Stern.model</model>
        </node>
        <node>
           <name>MP_AM148ASC036Stern_0_0</name>
           <model>usa\misc\AM148ASC036Stern\AM148ASC036Stern.model</model>
        </node>
        <node>
           <name>MP_CM002_Propeller4_L_INDEX_1</name>
           <model>common\misc\CM002\CM002.model</model>
        </node>
        <node>
           <name>MP_AM005ASC036Stern_0_0</name>
           <model>usa\misc\AM005ASC036Stern\AM005ASC036Stern.model</model>
        </node>
        <node>
           <name>MP_AM058ASC036Stern_0_0</name>
           <model>usa\misc\AM058ASC036Stern\AM058ASC036Stern.model</model>
        </node>
        <node>
           <name>MP_AM023_Hatch_1</name>
           <model>usa\misc\AM023\AM023.model</model>
        </node>
        <node>
           <name>MP_AM010_Speaker_1</name>
           <model>usa\misc\AM010\AM010.model</model>
        </node>
        <node>
           <name>MP_AM489ASC036Stern_0_0</name>
           <model>usa\misc\AM489ASC036Stern\AM489ASC036Stern.model</model>
        </node>
        <node>
           <name>MP_AM141ASC036Stern_0_0</name>
           <model>usa\misc\AM141ASC036Stern\AM141ASC036Stern.model</model>
        </node>
        <node>
           <name>MP_AM352_Stern_Light</name>
           <model>usa\misc\AM352\AM352.model</model>
        </node>
        <node>
           <name>MP_AM020ASC036Stern_0_0</name>
           <model>usa\misc\AM020ASC036Stern\AM020ASC036Stern.model</model>
        </node>
        <node>
           <name>MP_AM108ASC036Stern_0_0</name>
           <model>usa\misc\AM108ASC036Stern\AM108ASC036Stern.model</model>
        </node>
        <node>
           <name>MP_CM033_Propeller4_R_INDEX_1</name>
           <model>common\misc\CM033\CM033.model</model>
        </node>
        <node>
           <name>MP_AM004ASC036Stern_0_0</name>
           <model>usa\misc\AM004ASC036Stern\AM004ASC036Stern.model</model>
        </node>
        <node>
           <name>MP_AM078_Crane_Control_Wheel</name>
           <model>usa\misc\AM078\AM078.model</model>
        </node>
        <node>
           <name>MP_AM076_Aircfaft_Crane_1</name>
           <model>usa\misc\AM076\AM076.model</model>
        </node>
        <node>
           <name>MP_AM044_Boat_Winch</name>
           <model>usa\misc\AM044\AM044.model</model>
        </node>
        <node>
           <name>MP_AM011ASC036Stern_0_0</name>
           <model>usa\misc\AM011ASC036Stern\AM011ASC036Stern.model</model>
        </node>
        <node>
           <name>MP_CM028_Swab_Rack</name>
           <model>common\misc\CM028\CM028.model</model>
        </node>
        <node>
           <name>HP_Fire_Burn_4</name>
           <model>UNKNOWN_ITEM</model>
        </node>
    </stern>
  </sections>
</ASC036_Cleveland_1942.xml>
