<JSA007_Zuiho_1940.xml>
  <sections>
    <bow>
      <model>japan\ship\aircarrier\JSA007_Zuiho_1940\JSA007_Zuiho_1940_bow_ports.model</model>
        <node>
           <name>HP_LiftOffPoint</name>
           <model>japan\aircraft\bomber\JAB008_Mitsubishi_B1M\JAB008_Mitsubishi_B1M.model</model>
        </node>
        <node>
           <name>MP_JM285_Anchor_Capstan_high</name>
           <model>japan\misc\JM285\JM285.model</model>
        </node>
        <node>
           <name>MP_JM285_Anchor_Capstan_high_INDEX_1</name>
           <model>japan\misc\JM285\JM285.model</model>
        </node>
        <node>
           <name>MP_CM086_Anchor_top</name>
           <model>common\misc\CM086\CM086.model</model>
        </node>
        <node>
           <name>MP_CM087_Anchor_down</name>
           <model>common\misc\CM087\CM087.model</model>
        </node>
        <node>
           <name>MP_JM295_Fairled</name>
           <model>japan\misc\JM295\JM295.model</model>
        </node>
        <node>
           <name>MP_JM295_Fairled_INDEX_1</name>
           <model>japan\misc\JM295\JM295.model</model>
        </node>
        <node>
           <name>MP_JM033_Roller_Fairled</name>
           <model>japan\misc\JM033\JM033.model</model>
        </node>
        <node>
           <name>MP_JM141_Break_Handwheel_1</name>
           <model>japan\misc\JM141\JM141.model</model>
        </node>
        <node>
           <name>MP_JM064_Bollards_2</name>
           <model>japan\misc\JM064\JM064.model</model>
        </node>
        <node>
           <name>MP_JM064_Bollards_2_INDEX_1</name>
           <model>japan\misc\JM064\JM064.model</model>
        </node>
        <node>
           <name>MP_JM064_Bollards_2_INDEX_2</name>
           <model>japan\misc\JM064\JM064.model</model>
        </node>
        <node>
           <name>MP_JM027_Fairlead_2</name>
           <model>japan\misc\JM027\JM027.model</model>
        </node>
        <node>
           <name>MP_JM141_Break_Handwheel_1_INDEX_1</name>
           <model>japan\misc\JM141\JM141.model</model>
        </node>
        <node>
           <name>MP_JM033_Roller_Fairled_INDEX_1</name>
           <model>japan\misc\JM033\JM033.model</model>
        </node>
        <node>
           <name>MP_CM087_Anchor_down_INDEX_1</name>
           <model>common\misc\CM087\CM087.model</model>
        </node>
        <node>
           <name>MP_JM027_Fairlead_2_INDEX_1</name>
           <model>japan\misc\JM027\JM027.model</model>
        </node>
        <node>
           <name>MP_JM062_Deck_Hatch_11</name>
           <model>japan\misc\JM062\JM062.model</model>
        </node>
        <node>
           <name>MP_CM086_Anchor_top_INDEX_1</name>
           <model>common\misc\CM086\CM086.model</model>
        </node>
        <node>
           <name>MP_JM141_Break_Handwheel_1_INDEX_2</name>
           <model>japan\misc\JM141\JM141.model</model>
        </node>
        <node>
           <name>MP_JM141_Break_Handwheel_1_INDEX_3</name>
           <model>japan\misc\JM141\JM141.model</model>
        </node>
        <node>
           <name>MP_JM029_Leadsman_Platform</name>
           <model>japan\misc\JM029\JM029.model</model>
        </node>
        <node>
           <name>MP_JM029_Leadsman_Platform_INDEX_1</name>
           <model>japan\misc\JM029\JM029.model</model>
        </node>
        <node>
           <name>MP_JM029_Leadsman_Platform_INDEX_2</name>
           <model>japan\misc\JM029\JM029.model</model>
        </node>
        <node>
           <name>MP_JM029_Leadsman_Platform_INDEX_3</name>
           <model>japan\misc\JM029\JM029.model</model>
        </node>
        <node>
           <name>MP_JM306_Chrysanthemum_mid</name>
           <model>japan\misc\JM306\JM306.model</model>
        </node>
        <node>
           <name>MP_JM307_Chrysanthemum_petal_1</name>
           <model>japan\misc\JM307\JM307.model</model>
        </node>
        <node>
           <name>MP_JM307_Chrysanthemum_petal_1_INDEX_1</name>
           <model>japan\misc\JM307\JM307.model</model>
        </node>
        <node>
           <name>MP_JM307_Chrysanthemum_petal_1_INDEX_2</name>
           <model>japan\misc\JM307\JM307.model</model>
        </node>
        <node>
           <name>MP_JM307_Chrysanthemum_petal_1_INDEX_3</name>
           <model>japan\misc\JM307\JM307.model</model>
        </node>
        <node>
           <name>MP_JM307_Chrysanthemum_petal_1_INDEX_4</name>
           <model>japan\misc\JM307\JM307.model</model>
        </node>
        <node>
           <name>MP_JM307_Chrysanthemum_petal_1_INDEX_5</name>
           <model>japan\misc\JM307\JM307.model</model>
        </node>
        <node>
           <name>MP_JM307_Chrysanthemum_petal_1_INDEX_6</name>
           <model>japan\misc\JM307\JM307.model</model>
        </node>
        <node>
           <name>MP_JM307_Chrysanthemum_petal_1_INDEX_7</name>
           <model>japan\misc\JM307\JM307.model</model>
        </node>
        <node>
           <name>MP_JM307_Chrysanthemum_petal_1_INDEX_8</name>
           <model>japan\misc\JM307\JM307.model</model>
        </node>
        <node>
           <name>MP_JM307_Chrysanthemum_petal_1_INDEX_9</name>
           <model>japan\misc\JM307\JM307.model</model>
        </node>
        <node>
           <name>MP_JM307_Chrysanthemum_petal_1_INDEX_10</name>
           <model>japan\misc\JM307\JM307.model</model>
        </node>
        <node>
           <name>MP_JM307_Chrysanthemum_petal_1_INDEX_11</name>
           <model>japan\misc\JM307\JM307.model</model>
        </node>
        <node>
           <name>MP_JM307_Chrysanthemum_petal_1_INDEX_12</name>
           <model>japan\misc\JM307\JM307.model</model>
        </node>
        <node>
           <name>MP_JM307_Chrysanthemum_petal_1_INDEX_13</name>
           <model>japan\misc\JM307\JM307.model</model>
        </node>
        <node>
           <name>MP_JM307_Chrysanthemum_petal_1_INDEX_14</name>
           <model>japan\misc\JM307\JM307.model</model>
        </node>
        <node>
           <name>MP_JM307_Chrysanthemum_petal_1_INDEX_15</name>
           <model>japan\misc\JM307\JM307.model</model>
        </node>
        <node>
           <name>HP_Fire_Burn_1</name>
           <model>UNKNOWN_ITEM</model>
        </node>
    </bow>
    <midfront>
      <model>japan\ship\aircarrier\JSA007_Zuiho_1940\JSA007_Zuiho_1940_MidFront_ports.model</model>
        <node>
           <name>HP_JD_1</name>
           <model>japan\director\JD082_Director_Type_94\JD082_Director_Type_94.model</model>
        </node>
        <node>
           <name>HP_JD_2</name>
           <model>japan\director\JD082_Director_Type_94\JD082_Director_Type_94.model</model>
        </node>
        <node>
           <name>HP_JF_1</name>
           <model>japan\finder\JF012_Rangefinder_1_5m_Fuso\JF012_Rangefinder_1_5m_Fuso.model</model>
        </node>
        <node>
           <name>HP_JF_2</name>
           <model>japan\finder\JF012_Rangefinder_1_5m_Fuso\JF012_Rangefinder_1_5m_Fuso.model</model>
        </node>
        <node>
           <name>HP_JGS_1</name>
           <model>japan\gun\secondary\JGS009_127mm40_Type_89\JGS009_127mm40_Type_89.model</model>
        </node>
        <node>
           <name>HP_JGS_2</name>
           <model>japan\gun\secondary\JGS009_127mm40_Type_89\JGS009_127mm40_Type_89.model</model>
        </node>
        <node>
           <name>HP_DeckStart</name>
           <model>japan\aircraft\bomber\JAB008_Mitsubishi_B1M\JAB008_Mitsubishi_B1M.model</model>
        </node>
        <node>
           <name>HP_Deck_12</name>
           <model>japan\aircraft\dive\JAD006_D1A1\JAD006_D1A1.model</model>
        </node>
        <node>
           <name>HP_Deck_13</name>
           <model>japan\aircraft\dive\JAD006_D1A1\JAD006_D1A1.model</model>
        </node>
        <node>
           <name>HP_Deck_14</name>
           <model>japan\aircraft\dive\JAD006_D1A1\JAD006_D1A1.model</model>
        </node>
        <node>
           <name>HP_Deck_15</name>
           <model>japan\aircraft\dive\JAD006_D1A1\JAD006_D1A1.model</model>
        </node>
        <node>
           <name>HP_Deck_16</name>
           <model>japan\aircraft\dive\JAD006_D1A1\JAD006_D1A1.model</model>
        </node>
        <node>
           <name>HP_Deck_17</name>
           <model>japan\aircraft\dive\JAD006_D1A1\JAD006_D1A1.model</model>
        </node>
        <node>
           <name>HP_Deck_18</name>
           <model>japan\aircraft\dive\JAD006_D1A1\JAD006_D1A1.model</model>
        </node>
        <node>
           <name>HP_Deck_19</name>
           <model>japan\aircraft\dive\JAD006_D1A1\JAD006_D1A1.model</model>
        </node>
        <node>
           <name>HP_Deck_20</name>
           <model>japan\aircraft\dive\JAD006_D1A1\JAD006_D1A1.model</model>
        </node>
        <node>
           <name>HP_Deck_21</name>
           <model>japan\aircraft\dive\JAD006_D1A1\JAD006_D1A1.model</model>
        </node>
        <node>
           <name>HP_Deck_22</name>
           <model>japan\aircraft\dive\JAD006_D1A1\JAD006_D1A1.model</model>
        </node>
        <node>
           <name>HP_Deck_23</name>
           <model>japan\aircraft\dive\JAD006_D1A1\JAD006_D1A1.model</model>
        </node>
        <node>
           <name>HP_Deck_24</name>
           <model>japan\aircraft\dive\JAD006_D1A1\JAD006_D1A1.model</model>
        </node>
        <node>
           <name>HP_Deck_25</name>
           <model>japan\aircraft\dive\JAD006_D1A1\JAD006_D1A1.model</model>
        </node>
        <node>
           <name>HP_Deck_26</name>
           <model>japan\aircraft\dive\JAD006_D1A1\JAD006_D1A1.model</model>
        </node>
        <node>
           <name>HP_Deck_27</name>
           <model>japan\aircraft\dive\JAD006_D1A1\JAD006_D1A1.model</model>
        </node>
        <node>
           <name>HP_Deck_28</name>
           <model>japan\aircraft\dive\JAD006_D1A1\JAD006_D1A1.model</model>
        </node>
        <node>
           <name>HP_Deck_29</name>
           <model>japan\aircraft\dive\JAD006_D1A1\JAD006_D1A1.model</model>
        </node>
        <node>
           <name>HP_Deck_30</name>
           <model>japan\aircraft\dive\JAD006_D1A1\JAD006_D1A1.model</model>
        </node>
        <node>
           <name>HP_Deck_31</name>
           <model>japan\aircraft\dive\JAD006_D1A1\JAD006_D1A1.model</model>
        </node>
        <node>
           <name>HP_Deck_32</name>
           <model>japan\aircraft\dive\JAD006_D1A1\JAD006_D1A1.model</model>
        </node>
        <node>
           <name>HP_Deck_33</name>
           <model>japan\aircraft\dive\JAD006_D1A1\JAD006_D1A1.model</model>
        </node>
        <node>
           <name>HP_Deck_34</name>
           <model>japan\aircraft\dive\JAD006_D1A1\JAD006_D1A1.model</model>
        </node>
        <node>
           <name>HP_Deck_35</name>
           <model>japan\aircraft\dive\JAD006_D1A1\JAD006_D1A1.model</model>
        </node>
        <node>
           <name>HP_flag_1</name>
           <model>japan\misc\JM001\JM001.model</model>
        </node>
        <node>
           <name>HP_flag_2</name>
           <model>japan\misc\JM001\JM001.model</model>
        </node>
        <node>
           <name>HP_flag_3</name>
           <model>japan\misc\JM001\JM001.model</model>
        </node>
        <node>
           <name>HP_flag_4</name>
           <model>japan\misc\JM001\JM001.model</model>
        </node>
        <node>
           <name>MP_JM172_Binoculars_Bridge</name>
           <model>japan\misc\JM172\JM172.model</model>
        </node>
        <node>
           <name>MP_JM108_Binocular_3</name>
           <model>japan\misc\JM108\JM108.model</model>
        </node>
        <node>
           <name>MP_JM002_Paravane</name>
           <model>japan\misc\JM002\JM002.model</model>
        </node>
        <node>
           <name>MP_JM002_Paravane_INDEX_1</name>
           <model>japan\misc\JM002\JM002.model</model>
        </node>
        <node>
           <name>MP_JM002_Paravane_INDEX_2</name>
           <model>japan\misc\JM002\JM002.model</model>
        </node>
        <node>
           <name>MP_JM002_Paravane_INDEX_3</name>
           <model>japan\misc\JM002\JM002.model</model>
        </node>
        <node>
           <name>MP_JM161_Ventilation</name>
           <model>japan\misc\JM161\JM161.model</model>
        </node>
        <node>
           <name>MP_JM117_Crew_Exercise_Machine</name>
           <model>japan\misc\JM117\JM117.model</model>
        </node>
        <node>
           <name>MP_JM116_Antenna_3</name>
           <model>japan\misc\JM116\JM116.model</model>
        </node>
        <node>
           <name>MP_JM234_Antenna</name>
           <model>japan\misc\JM234\JM234.model</model>
        </node>
        <node>
           <name>MP_JM194_Ventilation</name>
           <model>japan\misc\JM194\JM194.model</model>
        </node>
        <node>
           <name>MP_CM018_Wood_Box_1</name>
           <model>common\misc\CM018\CM018.model</model>
        </node>
        <node>
           <name>MP_JM099_Signal_Lamp_1</name>
           <model>japan\misc\JM099\JM099.model</model>
        </node>
        <node>
           <name>MP_CM019_Wood_Box_2</name>
           <model>common\misc\CM019\CM019.model</model>
        </node>
        <node>
           <name>MP_JM099_Signal_Lamp_1_INDEX_1</name>
           <model>japan\misc\JM099\JM099.model</model>
        </node>
        <node>
           <name>MP_JM099_Signal_Lamp_1_INDEX_2</name>
           <model>japan\misc\JM099\JM099.model</model>
        </node>
        <node>
           <name>MP_JM099_Signal_Lamp_1_INDEX_3</name>
           <model>japan\misc\JM099\JM099.model</model>
        </node>
        <node>
           <name>MP_JM099_Signal_Lamp_1_INDEX_4</name>
           <model>japan\misc\JM099\JM099.model</model>
        </node>
        <node>
           <name>MP_JM099_Signal_Lamp_1_INDEX_5</name>
           <model>japan\misc\JM099\JM099.model</model>
        </node>
        <node>
           <name>MP_JM099_Signal_Lamp_1_INDEX_6</name>
           <model>japan\misc\JM099\JM099.model</model>
        </node>
        <node>
           <name>MP_JM099_Signal_Lamp_1_INDEX_7</name>
           <model>japan\misc\JM099\JM099.model</model>
        </node>
        <node>
           <name>MP_JM099_Signal_Lamp_1_INDEX_8</name>
           <model>japan\misc\JM099\JM099.model</model>
        </node>
        <node>
           <name>MP_CM019_Wood_Box_2_INDEX_1</name>
           <model>common\misc\CM019\CM019.model</model>
        </node>
        <node>
           <name>MP_CM019_Wood_Box_2_INDEX_2</name>
           <model>common\misc\CM019\CM019.model</model>
        </node>
        <node>
           <name>MP_JM099_Signal_Lamp_1_INDEX_9</name>
           <model>japan\misc\JM099\JM099.model</model>
        </node>
        <node>
           <name>MP_JM099_Signal_Lamp_1_INDEX_10</name>
           <model>japan\misc\JM099\JM099.model</model>
        </node>
        <node>
           <name>MP_JM099_Signal_Lamp_1_INDEX_11</name>
           <model>japan\misc\JM099\JM099.model</model>
        </node>
        <node>
           <name>MP_JM099_Signal_Lamp_1_INDEX_12</name>
           <model>japan\misc\JM099\JM099.model</model>
        </node>
        <node>
           <name>MP_JM099_Signal_Lamp_1_INDEX_13</name>
           <model>japan\misc\JM099\JM099.model</model>
        </node>
        <node>
           <name>MP_CM019_Wood_Box_2_INDEX_3</name>
           <model>common\misc\CM019\CM019.model</model>
        </node>
        <node>
           <name>MP_JM180_Deck_Light</name>
           <model>japan\misc\JM180\JM180.model</model>
        </node>
        <node>
           <name>MP_JM180_Deck_Light_INDEX_1</name>
           <model>japan\misc\JM180\JM180.model</model>
        </node>
        <node>
           <name>MP_JM113_Flag_Box</name>
           <model>japan\misc\JM113\JM113.model</model>
        </node>
        <node>
           <name>MP_JM030_Wind_Direction</name>
           <model>japan\misc\JM030\JM030.model</model>
        </node>
        <node>
           <name>MP_JM113_Flag_Box_INDEX_1</name>
           <model>japan\misc\JM113\JM113.model</model>
        </node>
        <node>
           <name>MP_JM195_Winch_Elevating_Mast</name>
           <model>japan\misc\JM195\JM195.model</model>
        </node>
        <node>
           <name>MP_JM194_Ventilation_INDEX_1</name>
           <model>japan\misc\JM194\JM194.model</model>
        </node>
        <node>
           <name>MP_CM010_Fire_Hose_Reel</name>
           <model>common\misc\CM010\CM010.model</model>
        </node>
        <node>
           <name>MP_JM194_Ventilation_INDEX_2</name>
           <model>japan\misc\JM194\JM194.model</model>
        </node>
        <node>
           <name>MP_CM014_Fuel_Oil_Hose</name>
           <model>common\misc\CM014\CM014.model</model>
        </node>
        <node>
           <name>MP_CM011_Fire_Fighting_Gear</name>
           <model>common\misc\CM011\CM011.model</model>
        </node>
        <node>
           <name>MP_CM012_Fire_Hose_Rack_1</name>
           <model>common\misc\CM012\CM012.model</model>
        </node>
        <node>
           <name>MP_CM029_Emergency_Box</name>
           <model>common\misc\CM029\CM029.model</model>
        </node>
        <node>
           <name>MP_JM194_Ventilation_INDEX_3</name>
           <model>japan\misc\JM194\JM194.model</model>
        </node>
        <node>
           <name>MP_CM011_Fire_Fighting_Gear_INDEX_1</name>
           <model>common\misc\CM011\CM011.model</model>
        </node>
        <node>
           <name>MP_CM029_Emergency_Box_INDEX_1</name>
           <model>common\misc\CM029\CM029.model</model>
        </node>
        <node>
           <name>MP_CM029_Emergency_Box_INDEX_2</name>
           <model>common\misc\CM029\CM029.model</model>
        </node>
        <node>
           <name>MP_CM012_Fire_Hose_Rack_1_INDEX_1</name>
           <model>common\misc\CM012\CM012.model</model>
        </node>
        <node>
           <name>MP_CM011_Fire_Fighting_Gear_INDEX_2</name>
           <model>common\misc\CM011\CM011.model</model>
        </node>
        <node>
           <name>MP_JM009_Signal_Lamp</name>
           <model>japan\misc\JM009\JM009.model</model>
        </node>
        <node>
           <name>MP_JM009_Signal_Lamp_INDEX_1</name>
           <model>japan\misc\JM009\JM009.model</model>
        </node>
        <node>
           <name>MP_CM029_Emergency_Box_INDEX_3</name>
           <model>common\misc\CM029\CM029.model</model>
        </node>
        <node>
           <name>MP_JM111_Deck_Hatch_13</name>
           <model>japan\misc\JM111\JM111.model</model>
        </node>
        <node>
           <name>MP_JM059_Deck_Hatch_8</name>
           <model>japan\misc\JM059\JM059.model</model>
        </node>
        <node>
           <name>MP_JM059_Deck_Hatch_8_INDEX_1</name>
           <model>japan\misc\JM059\JM059.model</model>
        </node>
        <node>
           <name>MP_JM261_Fuse_box_1</name>
           <model>japan\misc\JM261\JM261.model</model>
        </node>
        <node>
           <name>MP_JM059_Deck_Hatch_8_INDEX_2</name>
           <model>japan\misc\JM059\JM059.model</model>
        </node>
        <node>
           <name>MP_JM024_Ventilators_8</name>
           <model>japan\misc\JM024\JM024.model</model>
        </node>
        <node>
           <name>MP_JM024_Ventilators_8_INDEX_1</name>
           <model>japan\misc\JM024\JM024.model</model>
        </node>
        <node>
           <name>MP_JM018_Ventilators_2</name>
           <model>japan\misc\JM018\JM018.model</model>
        </node>
        <node>
           <name>MP_JM018_Ventilators_2_INDEX_1</name>
           <model>japan\misc\JM018\JM018.model</model>
        </node>
        <node>
           <name>MP_JM271_Telephone</name>
           <model>japan\misc\JM271\JM271.model</model>
        </node>
        <node>
           <name>MP_JM271_Telephone_INDEX_1</name>
           <model>japan\misc\JM271\JM271.model</model>
        </node>
        <node>
           <name>MP_JM271_Telephone_INDEX_2</name>
           <model>japan\misc\JM271\JM271.model</model>
        </node>
        <node>
           <name>MP_JM190_Gyro_Repeater</name>
           <model>japan\misc\JM190\JM190.model</model>
        </node>
        <node>
           <name>MP_JM190_Gyro_Repeater_INDEX_1</name>
           <model>japan\misc\JM190\JM190.model</model>
        </node>
        <node>
           <name>MP_JM172_Binoculars_Bridge_INDEX_1</name>
           <model>japan\misc\JM172\JM172.model</model>
        </node>
        <node>
           <name>MP_JM172_Binoculars_Bridge_INDEX_2</name>
           <model>japan\misc\JM172\JM172.model</model>
        </node>
        <node>
           <name>MP_JM172_Binoculars_Bridge_INDEX_3</name>
           <model>japan\misc\JM172\JM172.model</model>
        </node>
        <node>
           <name>MP_JM172_Binoculars_Bridge_INDEX_4</name>
           <model>japan\misc\JM172\JM172.model</model>
        </node>
        <node>
           <name>MP_JM108_Binocular_3_INDEX_1</name>
           <model>japan\misc\JM108\JM108.model</model>
        </node>
        <node>
           <name>MP_JM172_Binoculars_Bridge_INDEX_5</name>
           <model>japan\misc\JM172\JM172.model</model>
        </node>
        <node>
           <name>MP_JM149_Ammunition_Box</name>
           <model>japan\misc\JM149\JM149.model</model>
        </node>
        <node>
           <name>MP_JM149_Ammunition_Box_INDEX_1</name>
           <model>japan\misc\JM149\JM149.model</model>
        </node>
        <node>
           <name>MP_JM149_Ammunition_Box_INDEX_2</name>
           <model>japan\misc\JM149\JM149.model</model>
        </node>
        <node>
           <name>MP_JM149_Ammunition_Box_INDEX_3</name>
           <model>japan\misc\JM149\JM149.model</model>
        </node>
        <node>
           <name>MP_JM149_Ammunition_Box_INDEX_4</name>
           <model>japan\misc\JM149\JM149.model</model>
        </node>
        <node>
           <name>MP_JM149_Ammunition_Box_INDEX_5</name>
           <model>japan\misc\JM149\JM149.model</model>
        </node>
        <node>
           <name>MP_CM010_Fire_Hose_Reel_INDEX_1</name>
           <model>common\misc\CM010\CM010.model</model>
        </node>
        <node>
           <name>MP_CM011_Fire_Fighting_Gear_INDEX_3</name>
           <model>common\misc\CM011\CM011.model</model>
        </node>
        <node>
           <name>MP_JM092_Running_Lights_R</name>
           <model>japan\misc\JM092\JM092.model</model>
        </node>
        <node>
           <name>MP_JM093_Running_Lights_L</name>
           <model>japan\misc\JM093\JM093.model</model>
        </node>
        <node>
           <name>MP_JM013_Reels_1</name>
           <model>japan\misc\JM013\JM013.model</model>
        </node>
        <node>
           <name>MP_JM013_Reels_1_INDEX_1</name>
           <model>japan\misc\JM013\JM013.model</model>
        </node>
        <node>
           <name>MP_JM037_Cutter_9m</name>
           <model>japan\misc\JM037\JM037.model</model>
        </node>
        <node>
           <name>MP_JM037_Cutter_9m_INDEX_1</name>
           <model>japan\misc\JM037\JM037.model</model>
        </node>
        <node>
           <name>MP_JM238_Speaker_tube_2</name>
           <model>japan\misc\JM238\JM238.model</model>
        </node>
        <node>
           <name>MP_JM242_Speaker_tube_group_R</name>
           <model>japan\misc\JM242\JM242.model</model>
        </node>
        <node>
           <name>MP_JM251_Gauge_3</name>
           <model>japan\misc\JM251\JM251.model</model>
        </node>
        <node>
           <name>MP_JM265_Wall_trigger_2</name>
           <model>japan\misc\JM265\JM265.model</model>
        </node>
        <node>
           <name>MP_JM260_Gauge_9</name>
           <model>japan\misc\JM260\JM260.model</model>
        </node>
        <node>
           <name>MP_JM238_Speaker_tube_2_INDEX_1</name>
           <model>japan\misc\JM238\JM238.model</model>
        </node>
        <node>
           <name>MP_JM265_Wall_trigger_2_INDEX_1</name>
           <model>japan\misc\JM265\JM265.model</model>
        </node>
        <node>
           <name>MP_JM251_Gauge_3_INDEX_1</name>
           <model>japan\misc\JM251\JM251.model</model>
        </node>
        <node>
           <name>MP_JM260_Gauge_9_INDEX_1</name>
           <model>japan\misc\JM260\JM260.model</model>
        </node>
        <node>
           <name>MP_JM242_Speaker_tube_group_R_INDEX_1</name>
           <model>japan\misc\JM242\JM242.model</model>
        </node>
        <node>
           <name>MP_JM215_Day_Light_Wind_Intensity</name>
           <model>japan\misc\JM215\JM215.model</model>
        </node>
        <node>
           <name>MP_CM012_Fire_Hose_Rack_1_INDEX_2</name>
           <model>common\misc\CM012\CM012.model</model>
        </node>
        <node>
           <name>MP_CM012_Fire_Hose_Rack_1_INDEX_3</name>
           <model>common\misc\CM012\CM012.model</model>
        </node>
        <node>
           <name>MP_CM029_Emergency_Box_INDEX_4</name>
           <model>common\misc\CM029\CM029.model</model>
        </node>
        <node>
           <name>MP_CM029_Emergency_Box_INDEX_5</name>
           <model>common\misc\CM029\CM029.model</model>
        </node>
        <node>
           <name>MP_JM099_Signal_Lamp_1_INDEX_14</name>
           <model>japan\misc\JM099\JM099.model</model>
        </node>
        <node>
           <name>MP_JM099_Signal_Lamp_1_INDEX_15</name>
           <model>japan\misc\JM099\JM099.model</model>
        </node>
        <node>
           <name>MP_JM180_Deck_Light_INDEX_2</name>
           <model>japan\misc\JM180\JM180.model</model>
        </node>
        <node>
           <name>MP_JM180_Deck_Light_INDEX_3</name>
           <model>japan\misc\JM180\JM180.model</model>
        </node>
        <node>
           <name>MP_JM208_Controler_Sl</name>
           <model>japan\misc\JM208\JM208.model</model>
        </node>
        <node>
           <name>MP_JM208_Controler_Sl_INDEX_1</name>
           <model>japan\misc\JM208\JM208.model</model>
        </node>
        <node>
           <name>MP_JM247_Electric_gauge_L</name>
           <model>japan\misc\JM247\JM247.model</model>
        </node>
        <node>
           <name>MP_JM125_Signal_Lamp_3</name>
           <model>japan\misc\JM125\JM125.model</model>
        </node>
        <node>
           <name>MP_JM125_Signal_Lamp_3_INDEX_1</name>
           <model>japan\misc\JM125\JM125.model</model>
        </node>
        <node>
           <name>MP_JM237_Speaker_tube_1</name>
           <model>japan\misc\JM237\JM237.model</model>
        </node>
        <node>
           <name>MP_JM265_Wall_trigger_2_INDEX_2</name>
           <model>japan\misc\JM265\JM265.model</model>
        </node>
        <node>
           <name>MP_JM260_Gauge_9_INDEX_2</name>
           <model>japan\misc\JM260\JM260.model</model>
        </node>
        <node>
           <name>MP_JM260_Gauge_9_INDEX_3</name>
           <model>japan\misc\JM260\JM260.model</model>
        </node>
        <node>
           <name>MP_JM265_Wall_trigger_2_INDEX_3</name>
           <model>japan\misc\JM265\JM265.model</model>
        </node>
        <node>
           <name>MP_JM237_Speaker_tube_1_INDEX_1</name>
           <model>japan\misc\JM237\JM237.model</model>
        </node>
        <node>
           <name>MP_JM263_Small_fuse_box</name>
           <model>japan\misc\JM263\JM263.model</model>
        </node>
        <node>
           <name>MP_JM238_Speaker_tube_2_INDEX_2</name>
           <model>japan\misc\JM238\JM238.model</model>
        </node>
        <node>
           <name>MP_JM263_Small_fuse_box_INDEX_1</name>
           <model>japan\misc\JM263\JM263.model</model>
        </node>
        <node>
           <name>MP_JM247_Electric_gauge_L_INDEX_1</name>
           <model>japan\misc\JM247\JM247.model</model>
        </node>
        <node>
           <name>MP_JM202_Fender</name>
           <model>japan\misc\JM202\JM202.model</model>
        </node>
        <node>
           <name>MP_JM202_Fender_INDEX_1</name>
           <model>japan\misc\JM202\JM202.model</model>
        </node>
        <node>
           <name>MP_JM202_Fender_INDEX_2</name>
           <model>japan\misc\JM202\JM202.model</model>
        </node>
        <node>
           <name>MP_JM202_Fender_INDEX_3</name>
           <model>japan\misc\JM202\JM202.model</model>
        </node>
        <node>
           <name>MP_JM237_Speaker_tube_1_INDEX_2</name>
           <model>japan\misc\JM237\JM237.model</model>
        </node>
        <node>
           <name>MP_JM237_Speaker_tube_1_INDEX_3</name>
           <model>japan\misc\JM237\JM237.model</model>
        </node>
        <node>
           <name>MP_JM099_Signal_Lamp_1_INDEX_16</name>
           <model>japan\misc\JM099\JM099.model</model>
        </node>
        <node>
           <name>MP_JM172_Binoculars_Bridge_INDEX_6</name>
           <model>japan\misc\JM172\JM172.model</model>
        </node>
        <node>
           <name>MP_JM099_Signal_Lamp_1_INDEX_17</name>
           <model>japan\misc\JM099\JM099.model</model>
        </node>
        <node>
           <name>MP_JM194_Ventilation_INDEX_4</name>
           <model>japan\misc\JM194\JM194.model</model>
        </node>
        <node>
           <name>MP_JM303_Running_Lights_F</name>
           <model>japan\misc\JM303\JM303.model</model>
        </node>
        <node>
           <name>MP_CM009_Life_Buoy_2</name>
           <model>common\misc\CM009\CM009.model</model>
        </node>
        <node>
           <name>MP_CM008_Life_Buoy_1</name>
           <model>common\misc\CM008\CM008.model</model>
        </node>
        <node>
           <name>MP_CM008_Life_Buoy_1_INDEX_1</name>
           <model>common\misc\CM008\CM008.model</model>
        </node>
        <node>
           <name>MP_CM008_Life_Buoy_1_INDEX_2</name>
           <model>common\misc\CM008\CM008.model</model>
        </node>
        <node>
           <name>MP_JM100_Bench</name>
           <model>japan\misc\JM100\JM100.model</model>
        </node>
        <node>
           <name>MP_JM100_Bench_INDEX_1</name>
           <model>japan\misc\JM100\JM100.model</model>
        </node>
        <node>
           <name>MP_JM100_Bench_INDEX_2</name>
           <model>japan\misc\JM100\JM100.model</model>
        </node>
        <node>
           <name>MP_JM100_Bench_INDEX_3</name>
           <model>japan\misc\JM100\JM100.model</model>
        </node>
        <node>
           <name>HP_flag_nation</name>
           <model>japan\misc\JM001\JM001.model</model>
        </node>
        <node>
           <name>HP_Fire_Burn_2</name>
           <model>UNKNOWN_ITEM</model>
        </node>
        <node>
           <name>HP_Smoke_1</name>
           <model>UNKNOWN_ITEM</model>
        </node>
        <node>
           <name>HP_NoseWave_Speed</name>
           <model>UNKNOWN_ITEM</model>
        </node>
    </midfront>
    <midback>
      <model>japan\ship\aircarrier\JSA007_Zuiho_1940\JSA007_Zuiho_1940_MidBack_ports.model</model>
        <node>
           <name>HP_JD_3</name>
           <model>japan\director\JD056_MachineGun_Control_Position\JD056_MachineGun_Control_Position.model</model>
        </node>
        <node>
           <name>HP_JD_4</name>
           <model>japan\director\JD011_Director_Type_95_Mod3\JD011_Director_Type_95_Mod3.model</model>
        </node>
        <node>
           <name>HP_JGA_1</name>
           <model>japan\gun\aaircraft\JGA019_25mm_Type96_double\JGA019_25mm_Type96_double.model</model>
        </node>
        <node>
           <name>HP_JGA_2</name>
           <model>japan\gun\aaircraft\JGA019_25mm_Type96_double\JGA019_25mm_Type96_double.model</model>
        </node>
        <node>
           <name>HP_JGA_3</name>
           <model>japan\gun\aaircraft\JGA019_25mm_Type96_double\JGA019_25mm_Type96_double.model</model>
        </node>
        <node>
           <name>HP_JGA_4</name>
           <model>japan\gun\aaircraft\JGA019_25mm_Type96_double\JGA019_25mm_Type96_double.model</model>
        </node>
        <node>
           <name>HP_JGS_3</name>
           <model>japan\gun\secondary\JGS009_127mm40_Type_89\JGS009_127mm40_Type_89.model</model>
        </node>
        <node>
           <name>HP_JGS_4</name>
           <model>japan\gun\secondary\JGS009_127mm40_Type_89\JGS009_127mm40_Type_89.model</model>
        </node>
        <node>
           <name>HP_Deck_00</name>
           <model>japan\aircraft\fighter\JAF013_Nakajima_A2N2\JAF013_Nakajima_A2N2.model</model>
        </node>
        <node>
           <name>HP_Deck_01</name>
           <model>japan\aircraft\fighter\JAF013_Nakajima_A2N2\JAF013_Nakajima_A2N2.model</model>
        </node>
        <node>
           <name>HP_Deck_02</name>
           <model>japan\aircraft\fighter\JAF013_Nakajima_A2N2\JAF013_Nakajima_A2N2.model</model>
        </node>
        <node>
           <name>HP_Deck_03</name>
           <model>japan\aircraft\fighter\JAF013_Nakajima_A2N2\JAF013_Nakajima_A2N2.model</model>
        </node>
        <node>
           <name>HP_Deck_04</name>
           <model>japan\aircraft\bomber\JAB008_Mitsubishi_B1M\JAB008_Mitsubishi_B1M.model</model>
        </node>
        <node>
           <name>HP_Deck_05</name>
           <model>japan\aircraft\bomber\JAB008_Mitsubishi_B1M\JAB008_Mitsubishi_B1M.model</model>
        </node>
        <node>
           <name>HP_Deck_06</name>
           <model>japan\aircraft\bomber\JAB008_Mitsubishi_B1M\JAB008_Mitsubishi_B1M.model</model>
        </node>
        <node>
           <name>HP_Deck_07</name>
           <model>japan\aircraft\bomber\JAB008_Mitsubishi_B1M\JAB008_Mitsubishi_B1M.model</model>
        </node>
        <node>
           <name>HP_Deck_08</name>
           <model>japan\aircraft\dive\JAD006_D1A1\JAD006_D1A1.model</model>
        </node>
        <node>
           <name>HP_Deck_09</name>
           <model>japan\aircraft\dive\JAD006_D1A1\JAD006_D1A1.model</model>
        </node>
        <node>
           <name>HP_Deck_10</name>
           <model>japan\aircraft\dive\JAD006_D1A1\JAD006_D1A1.model</model>
        </node>
        <node>
           <name>HP_Deck_11</name>
           <model>japan\aircraft\dive\JAD006_D1A1\JAD006_D1A1.model</model>
        </node>
        <node>
           <name>MP_JM216_Board_Crane</name>
           <model>japan\misc\JM216\JM216.model</model>
        </node>
        <node>
           <name>MP_JM216_Board_Crane_INDEX_1</name>
           <model>japan\misc\JM216\JM216.model</model>
        </node>
        <node>
           <name>MP_JM099_Signal_Lamp_1</name>
           <model>japan\misc\JM099\JM099.model</model>
        </node>
        <node>
           <name>MP_JM099_Signal_Lamp_1_INDEX_1</name>
           <model>japan\misc\JM099\JM099.model</model>
        </node>
        <node>
           <name>MP_JM099_Signal_Lamp_1_INDEX_2</name>
           <model>japan\misc\JM099\JM099.model</model>
        </node>
        <node>
           <name>MP_JM099_Signal_Lamp_1_INDEX_3</name>
           <model>japan\misc\JM099\JM099.model</model>
        </node>
        <node>
           <name>MP_JM099_Signal_Lamp_1_INDEX_4</name>
           <model>japan\misc\JM099\JM099.model</model>
        </node>
        <node>
           <name>MP_JM099_Signal_Lamp_1_INDEX_5</name>
           <model>japan\misc\JM099\JM099.model</model>
        </node>
        <node>
           <name>MP_JM099_Signal_Lamp_1_INDEX_6</name>
           <model>japan\misc\JM099\JM099.model</model>
        </node>
        <node>
           <name>MP_JM099_Signal_Lamp_1_INDEX_7</name>
           <model>japan\misc\JM099\JM099.model</model>
        </node>
        <node>
           <name>MP_JM099_Signal_Lamp_1_INDEX_8</name>
           <model>japan\misc\JM099\JM099.model</model>
        </node>
        <node>
           <name>MP_JM099_Signal_Lamp_1_INDEX_9</name>
           <model>japan\misc\JM099\JM099.model</model>
        </node>
        <node>
           <name>MP_JM099_Signal_Lamp_1_INDEX_10</name>
           <model>japan\misc\JM099\JM099.model</model>
        </node>
        <node>
           <name>MP_JM180_Deck_Light</name>
           <model>japan\misc\JM180\JM180.model</model>
        </node>
        <node>
           <name>MP_JM180_Deck_Light_INDEX_1</name>
           <model>japan\misc\JM180\JM180.model</model>
        </node>
        <node>
           <name>MP_JM180_Deck_Light_INDEX_2</name>
           <model>japan\misc\JM180\JM180.model</model>
        </node>
        <node>
           <name>MP_JM180_Deck_Light_INDEX_3</name>
           <model>japan\misc\JM180\JM180.model</model>
        </node>
        <node>
           <name>MP_JM180_Deck_Light_INDEX_4</name>
           <model>japan\misc\JM180\JM180.model</model>
        </node>
        <node>
           <name>MP_JM180_Deck_Light_INDEX_5</name>
           <model>japan\misc\JM180\JM180.model</model>
        </node>
        <node>
           <name>MP_JM195_Winch_Elevating_Mast</name>
           <model>japan\misc\JM195\JM195.model</model>
        </node>
        <node>
           <name>MP_JM195_Winch_Elevating_Mast_INDEX_1</name>
           <model>japan\misc\JM195\JM195.model</model>
        </node>
        <node>
           <name>MP_JM195_Winch_Elevating_Mast_INDEX_2</name>
           <model>japan\misc\JM195\JM195.model</model>
        </node>
        <node>
           <name>MP_JM195_Winch_Elevating_Mast_INDEX_3</name>
           <model>japan\misc\JM195\JM195.model</model>
        </node>
        <node>
           <name>MP_CM012_Fire_Hose_Rack_1</name>
           <model>common\misc\CM012\CM012.model</model>
        </node>
        <node>
           <name>MP_CM029_Emergency_Box</name>
           <model>common\misc\CM029\CM029.model</model>
        </node>
        <node>
           <name>MP_CM012_Fire_Hose_Rack_1_INDEX_1</name>
           <model>common\misc\CM012\CM012.model</model>
        </node>
        <node>
           <name>MP_CM014_Fuel_Oil_Hose</name>
           <model>common\misc\CM014\CM014.model</model>
        </node>
        <node>
           <name>MP_CM029_Emergency_Box_INDEX_1</name>
           <model>common\misc\CM029\CM029.model</model>
        </node>
        <node>
           <name>MP_JM149_Ammunition_Box</name>
           <model>japan\misc\JM149\JM149.model</model>
        </node>
        <node>
           <name>MP_JM149_Ammunition_Box_INDEX_1</name>
           <model>japan\misc\JM149\JM149.model</model>
        </node>
        <node>
           <name>MP_CM011_Fire_Fighting_Gear</name>
           <model>common\misc\CM011\CM011.model</model>
        </node>
        <node>
           <name>MP_CM011_Fire_Fighting_Gear_INDEX_1</name>
           <model>common\misc\CM011\CM011.model</model>
        </node>
        <node>
           <name>MP_CM029_Emergency_Box_INDEX_2</name>
           <model>common\misc\CM029\CM029.model</model>
        </node>
        <node>
           <name>MP_CM012_Fire_Hose_Rack_1_INDEX_2</name>
           <model>common\misc\CM012\CM012.model</model>
        </node>
        <node>
           <name>MP_CM011_Fire_Fighting_Gear_INDEX_2</name>
           <model>common\misc\CM011\CM011.model</model>
        </node>
        <node>
           <name>MP_CM012_Fire_Hose_Rack_1_INDEX_3</name>
           <model>common\misc\CM012\CM012.model</model>
        </node>
        <node>
           <name>MP_CM029_Emergency_Box_INDEX_3</name>
           <model>common\misc\CM029\CM029.model</model>
        </node>
        <node>
           <name>MP_JM149_Ammunition_Box_INDEX_2</name>
           <model>japan\misc\JM149\JM149.model</model>
        </node>
        <node>
           <name>MP_CM011_Fire_Fighting_Gear_INDEX_3</name>
           <model>common\misc\CM011\CM011.model</model>
        </node>
        <node>
           <name>MP_CM011_Fire_Fighting_Gear_INDEX_4</name>
           <model>common\misc\CM011\CM011.model</model>
        </node>
        <node>
           <name>MP_CM029_Emergency_Box_INDEX_4</name>
           <model>common\misc\CM029\CM029.model</model>
        </node>
        <node>
           <name>MP_CM012_Fire_Hose_Rack_1_INDEX_4</name>
           <model>common\misc\CM012\CM012.model</model>
        </node>
        <node>
           <name>MP_CM029_Emergency_Box_INDEX_5</name>
           <model>common\misc\CM029\CM029.model</model>
        </node>
        <node>
           <name>MP_JM191_SanBox</name>
           <model>japan\misc\JM191\JM191.model</model>
        </node>
        <node>
           <name>MP_JM191_SanBox_INDEX_1</name>
           <model>japan\misc\JM191\JM191.model</model>
        </node>
        <node>
           <name>MP_JM028_Deck_Winch_1</name>
           <model>japan\misc\JM028\JM028.model</model>
        </node>
        <node>
           <name>MP_JM028_Deck_Winch_1_INDEX_1</name>
           <model>japan\misc\JM028\JM028.model</model>
        </node>
        <node>
           <name>MP_JM191_SanBox_INDEX_2</name>
           <model>japan\misc\JM191\JM191.model</model>
        </node>
        <node>
           <name>MP_JM191_SanBox_INDEX_3</name>
           <model>japan\misc\JM191\JM191.model</model>
        </node>
        <node>
           <name>MP_JM168_Ventilation</name>
           <model>japan\misc\JM168\JM168.model</model>
        </node>
        <node>
           <name>MP_JM099_Signal_Lamp_1_INDEX_11</name>
           <model>japan\misc\JM099\JM099.model</model>
        </node>
        <node>
           <name>MP_JM101_Runway_Lights_1L</name>
           <model>japan\misc\JM101\JM101.model</model>
        </node>
        <node>
           <name>MP_JM104_Runway_Lights_2R</name>
           <model>japan\misc\JM104\JM104.model</model>
        </node>
        <node>
           <name>MP_JM103_Runway_Lights_2L</name>
           <model>japan\misc\JM103\JM103.model</model>
        </node>
        <node>
           <name>MP_JM102_Runway_Lights_1R</name>
           <model>japan\misc\JM102\JM102.model</model>
        </node>
        <node>
           <name>MP_CM029_Emergency_Box_INDEX_6</name>
           <model>common\misc\CM029\CM029.model</model>
        </node>
        <node>
           <name>MP_CM029_Emergency_Box_INDEX_7</name>
           <model>common\misc\CM029\CM029.model</model>
        </node>
        <node>
           <name>MP_JM059_Deck_Hatch_8</name>
           <model>japan\misc\JM059\JM059.model</model>
        </node>
        <node>
           <name>MP_JM059_Deck_Hatch_8_INDEX_1</name>
           <model>japan\misc\JM059\JM059.model</model>
        </node>
        <node>
           <name>MP_JM059_Deck_Hatch_8_INDEX_2</name>
           <model>japan\misc\JM059\JM059.model</model>
        </node>
        <node>
           <name>MP_JM059_Deck_Hatch_8_INDEX_3</name>
           <model>japan\misc\JM059\JM059.model</model>
        </node>
        <node>
           <name>MP_JM180_Deck_Light_INDEX_6</name>
           <model>japan\misc\JM180\JM180.model</model>
        </node>
        <node>
           <name>MP_JM180_Deck_Light_INDEX_7</name>
           <model>japan\misc\JM180\JM180.model</model>
        </node>
        <node>
           <name>MP_JM180_Deck_Light_INDEX_8</name>
           <model>japan\misc\JM180\JM180.model</model>
        </node>
        <node>
           <name>MP_JM181_Motor_Boats_11m</name>
           <model>japan\misc\JM181\JM181.model</model>
        </node>
        <node>
           <name>MP_JM202_Fender</name>
           <model>japan\misc\JM202\JM202.model</model>
        </node>
        <node>
           <name>MP_JM202_Fender_INDEX_1</name>
           <model>japan\misc\JM202\JM202.model</model>
        </node>
        <node>
           <name>MP_JM149_Ammunition_Box_INDEX_3</name>
           <model>japan\misc\JM149\JM149.model</model>
        </node>
        <node>
           <name>MP_JM149_Ammunition_Box_INDEX_4</name>
           <model>japan\misc\JM149\JM149.model</model>
        </node>
        <node>
           <name>MP_JM149_Ammunition_Box_INDEX_5</name>
           <model>japan\misc\JM149\JM149.model</model>
        </node>
        <node>
           <name>MP_JM059_Deck_Hatch_8_INDEX_4</name>
           <model>japan\misc\JM059\JM059.model</model>
        </node>
        <node>
           <name>MP_JM059_Deck_Hatch_8_INDEX_5</name>
           <model>japan\misc\JM059\JM059.model</model>
        </node>
        <node>
           <name>MP_JM180_Deck_Light_INDEX_9</name>
           <model>japan\misc\JM180\JM180.model</model>
        </node>
        <node>
           <name>MP_JM059_Deck_Hatch_8_INDEX_6</name>
           <model>japan\misc\JM059\JM059.model</model>
        </node>
        <node>
           <name>MP_JM059_Deck_Hatch_8_INDEX_7</name>
           <model>japan\misc\JM059\JM059.model</model>
        </node>
        <node>
           <name>MP_CM030_Swab_Rack_2</name>
           <model>common\misc\CM030\CM030.model</model>
        </node>
        <node>
           <name>MP_CM009_Life_Buoy_2</name>
           <model>common\misc\CM009\CM009.model</model>
        </node>
        <node>
           <name>MP_CM009_Life_Buoy_2_INDEX_1</name>
           <model>common\misc\CM009\CM009.model</model>
        </node>
        <node>
           <name>MP_JM100_Bench</name>
           <model>japan\misc\JM100\JM100.model</model>
        </node>
        <node>
           <name>MP_JM100_Bench_INDEX_1</name>
           <model>japan\misc\JM100\JM100.model</model>
        </node>
        <node>
           <name>MP_JM100_Bench_INDEX_2</name>
           <model>japan\misc\JM100\JM100.model</model>
        </node>
        <node>
           <name>MP_JM100_Bench_INDEX_3</name>
           <model>japan\misc\JM100\JM100.model</model>
        </node>
        <node>
           <name>MP_JM100_Bench_INDEX_4</name>
           <model>japan\misc\JM100\JM100.model</model>
        </node>
        <node>
           <name>HP_Fire_Burn_3</name>
           <model>UNKNOWN_ITEM</model>
        </node>
    </midback>
    <stern>
      <model>japan\ship\aircarrier\JSA007_Zuiho_1940\JSA007_Zuiho_1940_Stern_ports.model</model>
        <node>
           <name>HP_DisappearPoint</name>
           <model>japan\aircraft\bomber\JAB008_Mitsubishi_B1M\JAB008_Mitsubishi_B1M.model</model>
        </node>
        <node>
           <name>HP_DeckLand</name>
           <model>japan\aircraft\bomber\JAB008_Mitsubishi_B1M\JAB008_Mitsubishi_B1M.model</model>
        </node>
        <node>
           <name>MP_CM087_Anchor_down</name>
           <model>common\misc\CM087\CM087.model</model>
        </node>
        <node>
           <name>MP_CM086_Anchor_top</name>
           <model>common\misc\CM086\CM086.model</model>
        </node>
        <node>
           <name>MP_JM064_Bollards_2</name>
           <model>japan\misc\JM064\JM064.model</model>
        </node>
        <node>
           <name>MP_JM198_Winch_Crane</name>
           <model>japan\misc\JM198\JM198.model</model>
        </node>
        <node>
           <name>MP_JM064_Bollards_2_INDEX_1</name>
           <model>japan\misc\JM064\JM064.model</model>
        </node>
        <node>
           <name>MP_JM198_Winch_Crane_INDEX_1</name>
           <model>japan\misc\JM198\JM198.model</model>
        </node>
        <node>
           <name>MP_JM099_Signal_Lamp_1</name>
           <model>japan\misc\JM099\JM099.model</model>
        </node>
        <node>
           <name>MP_JM099_Signal_Lamp_1_INDEX_1</name>
           <model>japan\misc\JM099\JM099.model</model>
        </node>
        <node>
           <name>MP_JM135_Runway_Lights_Back</name>
           <model>japan\misc\JM135\JM135.model</model>
        </node>
        <node>
           <name>MP_JM024_Ventilators_8</name>
           <model>japan\misc\JM024\JM024.model</model>
        </node>
        <node>
           <name>MP_JM125_Signal_Lamp_3</name>
           <model>japan\misc\JM125\JM125.model</model>
        </node>
        <node>
           <name>MP_JM125_Signal_Lamp_3_INDEX_1</name>
           <model>japan\misc\JM125\JM125.model</model>
        </node>
        <node>
           <name>MP_JM020_Ventilators_4</name>
           <model>japan\misc\JM020\JM020.model</model>
        </node>
        <node>
           <name>MP_JM020_Ventilators_4_INDEX_1</name>
           <model>japan\misc\JM020\JM020.model</model>
        </node>
        <node>
           <name>MP_JM168_Ventilation</name>
           <model>japan\misc\JM168\JM168.model</model>
        </node>
        <node>
           <name>MP_JM284_Anchor_Capstan</name>
           <model>japan\misc\JM284\JM284.model</model>
        </node>
        <node>
           <name>MP_JM295_Fairled</name>
           <model>japan\misc\JM295\JM295.model</model>
        </node>
        <node>
           <name>MP_JM141_Break_Handwheel_1</name>
           <model>japan\misc\JM141\JM141.model</model>
        </node>
        <node>
           <name>MP_JM044_After_Capstan</name>
           <model>japan\misc\JM044\JM044.model</model>
        </node>
        <node>
           <name>MP_JM168_Ventilation_INDEX_1</name>
           <model>japan\misc\JM168\JM168.model</model>
        </node>
        <node>
           <name>MP_JM168_Ventilation_INDEX_2</name>
           <model>japan\misc\JM168\JM168.model</model>
        </node>
        <node>
           <name>MP_JM168_Ventilation_INDEX_3</name>
           <model>japan\misc\JM168\JM168.model</model>
        </node>
        <node>
           <name>MP_JM168_Ventilation_INDEX_4</name>
           <model>japan\misc\JM168\JM168.model</model>
        </node>
        <node>
           <name>MP_JM168_Ventilation_INDEX_5</name>
           <model>japan\misc\JM168\JM168.model</model>
        </node>
        <node>
           <name>MP_JM028_Deck_Winch_1</name>
           <model>japan\misc\JM028\JM028.model</model>
        </node>
        <node>
           <name>MP_JM057_Deck_Hatch_6</name>
           <model>japan\misc\JM057\JM057.model</model>
        </node>
        <node>
           <name>MP_JM057_Deck_Hatch_6_INDEX_1</name>
           <model>japan\misc\JM057\JM057.model</model>
        </node>
        <node>
           <name>MP_JM057_Deck_Hatch_6_INDEX_2</name>
           <model>japan\misc\JM057\JM057.model</model>
        </node>
        <node>
           <name>MP_JM040_Motor_Launch_Hangar_12m</name>
           <model>japan\misc\JM040\JM040.model</model>
        </node>
        <node>
           <name>MP_JM207_Cargo_Boat</name>
           <model>japan\misc\JM207\JM207.model</model>
        </node>
        <node>
           <name>MP_JM144_Motor_Boats_8m</name>
           <model>japan\misc\JM144\JM144.model</model>
        </node>
        <node>
           <name>MP_JM035_Dinghy_6m</name>
           <model>japan\misc\JM035\JM035.model</model>
        </node>
        <node>
           <name>MP_JM107_Binocular_2</name>
           <model>japan\misc\JM107\JM107.model</model>
        </node>
        <node>
           <name>MP_JM107_Binocular_2_INDEX_1</name>
           <model>japan\misc\JM107\JM107.model</model>
        </node>
        <node>
           <name>MP_CM059_Ladder_Cruiser</name>
           <model>common\misc\CM059\CM059.model</model>
        </node>
        <node>
           <name>MP_CM059_Ladder_Cruiser_INDEX_1</name>
           <model>common\misc\CM059\CM059.model</model>
        </node>
        <node>
           <name>MP_CM032_Propeller3_R</name>
           <model>common\misc\CM032\CM032.model</model>
        </node>
        <node>
           <name>MP_CM001_Propeller3_L</name>
           <model>common\misc\CM001\CM001.model</model>
        </node>
        <node>
           <name>MP_JM300_Life_Buoy</name>
           <model>japan\misc\JM300\JM300.model</model>
        </node>
        <node>
           <name>MP_JM300_Life_Buoy_INDEX_1</name>
           <model>japan\misc\JM300\JM300.model</model>
        </node>
        <node>
           <name>MP_JM181_Motor_Boats_11m</name>
           <model>japan\misc\JM181\JM181.model</model>
        </node>
        <node>
           <name>MP_JM148_Motor_Boats_12m</name>
           <model>japan\misc\JM148\JM148.model</model>
        </node>
        <node>
           <name>MP_JM202_Fender</name>
           <model>japan\misc\JM202\JM202.model</model>
        </node>
        <node>
           <name>MP_JM202_Fender_INDEX_1</name>
           <model>japan\misc\JM202\JM202.model</model>
        </node>
        <node>
           <name>MP_CM009_Life_Buoy_2</name>
           <model>common\misc\CM009\CM009.model</model>
        </node>
        <node>
           <name>MP_CM009_Life_Buoy_2_INDEX_1</name>
           <model>common\misc\CM009\CM009.model</model>
        </node>
        <node>
           <name>HP_Fire_Burn_4</name>
           <model>UNKNOWN_ITEM</model>
        </node>
    </stern>
  </sections>
</JSA007_Zuiho_1940.xml>
