<ASB006_New_York_1934.xml>
  <sections>
    <bow>
      <model>usa\ship\battleship\ASB006_New_York_1934\ASB006_New_York_1934_bow_ports.model</model>
        <node>
           <name>HP_AGM_1</name>
           <model>usa\gun\main\AGM074_14in_45_Mk8\AGM074_14in_45_Mk8.model</model>
        </node>
        <node>
           <name>MP_AM049_Signal_Lamp_1</name>
           <model>usa\misc\AM049\AM049.model</model>
        </node>
        <node>
           <name>MP_AM217_Hatch</name>
           <model>usa\misc\AM217\AM217.model</model>
        </node>
        <node>
           <name>MP_AM219_Bollard</name>
           <model>usa\misc\AM219\AM219.model</model>
        </node>
        <node>
           <name>MP_AM219_Bollard_INDEX_1</name>
           <model>usa\misc\AM219\AM219.model</model>
        </node>
        <node>
           <name>MP_AM219_Bollard_INDEX_2</name>
           <model>usa\misc\AM219\AM219.model</model>
        </node>
        <node>
           <name>MP_AM219_Bollard_INDEX_3</name>
           <model>usa\misc\AM219\AM219.model</model>
        </node>
        <node>
           <name>MP_AM308_Fairlead</name>
           <model>usa\misc\AM308\AM308.model</model>
        </node>
        <node>
           <name>MP_AM308_Fairlead_INDEX_1</name>
           <model>usa\misc\AM308\AM308.model</model>
        </node>
        <node>
           <name>MP_AM308_Fairlead_INDEX_2</name>
           <model>usa\misc\AM308\AM308.model</model>
        </node>
        <node>
           <name>MP_AM308_Fairlead_INDEX_3</name>
           <model>usa\misc\AM308\AM308.model</model>
        </node>
        <node>
           <name>MP_AM308_Fairlead_INDEX_4</name>
           <model>usa\misc\AM308\AM308.model</model>
        </node>
        <node>
           <name>MP_AM308_Fairlead_INDEX_5</name>
           <model>usa\misc\AM308\AM308.model</model>
        </node>
        <node>
           <name>MP_AM212_Ventilation</name>
           <model>usa\misc\AM212\AM212.model</model>
        </node>
        <node>
           <name>MP_AM212_Ventilation_INDEX_1</name>
           <model>usa\misc\AM212\AM212.model</model>
        </node>
        <node>
           <name>MP_AM212_Ventilation_INDEX_2</name>
           <model>usa\misc\AM212\AM212.model</model>
        </node>
        <node>
           <name>MP_AM377_Ventilators</name>
           <model>usa\misc\AM377\AM377.model</model>
        </node>
        <node>
           <name>MP_AM377_Ventilators_INDEX_1</name>
           <model>usa\misc\AM377\AM377.model</model>
        </node>
        <node>
           <name>MP_AM217_Hatch_INDEX_1</name>
           <model>usa\misc\AM217\AM217.model</model>
        </node>
        <node>
           <name>MP_AM217_Hatch_INDEX_2</name>
           <model>usa\misc\AM217\AM217.model</model>
        </node>
        <node>
           <name>MP_AM306_Hatch</name>
           <model>usa\misc\AM306\AM306.model</model>
        </node>
        <node>
           <name>MP_AM306_Hatch_INDEX_1</name>
           <model>usa\misc\AM306\AM306.model</model>
        </node>
        <node>
           <name>MP_AM394_Boat_Winch</name>
           <model>usa\misc\AM394\AM394.model</model>
        </node>
        <node>
           <name>MP_AM377_Ventilators_INDEX_2</name>
           <model>usa\misc\AM377\AM377.model</model>
        </node>
        <node>
           <name>MP_AM377_Ventilators_INDEX_3</name>
           <model>usa\misc\AM377\AM377.model</model>
        </node>
        <node>
           <name>MP_CM004_Barbette_Out</name>
           <model>common\misc\CM004\CM004.model</model>
        </node>
        <node>
           <name>MP_CM008_Life_Buoy_1</name>
           <model>common\misc\CM008\CM008.model</model>
        </node>
        <node>
           <name>MP_CM008_Life_Buoy_1_INDEX_1</name>
           <model>common\misc\CM008\CM008.model</model>
        </node>
        <node>
           <name>MP_AM472_Hatch</name>
           <model>usa\misc\AM472\AM472.model</model>
        </node>
        <node>
           <name>HP_Fire_Burn_1</name>
           <model>UNKNOWN_ITEM</model>
        </node>
    </bow>
    <midfront>
      <model>usa\ship\battleship\ASB006_New_York_1934\ASB006_New_York_1934_MidFront_ports.model</model>
        <node>
           <name>HP_AD_3</name>
           <model>usa\director\AD054_Director_Mk7\AD054_Director_Mk7.model</model>
        </node>
        <node>
           <name>HP_AD_2</name>
           <model>usa\director\AD054_Director_Mk7\AD054_Director_Mk7.model</model>
        </node>
        <node>
           <name>HP_AD_7</name>
           <model>usa\director\AD054_Director_Mk7\AD054_Director_Mk7.model</model>
        </node>
        <node>
           <name>HP_AD_8</name>
           <model>usa\director\AD054_Director_Mk7\AD054_Director_Mk7.model</model>
        </node>
        <node>
           <name>HP_AD_6</name>
           <model>usa\director\AD055_Director_Mk11\AD055_Director_Mk11.model</model>
        </node>
        <node>
           <name>HP_AD_1</name>
           <model>usa\director\AD055_Director_Mk11\AD055_Director_Mk11.model</model>
        </node>
        <node>
           <name>HP_AD_5</name>
           <model>usa\director\AD074_Rangefinder_Mount_MK_32\AD074_Rangefinder_Mount_MK_32.model</model>
        </node>
        <node>
           <name>HP_AD_4</name>
           <model>usa\director\AD074_Rangefinder_Mount_MK_32\AD074_Rangefinder_Mount_MK_32.model</model>
        </node>
        <node>
           <name>HP_AF_1</name>
           <model>usa\finder\AF050_Rangefinder_6m\AF050_Rangefinder_6m.model</model>
        </node>
        <node>
           <name>HP_AGA_12</name>
           <model>usa\gun\aaircraft\AGA016_3in50_Mk22_Mod2\AGA016_3in50_Mk22_Mod2.model</model>
        </node>
        <node>
           <name>HP_AGA_10</name>
           <model>usa\gun\aaircraft\AGA016_3in50_Mk22_Mod2\AGA016_3in50_Mk22_Mod2.model</model>
        </node>
        <node>
           <name>HP_AGA_7</name>
           <model>usa\gun\aaircraft\AGA016_3in50_Mk22_Mod2\AGA016_3in50_Mk22_Mod2.model</model>
        </node>
        <node>
           <name>HP_AGA_2</name>
           <model>usa\gun\aaircraft\AGA016_3in50_Mk22_Mod2\AGA016_3in50_Mk22_Mod2.model</model>
        </node>
        <node>
           <name>HP_AGA_1</name>
           <model>usa\gun\aaircraft\AGA016_3in50_Mk22_Mod2\AGA016_3in50_Mk22_Mod2.model</model>
        </node>
        <node>
           <name>HP_AGA_6</name>
           <model>usa\gun\aaircraft\AGA016_3in50_Mk22_Mod2\AGA016_3in50_Mk22_Mod2.model</model>
        </node>
        <node>
           <name>HP_AGA_9</name>
           <model>usa\gun\aaircraft\AGA016_3in50_Mk22_Mod2\AGA016_3in50_Mk22_Mod2.model</model>
        </node>
        <node>
           <name>HP_AGA_11</name>
           <model>usa\gun\aaircraft\AGA016_3in50_Mk22_Mod2\AGA016_3in50_Mk22_Mod2.model</model>
        </node>
        <node>
           <name>HP_AGA_5</name>
           <model>usa\gun\aaircraft\AGA055_Browning_M2_Mod2\AGA055_Browning_M2_Mod2.model</model>
        </node>
        <node>
           <name>HP_AGA_4</name>
           <model>usa\gun\aaircraft\AGA055_Browning_M2_Mod2\AGA055_Browning_M2_Mod2.model</model>
        </node>
        <node>
           <name>HP_AGA_3</name>
           <model>usa\gun\aaircraft\AGA055_Browning_M2_Mod2\AGA055_Browning_M2_Mod2.model</model>
        </node>
        <node>
           <name>HP_AGA_8</name>
           <model>usa\gun\aaircraft\AGA055_Browning_M2_Mod2\AGA055_Browning_M2_Mod2.model</model>
        </node>
        <node>
           <name>HP_AGM_2</name>
           <model>usa\gun\main\AGM074_14in_45_Mk8\AGM074_14in_45_Mk8.model</model>
        </node>
        <node>
           <name>HP_AGS_2</name>
           <model>usa\gun\secondary\AGS029_5in51_Mk_7\AGS029_5in51_Mk_7.model</model>
        </node>
        <node>
           <name>HP_AGS_1</name>
           <model>usa\gun\secondary\AGS029_5in51_Mk_7\AGS029_5in51_Mk_7.model</model>
        </node>
        <node>
           <name>HP_AGS_6</name>
           <model>usa\gun\secondary\AGS029_5in51_Mk_7\AGS029_5in51_Mk_7.model</model>
        </node>
        <node>
           <name>HP_AGS_8</name>
           <model>usa\gun\secondary\AGS029_5in51_Mk_7\AGS029_5in51_Mk_7.model</model>
        </node>
        <node>
           <name>HP_AGS_4</name>
           <model>usa\gun\secondary\AGS029_5in51_Mk_7\AGS029_5in51_Mk_7.model</model>
        </node>
        <node>
           <name>HP_AGS_5</name>
           <model>usa\gun\secondary\AGS029_5in51_Mk_7\AGS029_5in51_Mk_7.model</model>
        </node>
        <node>
           <name>HP_AGS_3</name>
           <model>usa\gun\secondary\AGS029_5in51_Mk_7\AGS029_5in51_Mk_7.model</model>
        </node>
        <node>
           <name>HP_AGS_7</name>
           <model>usa\gun\secondary\AGS029_5in51_Mk_7\AGS029_5in51_Mk_7.model</model>
        </node>
        <node>
           <name>HP_AGS_10</name>
           <model>usa\gun\secondary\AGS029_5in51_Mk_7\AGS029_5in51_Mk_7.model</model>
        </node>
        <node>
           <name>HP_AGS_9</name>
           <model>usa\gun\secondary\AGS029_5in51_Mk_7\AGS029_5in51_Mk_7.model</model>
        </node>
        <node>
           <name>HP_flag_1</name>
           <model>usa\misc\AM032\AM032.model</model>
        </node>
        <node>
           <name>HP_flag_2</name>
           <model>usa\misc\AM032\AM032.model</model>
        </node>
        <node>
           <name>HP_flag_3</name>
           <model>usa\misc\AM032\AM032.model</model>
        </node>
        <node>
           <name>HP_flag_4</name>
           <model>usa\misc\AM032\AM032.model</model>
        </node>
        <node>
           <name>MP_AM018_Compass_Binnacle</name>
           <model>usa\misc\AM018\AM018.model</model>
        </node>
        <node>
           <name>MP_AM047_Running_Lights_R</name>
           <model>usa\misc\AM047\AM047.model</model>
        </node>
        <node>
           <name>MP_AM048_Running_Lights_L</name>
           <model>usa\misc\AM048\AM048.model</model>
        </node>
        <node>
           <name>MP_AM091_Whaleboat_26ft</name>
           <model>usa\misc\AM091\AM091.model</model>
        </node>
        <node>
           <name>MP_AM091_Whaleboat_26ft_INDEX_1</name>
           <model>usa\misc\AM091\AM091.model</model>
        </node>
        <node>
           <name>MP_AM095_Motor_boat_40ft</name>
           <model>usa\misc\AM095\AM095.model</model>
        </node>
        <node>
           <name>MP_AM095_Motor_boat_40ft_INDEX_1</name>
           <model>usa\misc\AM095\AM095.model</model>
        </node>
        <node>
           <name>MP_AM218_Hatch</name>
           <model>usa\misc\AM218\AM218.model</model>
        </node>
        <node>
           <name>MP_AM218_Hatch_INDEX_1</name>
           <model>usa\misc\AM218\AM218.model</model>
        </node>
        <node>
           <name>MP_AM218_Hatch_INDEX_2</name>
           <model>usa\misc\AM218\AM218.model</model>
        </node>
        <node>
           <name>MP_AM218_Hatch_INDEX_3</name>
           <model>usa\misc\AM218\AM218.model</model>
        </node>
        <node>
           <name>MP_AM036_Range_Concentration_Dia</name>
           <model>usa\misc\AM036\AM036.model</model>
        </node>
        <node>
           <name>MP_AM173_Insulator_1</name>
           <model>usa\misc\AM173\AM173.model</model>
        </node>
        <node>
           <name>MP_AM173_Insulator_1_INDEX_1</name>
           <model>usa\misc\AM173\AM173.model</model>
        </node>
        <node>
           <name>MP_AM173_Insulator_1_INDEX_2</name>
           <model>usa\misc\AM173\AM173.model</model>
        </node>
        <node>
           <name>MP_AM173_Insulator_1_INDEX_3</name>
           <model>usa\misc\AM173\AM173.model</model>
        </node>
        <node>
           <name>MP_AM219_Bollard</name>
           <model>usa\misc\AM219\AM219.model</model>
        </node>
        <node>
           <name>MP_AM219_Bollard_INDEX_1</name>
           <model>usa\misc\AM219\AM219.model</model>
        </node>
        <node>
           <name>MP_AM219_Bollard_INDEX_2</name>
           <model>usa\misc\AM219\AM219.model</model>
        </node>
        <node>
           <name>MP_AM219_Bollard_INDEX_3</name>
           <model>usa\misc\AM219\AM219.model</model>
        </node>
        <node>
           <name>MP_AM218_Hatch_INDEX_4</name>
           <model>usa\misc\AM218\AM218.model</model>
        </node>
        <node>
           <name>MP_AM218_Hatch_INDEX_5</name>
           <model>usa\misc\AM218\AM218.model</model>
        </node>
        <node>
           <name>MP_AM239_Rdf</name>
           <model>usa\misc\AM239\AM239.model</model>
        </node>
        <node>
           <name>MP_AM173_Insulator_1_INDEX_4</name>
           <model>usa\misc\AM173\AM173.model</model>
        </node>
        <node>
           <name>MP_AM308_Fairlead</name>
           <model>usa\misc\AM308\AM308.model</model>
        </node>
        <node>
           <name>MP_AM308_Fairlead_INDEX_1</name>
           <model>usa\misc\AM308\AM308.model</model>
        </node>
        <node>
           <name>MP_AM308_Fairlead_INDEX_2</name>
           <model>usa\misc\AM308\AM308.model</model>
        </node>
        <node>
           <name>MP_AM308_Fairlead_INDEX_3</name>
           <model>usa\misc\AM308\AM308.model</model>
        </node>
        <node>
           <name>MP_AM308_Fairlead_INDEX_4</name>
           <model>usa\misc\AM308\AM308.model</model>
        </node>
        <node>
           <name>MP_AM308_Fairlead_INDEX_5</name>
           <model>usa\misc\AM308\AM308.model</model>
        </node>
        <node>
           <name>MP_AM170_Flag_Box_2</name>
           <model>usa\misc\AM170\AM170.model</model>
        </node>
        <node>
           <name>MP_AM170_Flag_Box_2_INDEX_1</name>
           <model>usa\misc\AM170\AM170.model</model>
        </node>
        <node>
           <name>MP_AM071_Signal_Lamp_2</name>
           <model>usa\misc\AM071\AM071.model</model>
        </node>
        <node>
           <name>MP_AM077_Paravane</name>
           <model>usa\misc\AM077\AM077.model</model>
        </node>
        <node>
           <name>MP_AM077_Paravane_INDEX_1</name>
           <model>usa\misc\AM077\AM077.model</model>
        </node>
        <node>
           <name>MP_AM038_Searchlight_600mm</name>
           <model>usa\misc\AM038\AM038.model</model>
        </node>
        <node>
           <name>MP_AM038_Searchlight_600mm_INDEX_1</name>
           <model>usa\misc\AM038\AM038.model</model>
        </node>
        <node>
           <name>MP_AM097_Motor_launch_50ft</name>
           <model>usa\misc\AM097\AM097.model</model>
        </node>
        <node>
           <name>MP_AM097_Motor_launch_50ft_INDEX_1</name>
           <model>usa\misc\AM097\AM097.model</model>
        </node>
        <node>
           <name>MP_AM096_Motor_launch_40ft</name>
           <model>usa\misc\AM096\AM096.model</model>
        </node>
        <node>
           <name>MP_AM096_Motor_launch_40ft_INDEX_1</name>
           <model>usa\misc\AM096\AM096.model</model>
        </node>
        <node>
           <name>MP_CM007_Boat_Stowage_1</name>
           <model>common\misc\CM007\CM007.model</model>
        </node>
        <node>
           <name>MP_CM007_Boat_Stowage_1_INDEX_1</name>
           <model>common\misc\CM007\CM007.model</model>
        </node>
        <node>
           <name>MP_CM007_Boat_Stowage_1_INDEX_2</name>
           <model>common\misc\CM007\CM007.model</model>
        </node>
        <node>
           <name>MP_CM007_Boat_Stowage_1_INDEX_3</name>
           <model>common\misc\CM007\CM007.model</model>
        </node>
        <node>
           <name>MP_CM007_Boat_Stowage_1_INDEX_4</name>
           <model>common\misc\CM007\CM007.model</model>
        </node>
        <node>
           <name>MP_CM007_Boat_Stowage_1_INDEX_5</name>
           <model>common\misc\CM007\CM007.model</model>
        </node>
        <node>
           <name>MP_CM056_Ships_bell</name>
           <model>common\misc\CM056\CM056.model</model>
        </node>
        <node>
           <name>MP_AM254_Hatch</name>
           <model>usa\misc\AM254\AM254.model</model>
        </node>
        <node>
           <name>MP_AM254_Hatch_INDEX_1</name>
           <model>usa\misc\AM254\AM254.model</model>
        </node>
        <node>
           <name>MP_CM012_Fire_Hose_Rack_1</name>
           <model>common\misc\CM012\CM012.model</model>
        </node>
        <node>
           <name>MP_CM012_Fire_Hose_Rack_1_INDEX_1</name>
           <model>common\misc\CM012\CM012.model</model>
        </node>
        <node>
           <name>MP_CM012_Fire_Hose_Rack_1_INDEX_2</name>
           <model>common\misc\CM012\CM012.model</model>
        </node>
        <node>
           <name>MP_CM012_Fire_Hose_Rack_1_INDEX_3</name>
           <model>common\misc\CM012\CM012.model</model>
        </node>
        <node>
           <name>MP_CM012_Fire_Hose_Rack_1_INDEX_4</name>
           <model>common\misc\CM012\CM012.model</model>
        </node>
        <node>
           <name>MP_CM012_Fire_Hose_Rack_1_INDEX_5</name>
           <model>common\misc\CM012\CM012.model</model>
        </node>
        <node>
           <name>MP_CM012_Fire_Hose_Rack_1_INDEX_6</name>
           <model>common\misc\CM012\CM012.model</model>
        </node>
        <node>
           <name>MP_CM012_Fire_Hose_Rack_1_INDEX_7</name>
           <model>common\misc\CM012\CM012.model</model>
        </node>
        <node>
           <name>MP_CM011_Fire_Fighting_Gear</name>
           <model>common\misc\CM011\CM011.model</model>
        </node>
        <node>
           <name>MP_CM011_Fire_Fighting_Gear_INDEX_1</name>
           <model>common\misc\CM011\CM011.model</model>
        </node>
        <node>
           <name>MP_CM011_Fire_Fighting_Gear_INDEX_2</name>
           <model>common\misc\CM011\CM011.model</model>
        </node>
        <node>
           <name>MP_CM011_Fire_Fighting_Gear_INDEX_3</name>
           <model>common\misc\CM011\CM011.model</model>
        </node>
        <node>
           <name>MP_CM011_Fire_Fighting_Gear_INDEX_4</name>
           <model>common\misc\CM011\CM011.model</model>
        </node>
        <node>
           <name>MP_CM011_Fire_Fighting_Gear_INDEX_5</name>
           <model>common\misc\CM011\CM011.model</model>
        </node>
        <node>
           <name>MP_CM011_Fire_Fighting_Gear_INDEX_6</name>
           <model>common\misc\CM011\CM011.model</model>
        </node>
        <node>
           <name>MP_CM011_Fire_Fighting_Gear_INDEX_7</name>
           <model>common\misc\CM011\CM011.model</model>
        </node>
        <node>
           <name>MP_AM093_Motor_boat_35ft</name>
           <model>usa\misc\AM093\AM093.model</model>
        </node>
        <node>
           <name>MP_AM093_Motor_boat_35ft_INDEX_1</name>
           <model>usa\misc\AM093\AM093.model</model>
        </node>
        <node>
           <name>MP_CM011_Fire_Fighting_Gear_INDEX_8</name>
           <model>common\misc\CM011\CM011.model</model>
        </node>
        <node>
           <name>MP_CM011_Fire_Fighting_Gear_INDEX_9</name>
           <model>common\misc\CM011\CM011.model</model>
        </node>
        <node>
           <name>MP_AM108_Reels_4</name>
           <model>usa\misc\AM108\AM108.model</model>
        </node>
        <node>
           <name>MP_AM108_Reels_4_INDEX_1</name>
           <model>usa\misc\AM108\AM108.model</model>
        </node>
        <node>
           <name>MP_AM378_Ammunition_box</name>
           <model>usa\misc\AM378\AM378.model</model>
        </node>
        <node>
           <name>MP_AM378_Ammunition_box_INDEX_1</name>
           <model>usa\misc\AM378\AM378.model</model>
        </node>
        <node>
           <name>MP_AM378_Ammunition_box_INDEX_2</name>
           <model>usa\misc\AM378\AM378.model</model>
        </node>
        <node>
           <name>MP_AM378_Ammunition_box_INDEX_3</name>
           <model>usa\misc\AM378\AM378.model</model>
        </node>
        <node>
           <name>MP_AM378_Ammunition_box_INDEX_4</name>
           <model>usa\misc\AM378\AM378.model</model>
        </node>
        <node>
           <name>MP_AM378_Ammunition_box_INDEX_5</name>
           <model>usa\misc\AM378\AM378.model</model>
        </node>
        <node>
           <name>MP_AM256_Ammunition_Box</name>
           <model>usa\misc\AM256\AM256.model</model>
        </node>
        <node>
           <name>MP_AM399_Hatch</name>
           <model>usa\misc\AM399\AM399.model</model>
        </node>
        <node>
           <name>MP_AM399_Hatch_INDEX_1</name>
           <model>usa\misc\AM399\AM399.model</model>
        </node>
        <node>
           <name>MP_AM399_Hatch_INDEX_2</name>
           <model>usa\misc\AM399\AM399.model</model>
        </node>
        <node>
           <name>MP_AM289_Ventilation</name>
           <model>usa\misc\AM289\AM289.model</model>
        </node>
        <node>
           <name>MP_AM289_Ventilation_INDEX_1</name>
           <model>usa\misc\AM289\AM289.model</model>
        </node>
        <node>
           <name>MP_AM217_Hatch</name>
           <model>usa\misc\AM217\AM217.model</model>
        </node>
        <node>
           <name>MP_AM217_Hatch_INDEX_1</name>
           <model>usa\misc\AM217\AM217.model</model>
        </node>
        <node>
           <name>MP_AM216_Hatch</name>
           <model>usa\misc\AM216\AM216.model</model>
        </node>
        <node>
           <name>MP_CM024_Stairway_Big_L</name>
           <model>common\misc\CM024\CM024.model</model>
        </node>
        <node>
           <name>MP_CM025_Stairway_Big_R</name>
           <model>common\misc\CM025\CM025.model</model>
        </node>
        <node>
           <name>MP_AM395_Whaleboat_30ft</name>
           <model>usa\misc\AM395\AM395.model</model>
        </node>
        <node>
           <name>MP_AM395_Whaleboat_30ft_INDEX_1</name>
           <model>usa\misc\AM395\AM395.model</model>
        </node>
        <node>
           <name>MP_AM049_Signal_Lamp_1</name>
           <model>usa\misc\AM049\AM049.model</model>
        </node>
        <node>
           <name>MP_AM049_Signal_Lamp_1_INDEX_1</name>
           <model>usa\misc\AM049\AM049.model</model>
        </node>
        <node>
           <name>MP_AM025_Pelorus_Mk7</name>
           <model>usa\misc\AM025\AM025.model</model>
        </node>
        <node>
           <name>MP_AM025_Pelorus_Mk7_INDEX_1</name>
           <model>usa\misc\AM025\AM025.model</model>
        </node>
        <node>
           <name>MP_AM248_Ammunition_Box</name>
           <model>usa\misc\AM248\AM248.model</model>
        </node>
        <node>
           <name>MP_AM248_Ammunition_Box_INDEX_1</name>
           <model>usa\misc\AM248\AM248.model</model>
        </node>
        <node>
           <name>MP_AM248_Ammunition_Box_INDEX_2</name>
           <model>usa\misc\AM248\AM248.model</model>
        </node>
        <node>
           <name>MP_AM248_Ammunition_Box_INDEX_3</name>
           <model>usa\misc\AM248\AM248.model</model>
        </node>
        <node>
           <name>MP_AM248_Ammunition_Box_INDEX_4</name>
           <model>usa\misc\AM248\AM248.model</model>
        </node>
        <node>
           <name>MP_AM248_Ammunition_Box_INDEX_5</name>
           <model>usa\misc\AM248\AM248.model</model>
        </node>
        <node>
           <name>MP_AM010_Speaker_1</name>
           <model>usa\misc\AM010\AM010.model</model>
        </node>
        <node>
           <name>MP_AM111_Telescope_1</name>
           <model>usa\misc\AM111\AM111.model</model>
        </node>
        <node>
           <name>MP_AM111_Telescope_1_INDEX_1</name>
           <model>usa\misc\AM111\AM111.model</model>
        </node>
        <node>
           <name>MP_AM164_Signal_Lamp_4</name>
           <model>usa\misc\AM164\AM164.model</model>
        </node>
        <node>
           <name>MP_AM164_Signal_Lamp_4_INDEX_1</name>
           <model>usa\misc\AM164\AM164.model</model>
        </node>
        <node>
           <name>MP_AM449_Binoculars</name>
           <model>usa\misc\AM449\AM449.model</model>
        </node>
        <node>
           <name>MP_AM449_Binoculars_INDEX_1</name>
           <model>usa\misc\AM449\AM449.model</model>
        </node>
        <node>
           <name>MP_CM004_Barbette_Out</name>
           <model>common\misc\CM004\CM004.model</model>
        </node>
        <node>
           <name>MP_AM449_Binoculars_INDEX_2</name>
           <model>usa\misc\AM449\AM449.model</model>
        </node>
        <node>
           <name>MP_AM449_Binoculars_INDEX_3</name>
           <model>usa\misc\AM449\AM449.model</model>
        </node>
        <node>
           <name>MP_CM008_Life_Buoy_1</name>
           <model>common\misc\CM008\CM008.model</model>
        </node>
        <node>
           <name>MP_CM008_Life_Buoy_1_INDEX_1</name>
           <model>common\misc\CM008\CM008.model</model>
        </node>
        <node>
           <name>MP_CM062_Emergency_Box</name>
           <model>common\misc\CM062\CM062.model</model>
        </node>
        <node>
           <name>MP_CM062_Emergency_Box_INDEX_1</name>
           <model>common\misc\CM062\CM062.model</model>
        </node>
        <node>
           <name>MP_CM062_Emergency_Box_INDEX_2</name>
           <model>common\misc\CM062\CM062.model</model>
        </node>
        <node>
           <name>MP_CM062_Emergency_Box_INDEX_3</name>
           <model>common\misc\CM062\CM062.model</model>
        </node>
        <node>
           <name>MP_AM064_Wind_Intensity</name>
           <model>usa\misc\AM064\AM064.model</model>
        </node>
        <node>
           <name>MP_AM248_Ammunition_Box_INDEX_6</name>
           <model>usa\misc\AM248\AM248.model</model>
        </node>
        <node>
           <name>MP_AM248_Ammunition_Box_INDEX_7</name>
           <model>usa\misc\AM248\AM248.model</model>
        </node>
        <node>
           <name>MP_AM451_Signal_Lamp</name>
           <model>usa\misc\AM451\AM451.model</model>
        </node>
        <node>
           <name>MP_AM142_Running_Lights_FW</name>
           <model>usa\misc\AM142\AM142.model</model>
        </node>
        <node>
           <name>MP_AM396_Crane</name>
           <model>usa\misc\AM396\AM396.model</model>
        </node>
        <node>
           <name>MP_AM396_Crane_INDEX_1</name>
           <model>usa\misc\AM396\AM396.model</model>
        </node>
        <node>
           <name>MP_AM465_Fire_Extinguisher</name>
           <model>usa\misc\AM465\AM465.model</model>
        </node>
        <node>
           <name>MP_AM465_Fire_Extinguisher_INDEX_1</name>
           <model>usa\misc\AM465\AM465.model</model>
        </node>
        <node>
           <name>MP_AM464_Chair</name>
           <model>usa\misc\AM464\AM464.model</model>
        </node>
        <node>
           <name>MP_AM464_Chair_INDEX_1</name>
           <model>usa\misc\AM464\AM464.model</model>
        </node>
        <node>
           <name>MP_CM079_Fender</name>
           <model>common\misc\CM079\CM079.model</model>
        </node>
        <node>
           <name>MP_CM079_Fender_INDEX_1</name>
           <model>common\misc\CM079\CM079.model</model>
        </node>
        <node>
           <name>MP_CM079_Fender_INDEX_2</name>
           <model>common\misc\CM079\CM079.model</model>
        </node>
        <node>
           <name>MP_CM079_Fender_INDEX_3</name>
           <model>common\misc\CM079\CM079.model</model>
        </node>
        <node>
           <name>MP_CM079_Fender_INDEX_4</name>
           <model>common\misc\CM079\CM079.model</model>
        </node>
        <node>
           <name>MP_CM079_Fender_INDEX_5</name>
           <model>common\misc\CM079\CM079.model</model>
        </node>
        <node>
           <name>MP_AM462_Pelorus</name>
           <model>usa\misc\AM462\AM462.model</model>
        </node>
        <node>
           <name>MP_AM462_Pelorus_INDEX_1</name>
           <model>usa\misc\AM462\AM462.model</model>
        </node>
        <node>
           <name>MP_AM463_Binoculars</name>
           <model>usa\misc\AM463\AM463.model</model>
        </node>
        <node>
           <name>MP_AM463_Binoculars_INDEX_1</name>
           <model>usa\misc\AM463\AM463.model</model>
        </node>
        <node>
           <name>MP_AM460_3pdr_Saluting_Gun</name>
           <model>usa\misc\AM460\AM460.model</model>
        </node>
        <node>
           <name>MP_AM460_3pdr_Saluting_Gun_INDEX_1</name>
           <model>usa\misc\AM460\AM460.model</model>
        </node>
        <node>
           <name>MP_AM460_3pdr_Saluting_Gun_INDEX_2</name>
           <model>usa\misc\AM460\AM460.model</model>
        </node>
        <node>
           <name>MP_AM460_3pdr_Saluting_Gun_INDEX_3</name>
           <model>usa\misc\AM460\AM460.model</model>
        </node>
        <node>
           <name>MP_AM159_Voice_Tube</name>
           <model>usa\misc\AM159\AM159.model</model>
        </node>
        <node>
           <name>MP_AM159_Voice_Tube_INDEX_1</name>
           <model>usa\misc\AM159\AM159.model</model>
        </node>
        <node>
           <name>MP_AM225_Searchlight_900mm</name>
           <model>usa\misc\AM225\AM225.model</model>
        </node>
        <node>
           <name>MP_AM225_Searchlight_900mm_INDEX_1</name>
           <model>usa\misc\AM225\AM225.model</model>
        </node>
        <node>
           <name>MP_AM159_Voice_Tube_INDEX_2</name>
           <model>usa\misc\AM159\AM159.model</model>
        </node>
        <node>
           <name>MP_AM159_Voice_Tube_INDEX_3</name>
           <model>usa\misc\AM159\AM159.model</model>
        </node>
        <node>
           <name>MP_AM469_Filling_connection</name>
           <model>usa\misc\AM469\AM469.model</model>
        </node>
        <node>
           <name>MP_AM468_Filling_connection</name>
           <model>usa\misc\AM468\AM468.model</model>
        </node>
        <node>
           <name>HP_Smoke_1</name>
           <model>UNKNOWN_ITEM</model>
        </node>
        <node>
           <name>HP_NoseWave_Speed</name>
           <model>UNKNOWN_ITEM</model>
        </node>
        <node>
           <name>HP_Fire_Burn_2</name>
           <model>UNKNOWN_ITEM</model>
        </node>
    </midfront>
    <midback>
      <model>usa\ship\battleship\ASB006_New_York_1934\ASB006_New_York_1934_MidBack_ports.model</model>
        <node>
           <name>HP_AGA_15</name>
           <model>usa\gun\aaircraft\AGA055_Browning_M2_Mod2\AGA055_Browning_M2_Mod2.model</model>
        </node>
        <node>
           <name>HP_AGA_16</name>
           <model>usa\gun\aaircraft\AGA055_Browning_M2_Mod2\AGA055_Browning_M2_Mod2.model</model>
        </node>
        <node>
           <name>HP_AGA_14</name>
           <model>usa\gun\aaircraft\AGA055_Browning_M2_Mod2\AGA055_Browning_M2_Mod2.model</model>
        </node>
        <node>
           <name>HP_AGA_13</name>
           <model>usa\gun\aaircraft\AGA055_Browning_M2_Mod2\AGA055_Browning_M2_Mod2.model</model>
        </node>
        <node>
           <name>HP_AGM_4</name>
           <model>usa\gun\main\AGM074_14in_45_Mk8\AGM074_14in_45_Mk8.model</model>
        </node>
        <node>
           <name>HP_AGM_3</name>
           <model>usa\gun\main\AGM074_14in_45_Mk8\AGM074_14in_45_Mk8.model</model>
        </node>
        <node>
           <name>HP_AGS_12</name>
           <model>usa\gun\secondary\AGS029_5in51_Mk_7\AGS029_5in51_Mk_7.model</model>
        </node>
        <node>
           <name>HP_AGS_11</name>
           <model>usa\gun\secondary\AGS029_5in51_Mk_7\AGS029_5in51_Mk_7.model</model>
        </node>
        <node>
           <name>HP_flag_nation</name>
           <model>usa\misc\AM032\AM032.model</model>
        </node>
        <node>
           <name>MP_AM036_Range_Concentration_Dia</name>
           <model>usa\misc\AM036\AM036.model</model>
        </node>
        <node>
           <name>MP_AM218_Hatch</name>
           <model>usa\misc\AM218\AM218.model</model>
        </node>
        <node>
           <name>MP_AM218_Hatch_INDEX_1</name>
           <model>usa\misc\AM218\AM218.model</model>
        </node>
        <node>
           <name>MP_AM218_Hatch_INDEX_2</name>
           <model>usa\misc\AM218\AM218.model</model>
        </node>
        <node>
           <name>MP_AM218_Hatch_INDEX_3</name>
           <model>usa\misc\AM218\AM218.model</model>
        </node>
        <node>
           <name>MP_AM218_Hatch_INDEX_4</name>
           <model>usa\misc\AM218\AM218.model</model>
        </node>
        <node>
           <name>MP_AM218_Hatch_INDEX_5</name>
           <model>usa\misc\AM218\AM218.model</model>
        </node>
        <node>
           <name>MP_AM219_Bollard</name>
           <model>usa\misc\AM219\AM219.model</model>
        </node>
        <node>
           <name>MP_AM219_Bollard_INDEX_1</name>
           <model>usa\misc\AM219\AM219.model</model>
        </node>
        <node>
           <name>MP_AM219_Bollard_INDEX_2</name>
           <model>usa\misc\AM219\AM219.model</model>
        </node>
        <node>
           <name>MP_AM219_Bollard_INDEX_3</name>
           <model>usa\misc\AM219\AM219.model</model>
        </node>
        <node>
           <name>MP_AM225_Searchlight_900mm</name>
           <model>usa\misc\AM225\AM225.model</model>
        </node>
        <node>
           <name>MP_AM225_Searchlight_900mm_INDEX_1</name>
           <model>usa\misc\AM225\AM225.model</model>
        </node>
        <node>
           <name>MP_AM225_Searchlight_900mm_INDEX_2</name>
           <model>usa\misc\AM225\AM225.model</model>
        </node>
        <node>
           <name>MP_AM225_Searchlight_900mm_INDEX_3</name>
           <model>usa\misc\AM225\AM225.model</model>
        </node>
        <node>
           <name>MP_AM212_Ventilation</name>
           <model>usa\misc\AM212\AM212.model</model>
        </node>
        <node>
           <name>MP_AM212_Ventilation_INDEX_1</name>
           <model>usa\misc\AM212\AM212.model</model>
        </node>
        <node>
           <name>MP_AM308_Fairlead</name>
           <model>usa\misc\AM308\AM308.model</model>
        </node>
        <node>
           <name>MP_AM308_Fairlead_INDEX_1</name>
           <model>usa\misc\AM308\AM308.model</model>
        </node>
        <node>
           <name>MP_AM308_Fairlead_INDEX_2</name>
           <model>usa\misc\AM308\AM308.model</model>
        </node>
        <node>
           <name>MP_AM308_Fairlead_INDEX_3</name>
           <model>usa\misc\AM308\AM308.model</model>
        </node>
        <node>
           <name>MP_AM308_Fairlead_INDEX_4</name>
           <model>usa\misc\AM308\AM308.model</model>
        </node>
        <node>
           <name>MP_AM308_Fairlead_INDEX_5</name>
           <model>usa\misc\AM308\AM308.model</model>
        </node>
        <node>
           <name>MP_AM289_Ventilation</name>
           <model>usa\misc\AM289\AM289.model</model>
        </node>
        <node>
           <name>MP_AM289_Ventilation_INDEX_1</name>
           <model>usa\misc\AM289\AM289.model</model>
        </node>
        <node>
           <name>MP_AM071_Signal_Lamp_2</name>
           <model>usa\misc\AM071\AM071.model</model>
        </node>
        <node>
           <name>MP_AM071_Signal_Lamp_2_INDEX_1</name>
           <model>usa\misc\AM071\AM071.model</model>
        </node>
        <node>
           <name>MP_AM071_Signal_Lamp_2_INDEX_2</name>
           <model>usa\misc\AM071\AM071.model</model>
        </node>
        <node>
           <name>MP_AM174_Insulator_2</name>
           <model>usa\misc\AM174\AM174.model</model>
        </node>
        <node>
           <name>MP_AM174_Insulator_2_INDEX_1</name>
           <model>usa\misc\AM174\AM174.model</model>
        </node>
        <node>
           <name>MP_AM288_Franklin_Life_Buoy</name>
           <model>usa\misc\AM288\AM288.model</model>
        </node>
        <node>
           <name>MP_AM288_Franklin_Life_Buoy_INDEX_1</name>
           <model>usa\misc\AM288\AM288.model</model>
        </node>
        <node>
           <name>MP_AM217_Hatch</name>
           <model>usa\misc\AM217\AM217.model</model>
        </node>
        <node>
           <name>MP_AM174_Insulator_2_INDEX_2</name>
           <model>usa\misc\AM174\AM174.model</model>
        </node>
        <node>
           <name>MP_AM174_Insulator_2_INDEX_3</name>
           <model>usa\misc\AM174\AM174.model</model>
        </node>
        <node>
           <name>MP_CM056_Ships_bell</name>
           <model>common\misc\CM056\CM056.model</model>
        </node>
        <node>
           <name>MP_CM012_Fire_Hose_Rack_1</name>
           <model>common\misc\CM012\CM012.model</model>
        </node>
        <node>
           <name>MP_CM012_Fire_Hose_Rack_1_INDEX_1</name>
           <model>common\misc\CM012\CM012.model</model>
        </node>
        <node>
           <name>MP_CM011_Fire_Fighting_Gear</name>
           <model>common\misc\CM011\CM011.model</model>
        </node>
        <node>
           <name>MP_CM011_Fire_Fighting_Gear_INDEX_1</name>
           <model>common\misc\CM011\CM011.model</model>
        </node>
        <node>
           <name>MP_CM011_Fire_Fighting_Gear_INDEX_2</name>
           <model>common\misc\CM011\CM011.model</model>
        </node>
        <node>
           <name>MP_CM011_Fire_Fighting_Gear_INDEX_3</name>
           <model>common\misc\CM011\CM011.model</model>
        </node>
        <node>
           <name>MP_CM011_Fire_Fighting_Gear_INDEX_4</name>
           <model>common\misc\CM011\CM011.model</model>
        </node>
        <node>
           <name>MP_CM011_Fire_Fighting_Gear_INDEX_5</name>
           <model>common\misc\CM011\CM011.model</model>
        </node>
        <node>
           <name>MP_AM399_Hatch</name>
           <model>usa\misc\AM399\AM399.model</model>
        </node>
        <node>
           <name>MP_AM398_Hatch</name>
           <model>usa\misc\AM398\AM398.model</model>
        </node>
        <node>
           <name>MP_AM377_Ventilators</name>
           <model>usa\misc\AM377\AM377.model</model>
        </node>
        <node>
           <name>MP_AM399_Hatch_INDEX_1</name>
           <model>usa\misc\AM399\AM399.model</model>
        </node>
        <node>
           <name>MP_AM377_Ventilators_INDEX_1</name>
           <model>usa\misc\AM377\AM377.model</model>
        </node>
        <node>
           <name>MP_AM377_Ventilators_INDEX_2</name>
           <model>usa\misc\AM377\AM377.model</model>
        </node>
        <node>
           <name>MP_AM377_Ventilators_INDEX_3</name>
           <model>usa\misc\AM377\AM377.model</model>
        </node>
        <node>
           <name>MP_CM030_Swab_Rack_2</name>
           <model>common\misc\CM030\CM030.model</model>
        </node>
        <node>
           <name>MP_CM030_Swab_Rack_2_INDEX_1</name>
           <model>common\misc\CM030\CM030.model</model>
        </node>
        <node>
           <name>MP_CM024_Stairway_Big_L</name>
           <model>common\misc\CM024\CM024.model</model>
        </node>
        <node>
           <name>MP_CM025_Stairway_Big_R</name>
           <model>common\misc\CM025\CM025.model</model>
        </node>
        <node>
           <name>MP_AM049_Signal_Lamp_1</name>
           <model>usa\misc\AM049\AM049.model</model>
        </node>
        <node>
           <name>MP_AM049_Signal_Lamp_1_INDEX_1</name>
           <model>usa\misc\AM049\AM049.model</model>
        </node>
        <node>
           <name>MP_AM200_Screened_speed_light</name>
           <model>usa\misc\AM200\AM200.model</model>
        </node>
        <node>
           <name>MP_AM049_Signal_Lamp_1_INDEX_2</name>
           <model>usa\misc\AM049\AM049.model</model>
        </node>
        <node>
           <name>MP_AM049_Signal_Lamp_1_INDEX_3</name>
           <model>usa\misc\AM049\AM049.model</model>
        </node>
        <node>
           <name>MP_AM049_Signal_Lamp_1_INDEX_4</name>
           <model>usa\misc\AM049\AM049.model</model>
        </node>
        <node>
           <name>MP_AM049_Signal_Lamp_1_INDEX_5</name>
           <model>usa\misc\AM049\AM049.model</model>
        </node>
        <node>
           <name>MP_AM049_Signal_Lamp_1_INDEX_6</name>
           <model>usa\misc\AM049\AM049.model</model>
        </node>
        <node>
           <name>MP_AM049_Signal_Lamp_1_INDEX_7</name>
           <model>usa\misc\AM049\AM049.model</model>
        </node>
        <node>
           <name>MP_AM010_Speaker_1</name>
           <model>usa\misc\AM010\AM010.model</model>
        </node>
        <node>
           <name>MP_AM010_Speaker_1_INDEX_1</name>
           <model>usa\misc\AM010\AM010.model</model>
        </node>
        <node>
           <name>MP_AM290_Flag_Box</name>
           <model>usa\misc\AM290\AM290.model</model>
        </node>
        <node>
           <name>MP_AM290_Flag_Box_INDEX_1</name>
           <model>usa\misc\AM290\AM290.model</model>
        </node>
        <node>
           <name>MP_CM004_Barbette_Out</name>
           <model>common\misc\CM004\CM004.model</model>
        </node>
        <node>
           <name>MP_CM004_Barbette_Out_INDEX_1</name>
           <model>common\misc\CM004\CM004.model</model>
        </node>
        <node>
           <name>MP_AM248_Ammunition_Box</name>
           <model>usa\misc\AM248\AM248.model</model>
        </node>
        <node>
           <name>MP_AM248_Ammunition_Box_INDEX_1</name>
           <model>usa\misc\AM248\AM248.model</model>
        </node>
        <node>
           <name>MP_AM451_Signal_Lamp</name>
           <model>usa\misc\AM451\AM451.model</model>
        </node>
        <node>
           <name>MP_AM142_Running_Lights_FW</name>
           <model>usa\misc\AM142\AM142.model</model>
        </node>
        <node>
           <name>MP_CM079_Fender</name>
           <model>common\misc\CM079\CM079.model</model>
        </node>
        <node>
           <name>MP_CM079_Fender_INDEX_1</name>
           <model>common\misc\CM079\CM079.model</model>
        </node>
        <node>
           <name>MP_CM079_Fender_INDEX_2</name>
           <model>common\misc\CM079\CM079.model</model>
        </node>
        <node>
           <name>MP_CM079_Fender_INDEX_3</name>
           <model>common\misc\CM079\CM079.model</model>
        </node>
        <node>
           <name>MP_AM350_Filling_connection</name>
           <model>usa\misc\AM350\AM350.model</model>
        </node>
        <node>
           <name>MP_AM350_Filling_connection_INDEX_1</name>
           <model>usa\misc\AM350\AM350.model</model>
        </node>
        <node>
           <name>MP_AM023_Hatch_1</name>
           <model>usa\misc\AM023\AM023.model</model>
        </node>
        <node>
           <name>MP_AM023_Hatch_1_INDEX_1</name>
           <model>usa\misc\AM023\AM023.model</model>
        </node>
        <node>
           <name>MP_AM023_Hatch_1_INDEX_2</name>
           <model>usa\misc\AM023\AM023.model</model>
        </node>
        <node>
           <name>MP_AM023_Hatch_1_INDEX_3</name>
           <model>usa\misc\AM023\AM023.model</model>
        </node>
        <node>
           <name>HP_Fire_Burn_3</name>
           <model>UNKNOWN_ITEM</model>
        </node>
    </midback>
    <stern>
      <model>usa\ship\battleship\ASB006_New_York_1934\ASB006_New_York_1934_Stern_ports.model</model>
        <node>
           <name>HP_AGM_5</name>
           <model>usa\gun\main\AGM074_14in_45_Mk8\AGM074_14in_45_Mk8.model</model>
        </node>
        <node>
           <name>HP_AGS_13</name>
           <model>usa\gun\secondary\AGS029_5in51_Mk_7\AGS029_5in51_Mk_7.model</model>
        </node>
        <node>
           <name>HP_AGS_15</name>
           <model>usa\gun\secondary\AGS029_5in51_Mk_7\AGS029_5in51_Mk_7.model</model>
        </node>
        <node>
           <name>HP_AGS_14</name>
           <model>usa\gun\secondary\AGS029_5in51_Mk_7\AGS029_5in51_Mk_7.model</model>
        </node>
        <node>
           <name>HP_AGS_16</name>
           <model>usa\gun\secondary\AGS029_5in51_Mk_7\AGS029_5in51_Mk_7.model</model>
        </node>
        <node>
           <name>MP_AM218_Hatch</name>
           <model>usa\misc\AM218\AM218.model</model>
        </node>
        <node>
           <name>MP_AM218_Hatch_INDEX_1</name>
           <model>usa\misc\AM218\AM218.model</model>
        </node>
        <node>
           <name>MP_AM219_Bollard</name>
           <model>usa\misc\AM219\AM219.model</model>
        </node>
        <node>
           <name>MP_AM219_Bollard_INDEX_1</name>
           <model>usa\misc\AM219\AM219.model</model>
        </node>
        <node>
           <name>MP_AM308_Fairlead</name>
           <model>usa\misc\AM308\AM308.model</model>
        </node>
        <node>
           <name>MP_AM308_Fairlead_INDEX_1</name>
           <model>usa\misc\AM308\AM308.model</model>
        </node>
        <node>
           <name>MP_AM308_Fairlead_INDEX_2</name>
           <model>usa\misc\AM308\AM308.model</model>
        </node>
        <node>
           <name>MP_AM308_Fairlead_INDEX_3</name>
           <model>usa\misc\AM308\AM308.model</model>
        </node>
        <node>
           <name>MP_AM329_Ventilation</name>
           <model>usa\misc\AM329\AM329.model</model>
        </node>
        <node>
           <name>MP_AM046_Running_Lights_B</name>
           <model>usa\misc\AM046\AM046.model</model>
        </node>
        <node>
           <name>MP_AM046_Running_Lights_B_INDEX_1</name>
           <model>usa\misc\AM046\AM046.model</model>
        </node>
        <node>
           <name>MP_CM011_Fire_Fighting_Gear</name>
           <model>common\misc\CM011\CM011.model</model>
        </node>
        <node>
           <name>MP_CM011_Fire_Fighting_Gear_INDEX_1</name>
           <model>common\misc\CM011\CM011.model</model>
        </node>
        <node>
           <name>MP_AM377_Ventilators</name>
           <model>usa\misc\AM377\AM377.model</model>
        </node>
        <node>
           <name>MP_AM377_Ventilators_INDEX_1</name>
           <model>usa\misc\AM377\AM377.model</model>
        </node>
        <node>
           <name>MP_AM377_Ventilators_INDEX_2</name>
           <model>usa\misc\AM377\AM377.model</model>
        </node>
        <node>
           <name>MP_CM004_Barbette_Out</name>
           <model>common\misc\CM004\CM004.model</model>
        </node>
        <node>
           <name>MP_CM001_Propeller3_L</name>
           <model>common\misc\CM001\CM001.model</model>
        </node>
        <node>
           <name>MP_CM032_Propeller3_R</name>
           <model>common\misc\CM032\CM032.model</model>
        </node>
        <node>
           <name>HP_Fire_Burn_4</name>
           <model>UNKNOWN_ITEM</model>
        </node>
    </stern>
  </sections>
</ASB006_New_York_1934.xml>
