<ASC001_Erie_1936.xml>
  <sections>
    <bow>
      <model>usa\ship\cruiser\ASC001_Erie_1936\ASC001_Erie_1936_bow_ports.model</model>
        <node>
           <name>HP_AGM_1</name>
           <model>usa\gun\main\AGM027_6in47_Mk_17\AGM027_6in47_Mk_17.model</model>
        </node>
        <node>
           <name>MP_CM006ASC001Bow_0_0</name>
           <model>common\misc\CM006ASC001Bow\CM006ASC001Bow.model</model>
        </node>
        <node>
           <name>MP_AM004ASC001Bow_0_0</name>
           <model>usa\misc\AM004ASC001Bow\AM004ASC001Bow.model</model>
        </node>
        <node>
           <name>MP_AM003ASC001Bow_0_0</name>
           <model>usa\misc\AM003ASC001Bow\AM003ASC001Bow.model</model>
        </node>
        <node>
           <name>MP_AM108_Reels_4</name>
           <model>usa\misc\AM108\AM108.model</model>
        </node>
        <node>
           <name>MP_AM026ASC001Bow_0_0</name>
           <model>usa\misc\AM026ASC001Bow\AM026ASC001Bow.model</model>
        </node>
        <node>
           <name>MP_AM049_Signal_Lamp_1</name>
           <model>usa\misc\AM049\AM049.model</model>
        </node>
        <node>
           <name>MP_AM219ASC001Bow_0_0</name>
           <model>usa\misc\AM219ASC001Bow\AM219ASC001Bow.model</model>
        </node>
        <node>
           <name>MP_AM023ASC001Bow_0_0</name>
           <model>usa\misc\AM023ASC001Bow\AM023ASC001Bow.model</model>
        </node>
        <node>
           <name>HP_Fire_Burn_1</name>
           <model>UNKNOWN_ITEM</model>
        </node>
    </bow>
    <midfront>
      <model>usa\ship\cruiser\ASC001_Erie_1936\ASC001_Erie_1936_MidFront_ports.model</model>
        <node>
           <name>HP_AD_1</name>
           <model>usa\director\AD049_Director_Mk36\AD049_Director_Mk36.model</model>
        </node>
        <node>
           <name>HP_AGA_1</name>
           <model>usa\gun\aaircraft\AGA013_1in_Mk2_Mod2\AGA013_1in_Mk2_Mod2.model</model>
        </node>
        <node>
           <name>HP_AGA_3</name>
           <model>usa\gun\aaircraft\AGA013_1in_Mk2_Mod2\AGA013_1in_Mk2_Mod2.model</model>
        </node>
        <node>
           <name>HP_AGA_4</name>
           <model>usa\gun\aaircraft\AGA013_1in_Mk2_Mod2\AGA013_1in_Mk2_Mod2.model</model>
        </node>
        <node>
           <name>HP_AGM_2</name>
           <model>usa\gun\main\AGM027_6in47_Mk_17\AGM027_6in47_Mk_17.model</model>
        </node>
        <node>
           <name>HP_flag_1</name>
           <model>usa\misc\AM032\AM032.model</model>
        </node>
        <node>
           <name>HP_flag_2</name>
           <model>usa\misc\AM032\AM032.model</model>
        </node>
        <node>
           <name>HP_flag_3</name>
           <model>usa\misc\AM032\AM032.model</model>
        </node>
        <node>
           <name>HP_flag_4</name>
           <model>usa\misc\AM032\AM032.model</model>
        </node>
        <node>
           <name>MP_AM003ASC001MidFront_0_0</name>
           <model>usa\misc\AM003ASC001MidFront\AM003ASC001MidFront.model</model>
        </node>
        <node>
           <name>MP_AM004ASC001MidFront_0_0</name>
           <model>usa\misc\AM004ASC001MidFront\AM004ASC001MidFront.model</model>
        </node>
        <node>
           <name>MP_AM132ASC001MidFront_0_0</name>
           <model>usa\misc\AM132ASC001MidFront\AM132ASC001MidFront.model</model>
        </node>
        <node>
           <name>MP_AM016ASC001MidFront_0_0</name>
           <model>usa\misc\AM016ASC001MidFront\AM016ASC001MidFront.model</model>
        </node>
        <node>
           <name>MP_AM091ASC001MidFront_0_0</name>
           <model>usa\misc\AM091ASC001MidFront\AM091ASC001MidFront.model</model>
        </node>
        <node>
           <name>MP_AM092_Sail_whaleboat_28ft</name>
           <model>usa\misc\AM092\AM092.model</model>
        </node>
        <node>
           <name>MP_AM180_Siren_2</name>
           <model>usa\misc\AM180\AM180.model</model>
        </node>
        <node>
           <name>MP_AM025ASC001MidFront_0_0</name>
           <model>usa\misc\AM025ASC001MidFront\AM025ASC001MidFront.model</model>
        </node>
        <node>
           <name>MP_AM047_Running_Lights_R</name>
           <model>usa\misc\AM047\AM047.model</model>
        </node>
        <node>
           <name>MP_AM048_Running_Lights_L</name>
           <model>usa\misc\AM048\AM048.model</model>
        </node>
        <node>
           <name>MP_AM018_Compass_Binnacle</name>
           <model>usa\misc\AM018\AM018.model</model>
        </node>
        <node>
           <name>MP_AM164ASC001MidFront_0_0</name>
           <model>usa\misc\AM164ASC001MidFront\AM164ASC001MidFront.model</model>
        </node>
        <node>
           <name>MP_AM176_Target_Desingnator</name>
           <model>usa\misc\AM176\AM176.model</model>
        </node>
        <node>
           <name>MP_AM158_Turning_Indicator</name>
           <model>usa\misc\AM158\AM158.model</model>
        </node>
        <node>
           <name>MP_AM072_Ships_bell</name>
           <model>usa\misc\AM072\AM072.model</model>
        </node>
        <node>
           <name>MP_AM115_RDF</name>
           <model>usa\misc\AM115\AM115.model</model>
        </node>
        <node>
           <name>MP_AM038_Searchlight_600mm</name>
           <model>usa\misc\AM038\AM038.model</model>
        </node>
        <node>
           <name>MP_AM142_Running_Lights_FW</name>
           <model>usa\misc\AM142\AM142.model</model>
        </node>
        <node>
           <name>MP_AM071ASC001MidFront_0_0</name>
           <model>usa\misc\AM071ASC001MidFront\AM071ASC001MidFront.model</model>
        </node>
        <node>
           <name>MP_AM064_Wind_Intensity</name>
           <model>usa\misc\AM064\AM064.model</model>
        </node>
        <node>
           <name>MP_CM007_Boat_Stowage_1</name>
           <model>common\misc\CM007\CM007.model</model>
        </node>
        <node>
           <name>MP_AM049ASC001MidFront_0_0</name>
           <model>usa\misc\AM049ASC001MidFront\AM049ASC001MidFront.model</model>
        </node>
        <node>
           <name>MP_AM143ASC001MidFront_0_0</name>
           <model>usa\misc\AM143ASC001MidFront\AM143ASC001MidFront.model</model>
        </node>
        <node>
           <name>MP_AM144ASC001MidFront_0_0</name>
           <model>usa\misc\AM144ASC001MidFront\AM144ASC001MidFront.model</model>
        </node>
        <node>
           <name>MP_AM224ASC001MidFront_0_0</name>
           <model>usa\misc\AM224ASC001MidFront\AM224ASC001MidFront.model</model>
        </node>
        <node>
           <name>MP_AM219ASC001MidFront_0_0</name>
           <model>usa\misc\AM219ASC001MidFront\AM219ASC001MidFront.model</model>
        </node>
        <node>
           <name>MP_AM212ASC001MidFront_0_0</name>
           <model>usa\misc\AM212ASC001MidFront\AM212ASC001MidFront.model</model>
        </node>
        <node>
           <name>MP_CM012ASC001MidFront_0_0</name>
           <model>common\misc\CM012ASC001MidFront\CM012ASC001MidFront.model</model>
        </node>
        <node>
           <name>MP_CM029ASC001MidFront_0_0</name>
           <model>common\misc\CM029ASC001MidFront\CM029ASC001MidFront.model</model>
        </node>
        <node>
           <name>MP_AM232ASC001MidFront_0_0</name>
           <model>usa\misc\AM232ASC001MidFront\AM232ASC001MidFront.model</model>
        </node>
        <node>
           <name>MP_CM017_Boat_Stowage_3</name>
           <model>common\misc\CM017\CM017.model</model>
        </node>
        <node>
           <name>MP_CM030ASC001MidFront_0_0</name>
           <model>common\misc\CM030ASC001MidFront\CM030ASC001MidFront.model</model>
        </node>
        <node>
           <name>MP_AM233_Ammunition_Box</name>
           <model>usa\misc\AM233\AM233.model</model>
        </node>
        <node>
           <name>MP_CM011ASC001MidFront_0_0</name>
           <model>common\misc\CM011ASC001MidFront\CM011ASC001MidFront.model</model>
        </node>
        <node>
           <name>MP_AM460ASC001MidFront_0_0</name>
           <model>usa\misc\AM460ASC001MidFront\AM460ASC001MidFront.model</model>
        </node>
        <node>
           <name>MP_AM529ASC001MidFront_0_0</name>
           <model>usa\misc\AM529ASC001MidFront\AM529ASC001MidFront.model</model>
        </node>
        <node>
           <name>HP_Fire_Burn_2</name>
           <model>UNKNOWN_ITEM</model>
        </node>
        <node>
           <name>HP_Smoke_1</name>
           <model>UNKNOWN_ITEM</model>
        </node>
        <node>
           <name>HP_NoseWave_Speed</name>
           <model>UNKNOWN_ITEM</model>
        </node>
    </midfront>
    <midback>
      <model>usa\ship\cruiser\ASC001_Erie_1936\ASC001_Erie_1936_MidBack_ports.model</model>
        <node>
           <name>HP_AGA_2</name>
           <model>usa\gun\aaircraft\AGA013_1in_Mk2_Mod2\AGA013_1in_Mk2_Mod2.model</model>
        </node>
        <node>
           <name>HP_AGM_3</name>
           <model>usa\gun\main\AGM027_6in47_Mk_17\AGM027_6in47_Mk_17.model</model>
        </node>
        <node>
           <name>HP_flag_nation</name>
           <model>usa\misc\AM032\AM032.model</model>
        </node>
        <node>
           <name>MP_AM093_Motor_boat_35ft</name>
           <model>usa\misc\AM093\AM093.model</model>
        </node>
        <node>
           <name>MP_AM092_Sail_whaleboat_28ft</name>
           <model>usa\misc\AM092\AM092.model</model>
        </node>
        <node>
           <name>MP_AM174_Insulator_2</name>
           <model>usa\misc\AM174\AM174.model</model>
        </node>
        <node>
           <name>MP_AM037_Searchlight_900mm</name>
           <model>usa\misc\AM037\AM037.model</model>
        </node>
        <node>
           <name>MP_AM164ASC001MidBack_0_0</name>
           <model>usa\misc\AM164ASC001MidBack\AM164ASC001MidBack.model</model>
        </node>
        <node>
           <name>MP_AM153_Steering_Column</name>
           <model>usa\misc\AM153\AM153.model</model>
        </node>
        <node>
           <name>MP_AM018_Compass_Binnacle</name>
           <model>usa\misc\AM018\AM018.model</model>
        </node>
        <node>
           <name>MP_AM071ASC001MidBack_0_0</name>
           <model>usa\misc\AM071ASC001MidBack\AM071ASC001MidBack.model</model>
        </node>
        <node>
           <name>MP_AM142_Running_Lights_FW</name>
           <model>usa\misc\AM142\AM142.model</model>
        </node>
        <node>
           <name>MP_AM003ASC001MidBack_0_0</name>
           <model>usa\misc\AM003ASC001MidBack\AM003ASC001MidBack.model</model>
        </node>
        <node>
           <name>MP_CM007_Boat_Stowage_1</name>
           <model>common\misc\CM007\CM007.model</model>
        </node>
        <node>
           <name>MP_AM055ASC001MidBack_0_0</name>
           <model>usa\misc\AM055ASC001MidBack\AM055ASC001MidBack.model</model>
        </node>
        <node>
           <name>MP_AM204_Speaker_3</name>
           <model>usa\misc\AM204\AM204.model</model>
        </node>
        <node>
           <name>MP_AM206ASC001MidBack_0_0</name>
           <model>usa\misc\AM206ASC001MidBack\AM206ASC001MidBack.model</model>
        </node>
        <node>
           <name>MP_AM163_Loading_Machine</name>
           <model>usa\misc\AM163\AM163.model</model>
        </node>
        <node>
           <name>MP_AM209_Boat_Winch</name>
           <model>usa\misc\AM209\AM209.model</model>
        </node>
        <node>
           <name>MP_AM208ASC001MidBack_0_0</name>
           <model>usa\misc\AM208ASC001MidBack\AM208ASC001MidBack.model</model>
        </node>
        <node>
           <name>MP_AM219ASC001MidBack_0_0</name>
           <model>usa\misc\AM219ASC001MidBack\AM219ASC001MidBack.model</model>
        </node>
        <node>
           <name>MP_CM012ASC001MidBack_0_0</name>
           <model>common\misc\CM012ASC001MidBack\CM012ASC001MidBack.model</model>
        </node>
        <node>
           <name>MP_AM232ASC001MidBack_0_0</name>
           <model>usa\misc\AM232ASC001MidBack\AM232ASC001MidBack.model</model>
        </node>
        <node>
           <name>MP_CM029ASC001MidBack_0_0</name>
           <model>common\misc\CM029ASC001MidBack\CM029ASC001MidBack.model</model>
        </node>
        <node>
           <name>MP_AM233ASC001MidBack_0_0</name>
           <model>usa\misc\AM233ASC001MidBack\AM233ASC001MidBack.model</model>
        </node>
        <node>
           <name>MP_CM017ASC001MidBack_0_0</name>
           <model>common\misc\CM017ASC001MidBack\CM017ASC001MidBack.model</model>
        </node>
        <node>
           <name>MP_AM234_Punt_10ft</name>
           <model>usa\misc\AM234\AM234.model</model>
        </node>
        <node>
           <name>MP_CM030ASC001MidBack_0_0</name>
           <model>common\misc\CM030ASC001MidBack\CM030ASC001MidBack.model</model>
        </node>
        <node>
           <name>MP_CM011ASC001MidBack_0_0</name>
           <model>common\misc\CM011ASC001MidBack\CM011ASC001MidBack.model</model>
        </node>
        <node>
           <name>MP_AM529ASC001MidBack_0_0</name>
           <model>usa\misc\AM529ASC001MidBack\AM529ASC001MidBack.model</model>
        </node>
        <node>
           <name>MP_AM023_Hatch_1</name>
           <model>usa\misc\AM023\AM023.model</model>
        </node>
        <node>
           <name>HP_Fire_Burn_3</name>
           <model>UNKNOWN_ITEM</model>
        </node>
    </midback>
    <stern>
      <model>usa\ship\cruiser\ASC001_Erie_1936\ASC001_Erie_1936_Stern_ports.model</model>
        <node>
           <name>HP_AGM_4</name>
           <model>usa\gun\main\AGM027_6in47_Mk_17\AGM027_6in47_Mk_17.model</model>
        </node>
        <node>
           <name>MP_CM001_Propeller3_L</name>
           <model>common\misc\CM001\CM001.model</model>
        </node>
        <node>
           <name>MP_CM032_Propeller3_R</name>
           <model>common\misc\CM032\CM032.model</model>
        </node>
        <node>
           <name>MP_AM046_Running_Lights_B</name>
           <model>usa\misc\AM046\AM046.model</model>
        </node>
        <node>
           <name>MP_AM004ASC001Stern_0_0</name>
           <model>usa\misc\AM004ASC001Stern\AM004ASC001Stern.model</model>
        </node>
        <node>
           <name>MP_AM003ASC001Stern_0_0</name>
           <model>usa\misc\AM003ASC001Stern\AM003ASC001Stern.model</model>
        </node>
        <node>
           <name>MP_AM108_Reels_4</name>
           <model>usa\misc\AM108\AM108.model</model>
        </node>
        <node>
           <name>MP_AM204_Speaker_3</name>
           <model>usa\misc\AM204\AM204.model</model>
        </node>
        <node>
           <name>MP_AM205_Crane</name>
           <model>usa\misc\AM205\AM205.model</model>
        </node>
        <node>
           <name>MP_AM208_Hatch</name>
           <model>usa\misc\AM208\AM208.model</model>
        </node>
        <node>
           <name>MP_AM222_Hatch</name>
           <model>usa\misc\AM222\AM222.model</model>
        </node>
        <node>
           <name>MP_AM223_Boat_Winch</name>
           <model>usa\misc\AM223\AM223.model</model>
        </node>
        <node>
           <name>MP_AM219ASC001Stern_0_0</name>
           <model>usa\misc\AM219ASC001Stern\AM219ASC001Stern.model</model>
        </node>
        <node>
           <name>MP_AM023ASC001Stern_0_0</name>
           <model>usa\misc\AM023ASC001Stern\AM023ASC001Stern.model</model>
        </node>
        <node>
           <name>HP_Fire_Burn_4</name>
           <model>UNKNOWN_ITEM</model>
        </node>
    </stern>
  </sections>
</ASC001_Erie_1936.xml>
