<ASD029_Sims_1941.xml>
  <sections>
    <bow>
      <model>usa\ship\destroyer\ASD029_Sims_1941\ASD029_Sims_1941_bow_ports.model</model>
        <node>
           <name>HP_AGM_1</name>
           <model>usa\gun\secondary\AGS001_5in38_Mk30_Mod0\AGS001_5in38_Mk30_Mod0.model</model>
        </node>
        <node>
           <name>MP_AM220_Fairlead</name>
           <model>usa\misc\AM220\AM220.model</model>
        </node>
        <node>
           <name>MP_AM220_Fairlead_INDEX_1</name>
           <model>usa\misc\AM220\AM220.model</model>
        </node>
        <node>
           <name>MP_AM004_Fairlead_2</name>
           <model>usa\misc\AM004\AM004.model</model>
        </node>
        <node>
           <name>MP_AM026_Break_Handwheel_1</name>
           <model>usa\misc\AM026\AM026.model</model>
        </node>
        <node>
           <name>MP_AM026_Break_Handwheel_1_INDEX_1</name>
           <model>usa\misc\AM026\AM026.model</model>
        </node>
        <node>
           <name>MP_AM068_Hatch_3</name>
           <model>usa\misc\AM068\AM068.model</model>
        </node>
        <node>
           <name>MP_CM004_Barbette_Out</name>
           <model>common\misc\CM004\CM004.model</model>
        </node>
        <node>
           <name>MP_AM001_Bollard_2</name>
           <model>usa\misc\AM001\AM001.model</model>
        </node>
        <node>
           <name>MP_AM220_Fairlead_INDEX_2</name>
           <model>usa\misc\AM220\AM220.model</model>
        </node>
        <node>
           <name>MP_AM001_Bollard_2_INDEX_1</name>
           <model>usa\misc\AM001\AM001.model</model>
        </node>
        <node>
           <name>MP_AM004_Fairlead_2_INDEX_1</name>
           <model>usa\misc\AM004\AM004.model</model>
        </node>
        <node>
           <name>MP_AM220_Fairlead_INDEX_3</name>
           <model>usa\misc\AM220\AM220.model</model>
        </node>
        <node>
           <name>MP_AM280_Signal_Lamp</name>
           <model>usa\misc\AM280\AM280.model</model>
        </node>
        <node>
           <name>MP_AM141_Hatch_6</name>
           <model>usa\misc\AM141\AM141.model</model>
        </node>
        <node>
           <name>HP_Fire_Burn_1</name>
           <model>UNKNOWN_ITEM</model>
        </node>
    </bow>
    <midfront>
      <model>usa\ship\destroyer\ASD029_Sims_1941\ASD029_Sims_1941_MidFront_ports.model</model>
        <node>
           <name>HP_AD_1</name>
           <model>usa\director\AD035_Torpedo_Director_27\AD035_Torpedo_Director_27.model</model>
        </node>
        <node>
           <name>HP_AD_2</name>
           <model>usa\director\AD102_Director_Mk37_empty\AD102_Director_Mk37_empty.model</model>
        </node>
        <node>
           <name>HP_AGA_1</name>
           <model>usa\gun\aaircraft\AGA055_Browning_M2_Mod2\AGA055_Browning_M2_Mod2.model</model>
        </node>
        <node>
           <name>HP_AGA_2</name>
           <model>usa\gun\aaircraft\AGA055_Browning_M2_Mod2\AGA055_Browning_M2_Mod2.model</model>
        </node>
        <node>
           <name>HP_AGM_2</name>
           <model>usa\gun\secondary\AGS001_5in38_Mk30_Mod0\AGS001_5in38_Mk30_Mod0.model</model>
        </node>
        <node>
           <name>HP_AGT_1</name>
           <model>usa\gun\torpedo\AGT024_21in_MK14_Torpedo_Tubes_Quad\AGT024_21in_MK14_Torpedo_Tubes_Quad.model</model>
        </node>
        <node>
           <name>HP_flag_1</name>
           <model>usa\misc\AM032\AM032.model</model>
        </node>
        <node>
           <name>HP_flag_2</name>
           <model>usa\misc\AM032\AM032.model</model>
        </node>
        <node>
           <name>HP_flag_3</name>
           <model>usa\misc\AM032\AM032.model</model>
        </node>
        <node>
           <name>HP_flag_4</name>
           <model>usa\misc\AM032\AM032.model</model>
        </node>
        <node>
           <name>MP_AM133_Boat_7</name>
           <model>usa\misc\AM133\AM133.model</model>
        </node>
        <node>
           <name>MP_AM220_Fairlead</name>
           <model>usa\misc\AM220\AM220.model</model>
        </node>
        <node>
           <name>MP_AM220_Fairlead_INDEX_1</name>
           <model>usa\misc\AM220\AM220.model</model>
        </node>
        <node>
           <name>MP_AM220_Fairlead_INDEX_2</name>
           <model>usa\misc\AM220\AM220.model</model>
        </node>
        <node>
           <name>MP_AM220_Fairlead_INDEX_3</name>
           <model>usa\misc\AM220\AM220.model</model>
        </node>
        <node>
           <name>MP_AM220_Fairlead_INDEX_4</name>
           <model>usa\misc\AM220\AM220.model</model>
        </node>
        <node>
           <name>MP_AM220_Fairlead_INDEX_5</name>
           <model>usa\misc\AM220\AM220.model</model>
        </node>
        <node>
           <name>MP_CM004_Barbette_Out</name>
           <model>common\misc\CM004\CM004.model</model>
        </node>
        <node>
           <name>MP_CM004_Barbette_Out_INDEX_1</name>
           <model>common\misc\CM004\CM004.model</model>
        </node>
        <node>
           <name>MP_AM001_Bollard_2</name>
           <model>usa\misc\AM001\AM001.model</model>
        </node>
        <node>
           <name>MP_AM001_Bollard_2_INDEX_1</name>
           <model>usa\misc\AM001\AM001.model</model>
        </node>
        <node>
           <name>MP_AM001_Bollard_2_INDEX_2</name>
           <model>usa\misc\AM001\AM001.model</model>
        </node>
        <node>
           <name>MP_CM004_Barbette_Out_INDEX_2</name>
           <model>common\misc\CM004\CM004.model</model>
        </node>
        <node>
           <name>MP_AM115_RDF</name>
           <model>usa\misc\AM115\AM115.model</model>
        </node>
        <node>
           <name>MP_AM220_Fairlead_INDEX_6</name>
           <model>usa\misc\AM220\AM220.model</model>
        </node>
        <node>
           <name>MP_AM001_Bollard_2_INDEX_3</name>
           <model>usa\misc\AM001\AM001.model</model>
        </node>
        <node>
           <name>MP_AM220_Fairlead_INDEX_7</name>
           <model>usa\misc\AM220\AM220.model</model>
        </node>
        <node>
           <name>MP_CM056_Ships_bell</name>
           <model>common\misc\CM056\CM056.model</model>
        </node>
        <node>
           <name>MP_AM142_Running_Lights_FW</name>
           <model>usa\misc\AM142\AM142.model</model>
        </node>
        <node>
           <name>MP_AM142_Running_Lights_FW_INDEX_1</name>
           <model>usa\misc\AM142\AM142.model</model>
        </node>
        <node>
           <name>MP_AM045_Running_Lights_F</name>
           <model>usa\misc\AM045\AM045.model</model>
        </node>
        <node>
           <name>MP_AM061_Sky_Lookout_1</name>
           <model>usa\misc\AM061\AM061.model</model>
        </node>
        <node>
           <name>MP_AM164_Signal_Lamp_4</name>
           <model>usa\misc\AM164\AM164.model</model>
        </node>
        <node>
           <name>MP_AM164_Signal_Lamp_4_INDEX_1</name>
           <model>usa\misc\AM164\AM164.model</model>
        </node>
        <node>
           <name>MP_AM025_Pelorus_Mk7</name>
           <model>usa\misc\AM025\AM025.model</model>
        </node>
        <node>
           <name>MP_AM025_Pelorus_Mk7_INDEX_1</name>
           <model>usa\misc\AM025\AM025.model</model>
        </node>
        <node>
           <name>MP_AM159_Voice_Tube</name>
           <model>usa\misc\AM159\AM159.model</model>
        </node>
        <node>
           <name>MP_AM159_Voice_Tube_INDEX_1</name>
           <model>usa\misc\AM159\AM159.model</model>
        </node>
        <node>
           <name>MP_AM132_Flag_Box</name>
           <model>usa\misc\AM132\AM132.model</model>
        </node>
        <node>
           <name>MP_AM132_Flag_Box_INDEX_1</name>
           <model>usa\misc\AM132\AM132.model</model>
        </node>
        <node>
           <name>MP_AM173_Insulator_1</name>
           <model>usa\misc\AM173\AM173.model</model>
        </node>
        <node>
           <name>MP_AM047_Running_Lights_R</name>
           <model>usa\misc\AM047\AM047.model</model>
        </node>
        <node>
           <name>MP_AM048_Running_Lights_L</name>
           <model>usa\misc\AM048\AM048.model</model>
        </node>
        <node>
           <name>MP_AM071_Signal_Lamp_2</name>
           <model>usa\misc\AM071\AM071.model</model>
        </node>
        <node>
           <name>MP_AM071_Signal_Lamp_2_INDEX_1</name>
           <model>usa\misc\AM071\AM071.model</model>
        </node>
        <node>
           <name>MP_AM071_Signal_Lamp_2_INDEX_2</name>
           <model>usa\misc\AM071\AM071.model</model>
        </node>
        <node>
           <name>MP_AM280_Signal_Lamp</name>
           <model>usa\misc\AM280\AM280.model</model>
        </node>
        <node>
           <name>MP_AM280_Signal_Lamp_INDEX_1</name>
           <model>usa\misc\AM280\AM280.model</model>
        </node>
        <node>
           <name>MP_AM280_Signal_Lamp_INDEX_2</name>
           <model>usa\misc\AM280\AM280.model</model>
        </node>
        <node>
           <name>MP_AM049_Signal_Lamp_1</name>
           <model>usa\misc\AM049\AM049.model</model>
        </node>
        <node>
           <name>MP_AM280_Signal_Lamp_INDEX_3</name>
           <model>usa\misc\AM280\AM280.model</model>
        </node>
        <node>
           <name>MP_AM280_Signal_Lamp_INDEX_4</name>
           <model>usa\misc\AM280\AM280.model</model>
        </node>
        <node>
           <name>MP_AM280_Signal_Lamp_INDEX_5</name>
           <model>usa\misc\AM280\AM280.model</model>
        </node>
        <node>
           <name>MP_AM049_Signal_Lamp_1_INDEX_1</name>
           <model>usa\misc\AM049\AM049.model</model>
        </node>
        <node>
           <name>MP_AM567_Whaleboat_26ft</name>
           <model>usa\misc\AM567\AM567.model</model>
        </node>
        <node>
           <name>MP_AM091_Whaleboat_26ft</name>
           <model>usa\misc\AM091\AM091.model</model>
        </node>
        <node>
           <name>MP_AM173_Insulator_1_INDEX_1</name>
           <model>usa\misc\AM173\AM173.model</model>
        </node>
        <node>
           <name>MP_AM006_Reels_1</name>
           <model>usa\misc\AM006\AM006.model</model>
        </node>
        <node>
           <name>MP_CM019_Wood_Box_2</name>
           <model>common\misc\CM019\CM019.model</model>
        </node>
        <node>
           <name>MP_AM374_Fender</name>
           <model>usa\misc\AM374\AM374.model</model>
        </node>
        <node>
           <name>MP_AM374_Fender_INDEX_1</name>
           <model>usa\misc\AM374\AM374.model</model>
        </node>
        <node>
           <name>MP_AM374_Fender_INDEX_2</name>
           <model>usa\misc\AM374\AM374.model</model>
        </node>
        <node>
           <name>MP_AM374_Fender_INDEX_3</name>
           <model>usa\misc\AM374\AM374.model</model>
        </node>
        <node>
           <name>MP_AM133_Boat_7_INDEX_1</name>
           <model>usa\misc\AM133\AM133.model</model>
        </node>
        <node>
           <name>MP_AM141_Hatch_6</name>
           <model>usa\misc\AM141\AM141.model</model>
        </node>
        <node>
           <name>MP_AM438_Speakerphone</name>
           <model>usa\misc\AM438\AM438.model</model>
        </node>
        <node>
           <name>MP_AM440_Switch_Box</name>
           <model>usa\misc\AM440\AM440.model</model>
        </node>
        <node>
           <name>MP_AM433_MC_Box</name>
           <model>usa\misc\AM433\AM433.model</model>
        </node>
        <node>
           <name>MP_AM433_MC_Box_INDEX_1</name>
           <model>usa\misc\AM433\AM433.model</model>
        </node>
        <node>
           <name>MP_AM440_Switch_Box_INDEX_1</name>
           <model>usa\misc\AM440\AM440.model</model>
        </node>
        <node>
           <name>MP_AM438_Speakerphone_INDEX_1</name>
           <model>usa\misc\AM438\AM438.model</model>
        </node>
        <node>
           <name>MP_AM319_Hatch</name>
           <model>usa\misc\AM319\AM319.model</model>
        </node>
        <node>
           <name>MP_CM019_Wood_Box_2_INDEX_1</name>
           <model>common\misc\CM019\CM019.model</model>
        </node>
        <node>
           <name>MP_AM319_Hatch_INDEX_1</name>
           <model>usa\misc\AM319\AM319.model</model>
        </node>
        <node>
           <name>MP_AM293_Reels</name>
           <model>usa\misc\AM293\AM293.model</model>
        </node>
        <node>
           <name>MP_AM104_Hatch_5</name>
           <model>usa\misc\AM104\AM104.model</model>
        </node>
        <node>
           <name>MP_CM029_Emergency_Box</name>
           <model>common\misc\CM029\CM029.model</model>
        </node>
        <node>
           <name>MP_AM159_Voice_Tube_INDEX_2</name>
           <model>usa\misc\AM159\AM159.model</model>
        </node>
        <node>
           <name>MP_AM159_Voice_Tube_INDEX_3</name>
           <model>usa\misc\AM159\AM159.model</model>
        </node>
        <node>
           <name>MP_AM026_Break_Handwheel_1</name>
           <model>usa\misc\AM026\AM026.model</model>
        </node>
        <node>
           <name>MP_AM026_Break_Handwheel_1_INDEX_1</name>
           <model>usa\misc\AM026\AM026.model</model>
        </node>
        <node>
           <name>MP_AM325_Ammunition_box</name>
           <model>usa\misc\AM325\AM325.model</model>
        </node>
        <node>
           <name>MP_AM325_Ammunition_box_INDEX_1</name>
           <model>usa\misc\AM325\AM325.model</model>
        </node>
        <node>
           <name>MP_AM008_Reels_3</name>
           <model>usa\misc\AM008\AM008.model</model>
        </node>
        <node>
           <name>MP_AM141_Hatch_6_INDEX_1</name>
           <model>usa\misc\AM141\AM141.model</model>
        </node>
        <node>
           <name>MP_AM141_Hatch_6_INDEX_2</name>
           <model>usa\misc\AM141\AM141.model</model>
        </node>
        <node>
           <name>MP_AM103_Hatch_4</name>
           <model>usa\misc\AM103\AM103.model</model>
        </node>
        <node>
           <name>MP_AM103_Hatch_4_INDEX_1</name>
           <model>usa\misc\AM103\AM103.model</model>
        </node>
        <node>
           <name>MP_AM442_Multipole_Switch</name>
           <model>usa\misc\AM442\AM442.model</model>
        </node>
        <node>
           <name>MP_AM442_Multipole_Switch_INDEX_1</name>
           <model>usa\misc\AM442\AM442.model</model>
        </node>
        <node>
           <name>MP_AM102_Spare_barrel_tube_long</name>
           <model>usa\misc\AM102\AM102.model</model>
        </node>
        <node>
           <name>MP_AM102_Spare_barrel_tube_long_INDEX_1</name>
           <model>usa\misc\AM102\AM102.model</model>
        </node>
        <node>
           <name>MP_AM442_Multipole_Switch_INDEX_2</name>
           <model>usa\misc\AM442\AM442.model</model>
        </node>
        <node>
           <name>MP_AM438_Speakerphone_INDEX_2</name>
           <model>usa\misc\AM438\AM438.model</model>
        </node>
        <node>
           <name>MP_AM438_Speakerphone_INDEX_3</name>
           <model>usa\misc\AM438\AM438.model</model>
        </node>
        <node>
           <name>MP_AM061_Sky_Lookout_1_INDEX_1</name>
           <model>usa\misc\AM061\AM061.model</model>
        </node>
        <node>
           <name>MP_AM520_AmmoBox_5in</name>
           <model>usa\misc\AM520\AM520.model</model>
        </node>
        <node>
           <name>MP_AM520_AmmoBox_5in_INDEX_1</name>
           <model>usa\misc\AM520\AM520.model</model>
        </node>
        <node>
           <name>MP_AM129_Turtles_box</name>
           <model>usa\misc\AM129\AM129.model</model>
        </node>
        <node>
           <name>MP_AM129_Turtles_box_INDEX_1</name>
           <model>usa\misc\AM129\AM129.model</model>
        </node>
        <node>
           <name>MP_AM250_Ammunition_Box</name>
           <model>usa\misc\AM250\AM250.model</model>
        </node>
        <node>
           <name>MP_AM071_Signal_Lamp_2_INDEX_3</name>
           <model>usa\misc\AM071\AM071.model</model>
        </node>
        <node>
           <name>MP_AM071_Signal_Lamp_2_INDEX_4</name>
           <model>usa\misc\AM071\AM071.model</model>
        </node>
        <node>
           <name>MP_CM012_Fire_Hose_Rack_1</name>
           <model>common\misc\CM012\CM012.model</model>
        </node>
        <node>
           <name>MP_CM011_Fire_Fighting_Gear</name>
           <model>common\misc\CM011\CM011.model</model>
        </node>
        <node>
           <name>MP_AM440_Switch_Box_INDEX_2</name>
           <model>usa\misc\AM440\AM440.model</model>
        </node>
        <node>
           <name>MP_AM433_MC_Box_INDEX_2</name>
           <model>usa\misc\AM433\AM433.model</model>
        </node>
        <node>
           <name>MP_AM440_Switch_Box_INDEX_3</name>
           <model>usa\misc\AM440\AM440.model</model>
        </node>
        <node>
           <name>MP_AM433_MC_Box_INDEX_3</name>
           <model>usa\misc\AM433\AM433.model</model>
        </node>
        <node>
           <name>MP_CM029_Emergency_Box_INDEX_1</name>
           <model>common\misc\CM029\CM029.model</model>
        </node>
        <node>
           <name>MP_CM029_Emergency_Box_INDEX_2</name>
           <model>common\misc\CM029\CM029.model</model>
        </node>
        <node>
           <name>MP_CM029_Emergency_Box_INDEX_3</name>
           <model>common\misc\CM029\CM029.model</model>
        </node>
        <node>
           <name>MP_CM029_Emergency_Box_INDEX_4</name>
           <model>common\misc\CM029\CM029.model</model>
        </node>
        <node>
           <name>MP_CM029_Emergency_Box_INDEX_5</name>
           <model>common\misc\CM029\CM029.model</model>
        </node>
        <node>
           <name>MP_CM029_Emergency_Box_INDEX_6</name>
           <model>common\misc\CM029\CM029.model</model>
        </node>
        <node>
           <name>MP_AM440_Switch_Box_INDEX_4</name>
           <model>usa\misc\AM440\AM440.model</model>
        </node>
        <node>
           <name>MP_AM010_Speaker_1</name>
           <model>usa\misc\AM010\AM010.model</model>
        </node>
        <node>
           <name>HP_NoseWave_Speed</name>
           <model>UNKNOWN_ITEM</model>
        </node>
        <node>
           <name>HP_Fire_Burn_2</name>
           <model>UNKNOWN_ITEM</model>
        </node>
    </midfront>
    <midback>
      <model>usa\ship\destroyer\ASD029_Sims_1941\ASD029_Sims_1941_MidBack_ports.model</model>
        <node>
           <name>HP_AGA_3</name>
           <model>usa\gun\aaircraft\AGA003_20mm_Oerlikon_MK4\AGA003_20mm_Oerlikon_MK4.model</model>
        </node>
        <node>
           <name>HP_AGA_4</name>
           <model>usa\gun\aaircraft\AGA003_20mm_Oerlikon_MK4\AGA003_20mm_Oerlikon_MK4.model</model>
        </node>
        <node>
           <name>HP_AGA_5</name>
           <model>usa\gun\aaircraft\AGA055_Browning_M2_Mod2\AGA055_Browning_M2_Mod2.model</model>
        </node>
        <node>
           <name>HP_AGA_6</name>
           <model>usa\gun\aaircraft\AGA055_Browning_M2_Mod2\AGA055_Browning_M2_Mod2.model</model>
        </node>
        <node>
           <name>HP_AGM_3</name>
           <model>usa\gun\secondary\AGS136_5in38_Mk30_Mod1\AGS136_5in38_Mk30_Mod1.model</model>
        </node>
        <node>
           <name>HP_AGT_2</name>
           <model>usa\gun\torpedo\AGT094_21in_MK14_Torpedo_Tubes_Quad\AGT094_21in_MK14_Torpedo_Tubes_Quad.model</model>
        </node>
        <node>
           <name>HP_flag_nation</name>
           <model>usa\misc\AM032\AM032.model</model>
        </node>
        <node>
           <name>MP_AM200_Screened_speed_light</name>
           <model>usa\misc\AM200\AM200.model</model>
        </node>
        <node>
           <name>MP_AM173_Insulator_1</name>
           <model>usa\misc\AM173\AM173.model</model>
        </node>
        <node>
           <name>MP_AM133_Boat_7</name>
           <model>usa\misc\AM133\AM133.model</model>
        </node>
        <node>
           <name>MP_AM133_Boat_7_INDEX_1</name>
           <model>usa\misc\AM133\AM133.model</model>
        </node>
        <node>
           <name>MP_AM008_Reels_3</name>
           <model>usa\misc\AM008\AM008.model</model>
        </node>
        <node>
           <name>MP_CM010_Fire_Hose_Reel</name>
           <model>common\misc\CM010\CM010.model</model>
        </node>
        <node>
           <name>MP_AM133_Boat_7_INDEX_2</name>
           <model>usa\misc\AM133\AM133.model</model>
        </node>
        <node>
           <name>MP_AM173_Insulator_1_INDEX_1</name>
           <model>usa\misc\AM173\AM173.model</model>
        </node>
        <node>
           <name>MP_CM004_Barbette_Out</name>
           <model>common\misc\CM004\CM004.model</model>
        </node>
        <node>
           <name>MP_AM148_Hatch_8</name>
           <model>usa\misc\AM148\AM148.model</model>
        </node>
        <node>
           <name>MP_AM018_Compass_Binnacle</name>
           <model>usa\misc\AM018\AM018.model</model>
        </node>
        <node>
           <name>MP_AM151_Gyro_Repeater</name>
           <model>usa\misc\AM151\AM151.model</model>
        </node>
        <node>
           <name>MP_AM157_Telephone</name>
           <model>usa\misc\AM157\AM157.model</model>
        </node>
        <node>
           <name>MP_CM012_Fire_Hose_Rack_1</name>
           <model>common\misc\CM012\CM012.model</model>
        </node>
        <node>
           <name>MP_CM012_Fire_Hose_Rack_1_INDEX_1</name>
           <model>common\misc\CM012\CM012.model</model>
        </node>
        <node>
           <name>MP_CM011_Fire_Fighting_Gear</name>
           <model>common\misc\CM011\CM011.model</model>
        </node>
        <node>
           <name>MP_CM011_Fire_Fighting_Gear_INDEX_1</name>
           <model>common\misc\CM011\CM011.model</model>
        </node>
        <node>
           <name>MP_CM012_Fire_Hose_Rack_1_INDEX_2</name>
           <model>common\misc\CM012\CM012.model</model>
        </node>
        <node>
           <name>MP_CM012_Fire_Hose_Rack_1_INDEX_3</name>
           <model>common\misc\CM012\CM012.model</model>
        </node>
        <node>
           <name>MP_CM011_Fire_Fighting_Gear_INDEX_2</name>
           <model>common\misc\CM011\CM011.model</model>
        </node>
        <node>
           <name>MP_CM011_Fire_Fighting_Gear_INDEX_3</name>
           <model>common\misc\CM011\CM011.model</model>
        </node>
        <node>
           <name>MP_AM133_Boat_7_INDEX_3</name>
           <model>usa\misc\AM133\AM133.model</model>
        </node>
        <node>
           <name>MP_AM133_Boat_7_INDEX_4</name>
           <model>usa\misc\AM133\AM133.model</model>
        </node>
        <node>
           <name>MP_CM029_Emergency_Box</name>
           <model>common\misc\CM029\CM029.model</model>
        </node>
        <node>
           <name>MP_CM029_Emergency_Box_INDEX_1</name>
           <model>common\misc\CM029\CM029.model</model>
        </node>
        <node>
           <name>MP_AM220_Fairlead</name>
           <model>usa\misc\AM220\AM220.model</model>
        </node>
        <node>
           <name>MP_AM220_Fairlead_INDEX_1</name>
           <model>usa\misc\AM220\AM220.model</model>
        </node>
        <node>
           <name>MP_AM004_Fairlead_2</name>
           <model>usa\misc\AM004\AM004.model</model>
        </node>
        <node>
           <name>MP_AM001_Bollard_2</name>
           <model>usa\misc\AM001\AM001.model</model>
        </node>
        <node>
           <name>MP_AM001_Bollard_2_INDEX_1</name>
           <model>usa\misc\AM001\AM001.model</model>
        </node>
        <node>
           <name>MP_CM004_Barbette_Out_INDEX_1</name>
           <model>common\misc\CM004\CM004.model</model>
        </node>
        <node>
           <name>MP_AM044_Boat_Winch</name>
           <model>usa\misc\AM044\AM044.model</model>
        </node>
        <node>
           <name>MP_AM572_Telpher</name>
           <model>usa\misc\AM572\AM572.model</model>
        </node>
        <node>
           <name>MP_AM141_Hatch_6</name>
           <model>usa\misc\AM141\AM141.model</model>
        </node>
        <node>
           <name>MP_AM520_AmmoBox_5in</name>
           <model>usa\misc\AM520\AM520.model</model>
        </node>
        <node>
           <name>MP_AM520_AmmoBox_5in_INDEX_1</name>
           <model>usa\misc\AM520\AM520.model</model>
        </node>
        <node>
           <name>MP_AM102_Spare_barrel_tube_long</name>
           <model>usa\misc\AM102\AM102.model</model>
        </node>
        <node>
           <name>MP_AM102_Spare_barrel_tube_long_INDEX_1</name>
           <model>usa\misc\AM102\AM102.model</model>
        </node>
        <node>
           <name>MP_AM606_Floater_Net_Basket</name>
           <model>usa\misc\AM606\AM606.model</model>
        </node>
        <node>
           <name>MP_AM606_Floater_Net_Basket_INDEX_1</name>
           <model>usa\misc\AM606\AM606.model</model>
        </node>
        <node>
           <name>MP_AM605_Floater_Net_Basket</name>
           <model>usa\misc\AM605\AM605.model</model>
        </node>
        <node>
           <name>MP_AM605_Floater_Net_Basket_INDEX_1</name>
           <model>usa\misc\AM605\AM605.model</model>
        </node>
        <node>
           <name>MP_AM013_Depth_Charge_Thrower</name>
           <model>usa\misc\AM013\AM013.model</model>
        </node>
        <node>
           <name>MP_AM013_Depth_Charge_Thrower_INDEX_1</name>
           <model>usa\misc\AM013\AM013.model</model>
        </node>
        <node>
           <name>MP_AM013_Depth_Charge_Thrower_INDEX_2</name>
           <model>usa\misc\AM013\AM013.model</model>
        </node>
        <node>
           <name>MP_AM013_Depth_Charge_Thrower_INDEX_3</name>
           <model>usa\misc\AM013\AM013.model</model>
        </node>
        <node>
           <name>MP_AM013_Depth_Charge_Thrower_INDEX_4</name>
           <model>usa\misc\AM013\AM013.model</model>
        </node>
        <node>
           <name>MP_AM013_Depth_Charge_Thrower_INDEX_5</name>
           <model>usa\misc\AM013\AM013.model</model>
        </node>
        <node>
           <name>MP_AM013_Depth_Charge_Thrower_INDEX_6</name>
           <model>usa\misc\AM013\AM013.model</model>
        </node>
        <node>
           <name>MP_AM013_Depth_Charge_Thrower_INDEX_7</name>
           <model>usa\misc\AM013\AM013.model</model>
        </node>
        <node>
           <name>MP_AM481_Depth_Charge_Stowage</name>
           <model>usa\misc\AM481\AM481.model</model>
        </node>
        <node>
           <name>MP_AM481_Depth_Charge_Stowage_INDEX_1</name>
           <model>usa\misc\AM481\AM481.model</model>
        </node>
        <node>
           <name>MP_AM481_Depth_Charge_Stowage_INDEX_2</name>
           <model>usa\misc\AM481\AM481.model</model>
        </node>
        <node>
           <name>MP_AM481_Depth_Charge_Stowage_INDEX_3</name>
           <model>usa\misc\AM481\AM481.model</model>
        </node>
        <node>
           <name>MP_AM481_Depth_Charge_Stowage_INDEX_4</name>
           <model>usa\misc\AM481\AM481.model</model>
        </node>
        <node>
           <name>MP_AM481_Depth_Charge_Stowage_INDEX_5</name>
           <model>usa\misc\AM481\AM481.model</model>
        </node>
        <node>
           <name>MP_AM481_Depth_Charge_Stowage_INDEX_6</name>
           <model>usa\misc\AM481\AM481.model</model>
        </node>
        <node>
           <name>MP_AM481_Depth_Charge_Stowage_INDEX_7</name>
           <model>usa\misc\AM481\AM481.model</model>
        </node>
        <node>
           <name>MP_AM015_Mk6_Depth_Charge_</name>
           <model>usa\misc\AM015\AM015.model</model>
        </node>
        <node>
           <name>MP_AM015_Mk6_Depth_Charge__INDEX_1</name>
           <model>usa\misc\AM015\AM015.model</model>
        </node>
        <node>
           <name>MP_AM015_Mk6_Depth_Charge__INDEX_2</name>
           <model>usa\misc\AM015\AM015.model</model>
        </node>
        <node>
           <name>MP_AM015_Mk6_Depth_Charge__INDEX_3</name>
           <model>usa\misc\AM015\AM015.model</model>
        </node>
        <node>
           <name>MP_AM015_Mk6_Depth_Charge__INDEX_4</name>
           <model>usa\misc\AM015\AM015.model</model>
        </node>
        <node>
           <name>MP_AM015_Mk6_Depth_Charge__INDEX_5</name>
           <model>usa\misc\AM015\AM015.model</model>
        </node>
        <node>
           <name>MP_AM015_Mk6_Depth_Charge__INDEX_6</name>
           <model>usa\misc\AM015\AM015.model</model>
        </node>
        <node>
           <name>MP_AM015_Mk6_Depth_Charge__INDEX_7</name>
           <model>usa\misc\AM015\AM015.model</model>
        </node>
        <node>
           <name>MP_AM481_Depth_Charge_Stowage_INDEX_8</name>
           <model>usa\misc\AM481\AM481.model</model>
        </node>
        <node>
           <name>MP_AM481_Depth_Charge_Stowage_INDEX_9</name>
           <model>usa\misc\AM481\AM481.model</model>
        </node>
        <node>
           <name>MP_AM481_Depth_Charge_Stowage_INDEX_10</name>
           <model>usa\misc\AM481\AM481.model</model>
        </node>
        <node>
           <name>MP_AM481_Depth_Charge_Stowage_INDEX_11</name>
           <model>usa\misc\AM481\AM481.model</model>
        </node>
        <node>
           <name>MP_AM481_Depth_Charge_Stowage_INDEX_12</name>
           <model>usa\misc\AM481\AM481.model</model>
        </node>
        <node>
           <name>MP_AM481_Depth_Charge_Stowage_INDEX_13</name>
           <model>usa\misc\AM481\AM481.model</model>
        </node>
        <node>
           <name>MP_AM481_Depth_Charge_Stowage_INDEX_14</name>
           <model>usa\misc\AM481\AM481.model</model>
        </node>
        <node>
           <name>MP_AM015_Mk6_Depth_Charge__INDEX_8</name>
           <model>usa\misc\AM015\AM015.model</model>
        </node>
        <node>
           <name>MP_AM015_Mk6_Depth_Charge__INDEX_9</name>
           <model>usa\misc\AM015\AM015.model</model>
        </node>
        <node>
           <name>MP_AM015_Mk6_Depth_Charge__INDEX_10</name>
           <model>usa\misc\AM015\AM015.model</model>
        </node>
        <node>
           <name>MP_AM015_Mk6_Depth_Charge__INDEX_11</name>
           <model>usa\misc\AM015\AM015.model</model>
        </node>
        <node>
           <name>MP_AM015_Mk6_Depth_Charge__INDEX_12</name>
           <model>usa\misc\AM015\AM015.model</model>
        </node>
        <node>
           <name>MP_AM015_Mk6_Depth_Charge__INDEX_13</name>
           <model>usa\misc\AM015\AM015.model</model>
        </node>
        <node>
           <name>MP_AM015_Mk6_Depth_Charge__INDEX_14</name>
           <model>usa\misc\AM015\AM015.model</model>
        </node>
        <node>
           <name>MP_AM015_Mk6_Depth_Charge__INDEX_15</name>
           <model>usa\misc\AM015\AM015.model</model>
        </node>
        <node>
           <name>MP_AM481_Depth_Charge_Stowage_INDEX_15</name>
           <model>usa\misc\AM481\AM481.model</model>
        </node>
        <node>
           <name>MP_AM070_Loading_Machine</name>
           <model>usa\misc\AM070\AM070.model</model>
        </node>
        <node>
           <name>MP_AM129_Turtles_box</name>
           <model>usa\misc\AM129\AM129.model</model>
        </node>
        <node>
           <name>MP_AM129_Turtles_box_INDEX_1</name>
           <model>usa\misc\AM129\AM129.model</model>
        </node>
        <node>
           <name>MP_AM287_Davit</name>
           <model>usa\misc\AM287\AM287.model</model>
        </node>
        <node>
           <name>MP_AM287_Davit_INDEX_1</name>
           <model>usa\misc\AM287\AM287.model</model>
        </node>
        <node>
           <name>MP_AM287_Davit_INDEX_2</name>
           <model>usa\misc\AM287\AM287.model</model>
        </node>
        <node>
           <name>MP_AM287_Davit_INDEX_3</name>
           <model>usa\misc\AM287\AM287.model</model>
        </node>
        <node>
           <name>MP_AM287_Davit_INDEX_4</name>
           <model>usa\misc\AM287\AM287.model</model>
        </node>
        <node>
           <name>MP_AM287_Davit_INDEX_5</name>
           <model>usa\misc\AM287\AM287.model</model>
        </node>
        <node>
           <name>MP_AM287_Davit_INDEX_6</name>
           <model>usa\misc\AM287\AM287.model</model>
        </node>
        <node>
           <name>MP_AM287_Davit_INDEX_7</name>
           <model>usa\misc\AM287\AM287.model</model>
        </node>
        <node>
           <name>MP_AM037_Searchlight_900mm</name>
           <model>usa\misc\AM037\AM037.model</model>
        </node>
        <node>
           <name>MP_AM104_Hatch_5</name>
           <model>usa\misc\AM104\AM104.model</model>
        </node>
        <node>
           <name>MP_CM012_Fire_Hose_Rack_1_INDEX_4</name>
           <model>common\misc\CM012\CM012.model</model>
        </node>
        <node>
           <name>MP_CM011_Fire_Fighting_Gear_INDEX_4</name>
           <model>common\misc\CM011\CM011.model</model>
        </node>
        <node>
           <name>MP_CM029_Emergency_Box_INDEX_2</name>
           <model>common\misc\CM029\CM029.model</model>
        </node>
        <node>
           <name>MP_CM012_Fire_Hose_Rack_1_INDEX_5</name>
           <model>common\misc\CM012\CM012.model</model>
        </node>
        <node>
           <name>MP_CM011_Fire_Fighting_Gear_INDEX_5</name>
           <model>common\misc\CM011\CM011.model</model>
        </node>
        <node>
           <name>MP_AM103_Hatch_4</name>
           <model>usa\misc\AM103\AM103.model</model>
        </node>
        <node>
           <name>MP_CM031_Bullet_shell</name>
           <model>common\misc\CM031\CM031.model</model>
        </node>
        <node>
           <name>MP_CM031_Bullet_shell_INDEX_1</name>
           <model>common\misc\CM031\CM031.model</model>
        </node>
        <node>
           <name>MP_CM031_Bullet_shell_INDEX_2</name>
           <model>common\misc\CM031\CM031.model</model>
        </node>
        <node>
           <name>MP_CM031_Bullet_shell_INDEX_3</name>
           <model>common\misc\CM031\CM031.model</model>
        </node>
        <node>
           <name>MP_AM141_Hatch_6_INDEX_1</name>
           <model>usa\misc\AM141\AM141.model</model>
        </node>
        <node>
           <name>MP_AM442_Multipole_Switch</name>
           <model>usa\misc\AM442\AM442.model</model>
        </node>
        <node>
           <name>MP_AM103_Hatch_4_INDEX_1</name>
           <model>usa\misc\AM103\AM103.model</model>
        </node>
        <node>
           <name>MP_AM133_Boat_7_INDEX_5</name>
           <model>usa\misc\AM133\AM133.model</model>
        </node>
        <node>
           <name>MP_AM007_Reels_2</name>
           <model>usa\misc\AM007\AM007.model</model>
        </node>
        <node>
           <name>MP_AM129_Turtles_box_INDEX_2</name>
           <model>usa\misc\AM129\AM129.model</model>
        </node>
        <node>
           <name>MP_AM074_Floater_Net_Basket_2</name>
           <model>usa\misc\AM074\AM074.model</model>
        </node>
        <node>
           <name>MP_AM440_Switch_Box</name>
           <model>usa\misc\AM440\AM440.model</model>
        </node>
        <node>
           <name>MP_AM440_Switch_Box_INDEX_1</name>
           <model>usa\misc\AM440\AM440.model</model>
        </node>
        <node>
           <name>MP_AM029_Ammunition_Box3</name>
           <model>usa\misc\AM029\AM029.model</model>
        </node>
        <node>
           <name>MP_AM029_Ammunition_Box3_INDEX_1</name>
           <model>usa\misc\AM029\AM029.model</model>
        </node>
        <node>
           <name>MP_AM029_Ammunition_Box3_INDEX_2</name>
           <model>usa\misc\AM029\AM029.model</model>
        </node>
        <node>
           <name>MP_AM029_Ammunition_Box3_INDEX_3</name>
           <model>usa\misc\AM029\AM029.model</model>
        </node>
        <node>
           <name>MP_AM029_Ammunition_Box3_INDEX_4</name>
           <model>usa\misc\AM029\AM029.model</model>
        </node>
        <node>
           <name>MP_AM114_Freon_Cylinder_acetylene</name>
           <model>usa\misc\AM114\AM114.model</model>
        </node>
        <node>
           <name>MP_AM114_Freon_Cylinder_acetylene_INDEX_1</name>
           <model>usa\misc\AM114\AM114.model</model>
        </node>
        <node>
           <name>HP_Fire_Burn_3</name>
           <model>UNKNOWN_ITEM</model>
        </node>
    </midback>
    <stern>
      <model>usa\ship\destroyer\ASD029_Sims_1941\ASD029_Sims_1941_Stern_ports.model</model>
        <node>
           <name>HP_AGM_4</name>
           <model>usa\gun\secondary\AGS001_5in38_Mk30_Mod0\AGS001_5in38_Mk30_Mod0.model</model>
        </node>
        <node>
           <name>MP_CM004_Barbette_Out</name>
           <model>common\misc\CM004\CM004.model</model>
        </node>
        <node>
           <name>MP_AM068_Hatch_3</name>
           <model>usa\misc\AM068\AM068.model</model>
        </node>
        <node>
           <name>MP_AM103_Hatch_4</name>
           <model>usa\misc\AM103\AM103.model</model>
        </node>
        <node>
           <name>MP_AM220_Fairlead</name>
           <model>usa\misc\AM220\AM220.model</model>
        </node>
        <node>
           <name>MP_AM220_Fairlead_INDEX_1</name>
           <model>usa\misc\AM220\AM220.model</model>
        </node>
        <node>
           <name>MP_AM220_Fairlead_INDEX_2</name>
           <model>usa\misc\AM220\AM220.model</model>
        </node>
        <node>
           <name>MP_AM220_Fairlead_INDEX_3</name>
           <model>usa\misc\AM220\AM220.model</model>
        </node>
        <node>
           <name>MP_AM004_Fairlead_2</name>
           <model>usa\misc\AM004\AM004.model</model>
        </node>
        <node>
           <name>MP_AM001_Bollard_2</name>
           <model>usa\misc\AM001\AM001.model</model>
        </node>
        <node>
           <name>MP_AM001_Bollard_2_INDEX_1</name>
           <model>usa\misc\AM001\AM001.model</model>
        </node>
        <node>
           <name>MP_CM032_Propeller3_R</name>
           <model>common\misc\CM032\CM032.model</model>
        </node>
        <node>
           <name>MP_CM001_Propeller3_L</name>
           <model>common\misc\CM001\CM001.model</model>
        </node>
        <node>
           <name>MP_AM084_Depth_Charge_Roller_Track_3</name>
           <model>usa\misc\AM084\AM084.model</model>
        </node>
        <node>
           <name>MP_AM084_Depth_Charge_Roller_Track_3_INDEX_1</name>
           <model>usa\misc\AM084\AM084.model</model>
        </node>
        <node>
           <name>MP_AM083_Depth_Charge_Roller_Track_2</name>
           <model>usa\misc\AM083\AM083.model</model>
        </node>
        <node>
           <name>MP_AM083_Depth_Charge_Roller_Track_2_INDEX_1</name>
           <model>usa\misc\AM083\AM083.model</model>
        </node>
        <node>
           <name>MP_AM287_Davit</name>
           <model>usa\misc\AM287\AM287.model</model>
        </node>
        <node>
           <name>MP_AM287_Davit_INDEX_1</name>
           <model>usa\misc\AM287\AM287.model</model>
        </node>
        <node>
           <name>MP_AM049_Signal_Lamp_1</name>
           <model>usa\misc\AM049\AM049.model</model>
        </node>
        <node>
           <name>MP_AM012_Depth_Charge_Roller_Rack</name>
           <model>usa\misc\AM012\AM012.model</model>
        </node>
        <node>
           <name>MP_AM012_Depth_Charge_Roller_Rack_INDEX_1</name>
           <model>usa\misc\AM012\AM012.model</model>
        </node>
        <node>
           <name>MP_AM011_Smoke_Defence</name>
           <model>usa\misc\AM011\AM011.model</model>
        </node>
        <node>
           <name>MP_AM011_Smoke_Defence_INDEX_1</name>
           <model>usa\misc\AM011\AM011.model</model>
        </node>
        <node>
           <name>MP_AM603_Fairlead</name>
           <model>usa\misc\AM603\AM603.model</model>
        </node>
        <node>
           <name>MP_AM603_Fairlead_INDEX_1</name>
           <model>usa\misc\AM603\AM603.model</model>
        </node>
        <node>
           <name>MP_AM607_Steern_Light</name>
           <model>usa\misc\AM607\AM607.model</model>
        </node>
        <node>
           <name>HP_Smoke_1</name>
           <model>UNKNOWN_ITEM</model>
        </node>
    </stern>
  </sections>
</ASD029_Sims_1941.xml>
