<ASC017_Baltimore_1944.xml>
  <sections>
    <bow>
      <model>usa\ship\cruiser\ASC017_Baltimore_1944\ASC017_Baltimore_1944_bow_ports.model</model>
        <node>
           <name>HP_AD_15</name>
           <model>usa\director\AD003_Director_Mk51\AD003_Director_Mk51.model</model>
        </node>
        <node>
           <name>HP_AGA_17</name>
           <model>usa\gun\aaircraft\AGA003_20mm_Oerlikon_MK4\AGA003_20mm_Oerlikon_MK4.model</model>
        </node>
        <node>
           <name>HP_AGA_18</name>
           <model>usa\gun\aaircraft\AGA003_20mm_Oerlikon_MK4\AGA003_20mm_Oerlikon_MK4.model</model>
        </node>
        <node>
           <name>HP_AGA_34</name>
           <model>usa\gun\aaircraft\AGA002_40mm_Bofors_Mk1\AGA002_40mm_Bofors_Mk1.model</model>
        </node>
        <node>
           <name>MP_CM006ASC017Bow_0_0</name>
           <model>common\misc\CM006ASC017Bow\CM006ASC017Bow.model</model>
        </node>
        <node>
           <name>MP_AM071_Signal_Lamp_2</name>
           <model>usa\misc\AM071\AM071.model</model>
        </node>
        <node>
           <name>MP_AM021ASC017Bow_0_0</name>
           <model>usa\misc\AM021ASC017Bow\AM021ASC017Bow.model</model>
        </node>
        <node>
           <name>MP_AM023_Hatch_1</name>
           <model>usa\misc\AM023\AM023.model</model>
        </node>
        <node>
           <name>MP_AM005ASC017Bow_0_0</name>
           <model>usa\misc\AM005ASC017Bow\AM005ASC017Bow.model</model>
        </node>
        <node>
           <name>MP_AM004ASC017Bow_0_0</name>
           <model>usa\misc\AM004ASC017Bow\AM004ASC017Bow.model</model>
        </node>
        <node>
           <name>MP_AM026ASC017Bow_0_0</name>
           <model>usa\misc\AM026ASC017Bow\AM026ASC017Bow.model</model>
        </node>
        <node>
           <name>MP_AM029ASC017Bow_0_0</name>
           <model>usa\misc\AM029ASC017Bow\AM029ASC017Bow.model</model>
        </node>
        <node>
           <name>MP_AM024ASC017Bow_0_0</name>
           <model>usa\misc\AM024ASC017Bow\AM024ASC017Bow.model</model>
        </node>
        <node>
           <name>MP_AM100ASC017Bow_0_0</name>
           <model>usa\misc\AM100ASC017Bow\AM100ASC017Bow.model</model>
        </node>
        <node>
           <name>MP_AM088ASC017Bow_0_0</name>
           <model>usa\misc\AM088ASC017Bow\AM088ASC017Bow.model</model>
        </node>
        <node>
           <name>HP_Fire_Burn_1</name>
           <model>UNKNOWN_ITEM</model>
        </node>
    </bow>
    <midfront>
      <model>usa\ship\cruiser\ASC017_Baltimore_1944\ASC017_Baltimore_1944_MidFront_ports.model</model>
        <node>
           <name>HP_AD_1</name>
           <model>usa\director\AD001_Director_Mk37\AD001_Director_Mk37.model</model>
        </node>
        <node>
           <name>HP_AD_3</name>
           <model>usa\director\AD003_Director_Mk51\AD003_Director_Mk51.model</model>
        </node>
        <node>
           <name>HP_AD_4</name>
           <model>usa\director\AD003_Director_Mk51\AD003_Director_Mk51.model</model>
        </node>
        <node>
           <name>HP_AD_5</name>
           <model>usa\director\AD003_Director_Mk51\AD003_Director_Mk51.model</model>
        </node>
        <node>
           <name>HP_AD_6</name>
           <model>usa\director\AD003_Director_Mk51\AD003_Director_Mk51.model</model>
        </node>
        <node>
           <name>HP_AD_7</name>
           <model>usa\director\AD003_Director_Mk51\AD003_Director_Mk51.model</model>
        </node>
        <node>
           <name>HP_AD_8</name>
           <model>usa\director\AD003_Director_Mk51\AD003_Director_Mk51.model</model>
        </node>
        <node>
           <name>HP_AD_11</name>
           <model>usa\director\AD003_Director_Mk51\AD003_Director_Mk51.model</model>
        </node>
        <node>
           <name>HP_AD_12</name>
           <model>usa\director\AD003_Director_Mk51\AD003_Director_Mk51.model</model>
        </node>
        <node>
           <name>HP_AD_19</name>
           <model>usa\director\AD014_Director_Mk34\AD014_Director_Mk34.model</model>
        </node>
        <node>
           <name>HP_AD_21</name>
           <model>usa\director\AD027_Director_Mk57\AD027_Director_Mk57.model</model>
        </node>
        <node>
           <name>HP_AGA_1</name>
           <model>usa\gun\aaircraft\AGA003_20mm_Oerlikon_MK4\AGA003_20mm_Oerlikon_MK4.model</model>
        </node>
        <node>
           <name>HP_AGA_2</name>
           <model>usa\gun\aaircraft\AGA003_20mm_Oerlikon_MK4\AGA003_20mm_Oerlikon_MK4.model</model>
        </node>
        <node>
           <name>HP_AGA_5</name>
           <model>usa\gun\aaircraft\AGA003_20mm_Oerlikon_MK4\AGA003_20mm_Oerlikon_MK4.model</model>
        </node>
        <node>
           <name>HP_AGA_6</name>
           <model>usa\gun\aaircraft\AGA003_20mm_Oerlikon_MK4\AGA003_20mm_Oerlikon_MK4.model</model>
        </node>
        <node>
           <name>HP_AGA_7</name>
           <model>usa\gun\aaircraft\AGA003_20mm_Oerlikon_MK4\AGA003_20mm_Oerlikon_MK4.model</model>
        </node>
        <node>
           <name>HP_AGA_8</name>
           <model>usa\gun\aaircraft\AGA003_20mm_Oerlikon_MK4\AGA003_20mm_Oerlikon_MK4.model</model>
        </node>
        <node>
           <name>HP_AGA_9</name>
           <model>usa\gun\aaircraft\AGA003_20mm_Oerlikon_MK4\AGA003_20mm_Oerlikon_MK4.model</model>
        </node>
        <node>
           <name>HP_AGA_10</name>
           <model>usa\gun\aaircraft\AGA003_20mm_Oerlikon_MK4\AGA003_20mm_Oerlikon_MK4.model</model>
        </node>
        <node>
           <name>HP_AGA_24</name>
           <model>usa\gun\aaircraft\AGA002_40mm_Bofors_Mk1\AGA002_40mm_Bofors_Mk1.model</model>
        </node>
        <node>
           <name>HP_AGA_25</name>
           <model>usa\gun\aaircraft\AGA002_40mm_Bofors_Mk1\AGA002_40mm_Bofors_Mk1.model</model>
        </node>
        <node>
           <name>HP_AGA_26</name>
           <model>usa\gun\aaircraft\AGA002_40mm_Bofors_Mk1\AGA002_40mm_Bofors_Mk1.model</model>
        </node>
        <node>
           <name>HP_AGA_27</name>
           <model>usa\gun\aaircraft\AGA002_40mm_Bofors_Mk1\AGA002_40mm_Bofors_Mk1.model</model>
        </node>
        <node>
           <name>HP_AGA_32</name>
           <model>usa\gun\aaircraft\AGA002_40mm_Bofors_Mk1\AGA002_40mm_Bofors_Mk1.model</model>
        </node>
        <node>
           <name>HP_AGA_33</name>
           <model>usa\gun\aaircraft\AGA002_40mm_Bofors_Mk1\AGA002_40mm_Bofors_Mk1.model</model>
        </node>
        <node>
           <name>HP_AGM_1</name>
           <model>usa\gun\main\AGM019_8in55_CA68\AGM019_8in55_CA68.model</model>
        </node>
        <node>
           <name>HP_AGM_2</name>
           <model>usa\gun\main\AGM019_8in55_CA68\AGM019_8in55_CA68.model</model>
        </node>
        <node>
           <name>HP_AGS_1</name>
           <model>usa\gun\secondary\AGS010_5in38_Mk32_Mod12\AGS010_5in38_Mk32_Mod12.model</model>
        </node>
        <node>
           <name>HP_AGS_2</name>
           <model>usa\gun\secondary\AGS010_5in38_Mk32_Mod12\AGS010_5in38_Mk32_Mod12.model</model>
        </node>
        <node>
           <name>HP_AGS_3</name>
           <model>usa\gun\secondary\AGS010_5in38_Mk32_Mod12\AGS010_5in38_Mk32_Mod12.model</model>
        </node>
        <node>
           <name>HP_ARS_1</name>
           <model>usa\radar\search\ARS004_Radar_SG\ARS004_Radar_SG.model</model>
        </node>
        <node>
           <name>HP_ARS_3</name>
           <model>usa\radar\search\ARS006_Radar_SK\ARS006_Radar_SK.model</model>
        </node>
        <node>
           <name>HP_flag_1</name>
           <model>usa\misc\AM032\AM032.model</model>
        </node>
        <node>
           <name>HP_flag_2</name>
           <model>usa\misc\AM032\AM032.model</model>
        </node>
        <node>
           <name>HP_flag_3</name>
           <model>usa\misc\AM032\AM032.model</model>
        </node>
        <node>
           <name>HP_flag_4</name>
           <model>usa\misc\AM032\AM032.model</model>
        </node>
        <node>
           <name>MP_AM004ASC017MidFront_0_0</name>
           <model>usa\misc\AM004ASC017MidFront\AM004ASC017MidFront.model</model>
        </node>
        <node>
           <name>MP_AM077ASC017MidFront_0_0</name>
           <model>usa\misc\AM077ASC017MidFront\AM077ASC017MidFront.model</model>
        </node>
        <node>
           <name>MP_AM005ASC017MidFront_0_0</name>
           <model>usa\misc\AM005ASC017MidFront\AM005ASC017MidFront.model</model>
        </node>
        <node>
           <name>MP_AM050ASC017MidFront_0_0</name>
           <model>usa\misc\AM050ASC017MidFront\AM050ASC017MidFront.model</model>
        </node>
        <node>
           <name>MP_CM025_Stairway_Big_R</name>
           <model>common\misc\CM025\CM025.model</model>
        </node>
        <node>
           <name>MP_AM047_Running_Lights_R</name>
           <model>usa\misc\AM047\AM047.model</model>
        </node>
        <node>
           <name>MP_CM011ASC017MidFront_0_0</name>
           <model>common\misc\CM011ASC017MidFront\CM011ASC017MidFront.model</model>
        </node>
        <node>
           <name>MP_AM154_Switch_Panel_1</name>
           <model>usa\misc\AM154\AM154.model</model>
        </node>
        <node>
           <name>MP_AM075ASC017MidFront_0_0</name>
           <model>usa\misc\AM075ASC017MidFront\AM075ASC017MidFront.model</model>
        </node>
        <node>
           <name>MP_AM024_Hatch_2</name>
           <model>usa\misc\AM024\AM024.model</model>
        </node>
        <node>
           <name>MP_AM176ASC017MidFront_0_0</name>
           <model>usa\misc\AM176ASC017MidFront\AM176ASC017MidFront.model</model>
        </node>
        <node>
           <name>MP_AM064_Wind_Intensity</name>
           <model>usa\misc\AM064\AM064.model</model>
        </node>
        <node>
           <name>MP_AM131ASC017MidFront_0_0</name>
           <model>usa\misc\AM131ASC017MidFront\AM131ASC017MidFront.model</model>
        </node>
        <node>
           <name>MP_AM074ASC017MidFront_0_0</name>
           <model>usa\misc\AM074ASC017MidFront\AM074ASC017MidFront.model</model>
        </node>
        <node>
           <name>MP_AM100ASC017MidFront_0_0</name>
           <model>usa\misc\AM100ASC017MidFront\AM100ASC017MidFront.model</model>
        </node>
        <node>
           <name>MP_AM029ASC017MidFront_0_0</name>
           <model>usa\misc\AM029ASC017MidFront\AM029ASC017MidFront.model</model>
        </node>
        <node>
           <name>MP_AM157ASC017MidFront_0_0</name>
           <model>usa\misc\AM157ASC017MidFront\AM157ASC017MidFront.model</model>
        </node>
        <node>
           <name>MP_AM132ASC017MidFront_0_0</name>
           <model>usa\misc\AM132ASC017MidFront\AM132ASC017MidFront.model</model>
        </node>
        <node>
           <name>MP_AM060_RDF_Antenna</name>
           <model>usa\misc\AM060\AM060.model</model>
        </node>
        <node>
           <name>MP_AM063_Wind_Direction</name>
           <model>usa\misc\AM063\AM063.model</model>
        </node>
        <node>
           <name>MP_CM012ASC017MidFront_0_0</name>
           <model>common\misc\CM012ASC017MidFront\CM012ASC017MidFront.model</model>
        </node>
        <node>
           <name>MP_AM072_Ships_bell</name>
           <model>usa\misc\AM072\AM072.model</model>
        </node>
        <node>
           <name>MP_AM021ASC017MidFront_0_0</name>
           <model>usa\misc\AM021ASC017MidFront\AM021ASC017MidFront.model</model>
        </node>
        <node>
           <name>MP_AM070ASC017MidFront_0_0</name>
           <model>usa\misc\AM070ASC017MidFront\AM070ASC017MidFront.model</model>
        </node>
        <node>
           <name>MP_AM025ASC017MidFront_0_0</name>
           <model>usa\misc\AM025ASC017MidFront\AM025ASC017MidFront.model</model>
        </node>
        <node>
           <name>MP_AM061ASC017MidFront_0_0</name>
           <model>usa\misc\AM061ASC017MidFront\AM061ASC017MidFront.model</model>
        </node>
        <node>
           <name>MP_AM086ASC017MidFront_0_0</name>
           <model>usa\misc\AM086ASC017MidFront\AM086ASC017MidFront.model</model>
        </node>
        <node>
           <name>MP_AM105ASC017MidFront_0_0</name>
           <model>usa\misc\AM105ASC017MidFront\AM105ASC017MidFront.model</model>
        </node>
        <node>
           <name>MP_AM038ASC017MidFront_0_0</name>
           <model>usa\misc\AM038ASC017MidFront\AM038ASC017MidFront.model</model>
        </node>
        <node>
           <name>MP_AM085ASC017MidFront_0_0</name>
           <model>usa\misc\AM085ASC017MidFront\AM085ASC017MidFront.model</model>
        </node>
        <node>
           <name>MP_AM159_Voice_Tube</name>
           <model>usa\misc\AM159\AM159.model</model>
        </node>
        <node>
           <name>MP_AM048_Running_Lights_L</name>
           <model>usa\misc\AM048\AM048.model</model>
        </node>
        <node>
           <name>MP_AM142ASC017MidFront_0_0</name>
           <model>usa\misc\AM142ASC017MidFront\AM142ASC017MidFront.model</model>
        </node>
        <node>
           <name>MP_AM091ASC017MidFront_0_0</name>
           <model>usa\misc\AM091ASC017MidFront\AM091ASC017MidFront.model</model>
        </node>
        <node>
           <name>MP_AM138ASC017MidFront_0_0</name>
           <model>usa\misc\AM138ASC017MidFront\AM138ASC017MidFront.model</model>
        </node>
        <node>
           <name>MP_AM018_Compass_Binnacle</name>
           <model>usa\misc\AM018\AM018.model</model>
        </node>
        <node>
           <name>MP_AM151_Gyro_Repeater</name>
           <model>usa\misc\AM151\AM151.model</model>
        </node>
        <node>
           <name>MP_AM071ASC017MidFront_0_0</name>
           <model>usa\misc\AM071ASC017MidFront\AM071ASC017MidFront.model</model>
        </node>
        <node>
           <name>MP_CM024_Stairway_Big_L</name>
           <model>common\misc\CM024\CM024.model</model>
        </node>
        <node>
           <name>HP_Smoke_1</name>
           <model>UNKNOWN_ITEM</model>
        </node>
        <node>
           <name>HP_Fire_Burn_2</name>
           <model>UNKNOWN_ITEM</model>
        </node>
        <node>
           <name>HP_NoseWave_Speed</name>
           <model>UNKNOWN_ITEM</model>
        </node>
    </midfront>
    <midback>
      <model>usa\ship\cruiser\ASC017_Baltimore_1944\ASC017_Baltimore_1944_MidBack_ports.model</model>
        <node>
           <name>HP_AD_2</name>
           <model>usa\director\AD001_Director_Mk37\AD001_Director_Mk37.model</model>
        </node>
        <node>
           <name>HP_AD_9</name>
           <model>usa\director\AD003_Director_Mk51\AD003_Director_Mk51.model</model>
        </node>
        <node>
           <name>HP_AD_10</name>
           <model>usa\director\AD003_Director_Mk51\AD003_Director_Mk51.model</model>
        </node>
        <node>
           <name>HP_AD_13</name>
           <model>usa\director\AD003_Director_Mk51\AD003_Director_Mk51.model</model>
        </node>
        <node>
           <name>HP_AD_14</name>
           <model>usa\director\AD003_Director_Mk51\AD003_Director_Mk51.model</model>
        </node>
        <node>
           <name>HP_AD_17</name>
           <model>usa\director\AD003_Director_Mk51\AD003_Director_Mk51.model</model>
        </node>
        <node>
           <name>HP_AD_18</name>
           <model>usa\director\AD003_Director_Mk51\AD003_Director_Mk51.model</model>
        </node>
        <node>
           <name>HP_AD_20</name>
           <model>usa\director\AD014_Director_Mk34\AD014_Director_Mk34.model</model>
        </node>
        <node>
           <name>HP_AGA_3</name>
           <model>usa\gun\aaircraft\AGA003_20mm_Oerlikon_MK4\AGA003_20mm_Oerlikon_MK4.model</model>
        </node>
        <node>
           <name>HP_AGA_4</name>
           <model>usa\gun\aaircraft\AGA003_20mm_Oerlikon_MK4\AGA003_20mm_Oerlikon_MK4.model</model>
        </node>
        <node>
           <name>HP_AGA_11</name>
           <model>usa\gun\aaircraft\AGA003_20mm_Oerlikon_MK4\AGA003_20mm_Oerlikon_MK4.model</model>
        </node>
        <node>
           <name>HP_AGA_12</name>
           <model>usa\gun\aaircraft\AGA003_20mm_Oerlikon_MK4\AGA003_20mm_Oerlikon_MK4.model</model>
        </node>
        <node>
           <name>HP_AGA_13</name>
           <model>usa\gun\aaircraft\AGA003_20mm_Oerlikon_MK4\AGA003_20mm_Oerlikon_MK4.model</model>
        </node>
        <node>
           <name>HP_AGA_14</name>
           <model>usa\gun\aaircraft\AGA003_20mm_Oerlikon_MK4\AGA003_20mm_Oerlikon_MK4.model</model>
        </node>
        <node>
           <name>HP_AGA_15</name>
           <model>usa\gun\aaircraft\AGA003_20mm_Oerlikon_MK4\AGA003_20mm_Oerlikon_MK4.model</model>
        </node>
        <node>
           <name>HP_AGA_16</name>
           <model>usa\gun\aaircraft\AGA003_20mm_Oerlikon_MK4\AGA003_20mm_Oerlikon_MK4.model</model>
        </node>
        <node>
           <name>HP_AGA_21</name>
           <model>usa\gun\aaircraft\AGA003_20mm_Oerlikon_MK4\AGA003_20mm_Oerlikon_MK4.model</model>
        </node>
        <node>
           <name>HP_AGA_22</name>
           <model>usa\gun\aaircraft\AGA003_20mm_Oerlikon_MK4\AGA003_20mm_Oerlikon_MK4.model</model>
        </node>
        <node>
           <name>HP_AGA_23</name>
           <model>usa\gun\aaircraft\AGA003_20mm_Oerlikon_MK4\AGA003_20mm_Oerlikon_MK4.model</model>
        </node>
        <node>
           <name>HP_AGA_28</name>
           <model>usa\gun\aaircraft\AGA002_40mm_Bofors_Mk1\AGA002_40mm_Bofors_Mk1.model</model>
        </node>
        <node>
           <name>HP_AGA_29</name>
           <model>usa\gun\aaircraft\AGA002_40mm_Bofors_Mk1\AGA002_40mm_Bofors_Mk1.model</model>
        </node>
        <node>
           <name>HP_AGA_30</name>
           <model>usa\gun\aaircraft\AGA002_40mm_Bofors_Mk1\AGA002_40mm_Bofors_Mk1.model</model>
        </node>
        <node>
           <name>HP_AGA_31</name>
           <model>usa\gun\aaircraft\AGA002_40mm_Bofors_Mk1\AGA002_40mm_Bofors_Mk1.model</model>
        </node>
        <node>
           <name>HP_AGM_3</name>
           <model>usa\gun\main\AGM019_8in55_CA68\AGM019_8in55_CA68.model</model>
        </node>
        <node>
           <name>HP_AGS_4</name>
           <model>usa\gun\secondary\AGS010_5in38_Mk32_Mod12\AGS010_5in38_Mk32_Mod12.model</model>
        </node>
        <node>
           <name>HP_AGS_5</name>
           <model>usa\gun\secondary\AGS010_5in38_Mk32_Mod12\AGS010_5in38_Mk32_Mod12.model</model>
        </node>
        <node>
           <name>HP_AGS_6</name>
           <model>usa\gun\secondary\AGS010_5in38_Mk32_Mod12\AGS010_5in38_Mk32_Mod12.model</model>
        </node>
        <node>
           <name>HP_ARS_2</name>
           <model>usa\radar\search\ARS004_Radar_SG\ARS004_Radar_SG.model</model>
        </node>
        <node>
           <name>HP_ARS_4</name>
           <model>usa\radar\search\ARS015_Radar_SP\ARS015_Radar_SP.model</model>
        </node>
        <node>
           <name>HP_flag_nation</name>
           <model>usa\misc\AM032\AM032.model</model>
        </node>
        <node>
           <name>MP_AM074ASC017MidBack_0_0</name>
           <model>usa\misc\AM074ASC017MidBack\AM074ASC017MidBack.model</model>
        </node>
        <node>
           <name>MP_AM157ASC017MidBack_0_0</name>
           <model>usa\misc\AM157ASC017MidBack\AM157ASC017MidBack.model</model>
        </node>
        <node>
           <name>MP_AM062ASC017MidBack_0_0</name>
           <model>usa\misc\AM062ASC017MidBack\AM062ASC017MidBack.model</model>
        </node>
        <node>
           <name>MP_AM100ASC017MidBack_0_0</name>
           <model>usa\misc\AM100ASC017MidBack\AM100ASC017MidBack.model</model>
        </node>
        <node>
           <name>MP_AM004ASC017MidBack_0_0</name>
           <model>usa\misc\AM004ASC017MidBack\AM004ASC017MidBack.model</model>
        </node>
        <node>
           <name>MP_AM005ASC017MidBack_0_0</name>
           <model>usa\misc\AM005ASC017MidBack\AM005ASC017MidBack.model</model>
        </node>
        <node>
           <name>MP_AM061ASC017MidBack_0_0</name>
           <model>usa\misc\AM061ASC017MidBack\AM061ASC017MidBack.model</model>
        </node>
        <node>
           <name>MP_AM044_Boat_Winch</name>
           <model>usa\misc\AM044\AM044.model</model>
        </node>
        <node>
           <name>MP_AM132ASC017MidBack_0_0</name>
           <model>usa\misc\AM132ASC017MidBack\AM132ASC017MidBack.model</model>
        </node>
        <node>
           <name>MP_AM114ASC017MidBack_0_0</name>
           <model>usa\misc\AM114ASC017MidBack\AM114ASC017MidBack.model</model>
        </node>
        <node>
           <name>MP_AM037ASC017MidBack_0_0</name>
           <model>usa\misc\AM037ASC017MidBack\AM037ASC017MidBack.model</model>
        </node>
        <node>
           <name>MP_AM007ASC017MidBack_0_0</name>
           <model>usa\misc\AM007ASC017MidBack\AM007ASC017MidBack.model</model>
        </node>
        <node>
           <name>MP_CM026_Stairway_Small_L</name>
           <model>common\misc\CM026\CM026.model</model>
        </node>
        <node>
           <name>MP_CM011ASC017MidBack_0_0</name>
           <model>common\misc\CM011ASC017MidBack\CM011ASC017MidBack.model</model>
        </node>
        <node>
           <name>MP_AM024ASC017MidBack_0_0</name>
           <model>usa\misc\AM024ASC017MidBack\AM024ASC017MidBack.model</model>
        </node>
        <node>
           <name>MP_AM130ASC017MidBack_0_0</name>
           <model>usa\misc\AM130ASC017MidBack\AM130ASC017MidBack.model</model>
        </node>
        <node>
           <name>MP_AM176ASC017MidBack_0_0</name>
           <model>usa\misc\AM176ASC017MidBack\AM176ASC017MidBack.model</model>
        </node>
        <node>
           <name>MP_AM029ASC017MidBack_0_0</name>
           <model>usa\misc\AM029ASC017MidBack\AM029ASC017MidBack.model</model>
        </node>
        <node>
           <name>MP_CM012_Fire_Hose_Rack_1</name>
           <model>common\misc\CM012\CM012.model</model>
        </node>
        <node>
           <name>MP_AM179ASC017MidBack_0_0</name>
           <model>usa\misc\AM179ASC017MidBack\AM179ASC017MidBack.model</model>
        </node>
        <node>
           <name>MP_AM155_Switch_Panel_2</name>
           <model>usa\misc\AM155\AM155.model</model>
        </node>
        <node>
           <name>MP_AM025_Pelorus_Mk7</name>
           <model>usa\misc\AM025\AM025.model</model>
        </node>
        <node>
           <name>HP_Smoke_2</name>
           <model>UNKNOWN_ITEM</model>
        </node>
        <node>
           <name>HP_Fire_Burn_3</name>
           <model>UNKNOWN_ITEM</model>
        </node>
    </midback>
    <stern>
      <model>usa\ship\cruiser\ASC017_Baltimore_1944\ASC017_Baltimore_1944_Stern_ports.model</model>
        <node>
           <name>HP_AD_16</name>
           <model>usa\director\AD003_Director_Mk51\AD003_Director_Mk51.model</model>
        </node>
        <node>
           <name>HP_AGA_19</name>
           <model>usa\gun\aaircraft\AGA003_20mm_Oerlikon_MK4\AGA003_20mm_Oerlikon_MK4.model</model>
        </node>
        <node>
           <name>HP_AGA_20</name>
           <model>usa\gun\aaircraft\AGA003_20mm_Oerlikon_MK4\AGA003_20mm_Oerlikon_MK4.model</model>
        </node>
        <node>
           <name>HP_AGA_35</name>
           <model>usa\gun\aaircraft\AGA002_40mm_Bofors_Mk1\AGA002_40mm_Bofors_Mk1.model</model>
        </node>
        <node>
           <name>HP_AC_01</name>
           <model>usa\catapult\AC002_Catapult_2\AC002_Catapult_2.model</model>
        </node>
        <node>
           <name>HP_AC_02</name>
           <model>usa\catapult\AC002_Catapult_2\AC002_Catapult_2.model</model>
        </node>
        <node>
           <name>MP_AM108ASC017Stern_0_0</name>
           <model>usa\misc\AM108ASC017Stern\AM108ASC017Stern.model</model>
        </node>
        <node>
           <name>MP_AM044_Boat_Winch</name>
           <model>usa\misc\AM044\AM044.model</model>
        </node>
        <node>
           <name>MP_AM021ASC017Stern_0_0</name>
           <model>usa\misc\AM021ASC017Stern\AM021ASC017Stern.model</model>
        </node>
        <node>
           <name>MP_AM024ASC017Stern_0_0</name>
           <model>usa\misc\AM024ASC017Stern\AM024ASC017Stern.model</model>
        </node>
        <node>
           <name>MP_AM100ASC017Stern_0_0</name>
           <model>usa\misc\AM100ASC017Stern\AM100ASC017Stern.model</model>
        </node>
        <node>
           <name>MP_CM002_Propeller4_L</name>
           <model>common\misc\CM002\CM002.model</model>
        </node>
        <node>
           <name>MP_AM004ASC017Stern_0_0</name>
           <model>usa\misc\AM004ASC017Stern\AM004ASC017Stern.model</model>
        </node>
        <node>
           <name>MP_AM005ASC017Stern_0_0</name>
           <model>usa\misc\AM005ASC017Stern\AM005ASC017Stern.model</model>
        </node>
        <node>
           <name>MP_AM011ASC017Stern_0_0</name>
           <model>usa\misc\AM011ASC017Stern\AM011ASC017Stern.model</model>
        </node>
        <node>
           <name>MP_AM029ASC017Stern_0_0</name>
           <model>usa\misc\AM029ASC017Stern\AM029ASC017Stern.model</model>
        </node>
        <node>
           <name>MP_AM046_Running_Lights_B</name>
           <model>usa\misc\AM046\AM046.model</model>
        </node>
        <node>
           <name>MP_AM078_Crane_Control_Wheel</name>
           <model>usa\misc\AM078\AM078.model</model>
        </node>
        <node>
           <name>MP_CM002_Propeller4_L_INDEX_1</name>
           <model>common\misc\CM002\CM002.model</model>
        </node>
        <node>
           <name>MP_CM033_Propeller4_R</name>
           <model>common\misc\CM033\CM033.model</model>
        </node>
        <node>
           <name>MP_AM076ASC017Stern_0_0</name>
           <model>usa\misc\AM076ASC017Stern\AM076ASC017Stern.model</model>
        </node>
        <node>
           <name>MP_AM030_Ammunition_Box4</name>
           <model>usa\misc\AM030\AM030.model</model>
        </node>
        <node>
           <name>MP_AM043_Aircraft_Deck_Cradle</name>
           <model>usa\misc\AM043\AM043.model</model>
        </node>
        <node>
           <name>MP_CM033_Propeller4_R_INDEX_1</name>
           <model>common\misc\CM033\CM033.model</model>
        </node>
        <node>
           <name>HP_Fire_Burn_4</name>
           <model>UNKNOWN_ITEM</model>
        </node>
    </stern>
  </sections>
</ASC017_Baltimore_1944.xml>
