<ASC020_Des_Moines_1948.xml>
  <sections>
    <bow>
      <model>usa\ship\cruiser\ASC020_Des_Moines_1948\ASC020_Des_Moines_1948_bow_ports.model</model>
        <node>
           <name>HP_AGM_1</name>
           <model>usa\gun\main\AGM025_8in55_Triple_Mk16\AGM025_8in55_Triple_Mk16.model</model>
        </node>
        <node>
           <name>HP_AGA_13</name>
           <model>usa\gun\aaircraft\AGA026_3in50_Twin_Mark_33\AGA026_3in50_Twin_Mark_33.model</model>
        </node>
        <node>
           <name>HP_AGA_14</name>
           <model>usa\gun\aaircraft\AGA026_3in50_Twin_Mark_33\AGA026_3in50_Twin_Mark_33.model</model>
        </node>
        <node>
           <name>HP_AD_18</name>
           <model>usa\director\AD003_Director_Mk51\AD003_Director_Mk51.model</model>
        </node>
        <node>
           <name>HP_AD_11</name>
           <model>usa\director\AD003_Director_Mk51\AD003_Director_Mk51.model</model>
        </node>
        <node>
           <name>MP_AM088ASC020Bow_0_0</name>
           <model>usa\misc\AM088ASC020Bow\AM088ASC020Bow.model</model>
        </node>
        <node>
           <name>MP_AM002ASC020Bow_0_0</name>
           <model>usa\misc\AM002ASC020Bow\AM002ASC020Bow.model</model>
        </node>
        <node>
           <name>MP_AM004ASC020Bow_0_0</name>
           <model>usa\misc\AM004ASC020Bow\AM004ASC020Bow.model</model>
        </node>
        <node>
           <name>MP_CM004_Barbette_Out</name>
           <model>common\misc\CM004\CM004.model</model>
        </node>
        <node>
           <name>MP_AM023ASC020Bow_0_0</name>
           <model>usa\misc\AM023ASC020Bow\AM023ASC020Bow.model</model>
        </node>
        <node>
           <name>MP_AM026ASC020Bow_0_0</name>
           <model>usa\misc\AM026ASC020Bow\AM026ASC020Bow.model</model>
        </node>
        <node>
           <name>MP_AM195ASC020Bow_0_0</name>
           <model>usa\misc\AM195ASC020Bow\AM195ASC020Bow.model</model>
        </node>
        <node>
           <name>MP_AM001ASC020Bow_0_0</name>
           <model>usa\misc\AM001ASC020Bow\AM001ASC020Bow.model</model>
        </node>
        <node>
           <name>MP_AM021ASC020Bow_0_0</name>
           <model>usa\misc\AM021ASC020Bow\AM021ASC020Bow.model</model>
        </node>
        <node>
           <name>MP_CM012ASC020Bow_0_0</name>
           <model>common\misc\CM012ASC020Bow\CM012ASC020Bow.model</model>
        </node>
        <node>
           <name>MP_AM182ASC020Bow_0_0</name>
           <model>usa\misc\AM182ASC020Bow\AM182ASC020Bow.model</model>
        </node>
        <node>
           <name>MP_CM006ASC020Bow_0_0</name>
           <model>common\misc\CM006ASC020Bow\CM006ASC020Bow.model</model>
        </node>
        <node>
           <name>MP_AM024_Hatch_2</name>
           <model>usa\misc\AM024\AM024.model</model>
        </node>
        <node>
           <name>MP_AM049_Signal_Lamp_1</name>
           <model>usa\misc\AM049\AM049.model</model>
        </node>
        <node>
           <name>MP_AM022_Ventilators_4</name>
           <model>usa\misc\AM022\AM022.model</model>
        </node>
        <node>
           <name>HP_Fire_Burn_1</name>
           <model>UNKNOWN_ITEM</model>
        </node>
    </bow>
    <midfront>
      <model>usa\ship\cruiser\ASC020_Des_Moines_1948\ASC020_Des_Moines_1948_MidFront_ports.model</model>
        <node>
           <name>HP_AGA_24</name>
           <model>usa\gun\aaircraft\AGA026_3in50_Twin_Mark_33\AGA026_3in50_Twin_Mark_33.model</model>
        </node>
        <node>
           <name>HP_AD_13</name>
           <model>usa\director\AD003_Director_Mk51\AD003_Director_Mk51.model</model>
        </node>
        <node>
           <name>HP_AD_12</name>
           <model>usa\director\AD003_Director_Mk51\AD003_Director_Mk51.model</model>
        </node>
        <node>
           <name>HP_ARS_5</name>
           <model>usa\radar\search\ARS046_Radar_SPS12\ARS046_Radar_SPS12.model</model>
        </node>
        <node>
           <name>HP_ARS_4</name>
           <model>usa\radar\search\ARS045_Radar_SG6\ARS045_Radar_SG6.model</model>
        </node>
        <node>
           <name>HP_AD_9</name>
           <model>usa\director\AD044_Director_Mk54\AD044_Director_Mk54.model</model>
        </node>
        <node>
           <name>HP_AD_5</name>
           <model>usa\director\AD042_Director_Mk37_Mod2\AD042_Director_Mk37_Mod2.model</model>
        </node>
        <node>
           <name>HP_AD_4</name>
           <model>usa\director\AD040_Director_Mk56\AD040_Director_Mk56.model</model>
        </node>
        <node>
           <name>HP_AD_3</name>
           <model>usa\director\AD040_Director_Mk56\AD040_Director_Mk56.model</model>
        </node>
        <node>
           <name>HP_AGS_3</name>
           <model>usa\gun\secondary\AGS010_5in38_Mk32_Mod12\AGS010_5in38_Mk32_Mod12.model</model>
        </node>
        <node>
           <name>HP_AGS_2</name>
           <model>usa\gun\secondary\AGS010_5in38_Mk32_Mod12\AGS010_5in38_Mk32_Mod12.model</model>
        </node>
        <node>
           <name>HP_AGS_1</name>
           <model>usa\gun\secondary\AGS010_5in38_Mk32_Mod12\AGS010_5in38_Mk32_Mod12.model</model>
        </node>
        <node>
           <name>HP_AGA_4</name>
           <model>usa\gun\aaircraft\AGA003_20mm_Oerlikon_MK4\AGA003_20mm_Oerlikon_MK4.model</model>
        </node>
        <node>
           <name>HP_AGM_2</name>
           <model>usa\gun\main\AGM025_8in55_Triple_Mk16\AGM025_8in55_Triple_Mk16.model</model>
        </node>
        <node>
           <name>HP_AGA_23</name>
           <model>usa\gun\aaircraft\AGA026_3in50_Twin_Mark_33\AGA026_3in50_Twin_Mark_33.model</model>
        </node>
        <node>
           <name>HP_AGA_22</name>
           <model>usa\gun\aaircraft\AGA026_3in50_Twin_Mark_33\AGA026_3in50_Twin_Mark_33.model</model>
        </node>
        <node>
           <name>HP_AGA_15</name>
           <model>usa\gun\aaircraft\AGA026_3in50_Twin_Mark_33\AGA026_3in50_Twin_Mark_33.model</model>
        </node>
        <node>
           <name>HP_AGA_12</name>
           <model>usa\gun\aaircraft\AGA003_20mm_Oerlikon_MK4\AGA003_20mm_Oerlikon_MK4.model</model>
        </node>
        <node>
           <name>HP_AGA_11</name>
           <model>usa\gun\aaircraft\AGA003_20mm_Oerlikon_MK4\AGA003_20mm_Oerlikon_MK4.model</model>
        </node>
        <node>
           <name>HP_AGA_3</name>
           <model>usa\gun\aaircraft\AGA003_20mm_Oerlikon_MK4\AGA003_20mm_Oerlikon_MK4.model</model>
        </node>
        <node>
           <name>HP_AGA_2</name>
           <model>usa\gun\aaircraft\AGA003_20mm_Oerlikon_MK4\AGA003_20mm_Oerlikon_MK4.model</model>
        </node>
        <node>
           <name>HP_AGA_1</name>
           <model>usa\gun\aaircraft\AGA003_20mm_Oerlikon_MK4\AGA003_20mm_Oerlikon_MK4.model</model>
        </node>
        <node>
           <name>HP_flag_1</name>
           <model>usa\misc\AM032\AM032.model</model>
        </node>
        <node>
           <name>HP_flag_2</name>
           <model>usa\misc\AM032\AM032.model</model>
        </node>
        <node>
           <name>HP_flag_3</name>
           <model>usa\misc\AM032\AM032.model</model>
        </node>
        <node>
           <name>HP_flag_4</name>
           <model>usa\misc\AM032\AM032.model</model>
        </node>
        <node>
           <name>MP_AM156ASC020MidFront_0_0</name>
           <model>usa\misc\AM156ASC020MidFront\AM156ASC020MidFront.model</model>
        </node>
        <node>
           <name>MP_AM086ASC020MidFront_0_0</name>
           <model>usa\misc\AM086ASC020MidFront\AM086ASC020MidFront.model</model>
        </node>
        <node>
           <name>MP_AM025ASC020MidFront_0_0</name>
           <model>usa\misc\AM025ASC020MidFront\AM025ASC020MidFront.model</model>
        </node>
        <node>
           <name>MP_AM164ASC020MidFront_0_0</name>
           <model>usa\misc\AM164ASC020MidFront\AM164ASC020MidFront.model</model>
        </node>
        <node>
           <name>MP_CM004ASC020MidFront_0_0</name>
           <model>common\misc\CM004ASC020MidFront\CM004ASC020MidFront.model</model>
        </node>
        <node>
           <name>MP_AM111ASC020MidFront_0_0</name>
           <model>usa\misc\AM111ASC020MidFront\AM111ASC020MidFront.model</model>
        </node>
        <node>
           <name>MP_AM010ASC020MidFront_0_0</name>
           <model>usa\misc\AM010ASC020MidFront\AM010ASC020MidFront.model</model>
        </node>
        <node>
           <name>MP_AM100ASC020MidFront_0_0</name>
           <model>usa\misc\AM100ASC020MidFront\AM100ASC020MidFront.model</model>
        </node>
        <node>
           <name>MP_AM152ASC020MidFront_0_0</name>
           <model>usa\misc\AM152ASC020MidFront\AM152ASC020MidFront.model</model>
        </node>
        <node>
           <name>MP_AM195ASC020MidFront_0_0</name>
           <model>usa\misc\AM195ASC020MidFront\AM195ASC020MidFront.model</model>
        </node>
        <node>
           <name>MP_AM074ASC020MidFront_0_0</name>
           <model>usa\misc\AM074ASC020MidFront\AM074ASC020MidFront.model</model>
        </node>
        <node>
           <name>MP_AM087ASC020MidFront_0_0</name>
           <model>usa\misc\AM087ASC020MidFront\AM087ASC020MidFront.model</model>
        </node>
        <node>
           <name>MP_AM549_Life_Buoy</name>
           <model>usa\misc\AM549\AM549.model</model>
        </node>
        <node>
           <name>MP_AM023_Hatch_1</name>
           <model>usa\misc\AM023\AM023.model</model>
        </node>
        <node>
           <name>MP_AM004ASC020MidFront_0_0</name>
           <model>usa\misc\AM004ASC020MidFront\AM004ASC020MidFront.model</model>
        </node>
        <node>
           <name>MP_AM063_Wind_Direction</name>
           <model>usa\misc\AM063\AM063.model</model>
        </node>
        <node>
           <name>MP_AM030ASC020MidFront_0_0</name>
           <model>usa\misc\AM030ASC020MidFront\AM030ASC020MidFront.model</model>
        </node>
        <node>
           <name>MP_AM085_TBS_Antenna</name>
           <model>usa\misc\AM085\AM085.model</model>
        </node>
        <node>
           <name>MP_AM177ASC020MidFront_0_0</name>
           <model>usa\misc\AM177ASC020MidFront\AM177ASC020MidFront.model</model>
        </node>
        <node>
           <name>MP_AM155ASC020MidFront_0_0</name>
           <model>usa\misc\AM155ASC020MidFront\AM155ASC020MidFront.model</model>
        </node>
        <node>
           <name>MP_AM001ASC020MidFront_0_0</name>
           <model>usa\misc\AM001ASC020MidFront\AM001ASC020MidFront.model</model>
        </node>
        <node>
           <name>MP_AM108_Reels_4</name>
           <model>usa\misc\AM108\AM108.model</model>
        </node>
        <node>
           <name>MP_AM061ASC020MidFront_0_0</name>
           <model>usa\misc\AM061ASC020MidFront\AM061ASC020MidFront.model</model>
        </node>
        <node>
           <name>MP_CM012ASC020MidFront_0_0</name>
           <model>common\misc\CM012ASC020MidFront\CM012ASC020MidFront.model</model>
        </node>
        <node>
           <name>MP_AM101ASC020MidFront_0_0</name>
           <model>usa\misc\AM101ASC020MidFront\AM101ASC020MidFront.model</model>
        </node>
        <node>
           <name>MP_AM114ASC020MidFront_0_0</name>
           <model>usa\misc\AM114ASC020MidFront\AM114ASC020MidFront.model</model>
        </node>
        <node>
           <name>MP_AM142ASC020MidFront_0_0</name>
           <model>usa\misc\AM142ASC020MidFront\AM142ASC020MidFront.model</model>
        </node>
        <node>
           <name>MP_AM048_Running_Lights_L</name>
           <model>usa\misc\AM048\AM048.model</model>
        </node>
        <node>
           <name>MP_CM030_Swab_Rack_2</name>
           <model>common\misc\CM030\CM030.model</model>
        </node>
        <node>
           <name>MP_AM047_Running_Lights_R</name>
           <model>usa\misc\AM047\AM047.model</model>
        </node>
        <node>
           <name>MP_AM018_Compass_Binnacle</name>
           <model>usa\misc\AM018\AM018.model</model>
        </node>
        <node>
           <name>MP_AM080ASC020MidFront_0_0</name>
           <model>usa\misc\AM080ASC020MidFront\AM080ASC020MidFront.model</model>
        </node>
        <node>
           <name>MP_CM025_Stairway_Big_R</name>
           <model>common\misc\CM025\CM025.model</model>
        </node>
        <node>
           <name>MP_AM038ASC020MidFront_0_0</name>
           <model>usa\misc\AM038ASC020MidFront\AM038ASC020MidFront.model</model>
        </node>
        <node>
           <name>MP_AM159_Voice_Tube</name>
           <model>usa\misc\AM159\AM159.model</model>
        </node>
        <node>
           <name>MP_AM151_Gyro_Repeater</name>
           <model>usa\misc\AM151\AM151.model</model>
        </node>
        <node>
           <name>MP_AM064_Wind_Intensity</name>
           <model>usa\misc\AM064\AM064.model</model>
        </node>
        <node>
           <name>MP_AM019_Ventilators_1</name>
           <model>usa\misc\AM019\AM019.model</model>
        </node>
        <node>
           <name>MP_AM075ASC020MidFront_0_0</name>
           <model>usa\misc\AM075ASC020MidFront\AM075ASC020MidFront.model</model>
        </node>
        <node>
           <name>MP_AM045_Running_Lights_F</name>
           <model>usa\misc\AM045\AM045.model</model>
        </node>
        <node>
           <name>MP_AM154ASC020MidFront_0_0</name>
           <model>usa\misc\AM154ASC020MidFront\AM154ASC020MidFront.model</model>
        </node>
        <node>
           <name>MP_AM157ASC020MidFront_0_0</name>
           <model>usa\misc\AM157ASC020MidFront\AM157ASC020MidFront.model</model>
        </node>
        <node>
           <name>MP_AM024ASC020MidFront_0_0</name>
           <model>usa\misc\AM024ASC020MidFront\AM024ASC020MidFront.model</model>
        </node>
        <node>
           <name>MP_AM072_Ships_bell</name>
           <model>usa\misc\AM072\AM072.model</model>
        </node>
        <node>
           <name>MP_AM054ASC020MidFront_0_0</name>
           <model>usa\misc\AM054ASC020MidFront\AM054ASC020MidFront.model</model>
        </node>
        <node>
           <name>MP_AM176ASC020MidFront_0_0</name>
           <model>usa\misc\AM176ASC020MidFront\AM176ASC020MidFront.model</model>
        </node>
        <node>
           <name>MP_AM187_Switch_Panel_4</name>
           <model>usa\misc\AM187\AM187.model</model>
        </node>
        <node>
           <name>MP_AM062ASC020MidFront_0_0</name>
           <model>usa\misc\AM062ASC020MidFront\AM062ASC020MidFront.model</model>
        </node>
        <node>
           <name>MP_CM024_Stairway_Big_L</name>
           <model>common\misc\CM024\CM024.model</model>
        </node>
        <node>
           <name>MP_AM131ASC020MidFront_0_0</name>
           <model>usa\misc\AM131ASC020MidFront\AM131ASC020MidFront.model</model>
        </node>
        <node>
           <name>MP_AM182ASC020MidFront_0_0</name>
           <model>usa\misc\AM182ASC020MidFront\AM182ASC020MidFront.model</model>
        </node>
        <node>
           <name>MP_CM056_Ships_bell</name>
           <model>common\misc\CM056\CM056.model</model>
        </node>
        <node>
           <name>MP_AM006_Reels_1</name>
           <model>usa\misc\AM006\AM006.model</model>
        </node>
        <node>
           <name>MP_AM021ASC020MidFront_0_0</name>
           <model>usa\misc\AM021ASC020MidFront\AM021ASC020MidFront.model</model>
        </node>
        <node>
           <name>MP_AM188_Switch_Panel_5</name>
           <model>usa\misc\AM188\AM188.model</model>
        </node>
        <node>
           <name>MP_AM158_Turning_Indicator</name>
           <model>usa\misc\AM158\AM158.model</model>
        </node>
        <node>
           <name>MP_AM173_Insulator_1</name>
           <model>usa\misc\AM173\AM173.model</model>
        </node>
        <node>
           <name>HP_Fire_Burn_2</name>
           <model>UNKNOWN_ITEM</model>
        </node>
        <node>
           <name>HP_NoseWave_Speed</name>
           <model>UNKNOWN_ITEM</model>
        </node>
    </midfront>
    <midback>
      <model>usa\ship\cruiser\ASC020_Des_Moines_1948\ASC020_Des_Moines_1948_MidBack_ports.model</model>
        <node>
           <name>HP_AD_15</name>
           <model>usa\director\AD003_Director_Mk51\AD003_Director_Mk51.model</model>
        </node>
        <node>
           <name>HP_AD_14</name>
           <model>usa\director\AD003_Director_Mk51\AD003_Director_Mk51.model</model>
        </node>
        <node>
           <name>HP_ARS_3</name>
           <model>usa\radar\search\ARS037_Radar_SL\ARS037_Radar_SL.model</model>
        </node>
        <node>
           <name>HP_ARS_2</name>
           <model>usa\radar\search\ARS033_Radar_SF\ARS033_Radar_SF.model</model>
        </node>
        <node>
           <name>HP_ARS_1</name>
           <model>usa\radar\search\ARS015_Radar_SP\ARS015_Radar_SP.model</model>
        </node>
        <node>
           <name>HP_AD_10</name>
           <model>usa\director\AD044_Director_Mk54\AD044_Director_Mk54.model</model>
        </node>
        <node>
           <name>HP_AD_8</name>
           <model>usa\director\AD042_Director_Mk37_Mod2\AD042_Director_Mk37_Mod2.model</model>
        </node>
        <node>
           <name>HP_AD_7</name>
           <model>usa\director\AD042_Director_Mk37_Mod2\AD042_Director_Mk37_Mod2.model</model>
        </node>
        <node>
           <name>HP_AD_6</name>
           <model>usa\director\AD042_Director_Mk37_Mod2\AD042_Director_Mk37_Mod2.model</model>
        </node>
        <node>
           <name>HP_AD_2</name>
           <model>usa\director\AD040_Director_Mk56\AD040_Director_Mk56.model</model>
        </node>
        <node>
           <name>HP_AD_1</name>
           <model>usa\director\AD040_Director_Mk56\AD040_Director_Mk56.model</model>
        </node>
        <node>
           <name>HP_AGS_6</name>
           <model>usa\gun\secondary\AGS010_5in38_Mk32_Mod12\AGS010_5in38_Mk32_Mod12.model</model>
        </node>
        <node>
           <name>HP_AGS_4</name>
           <model>usa\gun\secondary\AGS010_5in38_Mk32_Mod12\AGS010_5in38_Mk32_Mod12.model</model>
        </node>
        <node>
           <name>HP_AGS_5</name>
           <model>usa\gun\secondary\AGS010_5in38_Mk32_Mod12\AGS010_5in38_Mk32_Mod12.model</model>
        </node>
        <node>
           <name>HP_AGA_21</name>
           <model>usa\gun\aaircraft\AGA026_3in50_Twin_Mark_33\AGA026_3in50_Twin_Mark_33.model</model>
        </node>
        <node>
           <name>HP_AGA_20</name>
           <model>usa\gun\aaircraft\AGA026_3in50_Twin_Mark_33\AGA026_3in50_Twin_Mark_33.model</model>
        </node>
        <node>
           <name>HP_AGA_19</name>
           <model>usa\gun\aaircraft\AGA026_3in50_Twin_Mark_33\AGA026_3in50_Twin_Mark_33.model</model>
        </node>
        <node>
           <name>HP_AGA_18</name>
           <model>usa\gun\aaircraft\AGA026_3in50_Twin_Mark_33\AGA026_3in50_Twin_Mark_33.model</model>
        </node>
        <node>
           <name>HP_AGA_6</name>
           <model>usa\gun\aaircraft\AGA003_20mm_Oerlikon_MK4\AGA003_20mm_Oerlikon_MK4.model</model>
        </node>
        <node>
           <name>HP_AGA_5</name>
           <model>usa\gun\aaircraft\AGA003_20mm_Oerlikon_MK4\AGA003_20mm_Oerlikon_MK4.model</model>
        </node>
        <node>
           <name>HP_flag_nation</name>
           <model>usa\misc\AM032\AM032.model</model>
        </node>
        <node>
           <name>MP_AM108ASC020MidBack_0_0</name>
           <model>usa\misc\AM108ASC020MidBack\AM108ASC020MidBack.model</model>
        </node>
        <node>
           <name>MP_AM114ASC020MidBack_0_0</name>
           <model>usa\misc\AM114ASC020MidBack\AM114ASC020MidBack.model</model>
        </node>
        <node>
           <name>MP_AM194ASC020MidBack_0_0</name>
           <model>usa\misc\AM194ASC020MidBack\AM194ASC020MidBack.model</model>
        </node>
        <node>
           <name>MP_AM024ASC020MidBack_0_0</name>
           <model>usa\misc\AM024ASC020MidBack\AM024ASC020MidBack.model</model>
        </node>
        <node>
           <name>MP_AM195ASC020MidBack_0_0</name>
           <model>usa\misc\AM195ASC020MidBack\AM195ASC020MidBack.model</model>
        </node>
        <node>
           <name>MP_AM062ASC020MidBack_0_0</name>
           <model>usa\misc\AM062ASC020MidBack\AM062ASC020MidBack.model</model>
        </node>
        <node>
           <name>MP_AM041_TDY1_Jammer</name>
           <model>usa\misc\AM041\AM041.model</model>
        </node>
        <node>
           <name>MP_AM080ASC020MidBack_0_0</name>
           <model>usa\misc\AM080ASC020MidBack\AM080ASC020MidBack.model</model>
        </node>
        <node>
           <name>MP_AM074ASC020MidBack_0_0</name>
           <model>usa\misc\AM074ASC020MidBack\AM074ASC020MidBack.model</model>
        </node>
        <node>
           <name>MP_CM004ASC020MidBack_0_0</name>
           <model>common\misc\CM004ASC020MidBack\CM004ASC020MidBack.model</model>
        </node>
        <node>
           <name>MP_AM044ASC020MidBack_0_0</name>
           <model>usa\misc\AM044ASC020MidBack\AM044ASC020MidBack.model</model>
        </node>
        <node>
           <name>MP_AM087ASC020MidBack_0_0</name>
           <model>usa\misc\AM087ASC020MidBack\AM087ASC020MidBack.model</model>
        </node>
        <node>
           <name>MP_AM004ASC020MidBack_0_0</name>
           <model>usa\misc\AM004ASC020MidBack\AM004ASC020MidBack.model</model>
        </node>
        <node>
           <name>MP_AM054ASC020MidBack_0_0</name>
           <model>usa\misc\AM054ASC020MidBack\AM054ASC020MidBack.model</model>
        </node>
        <node>
           <name>MP_AM177ASC020MidBack_0_0</name>
           <model>usa\misc\AM177ASC020MidBack\AM177ASC020MidBack.model</model>
        </node>
        <node>
           <name>MP_AM091ASC020MidBack_0_0</name>
           <model>usa\misc\AM091ASC020MidBack\AM091ASC020MidBack.model</model>
        </node>
        <node>
           <name>MP_AM180_Siren_2</name>
           <model>usa\misc\AM180\AM180.model</model>
        </node>
        <node>
           <name>MP_AM006ASC020MidBack_0_0</name>
           <model>usa\misc\AM006ASC020MidBack\AM006ASC020MidBack.model</model>
        </node>
        <node>
           <name>MP_AM071ASC020MidBack_0_0</name>
           <model>usa\misc\AM071ASC020MidBack\AM071ASC020MidBack.model</model>
        </node>
        <node>
           <name>MP_AM010_Speaker_1</name>
           <model>usa\misc\AM010\AM010.model</model>
        </node>
        <node>
           <name>MP_AM019ASC020MidBack_0_0</name>
           <model>usa\misc\AM019ASC020MidBack\AM019ASC020MidBack.model</model>
        </node>
        <node>
           <name>MP_AM173ASC020MidBack_0_0</name>
           <model>usa\misc\AM173ASC020MidBack\AM173ASC020MidBack.model</model>
        </node>
        <node>
           <name>MP_AM182ASC020MidBack_0_0</name>
           <model>usa\misc\AM182ASC020MidBack\AM182ASC020MidBack.model</model>
        </node>
        <node>
           <name>MP_CM012ASC020MidBack_0_0</name>
           <model>common\misc\CM012ASC020MidBack\CM012ASC020MidBack.model</model>
        </node>
        <node>
           <name>MP_AM021ASC020MidBack_0_0</name>
           <model>usa\misc\AM021ASC020MidBack\AM021ASC020MidBack.model</model>
        </node>
        <node>
           <name>MP_AM101ASC020MidBack_0_0</name>
           <model>usa\misc\AM101ASC020MidBack\AM101ASC020MidBack.model</model>
        </node>
        <node>
           <name>MP_AM030ASC020MidBack_0_0</name>
           <model>usa\misc\AM030ASC020MidBack\AM030ASC020MidBack.model</model>
        </node>
        <node>
           <name>MP_AM100ASC020MidBack_0_0</name>
           <model>usa\misc\AM100ASC020MidBack\AM100ASC020MidBack.model</model>
        </node>
        <node>
           <name>MP_AM001ASC020MidBack_0_0</name>
           <model>usa\misc\AM001ASC020MidBack\AM001ASC020MidBack.model</model>
        </node>
        <node>
           <name>MP_AM132_Flag_Box</name>
           <model>usa\misc\AM132\AM132.model</model>
        </node>
        <node>
           <name>MP_AM085_TBS_Antenna</name>
           <model>usa\misc\AM085\AM085.model</model>
        </node>
        <node>
           <name>MP_AM181_Siren_3</name>
           <model>usa\misc\AM181\AM181.model</model>
        </node>
        <node>
           <name>HP_Smoke_1</name>
           <model>UNKNOWN_ITEM</model>
        </node>
        <node>
           <name>HP_Fire_Burn_3</name>
           <model>UNKNOWN_ITEM</model>
        </node>
    </midback>
    <stern>
      <model>usa\ship\cruiser\ASC020_Des_Moines_1948\ASC020_Des_Moines_1948_Stern_ports.model</model>
        <node>
           <name>HP_AD_17</name>
           <model>usa\director\AD003_Director_Mk51\AD003_Director_Mk51.model</model>
        </node>
        <node>
           <name>HP_AD_16</name>
           <model>usa\director\AD003_Director_Mk51\AD003_Director_Mk51.model</model>
        </node>
        <node>
           <name>HP_AC_2</name>
           <model>usa\catapult\AC002_Catapult_2\AC002_Catapult_2.model</model>
        </node>
        <node>
           <name>HP_AC_1</name>
           <model>usa\catapult\AC002_Catapult_2\AC002_Catapult_2.model</model>
        </node>
        <node>
           <name>HP_AGM_3</name>
           <model>usa\gun\main\AGM025_8in55_Triple_Mk16\AGM025_8in55_Triple_Mk16.model</model>
        </node>
        <node>
           <name>HP_AGA_10</name>
           <model>usa\gun\aaircraft\AGA003_20mm_Oerlikon_MK4\AGA003_20mm_Oerlikon_MK4.model</model>
        </node>
        <node>
           <name>HP_AGA_9</name>
           <model>usa\gun\aaircraft\AGA003_20mm_Oerlikon_MK4\AGA003_20mm_Oerlikon_MK4.model</model>
        </node>
        <node>
           <name>HP_AGA_8</name>
           <model>usa\gun\aaircraft\AGA003_20mm_Oerlikon_MK4\AGA003_20mm_Oerlikon_MK4.model</model>
        </node>
        <node>
           <name>HP_AGA_7</name>
           <model>usa\gun\aaircraft\AGA003_20mm_Oerlikon_MK4\AGA003_20mm_Oerlikon_MK4.model</model>
        </node>
        <node>
           <name>HP_AGA_17</name>
           <model>usa\gun\aaircraft\AGA026_3in50_Twin_Mark_33\AGA026_3in50_Twin_Mark_33.model</model>
        </node>
        <node>
           <name>HP_AGA_16</name>
           <model>usa\gun\aaircraft\AGA026_3in50_Twin_Mark_33\AGA026_3in50_Twin_Mark_33.model</model>
        </node>
        <node>
           <name>MP_AM024ASC020Stern_0_0</name>
           <model>usa\misc\AM024ASC020Stern\AM024ASC020Stern.model</model>
        </node>
        <node>
           <name>MP_AM023ASC020Stern_0_0</name>
           <model>usa\misc\AM023ASC020Stern\AM023ASC020Stern.model</model>
        </node>
        <node>
           <name>MP_CM002_Propeller4_L</name>
           <model>common\misc\CM002\CM002.model</model>
        </node>
        <node>
           <name>MP_AM002ASC020Stern_0_0</name>
           <model>usa\misc\AM002ASC020Stern\AM002ASC020Stern.model</model>
        </node>
        <node>
           <name>MP_AM030ASC020Stern_0_0</name>
           <model>usa\misc\AM030ASC020Stern\AM030ASC020Stern.model</model>
        </node>
        <node>
           <name>MP_AM010_Speaker_1</name>
           <model>usa\misc\AM010\AM010.model</model>
        </node>
        <node>
           <name>MP_AM182ASC020Stern_0_0</name>
           <model>usa\misc\AM182ASC020Stern\AM182ASC020Stern.model</model>
        </node>
        <node>
           <name>MP_AM006ASC020Stern_0_0</name>
           <model>usa\misc\AM006ASC020Stern\AM006ASC020Stern.model</model>
        </node>
        <node>
           <name>MP_AM101ASC020Stern_0_0</name>
           <model>usa\misc\AM101ASC020Stern\AM101ASC020Stern.model</model>
        </node>
        <node>
           <name>MP_CM004_Barbette_Out</name>
           <model>common\misc\CM004\CM004.model</model>
        </node>
        <node>
           <name>MP_AM019ASC020Stern_0_0</name>
           <model>usa\misc\AM019ASC020Stern\AM019ASC020Stern.model</model>
        </node>
        <node>
           <name>MP_AM046ASC020Stern_0_0</name>
           <model>usa\misc\AM046ASC020Stern\AM046ASC020Stern.model</model>
        </node>
        <node>
           <name>MP_AM075ASC020Stern_0_0</name>
           <model>usa\misc\AM075ASC020Stern\AM075ASC020Stern.model</model>
        </node>
        <node>
           <name>MP_AM058ASC020Stern_0_0</name>
           <model>usa\misc\AM058ASC020Stern\AM058ASC020Stern.model</model>
        </node>
        <node>
           <name>MP_AM088_Capstan_1</name>
           <model>usa\misc\AM088\AM088.model</model>
        </node>
        <node>
           <name>MP_AM003ASC020Stern_0_0</name>
           <model>usa\misc\AM003ASC020Stern\AM003ASC020Stern.model</model>
        </node>
        <node>
           <name>MP_AM004ASC020Stern_0_0</name>
           <model>usa\misc\AM004ASC020Stern\AM004ASC020Stern.model</model>
        </node>
        <node>
           <name>MP_AM001ASC020Stern_0_0</name>
           <model>usa\misc\AM001ASC020Stern\AM001ASC020Stern.model</model>
        </node>
        <node>
           <name>MP_CM033_Propeller4_R</name>
           <model>common\misc\CM033\CM033.model</model>
        </node>
        <node>
           <name>MP_AM021ASC020Stern_0_0</name>
           <model>usa\misc\AM021ASC020Stern\AM021ASC020Stern.model</model>
        </node>
        <node>
           <name>MP_AM054_Boat_6</name>
           <model>usa\misc\AM054\AM054.model</model>
        </node>
        <node>
           <name>MP_AM022ASC020Stern_0_0</name>
           <model>usa\misc\AM022ASC020Stern\AM022ASC020Stern.model</model>
        </node>
        <node>
           <name>MP_CM002_Propeller4_L_INDEX_1</name>
           <model>common\misc\CM002\CM002.model</model>
        </node>
        <node>
           <name>MP_AM078_Crane_Control_Wheel</name>
           <model>usa\misc\AM078\AM078.model</model>
        </node>
        <node>
           <name>MP_CM025_Stairway_Big_R</name>
           <model>common\misc\CM025\CM025.model</model>
        </node>
        <node>
           <name>MP_AM100ASC020Stern_0_0</name>
           <model>usa\misc\AM100ASC020Stern\AM100ASC020Stern.model</model>
        </node>
        <node>
           <name>MP_AM076_Aircfaft_Crane_1</name>
           <model>usa\misc\AM076\AM076.model</model>
        </node>
        <node>
           <name>MP_AM043_Aircraft_Deck_Cradle</name>
           <model>usa\misc\AM043\AM043.model</model>
        </node>
        <node>
           <name>MP_CM033_Propeller4_R_INDEX_1</name>
           <model>common\misc\CM033\CM033.model</model>
        </node>
        <node>
           <name>MP_CM012ASC020Stern_0_0</name>
           <model>common\misc\CM012ASC020Stern\CM012ASC020Stern.model</model>
        </node>
        <node>
           <name>MP_CM024_Stairway_Big_L</name>
           <model>common\misc\CM024\CM024.model</model>
        </node>
        <node>
           <name>MP_AM044_Boat_Winch</name>
           <model>usa\misc\AM044\AM044.model</model>
        </node>
        <node>
           <name>HP_Fire_Burn_4</name>
           <model>UNKNOWN_ITEM</model>
        </node>
    </stern>
  </sections>
</ASC020_Des_Moines_1948.xml>
