<JSA009_Ryujo_1933.xml>
  <sections>
    <bow>
      <model>japan\ship\aircarrier\JSA009_Ryujo_1933\JSA009_Ryujo_1933_bow_ports.model</model>
        <node>
           <name>HP_LiftOffPoint</name>
           <model>japan\aircraft\bomber\JAB009_Nakajima_B3N\JAB009_Nakajima_B3N.model</model>
        </node>
        <node>
           <name>MP_JM033_Roller_Fairled</name>
           <model>japan\misc\JM033\JM033.model</model>
        </node>
        <node>
           <name>MP_JM064_Bollards_2</name>
           <model>japan\misc\JM064\JM064.model</model>
        </node>
        <node>
           <name>MP_JM064_Bollards_2_INDEX_1</name>
           <model>japan\misc\JM064\JM064.model</model>
        </node>
        <node>
           <name>MP_JM079_Roller_Fairled</name>
           <model>japan\misc\JM079\JM079.model</model>
        </node>
        <node>
           <name>MP_JM018_Ventilators_2</name>
           <model>japan\misc\JM018\JM018.model</model>
        </node>
        <node>
           <name>MP_JM064_Bollards_2_INDEX_2</name>
           <model>japan\misc\JM064\JM064.model</model>
        </node>
        <node>
           <name>MP_JM125_Signal_Lamp_3</name>
           <model>japan\misc\JM125\JM125.model</model>
        </node>
        <node>
           <name>MP_JM029_Leadsman_Platform</name>
           <model>japan\misc\JM029\JM029.model</model>
        </node>
        <node>
           <name>MP_JM029_Leadsman_Platform_INDEX_1</name>
           <model>japan\misc\JM029\JM029.model</model>
        </node>
        <node>
           <name>MP_CM087_Anchor_down</name>
           <model>common\misc\CM087\CM087.model</model>
        </node>
        <node>
           <name>MP_CM086_Anchor_top</name>
           <model>common\misc\CM086\CM086.model</model>
        </node>
        <node>
           <name>MP_CM087_Anchor_down_INDEX_1</name>
           <model>common\misc\CM087\CM087.model</model>
        </node>
        <node>
           <name>MP_CM086_Anchor_top_INDEX_1</name>
           <model>common\misc\CM086\CM086.model</model>
        </node>
        <node>
           <name>MP_JM310_Chrysanthemum_full</name>
           <model>japan\misc\JM310\JM310.model</model>
        </node>
        <node>
           <name>HP_Fire_Burn_1</name>
           <model>UNKNOWN_ITEM</model>
        </node>
    </bow>
    <midfront>
      <model>japan\ship\aircarrier\JSA009_Ryujo_1933\JSA009_Ryujo_1933_MidFront_ports.model</model>
        <node>
           <name>HP_JD_2</name>
           <model>japan\director\JD075_Director_Type_91\JD075_Director_Type_91.model</model>
        </node>
        <node>
           <name>HP_JD_1</name>
           <model>japan\director\JD075_Director_Type_91\JD075_Director_Type_91.model</model>
        </node>
        <node>
           <name>HP_JF_5</name>
           <model>japan\finder\JF009_Rangefinder_4_5m\JF009_Rangefinder_4_5m.model</model>
        </node>
        <node>
           <name>HP_JF_4</name>
           <model>japan\finder\JF009_Rangefinder_4_5m\JF009_Rangefinder_4_5m.model</model>
        </node>
        <node>
           <name>HP_JF_3</name>
           <model>japan\finder\JF012_Rangefinder_1_5m_Fuso\JF012_Rangefinder_1_5m_Fuso.model</model>
        </node>
        <node>
           <name>HP_JF_2</name>
           <model>japan\finder\JF012_Rangefinder_1_5m_Fuso\JF012_Rangefinder_1_5m_Fuso.model</model>
        </node>
        <node>
           <name>HP_JF_1</name>
           <model>japan\finder\JF076_Rangefinder_2_5m\JF076_Rangefinder_2_5m.model</model>
        </node>
        <node>
           <name>HP_JGA_1</name>
           <model>japan\gun\aaircraft\JGA005_13mm76_Type93\JGA005_13mm76_Type93.model</model>
        </node>
        <node>
           <name>HP_JGA_2</name>
           <model>japan\gun\aaircraft\JGA005_13mm76_Type93\JGA005_13mm76_Type93.model</model>
        </node>
        <node>
           <name>HP_JGS_2</name>
           <model>japan\gun\secondary\JGS009_127mm40_Type_89\JGS009_127mm40_Type_89.model</model>
        </node>
        <node>
           <name>HP_JGS_3</name>
           <model>japan\gun\secondary\JGS009_127mm40_Type_89\JGS009_127mm40_Type_89.model</model>
        </node>
        <node>
           <name>HP_JGS_1</name>
           <model>japan\gun\secondary\JGS009_127mm40_Type_89\JGS009_127mm40_Type_89.model</model>
        </node>
        <node>
           <name>HP_JGS_4</name>
           <model>japan\gun\secondary\JGS009_127mm40_Type_89\JGS009_127mm40_Type_89.model</model>
        </node>
        <node>
           <name>HP_JGS_5</name>
           <model>japan\gun\secondary\JGS009_127mm40_Type_89\JGS009_127mm40_Type_89.model</model>
        </node>
        <node>
           <name>HP_flag_1</name>
           <model>japan\misc\JM001\JM001.model</model>
        </node>
        <node>
           <name>HP_flag_2</name>
           <model>japan\misc\JM001\JM001.model</model>
        </node>
        <node>
           <name>HP_flag_3</name>
           <model>japan\misc\JM001\JM001.model</model>
        </node>
        <node>
           <name>HP_flag_4</name>
           <model>japan\misc\JM001\JM001.model</model>
        </node>
        <node>
           <name>HP_DeckStart</name>
           <model>japan\aircraft\bomber\JAB009_Nakajima_B3N\JAB009_Nakajima_B3N.model</model>
        </node>
        <node>
           <name>HP_Deck_11</name>
           <model>japan\aircraft\dive\JAD001_D1A2\JAD001_D1A2.model</model>
        </node>
        <node>
           <name>HP_Deck_12</name>
           <model>japan\aircraft\dive\JAD001_D1A2\JAD001_D1A2.model</model>
        </node>
        <node>
           <name>HP_Deck_13</name>
           <model>japan\aircraft\dive\JAD001_D1A2\JAD001_D1A2.model</model>
        </node>
        <node>
           <name>HP_Deck_14</name>
           <model>japan\aircraft\dive\JAD001_D1A2\JAD001_D1A2.model</model>
        </node>
        <node>
           <name>HP_Deck_15</name>
           <model>japan\aircraft\dive\JAD001_D1A2\JAD001_D1A2.model</model>
        </node>
        <node>
           <name>HP_Deck_16</name>
           <model>japan\aircraft\dive\JAD001_D1A2\JAD001_D1A2.model</model>
        </node>
        <node>
           <name>HP_Deck_17</name>
           <model>japan\aircraft\dive\JAD001_D1A2\JAD001_D1A2.model</model>
        </node>
        <node>
           <name>HP_Deck_18</name>
           <model>japan\aircraft\dive\JAD001_D1A2\JAD001_D1A2.model</model>
        </node>
        <node>
           <name>HP_Deck_19</name>
           <model>japan\aircraft\dive\JAD001_D1A2\JAD001_D1A2.model</model>
        </node>
        <node>
           <name>HP_Deck_20</name>
           <model>japan\aircraft\dive\JAD001_D1A2\JAD001_D1A2.model</model>
        </node>
        <node>
           <name>HP_Deck_21</name>
           <model>japan\aircraft\dive\JAD001_D1A2\JAD001_D1A2.model</model>
        </node>
        <node>
           <name>HP_Deck_22</name>
           <model>japan\aircraft\dive\JAD001_D1A2\JAD001_D1A2.model</model>
        </node>
        <node>
           <name>HP_flag_nation</name>
           <model>japan\misc\JM001\JM001.model</model>
        </node>
        <node>
           <name>MP_JM195_Winch_Elevating_Mast</name>
           <model>japan\misc\JM195\JM195.model</model>
        </node>
        <node>
           <name>MP_JM195_Winch_Elevating_Mast_INDEX_1</name>
           <model>japan\misc\JM195\JM195.model</model>
        </node>
        <node>
           <name>MP_JM092_Running_Lights_R</name>
           <model>japan\misc\JM092\JM092.model</model>
        </node>
        <node>
           <name>MP_JM093_Running_Lights_L</name>
           <model>japan\misc\JM093\JM093.model</model>
        </node>
        <node>
           <name>MP_JM141_Break_Handwheel_1</name>
           <model>japan\misc\JM141\JM141.model</model>
        </node>
        <node>
           <name>MP_JM141_Break_Handwheel_1_INDEX_1</name>
           <model>japan\misc\JM141\JM141.model</model>
        </node>
        <node>
           <name>MP_JM035_Dinghy_6m</name>
           <model>japan\misc\JM035\JM035.model</model>
        </node>
        <node>
           <name>MP_JM037_Cutter_9m</name>
           <model>japan\misc\JM037\JM037.model</model>
        </node>
        <node>
           <name>MP_JM037_Cutter_9m_INDEX_1</name>
           <model>japan\misc\JM037\JM037.model</model>
        </node>
        <node>
           <name>MP_JM107_Binocular_2</name>
           <model>japan\misc\JM107\JM107.model</model>
        </node>
        <node>
           <name>MP_JM107_Binocular_2_INDEX_1</name>
           <model>japan\misc\JM107\JM107.model</model>
        </node>
        <node>
           <name>MP_JM189_Compass_Binnacle</name>
           <model>japan\misc\JM189\JM189.model</model>
        </node>
        <node>
           <name>MP_JM106_Ventilators_10</name>
           <model>japan\misc\JM106\JM106.model</model>
        </node>
        <node>
           <name>MP_JM106_Ventilators_10_INDEX_1</name>
           <model>japan\misc\JM106\JM106.model</model>
        </node>
        <node>
           <name>MP_JM109_Deck_Hatch_11</name>
           <model>japan\misc\JM109\JM109.model</model>
        </node>
        <node>
           <name>MP_CM009_Life_Buoy_2</name>
           <model>common\misc\CM009\CM009.model</model>
        </node>
        <node>
           <name>MP_CM009_Life_Buoy_2_INDEX_1</name>
           <model>common\misc\CM009\CM009.model</model>
        </node>
        <node>
           <name>MP_CM009_Life_Buoy_2_INDEX_2</name>
           <model>common\misc\CM009\CM009.model</model>
        </node>
        <node>
           <name>MP_CM009_Life_Buoy_2_INDEX_3</name>
           <model>common\misc\CM009\CM009.model</model>
        </node>
        <node>
           <name>MP_CM009_Life_Buoy_2_INDEX_4</name>
           <model>common\misc\CM009\CM009.model</model>
        </node>
        <node>
           <name>MP_CM009_Life_Buoy_2_INDEX_5</name>
           <model>common\misc\CM009\CM009.model</model>
        </node>
        <node>
           <name>MP_CM009_Life_Buoy_2_INDEX_6</name>
           <model>common\misc\CM009\CM009.model</model>
        </node>
        <node>
           <name>MP_CM009_Life_Buoy_2_INDEX_7</name>
           <model>common\misc\CM009\CM009.model</model>
        </node>
        <node>
           <name>MP_JM113_Flag_Box</name>
           <model>japan\misc\JM113\JM113.model</model>
        </node>
        <node>
           <name>MP_JM113_Flag_Box_INDEX_1</name>
           <model>japan\misc\JM113\JM113.model</model>
        </node>
        <node>
           <name>MP_JM100_Bench</name>
           <model>japan\misc\JM100\JM100.model</model>
        </node>
        <node>
           <name>MP_JM099_Signal_Lamp_1</name>
           <model>japan\misc\JM099\JM099.model</model>
        </node>
        <node>
           <name>MP_JM099_Signal_Lamp_1_INDEX_1</name>
           <model>japan\misc\JM099\JM099.model</model>
        </node>
        <node>
           <name>MP_JM099_Signal_Lamp_1_INDEX_2</name>
           <model>japan\misc\JM099\JM099.model</model>
        </node>
        <node>
           <name>MP_JM099_Signal_Lamp_1_INDEX_3</name>
           <model>japan\misc\JM099\JM099.model</model>
        </node>
        <node>
           <name>MP_JM099_Signal_Lamp_1_INDEX_4</name>
           <model>japan\misc\JM099\JM099.model</model>
        </node>
        <node>
           <name>MP_JM099_Signal_Lamp_1_INDEX_5</name>
           <model>japan\misc\JM099\JM099.model</model>
        </node>
        <node>
           <name>MP_JM099_Signal_Lamp_1_INDEX_6</name>
           <model>japan\misc\JM099\JM099.model</model>
        </node>
        <node>
           <name>MP_JM099_Signal_Lamp_1_INDEX_7</name>
           <model>japan\misc\JM099\JM099.model</model>
        </node>
        <node>
           <name>MP_JM099_Signal_Lamp_1_INDEX_8</name>
           <model>japan\misc\JM099\JM099.model</model>
        </node>
        <node>
           <name>MP_JM099_Signal_Lamp_1_INDEX_9</name>
           <model>japan\misc\JM099\JM099.model</model>
        </node>
        <node>
           <name>MP_JM099_Signal_Lamp_1_INDEX_10</name>
           <model>japan\misc\JM099\JM099.model</model>
        </node>
        <node>
           <name>MP_JM099_Signal_Lamp_1_INDEX_11</name>
           <model>japan\misc\JM099\JM099.model</model>
        </node>
        <node>
           <name>MP_JM099_Signal_Lamp_1_INDEX_12</name>
           <model>japan\misc\JM099\JM099.model</model>
        </node>
        <node>
           <name>MP_JM099_Signal_Lamp_1_INDEX_13</name>
           <model>japan\misc\JM099\JM099.model</model>
        </node>
        <node>
           <name>MP_CM029_Emergency_Box</name>
           <model>common\misc\CM029\CM029.model</model>
        </node>
        <node>
           <name>MP_CM029_Emergency_Box_INDEX_1</name>
           <model>common\misc\CM029\CM029.model</model>
        </node>
        <node>
           <name>MP_CM029_Emergency_Box_INDEX_2</name>
           <model>common\misc\CM029\CM029.model</model>
        </node>
        <node>
           <name>MP_CM029_Emergency_Box_INDEX_3</name>
           <model>common\misc\CM029\CM029.model</model>
        </node>
        <node>
           <name>MP_CM029_Emergency_Box_INDEX_4</name>
           <model>common\misc\CM029\CM029.model</model>
        </node>
        <node>
           <name>MP_CM029_Emergency_Box_INDEX_5</name>
           <model>common\misc\CM029\CM029.model</model>
        </node>
        <node>
           <name>MP_CM029_Emergency_Box_INDEX_6</name>
           <model>common\misc\CM029\CM029.model</model>
        </node>
        <node>
           <name>MP_CM029_Emergency_Box_INDEX_7</name>
           <model>common\misc\CM029\CM029.model</model>
        </node>
        <node>
           <name>MP_CM029_Emergency_Box_INDEX_8</name>
           <model>common\misc\CM029\CM029.model</model>
        </node>
        <node>
           <name>MP_JM028_Deck_Winch_1</name>
           <model>japan\misc\JM028\JM028.model</model>
        </node>
        <node>
           <name>MP_CM012_Fire_Hose_Rack_1</name>
           <model>common\misc\CM012\CM012.model</model>
        </node>
        <node>
           <name>MP_CM012_Fire_Hose_Rack_1_INDEX_1</name>
           <model>common\misc\CM012\CM012.model</model>
        </node>
        <node>
           <name>MP_CM012_Fire_Hose_Rack_1_INDEX_2</name>
           <model>common\misc\CM012\CM012.model</model>
        </node>
        <node>
           <name>MP_CM013_Fire_Hose_Rack_2</name>
           <model>common\misc\CM013\CM013.model</model>
        </node>
        <node>
           <name>MP_CM013_Fire_Hose_Rack_2_INDEX_1</name>
           <model>common\misc\CM013\CM013.model</model>
        </node>
        <node>
           <name>MP_CM013_Fire_Hose_Rack_2_INDEX_2</name>
           <model>common\misc\CM013\CM013.model</model>
        </node>
        <node>
           <name>MP_CM013_Fire_Hose_Rack_2_INDEX_3</name>
           <model>common\misc\CM013\CM013.model</model>
        </node>
        <node>
           <name>MP_CM011_Fire_Fighting_Gear</name>
           <model>common\misc\CM011\CM011.model</model>
        </node>
        <node>
           <name>MP_CM011_Fire_Fighting_Gear_INDEX_1</name>
           <model>common\misc\CM011\CM011.model</model>
        </node>
        <node>
           <name>MP_CM011_Fire_Fighting_Gear_INDEX_2</name>
           <model>common\misc\CM011\CM011.model</model>
        </node>
        <node>
           <name>MP_CM011_Fire_Fighting_Gear_INDEX_3</name>
           <model>common\misc\CM011\CM011.model</model>
        </node>
        <node>
           <name>MP_JM158_Main_Wheel</name>
           <model>japan\misc\JM158\JM158.model</model>
        </node>
        <node>
           <name>MP_JM164_Turning_Indicator</name>
           <model>japan\misc\JM164\JM164.model</model>
        </node>
        <node>
           <name>MP_JM165_Telegraph_Engine</name>
           <model>japan\misc\JM165\JM165.model</model>
        </node>
        <node>
           <name>MP_JM166_Voice_Tube</name>
           <model>japan\misc\JM166\JM166.model</model>
        </node>
        <node>
           <name>MP_JM149_Ammunition_Box</name>
           <model>japan\misc\JM149\JM149.model</model>
        </node>
        <node>
           <name>MP_JM149_Ammunition_Box_INDEX_1</name>
           <model>japan\misc\JM149\JM149.model</model>
        </node>
        <node>
           <name>MP_JM149_Ammunition_Box_INDEX_2</name>
           <model>japan\misc\JM149\JM149.model</model>
        </node>
        <node>
           <name>MP_JM149_Ammunition_Box_INDEX_3</name>
           <model>japan\misc\JM149\JM149.model</model>
        </node>
        <node>
           <name>MP_JM149_Ammunition_Box_INDEX_4</name>
           <model>japan\misc\JM149\JM149.model</model>
        </node>
        <node>
           <name>MP_JM149_Ammunition_Box_INDEX_5</name>
           <model>japan\misc\JM149\JM149.model</model>
        </node>
        <node>
           <name>MP_JM149_Ammunition_Box_INDEX_6</name>
           <model>japan\misc\JM149\JM149.model</model>
        </node>
        <node>
           <name>MP_JM149_Ammunition_Box_INDEX_7</name>
           <model>japan\misc\JM149\JM149.model</model>
        </node>
        <node>
           <name>MP_JM149_Ammunition_Box_INDEX_8</name>
           <model>japan\misc\JM149\JM149.model</model>
        </node>
        <node>
           <name>MP_JM149_Ammunition_Box_INDEX_9</name>
           <model>japan\misc\JM149\JM149.model</model>
        </node>
        <node>
           <name>MP_JM149_Ammunition_Box_INDEX_10</name>
           <model>japan\misc\JM149\JM149.model</model>
        </node>
        <node>
           <name>MP_JM149_Ammunition_Box_INDEX_11</name>
           <model>japan\misc\JM149\JM149.model</model>
        </node>
        <node>
           <name>MP_JM149_Ammunition_Box_INDEX_12</name>
           <model>japan\misc\JM149\JM149.model</model>
        </node>
        <node>
           <name>MP_JM149_Ammunition_Box_INDEX_13</name>
           <model>japan\misc\JM149\JM149.model</model>
        </node>
        <node>
           <name>MP_JM149_Ammunition_Box_INDEX_14</name>
           <model>japan\misc\JM149\JM149.model</model>
        </node>
        <node>
           <name>MP_JM149_Ammunition_Box_INDEX_15</name>
           <model>japan\misc\JM149\JM149.model</model>
        </node>
        <node>
           <name>MP_JM166_Voice_Tube_INDEX_1</name>
           <model>japan\misc\JM166\JM166.model</model>
        </node>
        <node>
           <name>MP_JM166_Voice_Tube_INDEX_2</name>
           <model>japan\misc\JM166\JM166.model</model>
        </node>
        <node>
           <name>MP_JM180_Deck_Light</name>
           <model>japan\misc\JM180\JM180.model</model>
        </node>
        <node>
           <name>MP_CM014_Fuel_Oil_Hose</name>
           <model>common\misc\CM014\CM014.model</model>
        </node>
        <node>
           <name>MP_JM224_Searchlight_Control</name>
           <model>japan\misc\JM224\JM224.model</model>
        </node>
        <node>
           <name>MP_JM224_Searchlight_Control_INDEX_1</name>
           <model>japan\misc\JM224\JM224.model</model>
        </node>
        <node>
           <name>MP_JM216_Board_Crane</name>
           <model>japan\misc\JM216\JM216.model</model>
        </node>
        <node>
           <name>MP_JM216_Board_Crane_INDEX_1</name>
           <model>japan\misc\JM216\JM216.model</model>
        </node>
        <node>
           <name>MP_JM180_Deck_Light_INDEX_1</name>
           <model>japan\misc\JM180\JM180.model</model>
        </node>
        <node>
           <name>MP_JM180_Deck_Light_INDEX_2</name>
           <model>japan\misc\JM180\JM180.model</model>
        </node>
        <node>
           <name>MP_JM180_Deck_Light_INDEX_3</name>
           <model>japan\misc\JM180\JM180.model</model>
        </node>
        <node>
           <name>MP_JM002_Paravane</name>
           <model>japan\misc\JM002\JM002.model</model>
        </node>
        <node>
           <name>MP_JM002_Paravane_INDEX_1</name>
           <model>japan\misc\JM002\JM002.model</model>
        </node>
        <node>
           <name>MP_JM030_Wind_Direction</name>
           <model>japan\misc\JM030\JM030.model</model>
        </node>
        <node>
           <name>MP_JM031_Wind_Intensity</name>
           <model>japan\misc\JM031\JM031.model</model>
        </node>
        <node>
           <name>MP_JM190_Gyro_Repeater</name>
           <model>japan\misc\JM190\JM190.model</model>
        </node>
        <node>
           <name>MP_JM190_Gyro_Repeater_INDEX_1</name>
           <model>japan\misc\JM190\JM190.model</model>
        </node>
        <node>
           <name>MP_JM107_Binocular_2_INDEX_2</name>
           <model>japan\misc\JM107\JM107.model</model>
        </node>
        <node>
           <name>MP_JM107_Binocular_2_INDEX_3</name>
           <model>japan\misc\JM107\JM107.model</model>
        </node>
        <node>
           <name>MP_JM166_Voice_Tube_INDEX_3</name>
           <model>japan\misc\JM166\JM166.model</model>
        </node>
        <node>
           <name>MP_JM166_Voice_Tube_INDEX_4</name>
           <model>japan\misc\JM166\JM166.model</model>
        </node>
        <node>
           <name>MP_JM166_Voice_Tube_INDEX_5</name>
           <model>japan\misc\JM166\JM166.model</model>
        </node>
        <node>
           <name>MP_JM166_Voice_Tube_INDEX_6</name>
           <model>japan\misc\JM166\JM166.model</model>
        </node>
        <node>
           <name>MP_JM166_Voice_Tube_INDEX_7</name>
           <model>japan\misc\JM166\JM166.model</model>
        </node>
        <node>
           <name>MP_JM166_Voice_Tube_INDEX_8</name>
           <model>japan\misc\JM166\JM166.model</model>
        </node>
        <node>
           <name>MP_JM178_Winch</name>
           <model>japan\misc\JM178\JM178.model</model>
        </node>
        <node>
           <name>MP_JM178_Winch_INDEX_1</name>
           <model>japan\misc\JM178\JM178.model</model>
        </node>
        <node>
           <name>MP_JM178_Winch_INDEX_2</name>
           <model>japan\misc\JM178\JM178.model</model>
        </node>
        <node>
           <name>MP_CM014_Fuel_Oil_Hose_INDEX_1</name>
           <model>common\misc\CM014\CM014.model</model>
        </node>
        <node>
           <name>MP_CM014_Fuel_Oil_Hose_INDEX_2</name>
           <model>common\misc\CM014\CM014.model</model>
        </node>
        <node>
           <name>MP_CM014_Fuel_Oil_Hose_INDEX_3</name>
           <model>common\misc\CM014\CM014.model</model>
        </node>
        <node>
           <name>MP_CM014_Fuel_Oil_Hose_INDEX_4</name>
           <model>common\misc\CM014\CM014.model</model>
        </node>
        <node>
           <name>MP_CM014_Fuel_Oil_Hose_INDEX_5</name>
           <model>common\misc\CM014\CM014.model</model>
        </node>
        <node>
           <name>MP_JM009_Signal_Lamp</name>
           <model>japan\misc\JM009\JM009.model</model>
        </node>
        <node>
           <name>MP_JM009_Signal_Lamp_INDEX_1</name>
           <model>japan\misc\JM009\JM009.model</model>
        </node>
        <node>
           <name>MP_JM231_Dinghy_9m</name>
           <model>japan\misc\JM231\JM231.model</model>
        </node>
        <node>
           <name>MP_CM010_Fire_Hose_Reel</name>
           <model>common\misc\CM010\CM010.model</model>
        </node>
        <node>
           <name>MP_JM183_Table</name>
           <model>japan\misc\JM183\JM183.model</model>
        </node>
        <node>
           <name>MP_JM010_Deck_Lamp</name>
           <model>japan\misc\JM010\JM010.model</model>
        </node>
        <node>
           <name>MP_JM010_Deck_Lamp_INDEX_1</name>
           <model>japan\misc\JM010\JM010.model</model>
        </node>
        <node>
           <name>MP_JM058_Deck_Hatch_7</name>
           <model>japan\misc\JM058\JM058.model</model>
        </node>
        <node>
           <name>MP_JM058_Deck_Hatch_7_INDEX_1</name>
           <model>japan\misc\JM058\JM058.model</model>
        </node>
        <node>
           <name>MP_JM058_Deck_Hatch_7_INDEX_2</name>
           <model>japan\misc\JM058\JM058.model</model>
        </node>
        <node>
           <name>MP_JM058_Deck_Hatch_7_INDEX_3</name>
           <model>japan\misc\JM058\JM058.model</model>
        </node>
        <node>
           <name>MP_CM010_Fire_Hose_Reel_INDEX_1</name>
           <model>common\misc\CM010\CM010.model</model>
        </node>
        <node>
           <name>MP_JM028_Deck_Winch_1_INDEX_1</name>
           <model>japan\misc\JM028\JM028.model</model>
        </node>
        <node>
           <name>MP_JM202_Fender</name>
           <model>japan\misc\JM202\JM202.model</model>
        </node>
        <node>
           <name>MP_JM202_Fender_INDEX_1</name>
           <model>japan\misc\JM202\JM202.model</model>
        </node>
        <node>
           <name>MP_JM202_Fender_INDEX_2</name>
           <model>japan\misc\JM202\JM202.model</model>
        </node>
        <node>
           <name>MP_JM202_Fender_INDEX_3</name>
           <model>japan\misc\JM202\JM202.model</model>
        </node>
        <node>
           <name>MP_JM202_Fender_INDEX_4</name>
           <model>japan\misc\JM202\JM202.model</model>
        </node>
        <node>
           <name>MP_JM202_Fender_INDEX_5</name>
           <model>japan\misc\JM202\JM202.model</model>
        </node>
        <node>
           <name>MP_JM252_Gauge_4</name>
           <model>japan\misc\JM252\JM252.model</model>
        </node>
        <node>
           <name>MP_JM256_Gauge_7</name>
           <model>japan\misc\JM256\JM256.model</model>
        </node>
        <node>
           <name>MP_JM241_Speaker_tube_group_L</name>
           <model>japan\misc\JM241\JM241.model</model>
        </node>
        <node>
           <name>MP_JM253_Gauge_5</name>
           <model>japan\misc\JM253\JM253.model</model>
        </node>
        <node>
           <name>MP_JM252_Gauge_4_INDEX_1</name>
           <model>japan\misc\JM252\JM252.model</model>
        </node>
        <node>
           <name>MP_CM059_Ladder_Cruiser</name>
           <model>common\misc\CM059\CM059.model</model>
        </node>
        <node>
           <name>MP_JM237_Speaker_tube_1</name>
           <model>japan\misc\JM237\JM237.model</model>
        </node>
        <node>
           <name>MP_JM238_Speaker_tube_2</name>
           <model>japan\misc\JM238\JM238.model</model>
        </node>
        <node>
           <name>MP_JM239_Speaker_tube_3</name>
           <model>japan\misc\JM239\JM239.model</model>
        </node>
        <node>
           <name>MP_JM240_Speaker_tube_4</name>
           <model>japan\misc\JM240\JM240.model</model>
        </node>
        <node>
           <name>MP_JM241_Speaker_tube_group_L_INDEX_1</name>
           <model>japan\misc\JM241\JM241.model</model>
        </node>
        <node>
           <name>MP_JM242_Speaker_tube_group_R</name>
           <model>japan\misc\JM242\JM242.model</model>
        </node>
        <node>
           <name>MP_JM245_Roof_speaker_tube</name>
           <model>japan\misc\JM245\JM245.model</model>
        </node>
        <node>
           <name>MP_JM244_Gyro_2</name>
           <model>japan\misc\JM244\JM244.model</model>
        </node>
        <node>
           <name>MP_JM141_Break_Handwheel_1_INDEX_2</name>
           <model>japan\misc\JM141\JM141.model</model>
        </node>
        <node>
           <name>MP_JM251_Gauge_3</name>
           <model>japan\misc\JM251\JM251.model</model>
        </node>
        <node>
           <name>MP_JM252_Gauge_4_INDEX_2</name>
           <model>japan\misc\JM252\JM252.model</model>
        </node>
        <node>
           <name>MP_JM251_Gauge_3_INDEX_1</name>
           <model>japan\misc\JM251\JM251.model</model>
        </node>
        <node>
           <name>MP_CM051_Fire_Fighting_Gear</name>
           <model>common\misc\CM051\CM051.model</model>
        </node>
        <node>
           <name>MP_CM051_Fire_Fighting_Gear_INDEX_1</name>
           <model>common\misc\CM051\CM051.model</model>
        </node>
        <node>
           <name>MP_CM051_Fire_Fighting_Gear_INDEX_2</name>
           <model>common\misc\CM051\CM051.model</model>
        </node>
        <node>
           <name>MP_JM141_Break_Handwheel_1_INDEX_3</name>
           <model>japan\misc\JM141\JM141.model</model>
        </node>
        <node>
           <name>MP_JM141_Break_Handwheel_1_INDEX_4</name>
           <model>japan\misc\JM141\JM141.model</model>
        </node>
        <node>
           <name>MP_JM141_Break_Handwheel_1_INDEX_5</name>
           <model>japan\misc\JM141\JM141.model</model>
        </node>
        <node>
           <name>MP_JM141_Break_Handwheel_1_INDEX_6</name>
           <model>japan\misc\JM141\JM141.model</model>
        </node>
        <node>
           <name>MP_JM141_Break_Handwheel_1_INDEX_7</name>
           <model>japan\misc\JM141\JM141.model</model>
        </node>
        <node>
           <name>MP_JM141_Break_Handwheel_1_INDEX_8</name>
           <model>japan\misc\JM141\JM141.model</model>
        </node>
        <node>
           <name>MP_JM141_Break_Handwheel_1_INDEX_9</name>
           <model>japan\misc\JM141\JM141.model</model>
        </node>
        <node>
           <name>MP_JM141_Break_Handwheel_1_INDEX_10</name>
           <model>japan\misc\JM141\JM141.model</model>
        </node>
        <node>
           <name>MP_JM100_Bench_INDEX_1</name>
           <model>japan\misc\JM100\JM100.model</model>
        </node>
        <node>
           <name>MP_JM100_Bench_INDEX_2</name>
           <model>japan\misc\JM100\JM100.model</model>
        </node>
        <node>
           <name>MP_JM100_Bench_INDEX_3</name>
           <model>japan\misc\JM100\JM100.model</model>
        </node>
        <node>
           <name>MP_JM100_Bench_INDEX_4</name>
           <model>japan\misc\JM100\JM100.model</model>
        </node>
        <node>
           <name>MP_JM005_Freon_Cylinder_acetylene</name>
           <model>japan\misc\JM005\JM005.model</model>
        </node>
        <node>
           <name>MP_JM005_Freon_Cylinder_acetylene_INDEX_1</name>
           <model>japan\misc\JM005\JM005.model</model>
        </node>
        <node>
           <name>MP_JM005_Freon_Cylinder_acetylene_INDEX_2</name>
           <model>japan\misc\JM005\JM005.model</model>
        </node>
        <node>
           <name>MP_JM005_Freon_Cylinder_acetylene_INDEX_3</name>
           <model>japan\misc\JM005\JM005.model</model>
        </node>
        <node>
           <name>MP_CM059_Ladder_Cruiser_INDEX_1</name>
           <model>common\misc\CM059\CM059.model</model>
        </node>
        <node>
           <name>MP_JM029_Leadsman_Platform</name>
           <model>japan\misc\JM029\JM029.model</model>
        </node>
        <node>
           <name>MP_JM029_Leadsman_Platform_INDEX_1</name>
           <model>japan\misc\JM029\JM029.model</model>
        </node>
        <node>
           <name>MP_JM078_Deck_Winch_2</name>
           <model>japan\misc\JM078\JM078.model</model>
        </node>
        <node>
           <name>MP_JM027_Fairlead_2</name>
           <model>japan\misc\JM027\JM027.model</model>
        </node>
        <node>
           <name>MP_JM027_Fairlead_2_INDEX_1</name>
           <model>japan\misc\JM027\JM027.model</model>
        </node>
        <node>
           <name>MP_JM078_Deck_Winch_2_INDEX_1</name>
           <model>japan\misc\JM078\JM078.model</model>
        </node>
        <node>
           <name>MP_CM028_Swab_Rack</name>
           <model>common\misc\CM028\CM028.model</model>
        </node>
        <node>
           <name>MP_JM014_Reels_2</name>
           <model>japan\misc\JM014\JM014.model</model>
        </node>
        <node>
           <name>MP_JM014_Reels_2_INDEX_1</name>
           <model>japan\misc\JM014\JM014.model</model>
        </node>
        <node>
           <name>MP_CM028_Swab_Rack_INDEX_1</name>
           <model>common\misc\CM028\CM028.model</model>
        </node>
        <node>
           <name>MP_JM016_Binocular_3</name>
           <model>japan\misc\JM016\JM016.model</model>
        </node>
        <node>
           <name>HP_Fire_Burn_2</name>
           <model>UNKNOWN_ITEM</model>
        </node>
        <node>
           <name>HP_NoseWave_Speed</name>
           <model>UNKNOWN_ITEM</model>
        </node>
    </midfront>
    <midback>
      <model>japan\ship\aircarrier\JSA009_Ryujo_1933\JSA009_Ryujo_1933_MidBack_ports.model</model>
        <node>
           <name>HP_JGA_4</name>
           <model>japan\gun\aaircraft\JGA005_13mm76_Type93\JGA005_13mm76_Type93.model</model>
        </node>
        <node>
           <name>HP_JGA_3</name>
           <model>japan\gun\aaircraft\JGA005_13mm76_Type93\JGA005_13mm76_Type93.model</model>
        </node>
        <node>
           <name>HP_JGS_6</name>
           <model>japan\gun\secondary\JGS009_127mm40_Type_89\JGS009_127mm40_Type_89.model</model>
        </node>
        <node>
           <name>HP_Deck_04</name>
           <model>japan\aircraft\bomber\JAB009_Nakajima_B3N\JAB009_Nakajima_B3N.model</model>
        </node>
        <node>
           <name>HP_Deck_05</name>
           <model>japan\aircraft\bomber\JAB009_Nakajima_B3N\JAB009_Nakajima_B3N.model</model>
        </node>
        <node>
           <name>HP_Deck_06</name>
           <model>japan\aircraft\bomber\JAB009_Nakajima_B3N\JAB009_Nakajima_B3N.model</model>
        </node>
        <node>
           <name>HP_Deck_07</name>
           <model>japan\aircraft\bomber\JAB009_Nakajima_B3N\JAB009_Nakajima_B3N.model</model>
        </node>
        <node>
           <name>HP_Deck_08</name>
           <model>japan\aircraft\dive\JAD001_D1A2\JAD001_D1A2.model</model>
        </node>
        <node>
           <name>HP_Deck_09</name>
           <model>japan\aircraft\dive\JAD001_D1A2\JAD001_D1A2.model</model>
        </node>
        <node>
           <name>HP_Deck_10</name>
           <model>japan\aircraft\dive\JAD001_D1A2\JAD001_D1A2.model</model>
        </node>
        <node>
           <name>MP_JM195_Winch_Elevating_Mast</name>
           <model>japan\misc\JM195\JM195.model</model>
        </node>
        <node>
           <name>MP_JM195_Winch_Elevating_Mast_INDEX_1</name>
           <model>japan\misc\JM195\JM195.model</model>
        </node>
        <node>
           <name>MP_JM133_Runway_Light_G</name>
           <model>japan\misc\JM133\JM133.model</model>
        </node>
        <node>
           <name>MP_JM133_Runway_Light_G_INDEX_1</name>
           <model>japan\misc\JM133\JM133.model</model>
        </node>
        <node>
           <name>MP_JM133_Runway_Light_G_INDEX_2</name>
           <model>japan\misc\JM133\JM133.model</model>
        </node>
        <node>
           <name>MP_JM133_Runway_Light_G_INDEX_3</name>
           <model>japan\misc\JM133\JM133.model</model>
        </node>
        <node>
           <name>MP_JM132_Runway_Light_R</name>
           <model>japan\misc\JM132\JM132.model</model>
        </node>
        <node>
           <name>MP_JM132_Runway_Light_R_INDEX_1</name>
           <model>japan\misc\JM132\JM132.model</model>
        </node>
        <node>
           <name>MP_JM153_Boat</name>
           <model>japan\misc\JM153\JM153.model</model>
        </node>
        <node>
           <name>MP_JM133_Runway_Light_G_INDEX_4</name>
           <model>japan\misc\JM133\JM133.model</model>
        </node>
        <node>
           <name>MP_JM133_Runway_Light_G_INDEX_5</name>
           <model>japan\misc\JM133\JM133.model</model>
        </node>
        <node>
           <name>MP_JM133_Runway_Light_G_INDEX_6</name>
           <model>japan\misc\JM133\JM133.model</model>
        </node>
        <node>
           <name>MP_JM133_Runway_Light_G_INDEX_7</name>
           <model>japan\misc\JM133\JM133.model</model>
        </node>
        <node>
           <name>MP_JM132_Runway_Light_R_INDEX_2</name>
           <model>japan\misc\JM132\JM132.model</model>
        </node>
        <node>
           <name>MP_JM132_Runway_Light_R_INDEX_3</name>
           <model>japan\misc\JM132\JM132.model</model>
        </node>
        <node>
           <name>MP_CM009_Life_Buoy_2</name>
           <model>common\misc\CM009\CM009.model</model>
        </node>
        <node>
           <name>MP_CM009_Life_Buoy_2_INDEX_1</name>
           <model>common\misc\CM009\CM009.model</model>
        </node>
        <node>
           <name>MP_CM009_Life_Buoy_2_INDEX_2</name>
           <model>common\misc\CM009\CM009.model</model>
        </node>
        <node>
           <name>MP_JM099_Signal_Lamp_1</name>
           <model>japan\misc\JM099\JM099.model</model>
        </node>
        <node>
           <name>MP_JM099_Signal_Lamp_1_INDEX_1</name>
           <model>japan\misc\JM099\JM099.model</model>
        </node>
        <node>
           <name>MP_JM099_Signal_Lamp_1_INDEX_2</name>
           <model>japan\misc\JM099\JM099.model</model>
        </node>
        <node>
           <name>MP_JM099_Signal_Lamp_1_INDEX_3</name>
           <model>japan\misc\JM099\JM099.model</model>
        </node>
        <node>
           <name>MP_JM099_Signal_Lamp_1_INDEX_4</name>
           <model>japan\misc\JM099\JM099.model</model>
        </node>
        <node>
           <name>MP_JM099_Signal_Lamp_1_INDEX_5</name>
           <model>japan\misc\JM099\JM099.model</model>
        </node>
        <node>
           <name>MP_JM099_Signal_Lamp_1_INDEX_6</name>
           <model>japan\misc\JM099\JM099.model</model>
        </node>
        <node>
           <name>MP_JM099_Signal_Lamp_1_INDEX_7</name>
           <model>japan\misc\JM099\JM099.model</model>
        </node>
        <node>
           <name>MP_CM029_Emergency_Box</name>
           <model>common\misc\CM029\CM029.model</model>
        </node>
        <node>
           <name>MP_CM029_Emergency_Box_INDEX_1</name>
           <model>common\misc\CM029\CM029.model</model>
        </node>
        <node>
           <name>MP_CM029_Emergency_Box_INDEX_2</name>
           <model>common\misc\CM029\CM029.model</model>
        </node>
        <node>
           <name>MP_CM029_Emergency_Box_INDEX_3</name>
           <model>common\misc\CM029\CM029.model</model>
        </node>
        <node>
           <name>MP_CM013_Fire_Hose_Rack_2</name>
           <model>common\misc\CM013\CM013.model</model>
        </node>
        <node>
           <name>MP_CM012_Fire_Hose_Rack_1</name>
           <model>common\misc\CM012\CM012.model</model>
        </node>
        <node>
           <name>MP_CM012_Fire_Hose_Rack_1_INDEX_1</name>
           <model>common\misc\CM012\CM012.model</model>
        </node>
        <node>
           <name>MP_CM011_Fire_Fighting_Gear</name>
           <model>common\misc\CM011\CM011.model</model>
        </node>
        <node>
           <name>MP_CM011_Fire_Fighting_Gear_INDEX_1</name>
           <model>common\misc\CM011\CM011.model</model>
        </node>
        <node>
           <name>MP_JM149_Ammunition_Box</name>
           <model>japan\misc\JM149\JM149.model</model>
        </node>
        <node>
           <name>MP_JM149_Ammunition_Box_INDEX_1</name>
           <model>japan\misc\JM149\JM149.model</model>
        </node>
        <node>
           <name>MP_JM170_CraneL</name>
           <model>japan\misc\JM170\JM170.model</model>
        </node>
        <node>
           <name>MP_JM180_Deck_Light</name>
           <model>japan\misc\JM180\JM180.model</model>
        </node>
        <node>
           <name>MP_JM178_Winch</name>
           <model>japan\misc\JM178\JM178.model</model>
        </node>
        <node>
           <name>MP_JM178_Winch_INDEX_1</name>
           <model>japan\misc\JM178\JM178.model</model>
        </node>
        <node>
           <name>MP_JM178_Winch_INDEX_2</name>
           <model>japan\misc\JM178\JM178.model</model>
        </node>
        <node>
           <name>MP_CM014_Fuel_Oil_Hose</name>
           <model>common\misc\CM014\CM014.model</model>
        </node>
        <node>
           <name>MP_CM014_Fuel_Oil_Hose_INDEX_1</name>
           <model>common\misc\CM014\CM014.model</model>
        </node>
        <node>
           <name>MP_CM014_Fuel_Oil_Hose_INDEX_2</name>
           <model>common\misc\CM014\CM014.model</model>
        </node>
        <node>
           <name>MP_JM230_Motor_Boats_11m</name>
           <model>japan\misc\JM230\JM230.model</model>
        </node>
        <node>
           <name>MP_JM230_Motor_Boats_11m_INDEX_1</name>
           <model>japan\misc\JM230\JM230.model</model>
        </node>
        <node>
           <name>MP_JM230_Motor_Boats_11m_INDEX_2</name>
           <model>japan\misc\JM230\JM230.model</model>
        </node>
        <node>
           <name>MP_JM178_Winch_INDEX_3</name>
           <model>japan\misc\JM178\JM178.model</model>
        </node>
        <node>
           <name>MP_JM028_Deck_Winch_1</name>
           <model>japan\misc\JM028\JM028.model</model>
        </node>
        <node>
           <name>MP_JM058_Deck_Hatch_7</name>
           <model>japan\misc\JM058\JM058.model</model>
        </node>
        <node>
           <name>MP_JM058_Deck_Hatch_7_INDEX_1</name>
           <model>japan\misc\JM058\JM058.model</model>
        </node>
        <node>
           <name>MP_JM058_Deck_Hatch_7_INDEX_2</name>
           <model>japan\misc\JM058\JM058.model</model>
        </node>
        <node>
           <name>MP_JM058_Deck_Hatch_7_INDEX_3</name>
           <model>japan\misc\JM058\JM058.model</model>
        </node>
        <node>
           <name>MP_CM010_Fire_Hose_Reel</name>
           <model>common\misc\CM010\CM010.model</model>
        </node>
        <node>
           <name>MP_CM010_Fire_Hose_Reel_INDEX_1</name>
           <model>common\misc\CM010\CM010.model</model>
        </node>
        <node>
           <name>MP_JM233_Motor_Boats_10m</name>
           <model>japan\misc\JM233\JM233.model</model>
        </node>
        <node>
           <name>MP_JM202_Fender</name>
           <model>japan\misc\JM202\JM202.model</model>
        </node>
        <node>
           <name>MP_JM202_Fender_INDEX_1</name>
           <model>japan\misc\JM202\JM202.model</model>
        </node>
        <node>
           <name>MP_JM202_Fender_INDEX_2</name>
           <model>japan\misc\JM202\JM202.model</model>
        </node>
        <node>
           <name>MP_JM202_Fender_INDEX_3</name>
           <model>japan\misc\JM202\JM202.model</model>
        </node>
        <node>
           <name>MP_CM051_Fire_Fighting_Gear</name>
           <model>common\misc\CM051\CM051.model</model>
        </node>
        <node>
           <name>MP_JM100_Bench</name>
           <model>japan\misc\JM100\JM100.model</model>
        </node>
        <node>
           <name>MP_JM100_Bench_INDEX_1</name>
           <model>japan\misc\JM100\JM100.model</model>
        </node>
        <node>
           <name>MP_JM005_Freon_Cylinder_acetylene</name>
           <model>japan\misc\JM005\JM005.model</model>
        </node>
        <node>
           <name>MP_JM005_Freon_Cylinder_acetylene_INDEX_1</name>
           <model>japan\misc\JM005\JM005.model</model>
        </node>
        <node>
           <name>MP_JM078_Deck_Winch_2</name>
           <model>japan\misc\JM078\JM078.model</model>
        </node>
        <node>
           <name>MP_JM016_Binocular_3</name>
           <model>japan\misc\JM016\JM016.model</model>
        </node>
        <node>
           <name>HP_Fire_Burn_3</name>
           <model>UNKNOWN_ITEM</model>
        </node>
        <node>
           <name>HP_Smoke_1</name>
           <model>UNKNOWN_ITEM</model>
        </node>
        <node>
           <name>HP_Smoke_2</name>
           <model>UNKNOWN_ITEM</model>
        </node>
    </midback>
    <stern>
      <model>japan\ship\aircarrier\JSA009_Ryujo_1933\JSA009_Ryujo_1933_Stern_ports.model</model>
        <node>
           <name>HP_JGA_6</name>
           <model>japan\gun\aaircraft\JGA005_13mm76_Type93\JGA005_13mm76_Type93.model</model>
        </node>
        <node>
           <name>HP_JGA_5</name>
           <model>japan\gun\aaircraft\JGA005_13mm76_Type93\JGA005_13mm76_Type93.model</model>
        </node>
        <node>
           <name>HP_DeckLand</name>
           <model>japan\aircraft\bomber\JAB009_Nakajima_B3N\JAB009_Nakajima_B3N.model</model>
        </node>
        <node>
           <name>HP_Deck_00</name>
           <model>japan\aircraft\fighter\JAF003_Nikajima_A4N\JAF003_Nikajima_A4N.model</model>
        </node>
        <node>
           <name>HP_Deck_01</name>
           <model>japan\aircraft\fighter\JAF003_Nikajima_A4N\JAF003_Nikajima_A4N.model</model>
        </node>
        <node>
           <name>HP_Deck_02</name>
           <model>japan\aircraft\fighter\JAF003_Nikajima_A4N\JAF003_Nikajima_A4N.model</model>
        </node>
        <node>
           <name>HP_DisappearPoint</name>
           <model>japan\aircraft\bomber\JAB009_Nakajima_B3N\JAB009_Nakajima_B3N.model</model>
        </node>
        <node>
           <name>HP_Deck_03</name>
           <model>japan\aircraft\fighter\JAF003_Nikajima_A4N\JAF003_Nikajima_A4N.model</model>
        </node>
        <node>
           <name>MP_CM001_Propeller3_L</name>
           <model>common\misc\CM001\CM001.model</model>
        </node>
        <node>
           <name>MP_CM032_Propeller3_R</name>
           <model>common\misc\CM032\CM032.model</model>
        </node>
        <node>
           <name>MP_JM007_Life_Buoy_box</name>
           <model>japan\misc\JM007\JM007.model</model>
        </node>
        <node>
           <name>MP_JM180_Deck_Light</name>
           <model>japan\misc\JM180\JM180.model</model>
        </node>
        <node>
           <name>MP_JM180_Deck_Light_INDEX_1</name>
           <model>japan\misc\JM180\JM180.model</model>
        </node>
        <node>
           <name>MP_CM009_Life_Buoy_2</name>
           <model>common\misc\CM009\CM009.model</model>
        </node>
        <node>
           <name>MP_JM135_Runway_Lights_Back</name>
           <model>japan\misc\JM135\JM135.model</model>
        </node>
        <node>
           <name>MP_JM117_Crew_Exercise_Machine</name>
           <model>japan\misc\JM117\JM117.model</model>
        </node>
        <node>
           <name>MP_JM099_Signal_Lamp_1</name>
           <model>japan\misc\JM099\JM099.model</model>
        </node>
        <node>
           <name>MP_JM099_Signal_Lamp_1_INDEX_1</name>
           <model>japan\misc\JM099\JM099.model</model>
        </node>
        <node>
           <name>MP_JM099_Signal_Lamp_1_INDEX_2</name>
           <model>japan\misc\JM099\JM099.model</model>
        </node>
        <node>
           <name>MP_JM099_Signal_Lamp_1_INDEX_3</name>
           <model>japan\misc\JM099\JM099.model</model>
        </node>
        <node>
           <name>MP_CM029_Emergency_Box</name>
           <model>common\misc\CM029\CM029.model</model>
        </node>
        <node>
           <name>MP_CM029_Emergency_Box_INDEX_1</name>
           <model>common\misc\CM029\CM029.model</model>
        </node>
        <node>
           <name>MP_CM029_Emergency_Box_INDEX_2</name>
           <model>common\misc\CM029\CM029.model</model>
        </node>
        <node>
           <name>MP_CM029_Emergency_Box_INDEX_3</name>
           <model>common\misc\CM029\CM029.model</model>
        </node>
        <node>
           <name>MP_CM011_Fire_Fighting_Gear</name>
           <model>common\misc\CM011\CM011.model</model>
        </node>
        <node>
           <name>MP_JM141_Break_Handwheel_1</name>
           <model>japan\misc\JM141\JM141.model</model>
        </node>
        <node>
           <name>MP_JM044_After_Capstan</name>
           <model>japan\misc\JM044\JM044.model</model>
        </node>
        <node>
           <name>MP_CM012_Fire_Hose_Rack_1</name>
           <model>common\misc\CM012\CM012.model</model>
        </node>
        <node>
           <name>MP_CM012_Fire_Hose_Rack_1_INDEX_1</name>
           <model>common\misc\CM012\CM012.model</model>
        </node>
        <node>
           <name>MP_CM011_Fire_Fighting_Gear_INDEX_1</name>
           <model>common\misc\CM011\CM011.model</model>
        </node>
        <node>
           <name>MP_JM125_Signal_Lamp_3</name>
           <model>japan\misc\JM125\JM125.model</model>
        </node>
        <node>
           <name>MP_JM099_Signal_Lamp_1_INDEX_4</name>
           <model>japan\misc\JM099\JM099.model</model>
        </node>
        <node>
           <name>MP_JM064_Bollards_2</name>
           <model>japan\misc\JM064\JM064.model</model>
        </node>
        <node>
           <name>MP_JM064_Bollards_2_INDEX_1</name>
           <model>japan\misc\JM064\JM064.model</model>
        </node>
        <node>
           <name>MP_CM019_Wood_Box_2</name>
           <model>common\misc\CM019\CM019.model</model>
        </node>
        <node>
           <name>MP_CM018_Wood_Box_1</name>
           <model>common\misc\CM018\CM018.model</model>
        </node>
        <node>
           <name>MP_CM018_Wood_Box_1_INDEX_1</name>
           <model>common\misc\CM018\CM018.model</model>
        </node>
        <node>
           <name>MP_JM180_Deck_Light_INDEX_2</name>
           <model>japan\misc\JM180\JM180.model</model>
        </node>
        <node>
           <name>MP_CM014_Fuel_Oil_Hose</name>
           <model>common\misc\CM014\CM014.model</model>
        </node>
        <node>
           <name>MP_JM180_Deck_Light_INDEX_3</name>
           <model>japan\misc\JM180\JM180.model</model>
        </node>
        <node>
           <name>MP_JM178_Winch</name>
           <model>japan\misc\JM178\JM178.model</model>
        </node>
        <node>
           <name>MP_JM168_Ventilation</name>
           <model>japan\misc\JM168\JM168.model</model>
        </node>
        <node>
           <name>MP_JM178_Winch_INDEX_1</name>
           <model>japan\misc\JM178\JM178.model</model>
        </node>
        <node>
           <name>MP_CM014_Fuel_Oil_Hose_INDEX_1</name>
           <model>common\misc\CM014\CM014.model</model>
        </node>
        <node>
           <name>MP_JM181_Motor_Boats_11m</name>
           <model>japan\misc\JM181\JM181.model</model>
        </node>
        <node>
           <name>MP_JM168_Ventilation_INDEX_1</name>
           <model>japan\misc\JM168\JM168.model</model>
        </node>
        <node>
           <name>MP_JM028_Deck_Winch_1</name>
           <model>japan\misc\JM028\JM028.model</model>
        </node>
        <node>
           <name>MP_JM099_Signal_Lamp_1_INDEX_5</name>
           <model>japan\misc\JM099\JM099.model</model>
        </node>
        <node>
           <name>MP_JM058_Deck_Hatch_7</name>
           <model>japan\misc\JM058\JM058.model</model>
        </node>
        <node>
           <name>MP_JM058_Deck_Hatch_7_INDEX_1</name>
           <model>japan\misc\JM058\JM058.model</model>
        </node>
        <node>
           <name>MP_JM058_Deck_Hatch_7_INDEX_2</name>
           <model>japan\misc\JM058\JM058.model</model>
        </node>
        <node>
           <name>MP_JM058_Deck_Hatch_7_INDEX_3</name>
           <model>japan\misc\JM058\JM058.model</model>
        </node>
        <node>
           <name>MP_CM059_Ladder_Cruiser</name>
           <model>common\misc\CM059\CM059.model</model>
        </node>
        <node>
           <name>MP_CM059_Ladder_Cruiser_INDEX_1</name>
           <model>common\misc\CM059\CM059.model</model>
        </node>
        <node>
           <name>MP_JM191_SanBox</name>
           <model>japan\misc\JM191\JM191.model</model>
        </node>
        <node>
           <name>MP_JM059_Deck_Hatch_8</name>
           <model>japan\misc\JM059\JM059.model</model>
        </node>
        <node>
           <name>MP_JM059_Deck_Hatch_8_INDEX_1</name>
           <model>japan\misc\JM059\JM059.model</model>
        </node>
        <node>
           <name>MP_CM019_Wood_Box_2_INDEX_1</name>
           <model>common\misc\CM019\CM019.model</model>
        </node>
        <node>
           <name>MP_CM019_Wood_Box_2_INDEX_2</name>
           <model>common\misc\CM019\CM019.model</model>
        </node>
        <node>
           <name>MP_CM019_Wood_Box_2_INDEX_3</name>
           <model>common\misc\CM019\CM019.model</model>
        </node>
        <node>
           <name>MP_JM100_Bench</name>
           <model>japan\misc\JM100\JM100.model</model>
        </node>
        <node>
           <name>MP_JM100_Bench_INDEX_1</name>
           <model>japan\misc\JM100\JM100.model</model>
        </node>
        <node>
           <name>MP_CM087_Anchor_down</name>
           <model>common\misc\CM087\CM087.model</model>
        </node>
        <node>
           <name>MP_CM086_Anchor_top</name>
           <model>common\misc\CM086\CM086.model</model>
        </node>
        <node>
           <name>MP_JM198_Winch_Crane</name>
           <model>japan\misc\JM198\JM198.model</model>
        </node>
        <node>
           <name>MP_JM198_Winch_Crane_INDEX_1</name>
           <model>japan\misc\JM198\JM198.model</model>
        </node>
        <node>
           <name>MP_JM198_Winch_Crane_INDEX_2</name>
           <model>japan\misc\JM198\JM198.model</model>
        </node>
        <node>
           <name>MP_JM198_Winch_Crane_INDEX_3</name>
           <model>japan\misc\JM198\JM198.model</model>
        </node>
        <node>
           <name>MP_JM078_Deck_Winch_2</name>
           <model>japan\misc\JM078\JM078.model</model>
        </node>
        <node>
           <name>MP_JM078_Deck_Winch_2_INDEX_1</name>
           <model>japan\misc\JM078\JM078.model</model>
        </node>
        <node>
           <name>MP_JM078_Deck_Winch_2_INDEX_2</name>
           <model>japan\misc\JM078\JM078.model</model>
        </node>
        <node>
           <name>MP_JM007_Life_Buoy_box_INDEX_1</name>
           <model>japan\misc\JM007\JM007.model</model>
        </node>
        <node>
           <name>MP_JM153_Boat</name>
           <model>japan\misc\JM153\JM153.model</model>
        </node>
        <node>
           <name>MP_JM027_Fairlead_2</name>
           <model>japan\misc\JM027\JM027.model</model>
        </node>
        <node>
           <name>MP_JM027_Fairlead_2_INDEX_1</name>
           <model>japan\misc\JM027\JM027.model</model>
        </node>
        <node>
           <name>MP_JM016_Binocular_3</name>
           <model>japan\misc\JM016\JM016.model</model>
        </node>
        <node>
           <name>MP_JM016_Binocular_3_INDEX_1</name>
           <model>japan\misc\JM016\JM016.model</model>
        </node>
        <node>
           <name>HP_Fire_Burn_4</name>
           <model>UNKNOWN_ITEM</model>
        </node>
    </stern>
  </sections>
</JSA009_Ryujo_1933.xml>
