<JSB011_Mikasa_1905.xml>
  <sections>
    <bow>
      <model>japan\ship\battleship\JSB011_Mikasa_1905\JSB011_Mikasa_1905_bow_ports.model</model>
        <node>
           <name>HP_JGS_1</name>
           <model>japan\gun\secondary\JGS138_76mm40_with_shield_Black\JGS138_76mm40_with_shield_Black.model</model>
        </node>
        <node>
           <name>HP_JGS_2</name>
           <model>japan\gun\secondary\JGS138_76mm40_with_shield_Black\JGS138_76mm40_with_shield_Black.model</model>
        </node>
        <node>
           <name>MP_JM306_Chrysanthemum_mid</name>
           <model>japan\misc\JM306\JM306.model</model>
        </node>
        <node>
           <name>MP_JM307JSB011Bow_0_0</name>
           <model>japan\misc\JM307JSB011Bow\JM307JSB011Bow.model</model>
        </node>
        <node>
           <name>MP_JM309JSB011Bow_0_0</name>
           <model>japan\misc\JM309JSB011Bow\JM309JSB011Bow.model</model>
        </node>
        <node>
           <name>MP_JM308JSB011Bow_0_0</name>
           <model>japan\misc\JM308JSB011Bow\JM308JSB011Bow.model</model>
        </node>
        <node>
           <name>MP_JM330_Deck_Hatch_White</name>
           <model>japan\misc\JM330\JM330.model</model>
        </node>
        <node>
           <name>MP_JM322JSB011Bow_0_0</name>
           <model>japan\misc\JM322JSB011Bow\JM322JSB011Bow.model</model>
        </node>
        <node>
           <name>MP_JM325_Ventilation_White</name>
           <model>japan\misc\JM325\JM325.model</model>
        </node>
        <node>
           <name>MP_JM338JSB011Bow_0_0</name>
           <model>japan\misc\JM338JSB011Bow\JM338JSB011Bow.model</model>
        </node>
        <node>
           <name>HP_Fire_Burn_1</name>
           <model>UNKNOWN_ITEM</model>
        </node>
    </bow>
    <midfront>
      <model>japan\ship\battleship\JSB011_Mikasa_1905\JSB011_Mikasa_1905_MidFront_ports.model</model>
        <node>
           <name>HP_JF_1</name>
           <model>japan\finder\JF089_Rangefinder_1m_FT27\JF089_Rangefinder_1m_FT27.model</model>
        </node>
        <node>
           <name>HP_JF_2</name>
           <model>japan\finder\JF088_Rangefinder_1_37m_type_FA2\JF088_Rangefinder_1_37m_type_FA2.model</model>
        </node>
        <node>
           <name>HP_JGM_1</name>
           <model>japan\gun\main\JGM134_305mm40_type_armstrong\JGM134_305mm40_type_armstrong.model</model>
        </node>
        <node>
           <name>HP_JGS_3</name>
           <model>japan\gun\secondary\JGS136_76mm40_with_shield_2\JGS136_76mm40_with_shield_2.model</model>
        </node>
        <node>
           <name>HP_JGS_4</name>
           <model>japan\gun\secondary\JGS136_76mm40_with_shield_2\JGS136_76mm40_with_shield_2.model</model>
        </node>
        <node>
           <name>HP_JGS_5</name>
           <model>japan\gun\secondary\JGS137_152mm40_Color_Black\JGS137_152mm40_Color_Black.model</model>
        </node>
        <node>
           <name>HP_JGS_6</name>
           <model>japan\gun\secondary\JGS137_152mm40_Color_Black\JGS137_152mm40_Color_Black.model</model>
        </node>
        <node>
           <name>HP_JGS_7</name>
           <model>japan\gun\secondary\JGS131_152mm40_Color_White\JGS131_152mm40_Color_White.model</model>
        </node>
        <node>
           <name>HP_JGS_8</name>
           <model>japan\gun\secondary\JGS131_152mm40_Color_White\JGS131_152mm40_Color_White.model</model>
        </node>
        <node>
           <name>HP_JGS_9</name>
           <model>japan\gun\secondary\JGS136_76mm40_with_shield_2\JGS136_76mm40_with_shield_2.model</model>
        </node>
        <node>
           <name>HP_JGS_10</name>
           <model>japan\gun\secondary\JGS136_76mm40_with_shield_2\JGS136_76mm40_with_shield_2.model</model>
        </node>
        <node>
           <name>HP_JGS_11</name>
           <model>japan\gun\secondary\JGS137_152mm40_Color_Black\JGS137_152mm40_Color_Black.model</model>
        </node>
        <node>
           <name>HP_JGS_12</name>
           <model>japan\gun\secondary\JGS137_152mm40_Color_Black\JGS137_152mm40_Color_Black.model</model>
        </node>
        <node>
           <name>HP_JGS_13</name>
           <model>japan\gun\secondary\JGS133_76mm40_with_shield_White\JGS133_76mm40_with_shield_White.model</model>
        </node>
        <node>
           <name>HP_JGS_14</name>
           <model>japan\gun\secondary\JGS133_76mm40_with_shield_White\JGS133_76mm40_with_shield_White.model</model>
        </node>
        <node>
           <name>HP_JGS_15</name>
           <model>japan\gun\secondary\JGS133_76mm40_with_shield_White\JGS133_76mm40_with_shield_White.model</model>
        </node>
        <node>
           <name>HP_JGS_16</name>
           <model>japan\gun\secondary\JGS133_76mm40_with_shield_White\JGS133_76mm40_with_shield_White.model</model>
        </node>
        <node>
           <name>HP_flag_1</name>
           <model>japan\misc\JM001\JM001.model</model>
        </node>
        <node>
           <name>HP_flag_2</name>
           <model>japan\misc\JM001\JM001.model</model>
        </node>
        <node>
           <name>HP_flag_3</name>
           <model>japan\misc\JM001\JM001.model</model>
        </node>
        <node>
           <name>HP_flag_4</name>
           <model>japan\misc\JM001\JM001.model</model>
        </node>
        <node>
           <name>MP_CM092JSB011MidFront_0_0</name>
           <model>common\misc\CM092JSB011MidFront\CM092JSB011MidFront.model</model>
        </node>
        <node>
           <name>MP_CM091_Semaphore</name>
           <model>common\misc\CM091\CM091.model</model>
        </node>
        <node>
           <name>MP_JM184_Dial_Plate</name>
           <model>japan\misc\JM184\JM184.model</model>
        </node>
        <node>
           <name>MP_CM023_Accommodation_Ladder_Closed</name>
           <model>common\misc\CM023\CM023.model</model>
        </node>
        <node>
           <name>MP_CM035_Accommodation_Ladder_Closed_L</name>
           <model>common\misc\CM035\CM035.model</model>
        </node>
        <node>
           <name>MP_CM060JSB011MidFront_0_0</name>
           <model>common\misc\CM060JSB011MidFront\CM060JSB011MidFront.model</model>
        </node>
        <node>
           <name>MP_CM012JSB011MidFront_0_0</name>
           <model>common\misc\CM012JSB011MidFront\CM012JSB011MidFront.model</model>
        </node>
        <node>
           <name>MP_CM011JSB011MidFront_0_0</name>
           <model>common\misc\CM011JSB011MidFront\CM011JSB011MidFront.model</model>
        </node>
        <node>
           <name>MP_CM004_Barbette_Out</name>
           <model>common\misc\CM004\CM004.model</model>
        </node>
        <node>
           <name>MP_CM030JSB011MidFront_0_0</name>
           <model>common\misc\CM030JSB011MidFront\CM030JSB011MidFront.model</model>
        </node>
        <node>
           <name>MP_CM100JSB011MidFront_0_0</name>
           <model>common\misc\CM100JSB011MidFront\CM100JSB011MidFront.model</model>
        </node>
        <node>
           <name>MP_CM099_Compass_Binnacle</name>
           <model>common\misc\CM099\CM099.model</model>
        </node>
        <node>
           <name>MP_CM101_Telescope</name>
           <model>common\misc\CM101\CM101.model</model>
        </node>
        <node>
           <name>MP_JM029JSB011MidFront_0_0</name>
           <model>japan\misc\JM029JSB011MidFront\JM029JSB011MidFront.model</model>
        </node>
        <node>
           <name>MP_CM081JSB011MidFront_0_0</name>
           <model>common\misc\CM081JSB011MidFront\CM081JSB011MidFront.model</model>
        </node>
        <node>
           <name>MP_JM288_Whaler_8_2m_27ft_White</name>
           <model>japan\misc\JM288\JM288.model</model>
        </node>
        <node>
           <name>MP_JM330JSB011MidFront_0_0</name>
           <model>japan\misc\JM330JSB011MidFront\JM330JSB011MidFront.model</model>
        </node>
        <node>
           <name>MP_JM328_Deck_Hatch_White</name>
           <model>japan\misc\JM328\JM328.model</model>
        </node>
        <node>
           <name>MP_JM325JSB011MidFront_0_0</name>
           <model>japan\misc\JM325JSB011MidFront\JM325JSB011MidFront.model</model>
        </node>
        <node>
           <name>MP_JM320JSB011MidFront_0_0</name>
           <model>japan\misc\JM320JSB011MidFront\JM320JSB011MidFront.model</model>
        </node>
        <node>
           <name>MP_JM321JSB011MidFront_0_0</name>
           <model>japan\misc\JM321JSB011MidFront\JM321JSB011MidFront.model</model>
        </node>
        <node>
           <name>MP_JM326JSB011MidFront_0_0</name>
           <model>japan\misc\JM326JSB011MidFront\JM326JSB011MidFront.model</model>
        </node>
        <node>
           <name>MP_JM331JSB011MidFront_0_0</name>
           <model>japan\misc\JM331JSB011MidFront\JM331JSB011MidFront.model</model>
        </node>
        <node>
           <name>MP_JM332JSB011MidFront_0_0</name>
           <model>japan\misc\JM332JSB011MidFront\JM332JSB011MidFront.model</model>
        </node>
        <node>
           <name>MP_JM334JSB011MidFront_0_0</name>
           <model>japan\misc\JM334JSB011MidFront\JM334JSB011MidFront.model</model>
        </node>
        <node>
           <name>MP_CM105JSB011MidFront_0_0</name>
           <model>common\misc\CM105JSB011MidFront\CM105JSB011MidFront.model</model>
        </node>
        <node>
           <name>MP_CM106JSB011MidFront_0_0</name>
           <model>common\misc\CM106JSB011MidFront\CM106JSB011MidFront.model</model>
        </node>
        <node>
           <name>MP_CM083JSB011MidFront_0_0</name>
           <model>common\misc\CM083JSB011MidFront\CM083JSB011MidFront.model</model>
        </node>
        <node>
           <name>MP_CM084JSB011MidFront_0_0</name>
           <model>common\misc\CM084JSB011MidFront\CM084JSB011MidFront.model</model>
        </node>
        <node>
           <name>MP_CM061JSB011MidFront_0_0</name>
           <model>common\misc\CM061JSB011MidFront\CM061JSB011MidFront.model</model>
        </node>
        <node>
           <name>MP_JM319_Signal_Lamp_Black</name>
           <model>japan\misc\JM319\JM319.model</model>
        </node>
        <node>
           <name>MP_JM337JSB011MidFront_0_0</name>
           <model>japan\misc\JM337JSB011MidFront\JM337JSB011MidFront.model</model>
        </node>
        <node>
           <name>MP_JM339_Running_Lights_Oil_L_White</name>
           <model>japan\misc\JM339\JM339.model</model>
        </node>
        <node>
           <name>MP_JM340_Running_Lights_Oil_R_White</name>
           <model>japan\misc\JM340\JM340.model</model>
        </node>
        <node>
           <name>MP_CM076_Fender</name>
           <model>common\misc\CM076\CM076.model</model>
        </node>
        <node>
           <name>MP_CM052_Fender</name>
           <model>common\misc\CM052\CM052.model</model>
        </node>
        <node>
           <name>HP_Smoke_1</name>
           <model>UNKNOWN_ITEM</model>
        </node>
        <node>
           <name>HP_Fire_Burn_2</name>
           <model>UNKNOWN_ITEM</model>
        </node>
        <node>
           <name>HP_NoseWave_Speed</name>
           <model>UNKNOWN_ITEM</model>
        </node>
    </midfront>
    <midback>
      <model>japan\ship\battleship\JSB011_Mikasa_1905\JSB011_Mikasa_1905_MidBack_ports.model</model>
        <node>
           <name>HP_JF_3</name>
           <model>japan\finder\JF088_Rangefinder_1_37m_type_FA2\JF088_Rangefinder_1_37m_type_FA2.model</model>
        </node>
        <node>
           <name>HP_JGM_2</name>
           <model>japan\gun\main\JGM134_305mm40_type_armstrong\JGM134_305mm40_type_armstrong.model</model>
        </node>
        <node>
           <name>HP_JGS_17</name>
           <model>japan\gun\secondary\JGS137_152mm40_Color_Black\JGS137_152mm40_Color_Black.model</model>
        </node>
        <node>
           <name>HP_JGS_18</name>
           <model>japan\gun\secondary\JGS137_152mm40_Color_Black\JGS137_152mm40_Color_Black.model</model>
        </node>
        <node>
           <name>HP_JGS_19</name>
           <model>japan\gun\secondary\JGS133_76mm40_with_shield_White\JGS133_76mm40_with_shield_White.model</model>
        </node>
        <node>
           <name>HP_JGS_20</name>
           <model>japan\gun\secondary\JGS133_76mm40_with_shield_White\JGS133_76mm40_with_shield_White.model</model>
        </node>
        <node>
           <name>HP_JGS_21</name>
           <model>japan\gun\secondary\JGS133_76mm40_with_shield_White\JGS133_76mm40_with_shield_White.model</model>
        </node>
        <node>
           <name>HP_JGS_22</name>
           <model>japan\gun\secondary\JGS133_76mm40_with_shield_White\JGS133_76mm40_with_shield_White.model</model>
        </node>
        <node>
           <name>HP_JGS_23</name>
           <model>japan\gun\secondary\JGS137_152mm40_Color_Black\JGS137_152mm40_Color_Black.model</model>
        </node>
        <node>
           <name>HP_JGS_24</name>
           <model>japan\gun\secondary\JGS137_152mm40_Color_Black\JGS137_152mm40_Color_Black.model</model>
        </node>
        <node>
           <name>HP_JGS_25</name>
           <model>japan\gun\secondary\JGS136_76mm40_with_shield_2\JGS136_76mm40_with_shield_2.model</model>
        </node>
        <node>
           <name>HP_JGS_26</name>
           <model>japan\gun\secondary\JGS136_76mm40_with_shield_2\JGS136_76mm40_with_shield_2.model</model>
        </node>
        <node>
           <name>HP_JGS_27</name>
           <model>japan\gun\secondary\JGS137_152mm40_Color_Black\JGS137_152mm40_Color_Black.model</model>
        </node>
        <node>
           <name>HP_JGS_28</name>
           <model>japan\gun\secondary\JGS137_152mm40_Color_Black\JGS137_152mm40_Color_Black.model</model>
        </node>
        <node>
           <name>HP_JGS_29</name>
           <model>japan\gun\secondary\JGS137_152mm40_Color_Black\JGS137_152mm40_Color_Black.model</model>
        </node>
        <node>
           <name>HP_JGS_30</name>
           <model>japan\gun\secondary\JGS137_152mm40_Color_Black\JGS137_152mm40_Color_Black.model</model>
        </node>
        <node>
           <name>HP_JGS_31</name>
           <model>japan\gun\secondary\JGS136_76mm40_with_shield_2\JGS136_76mm40_with_shield_2.model</model>
        </node>
        <node>
           <name>HP_JGS_32</name>
           <model>japan\gun\secondary\JGS136_76mm40_with_shield_2\JGS136_76mm40_with_shield_2.model</model>
        </node>
        <node>
           <name>MP_CM091_Semaphore</name>
           <model>common\misc\CM091\CM091.model</model>
        </node>
        <node>
           <name>MP_CM023_Accommodation_Ladder_Closed</name>
           <model>common\misc\CM023\CM023.model</model>
        </node>
        <node>
           <name>MP_CM035_Accommodation_Ladder_Closed_L</name>
           <model>common\misc\CM035\CM035.model</model>
        </node>
        <node>
           <name>MP_JM023JSB011MidBack_0_0</name>
           <model>japan\misc\JM023JSB011MidBack\JM023JSB011MidBack.model</model>
        </node>
        <node>
           <name>MP_CM060JSB011MidBack_0_0</name>
           <model>common\misc\CM060JSB011MidBack\CM060JSB011MidBack.model</model>
        </node>
        <node>
           <name>MP_CM004_Barbette_Out</name>
           <model>common\misc\CM004\CM004.model</model>
        </node>
        <node>
           <name>MP_CM030JSB011MidBack_0_0</name>
           <model>common\misc\CM030JSB011MidBack\CM030JSB011MidBack.model</model>
        </node>
        <node>
           <name>MP_CM012JSB011MidBack_0_0</name>
           <model>common\misc\CM012JSB011MidBack\CM012JSB011MidBack.model</model>
        </node>
        <node>
           <name>MP_CM011JSB011MidBack_0_0</name>
           <model>common\misc\CM011JSB011MidBack\CM011JSB011MidBack.model</model>
        </node>
        <node>
           <name>MP_CM100JSB011MidBack_0_0</name>
           <model>common\misc\CM100JSB011MidBack\CM100JSB011MidBack.model</model>
        </node>
        <node>
           <name>MP_CM099_Compass_Binnacle</name>
           <model>common\misc\CM099\CM099.model</model>
        </node>
        <node>
           <name>MP_CM081JSB011MidBack_0_0</name>
           <model>common\misc\CM081JSB011MidBack\CM081JSB011MidBack.model</model>
        </node>
        <node>
           <name>MP_JM318JSB011MidBack_0_0</name>
           <model>japan\misc\JM318JSB011MidBack\JM318JSB011MidBack.model</model>
        </node>
        <node>
           <name>MP_JM330JSB011MidBack_0_0</name>
           <model>japan\misc\JM330JSB011MidBack\JM330JSB011MidBack.model</model>
        </node>
        <node>
           <name>MP_JM325JSB011MidBack_0_0</name>
           <model>japan\misc\JM325JSB011MidBack\JM325JSB011MidBack.model</model>
        </node>
        <node>
           <name>MP_JM320JSB011MidBack_0_0</name>
           <model>japan\misc\JM320JSB011MidBack\JM320JSB011MidBack.model</model>
        </node>
        <node>
           <name>MP_JM326JSB011MidBack_0_0</name>
           <model>japan\misc\JM326JSB011MidBack\JM326JSB011MidBack.model</model>
        </node>
        <node>
           <name>MP_JM331JSB011MidBack_0_0</name>
           <model>japan\misc\JM331JSB011MidBack\JM331JSB011MidBack.model</model>
        </node>
        <node>
           <name>MP_JM332JSB011MidBack_0_0</name>
           <model>japan\misc\JM332JSB011MidBack\JM332JSB011MidBack.model</model>
        </node>
        <node>
           <name>MP_JM335_Steam_launch_White</name>
           <model>japan\misc\JM335\JM335.model</model>
        </node>
        <node>
           <name>MP_JM336JSB011MidBack_0_0</name>
           <model>japan\misc\JM336JSB011MidBack\JM336JSB011MidBack.model</model>
        </node>
        <node>
           <name>MP_JM333_Sailing_Launch_12_2m_White</name>
           <model>japan\misc\JM333\JM333.model</model>
        </node>
        <node>
           <name>MP_JM327JSB011MidBack_0_0</name>
           <model>japan\misc\JM327JSB011MidBack\JM327JSB011MidBack.model</model>
        </node>
        <node>
           <name>MP_JM324JSB011MidBack_0_0</name>
           <model>japan\misc\JM324JSB011MidBack\JM324JSB011MidBack.model</model>
        </node>
        <node>
           <name>MP_JM334_Dinghy_9m_White</name>
           <model>japan\misc\JM334\JM334.model</model>
        </node>
        <node>
           <name>MP_CM105JSB011MidBack_0_0</name>
           <model>common\misc\CM105JSB011MidBack\CM105JSB011MidBack.model</model>
        </node>
        <node>
           <name>MP_CM106JSB011MidBack_0_0</name>
           <model>common\misc\CM106JSB011MidBack\CM106JSB011MidBack.model</model>
        </node>
        <node>
           <name>MP_CM083_Mast_Sailing</name>
           <model>common\misc\CM083\CM083.model</model>
        </node>
        <node>
           <name>MP_CM084_Oars</name>
           <model>common\misc\CM084\CM084.model</model>
        </node>
        <node>
           <name>MP_JM329JSB011MidBack_0_0</name>
           <model>japan\misc\JM329JSB011MidBack\JM329JSB011MidBack.model</model>
        </node>
        <node>
           <name>MP_CM061JSB011MidBack_0_0</name>
           <model>common\misc\CM061JSB011MidBack\CM061JSB011MidBack.model</model>
        </node>
        <node>
           <name>MP_JM319_Signal_Lamp_Black</name>
           <model>japan\misc\JM319\JM319.model</model>
        </node>
        <node>
           <name>MP_JM337JSB011MidBack_0_0</name>
           <model>japan\misc\JM337JSB011MidBack\JM337JSB011MidBack.model</model>
        </node>
        <node>
           <name>MP_CM052JSB011MidBack_0_0</name>
           <model>common\misc\CM052JSB011MidBack\CM052JSB011MidBack.model</model>
        </node>
        <node>
           <name>HP_Fire_Burn_3</name>
           <model>UNKNOWN_ITEM</model>
        </node>
        <node>
           <name>HP_Smoke_2</name>
           <model>UNKNOWN_ITEM</model>
        </node>
    </midback>
    <stern>
      <model>japan\ship\battleship\JSB011_Mikasa_1905\JSB011_Mikasa_1905_Stern_ports.model</model>
        <node>
           <name>HP_JGS_33</name>
           <model>japan\gun\secondary\JGS138_76mm40_with_shield_Black\JGS138_76mm40_with_shield_Black.model</model>
        </node>
        <node>
           <name>HP_JGS_34</name>
           <model>japan\gun\secondary\JGS138_76mm40_with_shield_Black\JGS138_76mm40_with_shield_Black.model</model>
        </node>
        <node>
           <name>HP_flag_nation</name>
           <model>japan\misc\JM001\JM001.model</model>
        </node>
        <node>
           <name>MP_CM002_Propeller4_L</name>
           <model>common\misc\CM002\CM002.model</model>
        </node>
        <node>
           <name>MP_CM033_Propeller4_R</name>
           <model>common\misc\CM033\CM033.model</model>
        </node>
        <node>
           <name>MP_CM081JSB011Stern_0_0</name>
           <model>common\misc\CM081JSB011Stern\CM081JSB011Stern.model</model>
        </node>
        <node>
           <name>MP_JM330JSB011Stern_0_0</name>
           <model>japan\misc\JM330JSB011Stern\JM330JSB011Stern.model</model>
        </node>
        <node>
           <name>MP_JM328JSB011Stern_0_0</name>
           <model>japan\misc\JM328JSB011Stern\JM328JSB011Stern.model</model>
        </node>
        <node>
           <name>MP_JM325JSB011Stern_0_0</name>
           <model>japan\misc\JM325JSB011Stern\JM325JSB011Stern.model</model>
        </node>
        <node>
           <name>HP_Fire_Burn_4</name>
           <model>UNKNOWN_ITEM</model>
        </node>
    </stern>
  </sections>
</JSB011_Mikasa_1905.xml>
