<ASC024_Phoenix_1917.xml>
  <sections>
    <bow>
      <model>usa\ship\cruiser\ASC024_Phoenix_1917\ASC024_Phoenix_1917_bow_ports.model</model>
        <node>
           <name>MP_AM219ASC024Bow_0_0</name>
           <model>usa\misc\AM219ASC024Bow\AM219ASC024Bow.model</model>
        </node>
        <node>
           <name>MP_AM212ASC024Bow_0_0</name>
           <model>usa\misc\AM212ASC024Bow\AM212ASC024Bow.model</model>
        </node>
        <node>
           <name>MP_AM242ASC024Bow_0_0</name>
           <model>usa\misc\AM242ASC024Bow\AM242ASC024Bow.model</model>
        </node>
        <node>
           <name>MP_AM049_Signal_Lamp_1</name>
           <model>usa\misc\AM049\AM049.model</model>
        </node>
        <node>
           <name>MP_CM036ASC024Bow_0_0</name>
           <model>common\misc\CM036ASC024Bow\CM036ASC024Bow.model</model>
        </node>
        <node>
           <name>MP_AM207_Crane</name>
           <model>usa\misc\AM207\AM207.model</model>
        </node>
        <node>
           <name>MP_AM008ASC024Bow_0_0</name>
           <model>usa\misc\AM008ASC024Bow\AM008ASC024Bow.model</model>
        </node>
        <node>
           <name>MP_AM077ASC024Bow_0_0</name>
           <model>usa\misc\AM077ASC024Bow\AM077ASC024Bow.model</model>
        </node>
        <node>
           <name>MP_AM305ASC024Bow_0_0</name>
           <model>usa\misc\AM305ASC024Bow\AM305ASC024Bow.model</model>
        </node>
        <node>
           <name>MP_CM011_Fire_Fighting_Gear</name>
           <model>common\misc\CM011\CM011.model</model>
        </node>
        <node>
           <name>MP_AM024ASC024Bow_0_0</name>
           <model>usa\misc\AM024ASC024Bow\AM024ASC024Bow.model</model>
        </node>
        <node>
           <name>HP_Fire_Burn_1</name>
           <model>UNKNOWN_ITEM</model>
        </node>
    </bow>
    <midfront>
      <model>usa\ship\cruiser\ASC024_Phoenix_1917\ASC024_Phoenix_1917_MidFront_ports.model</model>
        <node>
           <name>HP_AF_1</name>
           <model>usa\finder\AF051_Rangefinder_4_5m\AF051_Rangefinder_4_5m.model</model>
        </node>
        <node>
           <name>HP_AF_2</name>
           <model>usa\finder\AF080_Rangefinder_1_5m\AF080_Rangefinder_1_5m.model</model>
        </node>
        <node>
           <name>HP_AGM_1</name>
           <model>usa\gun\secondary\AGS111_6in_50_Mk8\AGS111_6in_50_Mk8.model</model>
        </node>
        <node>
           <name>HP_AGM_2</name>
           <model>usa\gun\secondary\AGS111_6in_50_Mk8\AGS111_6in_50_Mk8.model</model>
        </node>
        <node>
           <name>HP_flag_1</name>
           <model>usa\misc\AM032\AM032.model</model>
        </node>
        <node>
           <name>HP_flag_2</name>
           <model>usa\misc\AM032\AM032.model</model>
        </node>
        <node>
           <name>HP_flag_3</name>
           <model>usa\misc\AM032\AM032.model</model>
        </node>
        <node>
           <name>HP_flag_4</name>
           <model>usa\misc\AM032\AM032.model</model>
        </node>
        <node>
           <name>HP_AGA_1</name>
           <model>usa\gun\aaircraft\AGA112_Hotchkiss_MG_Mk1\AGA112_Hotchkiss_MG_Mk1.model</model>
        </node>
        <node>
           <name>HP_AGA_2</name>
           <model>usa\gun\aaircraft\AGA112_Hotchkiss_MG_Mk1\AGA112_Hotchkiss_MG_Mk1.model</model>
        </node>
        <node>
           <name>MP_AM327_Ventilation</name>
           <model>usa\misc\AM327\AM327.model</model>
        </node>
        <node>
           <name>MP_AM159ASC024MidFront_0_0</name>
           <model>usa\misc\AM159ASC024MidFront\AM159ASC024MidFront.model</model>
        </node>
        <node>
           <name>MP_AM007ASC024MidFront_0_0</name>
           <model>usa\misc\AM007ASC024MidFront\AM007ASC024MidFront.model</model>
        </node>
        <node>
           <name>MP_CM011ASC024MidFront_0_0</name>
           <model>common\misc\CM011ASC024MidFront\CM011ASC024MidFront.model</model>
        </node>
        <node>
           <name>MP_AM326ASC024MidFront_0_0</name>
           <model>usa\misc\AM326ASC024MidFront\AM326ASC024MidFront.model</model>
        </node>
        <node>
           <name>MP_AM071ASC024MidFront_0_0</name>
           <model>usa\misc\AM071ASC024MidFront\AM071ASC024MidFront.model</model>
        </node>
        <node>
           <name>MP_AM025ASC024MidFront_0_0</name>
           <model>usa\misc\AM025ASC024MidFront\AM025ASC024MidFront.model</model>
        </node>
        <node>
           <name>MP_AM248ASC024MidFront_0_0</name>
           <model>usa\misc\AM248ASC024MidFront\AM248ASC024MidFront.model</model>
        </node>
        <node>
           <name>MP_AM289ASC024MidFront_0_0</name>
           <model>usa\misc\AM289ASC024MidFront\AM289ASC024MidFront.model</model>
        </node>
        <node>
           <name>MP_AM224ASC024MidFront_0_0</name>
           <model>usa\misc\AM224ASC024MidFront\AM224ASC024MidFront.model</model>
        </node>
        <node>
           <name>MP_AM543ASC024MidFront_0_0</name>
           <model>usa\misc\AM543ASC024MidFront\AM543ASC024MidFront.model</model>
        </node>
        <node>
           <name>MP_AM292ASC024MidFront_0_0</name>
           <model>usa\misc\AM292ASC024MidFront\AM292ASC024MidFront.model</model>
        </node>
        <node>
           <name>MP_AM242ASC024MidFront_0_0</name>
           <model>usa\misc\AM242ASC024MidFront\AM242ASC024MidFront.model</model>
        </node>
        <node>
           <name>MP_AM540ASC024MidFront_0_0</name>
           <model>usa\misc\AM540ASC024MidFront\AM540ASC024MidFront.model</model>
        </node>
        <node>
           <name>MP_AM432ASC024MidFront_0_0</name>
           <model>usa\misc\AM432ASC024MidFront\AM432ASC024MidFront.model</model>
        </node>
        <node>
           <name>MP_AM460ASC024MidFront_0_0</name>
           <model>usa\misc\AM460ASC024MidFront\AM460ASC024MidFront.model</model>
        </node>
        <node>
           <name>MP_CM052ASC024MidFront_0_0</name>
           <model>common\misc\CM052ASC024MidFront\CM052ASC024MidFront.model</model>
        </node>
        <node>
           <name>MP_AM395ASC024MidFront_0_0</name>
           <model>usa\misc\AM395ASC024MidFront\AM395ASC024MidFront.model</model>
        </node>
        <node>
           <name>MP_AM247ASC024MidFront_0_0</name>
           <model>usa\misc\AM247ASC024MidFront\AM247ASC024MidFront.model</model>
        </node>
        <node>
           <name>MP_AM223_Boat_Winch</name>
           <model>usa\misc\AM223\AM223.model</model>
        </node>
        <node>
           <name>MP_AM038ASC024MidFront_0_0</name>
           <model>usa\misc\AM038ASC024MidFront\AM038ASC024MidFront.model</model>
        </node>
        <node>
           <name>MP_AM150_Telegraph_Engine</name>
           <model>usa\misc\AM150\AM150.model</model>
        </node>
        <node>
           <name>MP_AM544_Insulator</name>
           <model>usa\misc\AM544\AM544.model</model>
        </node>
        <node>
           <name>MP_AM233ASC024MidFront_0_0</name>
           <model>usa\misc\AM233ASC024MidFront\AM233ASC024MidFront.model</model>
        </node>
        <node>
           <name>MP_AM093ASC024MidFront_0_0</name>
           <model>usa\misc\AM093ASC024MidFront\AM093ASC024MidFront.model</model>
        </node>
        <node>
           <name>MP_AM449ASC024MidFront_0_0</name>
           <model>usa\misc\AM449ASC024MidFront\AM449ASC024MidFront.model</model>
        </node>
        <node>
           <name>MP_CM056_Ships_bell</name>
           <model>common\misc\CM056\CM056.model</model>
        </node>
        <node>
           <name>MP_AM048ASC024MidFront_0_0</name>
           <model>usa\misc\AM048ASC024MidFront\AM048ASC024MidFront.model</model>
        </node>
        <node>
           <name>MP_CM081ASC024MidFront_0_0</name>
           <model>common\misc\CM081ASC024MidFront\CM081ASC024MidFront.model</model>
        </node>
        <node>
           <name>MP_CM013ASC024MidFront_0_0</name>
           <model>common\misc\CM013ASC024MidFront\CM013ASC024MidFront.model</model>
        </node>
        <node>
           <name>MP_AM290ASC024MidFront_0_0</name>
           <model>usa\misc\AM290ASC024MidFront\AM290ASC024MidFront.model</model>
        </node>
        <node>
           <name>MP_CM012ASC024MidFront_0_0</name>
           <model>common\misc\CM012ASC024MidFront\CM012ASC024MidFront.model</model>
        </node>
        <node>
           <name>MP_AM271ASC024MidFront_0_0</name>
           <model>usa\misc\AM271ASC024MidFront\AM271ASC024MidFront.model</model>
        </node>
        <node>
           <name>MP_AM049_Signal_Lamp_1</name>
           <model>usa\misc\AM049\AM049.model</model>
        </node>
        <node>
           <name>MP_AM219ASC024MidFront_0_0</name>
           <model>usa\misc\AM219ASC024MidFront\AM219ASC024MidFront.model</model>
        </node>
        <node>
           <name>MP_CM040_Steering_Wheel</name>
           <model>common\misc\CM040\CM040.model</model>
        </node>
        <node>
           <name>MP_AM047ASC024MidFront_0_0</name>
           <model>usa\misc\AM047ASC024MidFront\AM047ASC024MidFront.model</model>
        </node>
        <node>
           <name>MP_AM151_Gyro_Repeater</name>
           <model>usa\misc\AM151\AM151.model</model>
        </node>
        <node>
           <name>MP_AM142ASC024MidFront_0_0</name>
           <model>usa\misc\AM142ASC024MidFront\AM142ASC024MidFront.model</model>
        </node>
        <node>
           <name>MP_AM459_Hatch</name>
           <model>usa\misc\AM459\AM459.model</model>
        </node>
        <node>
           <name>MP_AM391ASC024MidFront_0_0</name>
           <model>usa\misc\AM391ASC024MidFront\AM391ASC024MidFront.model</model>
        </node>
        <node>
           <name>MP_AM174_Insulator_2</name>
           <model>usa\misc\AM174\AM174.model</model>
        </node>
        <node>
           <name>MP_AM018_Compass_Binnacle</name>
           <model>usa\misc\AM018\AM018.model</model>
        </node>
        <node>
           <name>MP_AM024ASC024MidFront_0_0</name>
           <model>usa\misc\AM024ASC024MidFront\AM024ASC024MidFront.model</model>
        </node>
        <node>
           <name>HP_Fire_Burn_2</name>
           <model>UNKNOWN_ITEM</model>
        </node>
        <node>
           <name>HP_Smoke_1</name>
           <model>UNKNOWN_ITEM</model>
        </node>
        <node>
           <name>HP_Smoke_2</name>
           <model>UNKNOWN_ITEM</model>
        </node>
        <node>
           <name>HP_Smoke_3</name>
           <model>UNKNOWN_ITEM</model>
        </node>
        <node>
           <name>HP_NoseWave_speed</name>
           <model>UNKNOWN_ITEM</model>
        </node>
    </midfront>
    <midback>
      <model>usa\ship\cruiser\ASC024_Phoenix_1917\ASC024_Phoenix_1917_MidBack_ports.model</model>
        <node>
           <name>HP_AD_1</name>
           <model>usa\director\AD079_Directorscope_mk2\AD079_Directorscope_mk2.model</model>
        </node>
        <node>
           <name>HP_AD_2</name>
           <model>usa\director\AD056_Torpedo_director\AD056_Torpedo_director.model</model>
        </node>
        <node>
           <name>HP_AD_3</name>
           <model>usa\director\AD056_Torpedo_director\AD056_Torpedo_director.model</model>
        </node>
        <node>
           <name>HP_AF_3</name>
           <model>usa\finder\AF051_Rangefinder_4_5m\AF051_Rangefinder_4_5m.model</model>
        </node>
        <node>
           <name>HP_AGM_3</name>
           <model>usa\gun\secondary\AGS111_6in_50_Mk8\AGS111_6in_50_Mk8.model</model>
        </node>
        <node>
           <name>HP_AGM_4</name>
           <model>usa\gun\secondary\AGS111_6in_50_Mk8\AGS111_6in_50_Mk8.model</model>
        </node>
        <node>
           <name>HP_AGT_1</name>
           <model>usa\gun\torpedo\AGT110_21in_Torpedo_Tubes_Twin\AGT110_21in_Torpedo_Tubes_Twin.model</model>
        </node>
        <node>
           <name>HP_AGT_2</name>
           <model>usa\gun\torpedo\AGT110_21in_Torpedo_Tubes_Twin\AGT110_21in_Torpedo_Tubes_Twin.model</model>
        </node>
        <node>
           <name>HP_flag_nation</name>
           <model>usa\misc\AM032\AM032.model</model>
        </node>
        <node>
           <name>HP_AGA_3</name>
           <model>usa\gun\aaircraft\AGA104_3in50_Mk10\AGA104_3in50_Mk10.model</model>
        </node>
        <node>
           <name>HP_AGA_4</name>
           <model>usa\gun\aaircraft\AGA104_3in50_Mk10\AGA104_3in50_Mk10.model</model>
        </node>
        <node>
           <name>MP_AM449_Binoculars</name>
           <model>usa\misc\AM449\AM449.model</model>
        </node>
        <node>
           <name>MP_AM432ASC024MidBack_0_0</name>
           <model>usa\misc\AM432ASC024MidBack\AM432ASC024MidBack.model</model>
        </node>
        <node>
           <name>MP_AM007_Reels_2</name>
           <model>usa\misc\AM007\AM007.model</model>
        </node>
        <node>
           <name>MP_AM327ASC024MidBack_0_0</name>
           <model>usa\misc\AM327ASC024MidBack\AM327ASC024MidBack.model</model>
        </node>
        <node>
           <name>MP_CM024_Stairway_Big_L</name>
           <model>common\misc\CM024\CM024.model</model>
        </node>
        <node>
           <name>MP_AM516ASC024MidBack_0_0</name>
           <model>usa\misc\AM516ASC024MidBack\AM516ASC024MidBack.model</model>
        </node>
        <node>
           <name>MP_AM248ASC024MidBack_0_0</name>
           <model>usa\misc\AM248ASC024MidBack\AM248ASC024MidBack.model</model>
        </node>
        <node>
           <name>MP_AM163_Loading_Machine</name>
           <model>usa\misc\AM163\AM163.model</model>
        </node>
        <node>
           <name>MP_AM543ASC024MidBack_0_0</name>
           <model>usa\misc\AM543ASC024MidBack\AM543ASC024MidBack.model</model>
        </node>
        <node>
           <name>MP_CM011ASC024MidBack_0_0</name>
           <model>common\misc\CM011ASC024MidBack\CM011ASC024MidBack.model</model>
        </node>
        <node>
           <name>MP_AM326ASC024MidBack_0_0</name>
           <model>usa\misc\AM326ASC024MidBack\AM326ASC024MidBack.model</model>
        </node>
        <node>
           <name>MP_AM225ASC024MidBack_0_0</name>
           <model>usa\misc\AM225ASC024MidBack\AM225ASC024MidBack.model</model>
        </node>
        <node>
           <name>MP_AM077ASC024MidBack_0_0</name>
           <model>usa\misc\AM077ASC024MidBack\AM077ASC024MidBack.model</model>
        </node>
        <node>
           <name>MP_AM242ASC024MidBack_0_0</name>
           <model>usa\misc\AM242ASC024MidBack\AM242ASC024MidBack.model</model>
        </node>
        <node>
           <name>MP_AM049ASC024MidBack_0_0</name>
           <model>usa\misc\AM049ASC024MidBack\AM049ASC024MidBack.model</model>
        </node>
        <node>
           <name>MP_CM052ASC024MidBack_0_0</name>
           <model>common\misc\CM052ASC024MidBack\CM052ASC024MidBack.model</model>
        </node>
        <node>
           <name>MP_AM108ASC024MidBack_0_0</name>
           <model>usa\misc\AM108ASC024MidBack\AM108ASC024MidBack.model</model>
        </node>
        <node>
           <name>MP_AM292ASC024MidBack_0_0</name>
           <model>usa\misc\AM292ASC024MidBack\AM292ASC024MidBack.model</model>
        </node>
        <node>
           <name>MP_AM159ASC024MidBack_0_0</name>
           <model>usa\misc\AM159ASC024MidBack\AM159ASC024MidBack.model</model>
        </node>
        <node>
           <name>MP_CM081ASC024MidBack_0_0</name>
           <model>common\misc\CM081ASC024MidBack\CM081ASC024MidBack.model</model>
        </node>
        <node>
           <name>MP_AM219ASC024MidBack_0_0</name>
           <model>usa\misc\AM219ASC024MidBack\AM219ASC024MidBack.model</model>
        </node>
        <node>
           <name>MP_AM128ASC024MidBack_0_0</name>
           <model>usa\misc\AM128ASC024MidBack\AM128ASC024MidBack.model</model>
        </node>
        <node>
           <name>MP_AM131ASC024MidBack_0_0</name>
           <model>usa\misc\AM131ASC024MidBack\AM131ASC024MidBack.model</model>
        </node>
        <node>
           <name>MP_AM212_Ventilation</name>
           <model>usa\misc\AM212\AM212.model</model>
        </node>
        <node>
           <name>MP_AM391ASC024MidBack_0_0</name>
           <model>usa\misc\AM391ASC024MidBack\AM391ASC024MidBack.model</model>
        </node>
        <node>
           <name>MP_CM012ASC024MidBack_0_0</name>
           <model>common\misc\CM012ASC024MidBack\CM012ASC024MidBack.model</model>
        </node>
        <node>
           <name>MP_CM025_Stairway_Big_R</name>
           <model>common\misc\CM025\CM025.model</model>
        </node>
        <node>
           <name>MP_AM174_Insulator_2</name>
           <model>usa\misc\AM174\AM174.model</model>
        </node>
        <node>
           <name>MP_AM046_Running_Lights_B</name>
           <model>usa\misc\AM046\AM046.model</model>
        </node>
        <node>
           <name>MP_AM351_Flag_Box</name>
           <model>usa\misc\AM351\AM351.model</model>
        </node>
        <node>
           <name>MP_CM013_Fire_Hose_Rack_2</name>
           <model>common\misc\CM013\CM013.model</model>
        </node>
        <node>
           <name>MP_AM530_Loading_Machine_3in</name>
           <model>usa\misc\AM530\AM530.model</model>
        </node>
        <node>
           <name>MP_AM024ASC024MidBack_0_0</name>
           <model>usa\misc\AM024ASC024MidBack\AM024ASC024MidBack.model</model>
        </node>
        <node>
           <name>HP_Smoke_4</name>
           <model>UNKNOWN_ITEM</model>
        </node>
        <node>
           <name>HP_Fire_Burn_3</name>
           <model>UNKNOWN_ITEM</model>
        </node>
    </midback>
    <stern>
      <model>usa\ship\cruiser\ASC024_Phoenix_1917\ASC024_Phoenix_1917_Stern_ports.model</model>
        <node>
           <name>HP_AGM_5</name>
           <model>usa\gun\secondary\AGS111_6in_50_Mk8\AGS111_6in_50_Mk8.model</model>
        </node>
        <node>
           <name>HP_AGM_6</name>
           <model>usa\gun\secondary\AGS111_6in_50_Mk8\AGS111_6in_50_Mk8.model</model>
        </node>
        <node>
           <name>MP_AM242ASC024Stern_0_0</name>
           <model>usa\misc\AM242ASC024Stern\AM242ASC024Stern.model</model>
        </node>
        <node>
           <name>MP_AM006ASC024Stern_0_0</name>
           <model>usa\misc\AM006ASC024Stern\AM006ASC024Stern.model</model>
        </node>
        <node>
           <name>MP_AM432ASC024Stern_0_0</name>
           <model>usa\misc\AM432ASC024Stern\AM432ASC024Stern.model</model>
        </node>
        <node>
           <name>MP_AM305_Capstan</name>
           <model>usa\misc\AM305\AM305.model</model>
        </node>
        <node>
           <name>MP_AM128_Ventilators_5</name>
           <model>usa\misc\AM128\AM128.model</model>
        </node>
        <node>
           <name>MP_CM076ASC024Stern_0_0</name>
           <model>common\misc\CM076ASC024Stern\CM076ASC024Stern.model</model>
        </node>
        <node>
           <name>MP_AM248ASC024Stern_0_0</name>
           <model>usa\misc\AM248ASC024Stern\AM248ASC024Stern.model</model>
        </node>
        <node>
           <name>MP_CM032_Propeller3_R</name>
           <model>common\misc\CM032\CM032.model</model>
        </node>
        <node>
           <name>MP_CM081ASC024Stern_0_0</name>
           <model>common\misc\CM081ASC024Stern\CM081ASC024Stern.model</model>
        </node>
        <node>
           <name>MP_CM032_Propeller3_R_INDEX_1</name>
           <model>common\misc\CM032\CM032.model</model>
        </node>
        <node>
           <name>MP_AM326ASC024Stern_0_0</name>
           <model>usa\misc\AM326ASC024Stern\AM326ASC024Stern.model</model>
        </node>
        <node>
           <name>MP_AM219ASC024Stern_0_0</name>
           <model>usa\misc\AM219ASC024Stern\AM219ASC024Stern.model</model>
        </node>
        <node>
           <name>MP_CM001_Propeller3_L</name>
           <model>common\misc\CM001\CM001.model</model>
        </node>
        <node>
           <name>MP_CM011_Fire_Fighting_Gear</name>
           <model>common\misc\CM011\CM011.model</model>
        </node>
        <node>
           <name>MP_CM001_Propeller3_L_INDEX_1</name>
           <model>common\misc\CM001\CM001.model</model>
        </node>
        <node>
           <name>MP_AM212_Ventilation</name>
           <model>usa\misc\AM212\AM212.model</model>
        </node>
        <node>
           <name>MP_AM046_Running_Lights_B</name>
           <model>usa\misc\AM046\AM046.model</model>
        </node>
        <node>
           <name>MP_AM024ASC024Stern_0_0</name>
           <model>usa\misc\AM024ASC024Stern\AM024ASC024Stern.model</model>
        </node>
        <node>
           <name>HP_Fire_Burn_4</name>
           <model>UNKNOWN_ITEM</model>
        </node>
    </stern>
  </sections>
</ASC024_Phoenix_1917.xml>
