<ASA004_Langley_1929.xml>
  <sections>
    <bow>
      <model>usa\ship\aircarrier\ASA004_Langley_1929\ASA004_Langley_1929_bow_ports.model</model>
        <node>
           <name>HP_AGS_1</name>
           <model>usa\gun\secondary\AGS029_5in51_Mk_7\AGS029_5in51_Mk_7.model</model>
        </node>
        <node>
           <name>HP_AGS_2</name>
           <model>usa\gun\secondary\AGS029_5in51_Mk_7\AGS029_5in51_Mk_7.model</model>
        </node>
        <node>
           <name>HP_LiftOffPoint</name>
           <model>usa\aircraft\bomber\AAB008_Douglas_DT\AAB008_Douglas_DT.model</model>
        </node>
        <node>
           <name>HP_DeckStart</name>
           <model>usa\aircraft\bomber\AAB008_Douglas_DT\AAB008_Douglas_DT.model</model>
        </node>
        <node>
           <name>HP_Deck_18</name>
           <model>usa\aircraft\bomber\AAB008_Douglas_DT\AAB008_Douglas_DT.model</model>
        </node>
        <node>
           <name>HP_Deck_19</name>
           <model>UNKNOWN_ITEM</model>
        </node>
        <node>
           <name>HP_Deck_20</name>
           <model>UNKNOWN_ITEM</model>
        </node>
        <node>
           <name>HP_Deck_21</name>
           <model>UNKNOWN_ITEM</model>
        </node>
        <node>
           <name>HP_Deck_22</name>
           <model>UNKNOWN_ITEM</model>
        </node>
        <node>
           <name>HP_Deck_23</name>
           <model>UNKNOWN_ITEM</model>
        </node>
        <node>
           <name>HP_Deck_24</name>
           <model>UNKNOWN_ITEM</model>
        </node>
        <node>
           <name>HP_Deck_25</name>
           <model>UNKNOWN_ITEM</model>
        </node>
        <node>
           <name>HP_Deck_26</name>
           <model>UNKNOWN_ITEM</model>
        </node>
        <node>
           <name>HP_Deck_27</name>
           <model>UNKNOWN_ITEM</model>
        </node>
        <node>
           <name>HP_Deck_28</name>
           <model>UNKNOWN_ITEM</model>
        </node>
        <node>
           <name>HP_Deck_29</name>
           <model>UNKNOWN_ITEM</model>
        </node>
        <node>
           <name>HP_Deck_30</name>
           <model>UNKNOWN_ITEM</model>
        </node>
        <node>
           <name>HP_Deck_31</name>
           <model>UNKNOWN_ITEM</model>
        </node>
        <node>
           <name>HP_Deck_32</name>
           <model>UNKNOWN_ITEM</model>
        </node>
        <node>
           <name>HP_Deck_33</name>
           <model>UNKNOWN_ITEM</model>
        </node>
        <node>
           <name>HP_Deck_34</name>
           <model>UNKNOWN_ITEM</model>
        </node>
        <node>
           <name>HP_Deck_35</name>
           <model>UNKNOWN_ITEM</model>
        </node>
        <node>
           <name>HP_flag_1</name>
           <model>usa\misc\AM032\AM032.model</model>
        </node>
        <node>
           <name>HP_flag_2</name>
           <model>usa\misc\AM032\AM032.model</model>
        </node>
        <node>
           <name>HP_flag_3</name>
           <model>usa\misc\AM032\AM032.model</model>
        </node>
        <node>
           <name>HP_flag_4</name>
           <model>usa\misc\AM032\AM032.model</model>
        </node>
        <node>
           <name>MP_CM056_Ships_bell</name>
           <model>common\misc\CM056\CM056.model</model>
        </node>
        <node>
           <name>MP_AM219ASA004Bow_0_0</name>
           <model>usa\misc\AM219ASA004Bow\AM219ASA004Bow.model</model>
        </node>
        <node>
           <name>MP_AM047_Running_Lights_R</name>
           <model>usa\misc\AM047\AM047.model</model>
        </node>
        <node>
           <name>MP_CM012ASA004Bow_0_0</name>
           <model>common\misc\CM012ASA004Bow\CM012ASA004Bow.model</model>
        </node>
        <node>
           <name>MP_CM006ASA004Bow_0_0</name>
           <model>common\misc\CM006ASA004Bow\CM006ASA004Bow.model</model>
        </node>
        <node>
           <name>MP_AM048_Running_Lights_L</name>
           <model>usa\misc\AM048\AM048.model</model>
        </node>
        <node>
           <name>MP_AM342ASA004Bow_0_0</name>
           <model>usa\misc\AM342ASA004Bow\AM342ASA004Bow.model</model>
        </node>
        <node>
           <name>MP_AM528ASA004Bow_0_0</name>
           <model>usa\misc\AM528ASA004Bow\AM528ASA004Bow.model</model>
        </node>
        <node>
           <name>MP_AM331_Hatch</name>
           <model>usa\misc\AM331\AM331.model</model>
        </node>
        <node>
           <name>MP_AM329ASA004Bow_0_0</name>
           <model>usa\misc\AM329ASA004Bow\AM329ASA004Bow.model</model>
        </node>
        <node>
           <name>MP_AM025ASA004Bow_0_0</name>
           <model>usa\misc\AM025ASA004Bow\AM025ASA004Bow.model</model>
        </node>
        <node>
           <name>MP_AM038ASA004Bow_0_0</name>
           <model>usa\misc\AM038ASA004Bow\AM038ASA004Bow.model</model>
        </node>
        <node>
           <name>MP_AM249ASA004Bow_0_0</name>
           <model>usa\misc\AM249ASA004Bow\AM249ASA004Bow.model</model>
        </node>
        <node>
           <name>MP_AM330_Hatch</name>
           <model>usa\misc\AM330\AM330.model</model>
        </node>
        <node>
           <name>MP_CM030_Swab_Rack_2</name>
           <model>common\misc\CM030\CM030.model</model>
        </node>
        <node>
           <name>MP_CM029_Emergency_Box</name>
           <model>common\misc\CM029\CM029.model</model>
        </node>
        <node>
           <name>MP_AM006ASA004Bow_0_0</name>
           <model>usa\misc\AM006ASA004Bow\AM006ASA004Bow.model</model>
        </node>
        <node>
           <name>MP_AM248ASA004Bow_0_0</name>
           <model>usa\misc\AM248ASA004Bow\AM248ASA004Bow.model</model>
        </node>
        <node>
           <name>MP_AM003ASA004Bow_0_0</name>
           <model>usa\misc\AM003ASA004Bow\AM003ASA004Bow.model</model>
        </node>
        <node>
           <name>MP_AM328_Winch</name>
           <model>usa\misc\AM328\AM328.model</model>
        </node>
        <node>
           <name>MP_AM049_Signal_Lamp_1</name>
           <model>usa\misc\AM049\AM049.model</model>
        </node>
        <node>
           <name>MP_CM011ASA004Bow_0_0</name>
           <model>common\misc\CM011ASA004Bow\CM011ASA004Bow.model</model>
        </node>
        <node>
           <name>HP_Fire_Burn_1</name>
           <model>UNKNOWN_ITEM</model>
        </node>
    </bow>
    <midfront>
      <model>usa\ship\aircarrier\ASA004_Langley_1929\ASA004_Langley_1929_MidFront_ports.model</model>
        <node>
           <name>HP_Deck_17</name>
           <model>usa\aircraft\bomber\AAB008_Douglas_DT\AAB008_Douglas_DT.model</model>
        </node>
        <node>
           <name>MP_AM424ASA004MidFront_0_0</name>
           <model>usa\misc\AM424ASA004MidFront\AM424ASA004MidFront.model</model>
        </node>
        <node>
           <name>MP_AM271_Crane_Beam</name>
           <model>usa\misc\AM271\AM271.model</model>
        </node>
        <node>
           <name>MP_AM325ASA004MidFront_0_0</name>
           <model>usa\misc\AM325ASA004MidFront\AM325ASA004MidFront.model</model>
        </node>
        <node>
           <name>MP_AM322ASA004MidFront_0_0</name>
           <model>usa\misc\AM322ASA004MidFront\AM322ASA004MidFront.model</model>
        </node>
        <node>
           <name>MP_AM591ASA004MidFront_0_0</name>
           <model>usa\misc\AM591ASA004MidFront\AM591ASA004MidFront.model</model>
        </node>
        <node>
           <name>MP_AM092ASA004MidFront_0_0</name>
           <model>usa\misc\AM092ASA004MidFront\AM092ASA004MidFront.model</model>
        </node>
        <node>
           <name>MP_AM219ASA004MidFront_0_0</name>
           <model>usa\misc\AM219ASA004MidFront\AM219ASA004MidFront.model</model>
        </node>
        <node>
           <name>MP_AM323ASA004MidFront_0_0</name>
           <model>usa\misc\AM323ASA004MidFront\AM323ASA004MidFront.model</model>
        </node>
        <node>
           <name>MP_AM093_Motor_boat_35ft</name>
           <model>usa\misc\AM093\AM093.model</model>
        </node>
        <node>
           <name>MP_AM332ASA004MidFront_0_0</name>
           <model>usa\misc\AM332ASA004MidFront\AM332ASA004MidFront.model</model>
        </node>
        <node>
           <name>MP_CM076ASA004MidFront_0_0</name>
           <model>common\misc\CM076ASA004MidFront\CM076ASA004MidFront.model</model>
        </node>
        <node>
           <name>MP_CM017ASA004MidFront_0_0</name>
           <model>common\misc\CM017ASA004MidFront\CM017ASA004MidFront.model</model>
        </node>
        <node>
           <name>MP_AM077ASA004MidFront_0_0</name>
           <model>usa\misc\AM077ASA004MidFront\AM077ASA004MidFront.model</model>
        </node>
        <node>
           <name>MP_AM124ASA004MidFront_0_0</name>
           <model>usa\misc\AM124ASA004MidFront\AM124ASA004MidFront.model</model>
        </node>
        <node>
           <name>HP_Deck_15</name>
           <model>usa\aircraft\bomber\AAB008_Douglas_DT\AAB008_Douglas_DT.model</model>
        </node>
        <node>
           <name>HP_Deck_14</name>
           <model>usa\aircraft\bomber\AAB008_Douglas_DT\AAB008_Douglas_DT.model</model>
        </node>
        <node>
           <name>HP_Deck_12</name>
           <model>usa\aircraft\bomber\AAB008_Douglas_DT\AAB008_Douglas_DT.model</model>
        </node>
        <node>
           <name>HP_Fire_Burn_2</name>
           <model>UNKNOWN_ITEM</model>
        </node>
        <node>
           <name>HP_NoseWave_Speed</name>
           <model>UNKNOWN_ITEM</model>
        </node>
    </midfront>
    <midback>
      <model>usa\ship\aircarrier\ASA004_Langley_1929\ASA004_Langley_1929_MidBack_ports.model</model>
        <node>
           <name>HP_Deck_13</name>
           <model>usa\aircraft\bomber\AAB008_Douglas_DT\AAB008_Douglas_DT.model</model>
        </node>
        <node>
           <name>HP_Deck_16</name>
           <model>usa\aircraft\bomber\AAB008_Douglas_DT\AAB008_Douglas_DT.model</model>
        </node>
        <node>
           <name>HP_Deck_10</name>
           <model>usa\aircraft\bomber\AAB008_Douglas_DT\AAB008_Douglas_DT.model</model>
        </node>
        <node>
           <name>MP_AM114ASA004MidBack_0_0</name>
           <model>usa\misc\AM114ASA004MidBack\AM114ASA004MidBack.model</model>
        </node>
        <node>
           <name>MP_AM424ASA004MidBack_0_0</name>
           <model>usa\misc\AM424ASA004MidBack\AM424ASA004MidBack.model</model>
        </node>
        <node>
           <name>MP_AM323ASA004MidBack_0_0</name>
           <model>usa\misc\AM323ASA004MidBack\AM323ASA004MidBack.model</model>
        </node>
        <node>
           <name>MP_CM054_Stairway_Big_L</name>
           <model>common\misc\CM054\CM054.model</model>
        </node>
        <node>
           <name>MP_AM219ASA004MidBack_0_0</name>
           <model>usa\misc\AM219ASA004MidBack\AM219ASA004MidBack.model</model>
        </node>
        <node>
           <name>MP_AM093_Motor_boat_35ft</name>
           <model>usa\misc\AM093\AM093.model</model>
        </node>
        <node>
           <name>MP_AM592ASA004MidBack_0_0</name>
           <model>usa\misc\AM592ASA004MidBack\AM592ASA004MidBack.model</model>
        </node>
        <node>
           <name>MP_AM109ASA004MidBack_0_0</name>
           <model>usa\misc\AM109ASA004MidBack\AM109ASA004MidBack.model</model>
        </node>
        <node>
           <name>MP_CM036_Anchor_Close</name>
           <model>common\misc\CM036\CM036.model</model>
        </node>
        <node>
           <name>MP_CM017ASA004MidBack_0_0</name>
           <model>common\misc\CM017ASA004MidBack\CM017ASA004MidBack.model</model>
        </node>
        <node>
           <name>MP_AM248_Ammunition_Box</name>
           <model>usa\misc\AM248\AM248.model</model>
        </node>
        <node>
           <name>MP_CM055_Stairway_Big_R</name>
           <model>common\misc\CM055\CM055.model</model>
        </node>
        <node>
           <name>HP_Deck_11</name>
           <model>usa\aircraft\bomber\AAB008_Douglas_DT\AAB008_Douglas_DT.model</model>
        </node>
        <node>
           <name>HP_Fire_Burn_3</name>
           <model>UNKNOWN_ITEM</model>
        </node>
    </midback>
    <stern>
      <model>usa\ship\aircarrier\ASA004_Langley_1929\ASA004_Langley_1929_Stern_ports.model</model>
        <node>
           <name>HP_AGS_3</name>
           <model>usa\gun\secondary\AGS029_5in51_Mk_7\AGS029_5in51_Mk_7.model</model>
        </node>
        <node>
           <name>HP_AGS_4</name>
           <model>usa\gun\secondary\AGS029_5in51_Mk_7\AGS029_5in51_Mk_7.model</model>
        </node>
        <node>
           <name>HP_DeckLand</name>
           <model>usa\aircraft\bomber\AAB008_Douglas_DT\AAB008_Douglas_DT.model</model>
        </node>
        <node>
           <name>HP_DisappearPoint</name>
           <model>usa\aircraft\bomber\AAB008_Douglas_DT\AAB008_Douglas_DT.model</model>
        </node>
        <node>
           <name>HP_Deck_00</name>
           <model>usa\aircraft\fighter\AAF011_Curtiss_TS1\AAF011_Curtiss_TS1.model</model>
        </node>
        <node>
           <name>HP_Deck_01</name>
           <model>usa\aircraft\fighter\AAF011_Curtiss_TS1\AAF011_Curtiss_TS1.model</model>
        </node>
        <node>
           <name>HP_Deck_02</name>
           <model>usa\aircraft\fighter\AAF011_Curtiss_TS1\AAF011_Curtiss_TS1.model</model>
        </node>
        <node>
           <name>HP_Deck_03</name>
           <model>usa\aircraft\fighter\AAF011_Curtiss_TS1\AAF011_Curtiss_TS1.model</model>
        </node>
        <node>
           <name>HP_Deck_04</name>
           <model>usa\aircraft\fighter\AAF011_Curtiss_TS1\AAF011_Curtiss_TS1.model</model>
        </node>
        <node>
           <name>HP_Deck_05</name>
           <model>usa\aircraft\fighter\AAF011_Curtiss_TS1\AAF011_Curtiss_TS1.model</model>
        </node>
        <node>
           <name>HP_Deck_06</name>
           <model>usa\aircraft\bomber\AAB008_Douglas_DT\AAB008_Douglas_DT.model</model>
        </node>
        <node>
           <name>HP_Deck_07</name>
           <model>usa\aircraft\bomber\AAB008_Douglas_DT\AAB008_Douglas_DT.model</model>
        </node>
        <node>
           <name>HP_Deck_09</name>
           <model>usa\aircraft\bomber\AAB008_Douglas_DT\AAB008_Douglas_DT.model</model>
        </node>
        <node>
           <name>HP_Deck_08</name>
           <model>usa\aircraft\bomber\AAB008_Douglas_DT\AAB008_Douglas_DT.model</model>
        </node>
        <node>
           <name>HP_flag_nation</name>
           <model>usa\misc\AM032\AM032.model</model>
        </node>
        <node>
           <name>MP_CM011ASA004Stern_0_0</name>
           <model>common\misc\CM011ASA004Stern\CM011ASA004Stern.model</model>
        </node>
        <node>
           <name>MP_AM003ASA004Stern_0_0</name>
           <model>usa\misc\AM003ASA004Stern\AM003ASA004Stern.model</model>
        </node>
        <node>
           <name>MP_CM017ASA004Stern_0_0</name>
           <model>common\misc\CM017ASA004Stern\CM017ASA004Stern.model</model>
        </node>
        <node>
           <name>MP_AM327ASA004Stern_0_0</name>
           <model>usa\misc\AM327ASA004Stern\AM327ASA004Stern.model</model>
        </node>
        <node>
           <name>MP_AM384_Table</name>
           <model>usa\misc\AM384\AM384.model</model>
        </node>
        <node>
           <name>MP_AM248ASA004Stern_0_0</name>
           <model>usa\misc\AM248ASA004Stern\AM248ASA004Stern.model</model>
        </node>
        <node>
           <name>MP_AM342ASA004Stern_0_0</name>
           <model>usa\misc\AM342ASA004Stern\AM342ASA004Stern.model</model>
        </node>
        <node>
           <name>MP_AM225ASA004Stern_0_0</name>
           <model>usa\misc\AM225ASA004Stern\AM225ASA004Stern.model</model>
        </node>
        <node>
           <name>MP_AM528ASA004Stern_0_0</name>
           <model>usa\misc\AM528ASA004Stern\AM528ASA004Stern.model</model>
        </node>
        <node>
           <name>MP_AM249ASA004Stern_0_0</name>
           <model>usa\misc\AM249ASA004Stern\AM249ASA004Stern.model</model>
        </node>
        <node>
           <name>MP_AM329ASA004Stern_0_0</name>
           <model>usa\misc\AM329ASA004Stern\AM329ASA004Stern.model</model>
        </node>
        <node>
           <name>MP_AM325ASA004Stern_0_0</name>
           <model>usa\misc\AM325ASA004Stern\AM325ASA004Stern.model</model>
        </node>
        <node>
           <name>MP_AM006ASA004Stern_0_0</name>
           <model>usa\misc\AM006ASA004Stern\AM006ASA004Stern.model</model>
        </node>
        <node>
           <name>MP_CM012ASA004Stern_0_0</name>
           <model>common\misc\CM012ASA004Stern\CM012ASA004Stern.model</model>
        </node>
        <node>
           <name>MP_AM323ASA004Stern_0_0</name>
           <model>usa\misc\AM323ASA004Stern\AM323ASA004Stern.model</model>
        </node>
        <node>
           <name>MP_AM092ASA004Stern_0_0</name>
           <model>usa\misc\AM092ASA004Stern\AM092ASA004Stern.model</model>
        </node>
        <node>
           <name>MP_AM219ASA004Stern_0_0</name>
           <model>usa\misc\AM219ASA004Stern\AM219ASA004Stern.model</model>
        </node>
        <node>
           <name>MP_CM032_Propeller3_R</name>
           <model>common\misc\CM032\CM032.model</model>
        </node>
        <node>
           <name>MP_CM001_Propeller3_L</name>
           <model>common\misc\CM001\CM001.model</model>
        </node>
        <node>
           <name>MP_AM238ASA004Stern_0_0</name>
           <model>usa\misc\AM238ASA004Stern\AM238ASA004Stern.model</model>
        </node>
        <node>
           <name>MP_AM326ASA004Stern_0_0</name>
           <model>usa\misc\AM326ASA004Stern\AM326ASA004Stern.model</model>
        </node>
        <node>
           <name>MP_AM109ASA004Stern_0_0</name>
           <model>usa\misc\AM109ASA004Stern\AM109ASA004Stern.model</model>
        </node>
        <node>
           <name>MP_CM030ASA004Stern_0_0</name>
           <model>common\misc\CM030ASA004Stern\CM030ASA004Stern.model</model>
        </node>
        <node>
           <name>MP_AM209_Boat_Winch</name>
           <model>usa\misc\AM209\AM209.model</model>
        </node>
        <node>
           <name>MP_AM289ASA004Stern_0_0</name>
           <model>usa\misc\AM289ASA004Stern\AM289ASA004Stern.model</model>
        </node>
        <node>
           <name>MP_AM332_Davit</name>
           <model>usa\misc\AM332\AM332.model</model>
        </node>
        <node>
           <name>MP_CM029_Emergency_Box</name>
           <model>common\misc\CM029\CM029.model</model>
        </node>
        <node>
           <name>MP_AM094ASA004Stern_0_0</name>
           <model>usa\misc\AM094ASA004Stern\AM094ASA004Stern.model</model>
        </node>
        <node>
           <name>MP_AM200_Screened_speed_light</name>
           <model>usa\misc\AM200\AM200.model</model>
        </node>
        <node>
           <name>MP_AM046_Running_Lights_B</name>
           <model>usa\misc\AM046\AM046.model</model>
        </node>
        <node>
           <name>MP_AM324_Ammunition_box</name>
           <model>usa\misc\AM324\AM324.model</model>
        </node>
        <node>
           <name>MP_AM305_Capstan</name>
           <model>usa\misc\AM305\AM305.model</model>
        </node>
        <node>
           <name>HP_Smoke_1</name>
           <model>UNKNOWN_ITEM</model>
        </node>
        <node>
           <name>HP_Smoke_2</name>
           <model>UNKNOWN_ITEM</model>
        </node>
        <node>
           <name>HP_Fire_Burn_4</name>
           <model>UNKNOWN_ITEM</model>
        </node>
    </stern>
  </sections>
</ASA004_Langley_1929.xml>
