<JSA011_Hiryu_1942.xml>
  <sections>
    <bow>
      <model>japan\ship\aircarrier\JSA011_Hiryu_1942\JSA011_Hiryu_1942_bow_ports.model</model>
        <node>
           <name>HP_JD_1</name>
           <model>japan\director\JD011_Director_Type_95_Mod3\JD011_Director_Type_95_Mod3.model</model>
        </node>
        <node>
           <name>HP_JGA_1</name>
           <model>japan\gun\aaircraft\JGA010_25mm_Type96\JGA010_25mm_Type96.model</model>
        </node>
        <node>
           <name>HP_JGA_2</name>
           <model>japan\gun\aaircraft\JGA010_25mm_Type96\JGA010_25mm_Type96.model</model>
        </node>
        <node>
           <name>HP_LiftOffPoint</name>
           <model>japan\aircraft\bomber\JAB004_Yokosuka_B4Y\JAB004_Yokosuka_B4Y.model</model>
        </node>
        <node>
           <name>MP_JM078_Deck_Winch_2</name>
           <model>japan\misc\JM078\JM078.model</model>
        </node>
        <node>
           <name>MP_CM009_Life_Buoy_2</name>
           <model>common\misc\CM009\CM009.model</model>
        </node>
        <node>
           <name>MP_JM013_Reels_1</name>
           <model>japan\misc\JM013\JM013.model</model>
        </node>
        <node>
           <name>MP_JM261_Fuse_box_1</name>
           <model>japan\misc\JM261\JM261.model</model>
        </node>
        <node>
           <name>MP_JM099_Signal_Lamp_1</name>
           <model>japan\misc\JM099\JM099.model</model>
        </node>
        <node>
           <name>MP_JM033_Roller_Fairled</name>
           <model>japan\misc\JM033\JM033.model</model>
        </node>
        <node>
           <name>MP_CM012_Fire_Hose_Rack_1</name>
           <model>common\misc\CM012\CM012.model</model>
        </node>
        <node>
           <name>MP_JM014_Reels_2</name>
           <model>japan\misc\JM014\JM014.model</model>
        </node>
        <node>
           <name>MP_JM149_Ammunition_Box</name>
           <model>japan\misc\JM149\JM149.model</model>
        </node>
        <node>
           <name>MP_JM251_Gauge_3</name>
           <model>japan\misc\JM251\JM251.model</model>
        </node>
        <node>
           <name>MP_JM079_Roller_Fairled</name>
           <model>japan\misc\JM079\JM079.model</model>
        </node>
        <node>
           <name>MP_CM011_Fire_Fighting_Gear</name>
           <model>common\misc\CM011\CM011.model</model>
        </node>
        <node>
           <name>MP_CM029_Emergency_Box</name>
           <model>common\misc\CM029\CM029.model</model>
        </node>
        <node>
           <name>MP_JM099_Signal_Lamp_1_INDEX_1</name>
           <model>japan\misc\JM099\JM099.model</model>
        </node>
        <node>
           <name>MP_JM198_Winch_Crane</name>
           <model>japan\misc\JM198\JM198.model</model>
        </node>
        <node>
           <name>MP_JM250_Gauge_2</name>
           <model>japan\misc\JM250\JM250.model</model>
        </node>
        <node>
           <name>MP_JM029_Leadsman_Platform</name>
           <model>japan\misc\JM029\JM029.model</model>
        </node>
        <node>
           <name>MP_JM125_Signal_Lamp_3</name>
           <model>japan\misc\JM125\JM125.model</model>
        </node>
        <node>
           <name>MP_JM255_Double_Gauge</name>
           <model>japan\misc\JM255\JM255.model</model>
        </node>
        <node>
           <name>MP_JM014_Reels_2_INDEX_1</name>
           <model>japan\misc\JM014\JM014.model</model>
        </node>
        <node>
           <name>MP_CM005_Anchor_1</name>
           <model>common\misc\CM005\CM005.model</model>
        </node>
        <node>
           <name>MP_JM141_Break_Handwheel_1</name>
           <model>japan\misc\JM141\JM141.model</model>
        </node>
        <node>
           <name>MP_CM005_Anchor_1_INDEX_1</name>
           <model>common\misc\CM005\CM005.model</model>
        </node>
        <node>
           <name>MP_JM099_Signal_Lamp_1_INDEX_2</name>
           <model>japan\misc\JM099\JM099.model</model>
        </node>
        <node>
           <name>MP_JM014_Reels_2_INDEX_2</name>
           <model>japan\misc\JM014\JM014.model</model>
        </node>
        <node>
           <name>MP_JM013_Reels_1_INDEX_1</name>
           <model>japan\misc\JM013\JM013.model</model>
        </node>
        <node>
           <name>MP_JM149_Ammunition_Box_INDEX_1</name>
           <model>japan\misc\JM149\JM149.model</model>
        </node>
        <node>
           <name>MP_JM029_Leadsman_Platform_INDEX_1</name>
           <model>japan\misc\JM029\JM029.model</model>
        </node>
        <node>
           <name>MP_JM078_Deck_Winch_2_INDEX_1</name>
           <model>japan\misc\JM078\JM078.model</model>
        </node>
        <node>
           <name>MP_JM194_Ventilation</name>
           <model>japan\misc\JM194\JM194.model</model>
        </node>
        <node>
           <name>MP_JM141_Break_Handwheel_1_INDEX_1</name>
           <model>japan\misc\JM141\JM141.model</model>
        </node>
        <node>
           <name>MP_JM109_Deck_Hatch_11</name>
           <model>japan\misc\JM109\JM109.model</model>
        </node>
        <node>
           <name>MP_JM196_Binocular_with_signal_lamp</name>
           <model>japan\misc\JM196\JM196.model</model>
        </node>
        <node>
           <name>MP_JM247_Electric_gauge_L</name>
           <model>japan\misc\JM247\JM247.model</model>
        </node>
        <node>
           <name>MP_JM064_Bollards_2</name>
           <model>japan\misc\JM064\JM064.model</model>
        </node>
        <node>
           <name>MP_CM029_Emergency_Box_INDEX_1</name>
           <model>common\misc\CM029\CM029.model</model>
        </node>
        <node>
           <name>MP_CM011_Fire_Fighting_Gear_INDEX_1</name>
           <model>common\misc\CM011\CM011.model</model>
        </node>
        <node>
           <name>MP_JM241_Speaker_tube_group_L</name>
           <model>japan\misc\JM241\JM241.model</model>
        </node>
        <node>
           <name>MP_JM064_Bollards_2_INDEX_1</name>
           <model>japan\misc\JM064\JM064.model</model>
        </node>
        <node>
           <name>MP_JM099_Signal_Lamp_1_INDEX_3</name>
           <model>japan\misc\JM099\JM099.model</model>
        </node>
        <node>
           <name>MP_JM310_Chrysanthemum_full</name>
           <model>japan\misc\JM310\JM310.model</model>
        </node>
        <node>
           <name>MP_CM012_Fire_Hose_Rack_1_INDEX_1</name>
           <model>common\misc\CM012\CM012.model</model>
        </node>
        <node>
           <name>MP_JM099_Signal_Lamp_1_INDEX_4</name>
           <model>japan\misc\JM099\JM099.model</model>
        </node>
        <node>
           <name>MP_JM027_Fairlead_2</name>
           <model>japan\misc\JM027\JM027.model</model>
        </node>
        <node>
           <name>MP_JM259_Gauge_8</name>
           <model>japan\misc\JM259\JM259.model</model>
        </node>
        <node>
           <name>MP_JM149_Ammunition_Box_INDEX_2</name>
           <model>japan\misc\JM149\JM149.model</model>
        </node>
        <node>
           <name>MP_JM109_Deck_Hatch_11_INDEX_1</name>
           <model>japan\misc\JM109\JM109.model</model>
        </node>
        <node>
           <name>MP_JM099_Signal_Lamp_1_INDEX_5</name>
           <model>japan\misc\JM099\JM099.model</model>
        </node>
        <node>
           <name>MP_JM262_Fuse_Box_2</name>
           <model>japan\misc\JM262\JM262.model</model>
        </node>
        <node>
           <name>MP_JM014_Reels_2_INDEX_3</name>
           <model>japan\misc\JM014\JM014.model</model>
        </node>
        <node>
           <name>MP_JM078_Deck_Winch_2_INDEX_2</name>
           <model>japan\misc\JM078\JM078.model</model>
        </node>
        <node>
           <name>MP_JM027_Fairlead_2_INDEX_1</name>
           <model>japan\misc\JM027\JM027.model</model>
        </node>
        <node>
           <name>HP_Fire_Burn_1</name>
           <model>UNKNOWN_ITEM</model>
        </node>
    </bow>
    <midfront>
      <model>japan\ship\aircarrier\JSA011_Hiryu_1942\JSA011_Hiryu_1942_MidFront_ports.model</model>
        <node>
           <name>HP_JD_3</name>
           <model>japan\director\JD056_MachineGun_Control_Position\JD056_MachineGun_Control_Position.model</model>
        </node>
        <node>
           <name>HP_JD_2</name>
           <model>japan\director\JD056_MachineGun_Control_Position\JD056_MachineGun_Control_Position.model</model>
        </node>
        <node>
           <name>HP_JD_4</name>
           <model>japan\director\JD025_Director_Type_94_Mod1\JD025_Director_Type_94_Mod1.model</model>
        </node>
        <node>
           <name>HP_JD_5</name>
           <model>japan\director\JD025_Director_Type_94_Mod1\JD025_Director_Type_94_Mod1.model</model>
        </node>
        <node>
           <name>HP_JF_1</name>
           <model>japan\finder\JF033_Rangefinder_1_5m\JF033_Rangefinder_1_5m.model</model>
        </node>
        <node>
           <name>HP_JGA_3</name>
           <model>japan\gun\aaircraft\JGA019_25mm_Type96_double\JGA019_25mm_Type96_double.model</model>
        </node>
        <node>
           <name>HP_JGA_4</name>
           <model>japan\gun\aaircraft\JGA019_25mm_Type96_double\JGA019_25mm_Type96_double.model</model>
        </node>
        <node>
           <name>HP_JGA_5</name>
           <model>japan\gun\aaircraft\JGA019_25mm_Type96_double\JGA019_25mm_Type96_double.model</model>
        </node>
        <node>
           <name>HP_JGA_6</name>
           <model>japan\gun\aaircraft\JGA019_25mm_Type96_double\JGA019_25mm_Type96_double.model</model>
        </node>
        <node>
           <name>HP_JGS_1</name>
           <model>japan\gun\secondary\JGS009_127mm40_Type_89\JGS009_127mm40_Type_89.model</model>
        </node>
        <node>
           <name>HP_JGS_2</name>
           <model>japan\gun\secondary\JGS009_127mm40_Type_89\JGS009_127mm40_Type_89.model</model>
        </node>
        <node>
           <name>HP_JGS_3</name>
           <model>japan\gun\secondary\JGS009_127mm40_Type_89\JGS009_127mm40_Type_89.model</model>
        </node>
        <node>
           <name>HP_JGS_4</name>
           <model>japan\gun\secondary\JGS009_127mm40_Type_89\JGS009_127mm40_Type_89.model</model>
        </node>
        <node>
           <name>HP_flag_1</name>
           <model>japan\misc\JM001\JM001.model</model>
        </node>
        <node>
           <name>HP_flag_2</name>
           <model>japan\misc\JM001\JM001.model</model>
        </node>
        <node>
           <name>HP_flag_3</name>
           <model>japan\misc\JM001\JM001.model</model>
        </node>
        <node>
           <name>HP_flag_4</name>
           <model>japan\misc\JM001\JM001.model</model>
        </node>
        <node>
           <name>HP_DeckStart</name>
           <model>japan\aircraft\bomber\JAB004_Yokosuka_B4Y\JAB004_Yokosuka_B4Y.model</model>
        </node>
        <node>
           <name>HP_Deck_20</name>
           <model>japan\aircraft\dive\JAD002_D3A1\JAD002_D3A1.model</model>
        </node>
        <node>
           <name>HP_Deck_21</name>
           <model>japan\aircraft\dive\JAD002_D3A1\JAD002_D3A1.model</model>
        </node>
        <node>
           <name>HP_Deck_22</name>
           <model>japan\aircraft\dive\JAD002_D3A1\JAD002_D3A1.model</model>
        </node>
        <node>
           <name>HP_Deck_23</name>
           <model>japan\aircraft\dive\JAD002_D3A1\JAD002_D3A1.model</model>
        </node>
        <node>
           <name>HP_Deck_24</name>
           <model>japan\aircraft\dive\JAD002_D3A1\JAD002_D3A1.model</model>
        </node>
        <node>
           <name>HP_Deck_25</name>
           <model>japan\aircraft\dive\JAD002_D3A1\JAD002_D3A1.model</model>
        </node>
        <node>
           <name>HP_Deck_26</name>
           <model>japan\aircraft\dive\JAD002_D3A1\JAD002_D3A1.model</model>
        </node>
        <node>
           <name>HP_Deck_27</name>
           <model>japan\aircraft\dive\JAD002_D3A1\JAD002_D3A1.model</model>
        </node>
        <node>
           <name>HP_Deck_28</name>
           <model>japan\aircraft\dive\JAD002_D3A1\JAD002_D3A1.model</model>
        </node>
        <node>
           <name>MP_CM010_Fire_Hose_Reel</name>
           <model>common\misc\CM010\CM010.model</model>
        </node>
        <node>
           <name>MP_JM241_Speaker_tube_group_L</name>
           <model>japan\misc\JM241\JM241.model</model>
        </node>
        <node>
           <name>MP_JM149_Ammunition_Box</name>
           <model>japan\misc\JM149\JM149.model</model>
        </node>
        <node>
           <name>MP_CM009_Life_Buoy_2</name>
           <model>common\misc\CM009\CM009.model</model>
        </node>
        <node>
           <name>MP_JM099_Signal_Lamp_1</name>
           <model>japan\misc\JM099\JM099.model</model>
        </node>
        <node>
           <name>MP_JM149_Ammunition_Box_INDEX_1</name>
           <model>japan\misc\JM149\JM149.model</model>
        </node>
        <node>
           <name>MP_JM166_Voice_Tube</name>
           <model>japan\misc\JM166\JM166.model</model>
        </node>
        <node>
           <name>MP_JM248_Electric_gauge_R</name>
           <model>japan\misc\JM248\JM248.model</model>
        </node>
        <node>
           <name>MP_JM251_Gauge_3</name>
           <model>japan\misc\JM251\JM251.model</model>
        </node>
        <node>
           <name>MP_JM133_Runway_Light_G</name>
           <model>japan\misc\JM133\JM133.model</model>
        </node>
        <node>
           <name>MP_JM263_Small_fuse_box</name>
           <model>japan\misc\JM263\JM263.model</model>
        </node>
        <node>
           <name>MP_CM029_Emergency_Box</name>
           <model>common\misc\CM029\CM029.model</model>
        </node>
        <node>
           <name>MP_JM249_Gauge_1</name>
           <model>japan\misc\JM249\JM249.model</model>
        </node>
        <node>
           <name>MP_JM194_Ventilation</name>
           <model>japan\misc\JM194\JM194.model</model>
        </node>
        <node>
           <name>MP_JM265_Wall_trigger_2</name>
           <model>japan\misc\JM265\JM265.model</model>
        </node>
        <node>
           <name>MP_JM166_Voice_Tube_INDEX_1</name>
           <model>japan\misc\JM166\JM166.model</model>
        </node>
        <node>
           <name>MP_JM125_Signal_Lamp_3</name>
           <model>japan\misc\JM125\JM125.model</model>
        </node>
        <node>
           <name>MP_JM136_Deck_Light</name>
           <model>japan\misc\JM136\JM136.model</model>
        </node>
        <node>
           <name>MP_JM116_Antenna_3</name>
           <model>japan\misc\JM116\JM116.model</model>
        </node>
        <node>
           <name>MP_JM166_Voice_Tube_INDEX_2</name>
           <model>japan\misc\JM166\JM166.model</model>
        </node>
        <node>
           <name>MP_JM194_Ventilation_INDEX_1</name>
           <model>japan\misc\JM194\JM194.model</model>
        </node>
        <node>
           <name>MP_JM194_Ventilation_INDEX_2</name>
           <model>japan\misc\JM194\JM194.model</model>
        </node>
        <node>
           <name>MP_JM254_Gauge_6</name>
           <model>japan\misc\JM254\JM254.model</model>
        </node>
        <node>
           <name>MP_JM059_Deck_Hatch_8</name>
           <model>japan\misc\JM059\JM059.model</model>
        </node>
        <node>
           <name>MP_JM125_Signal_Lamp_3_INDEX_1</name>
           <model>japan\misc\JM125\JM125.model</model>
        </node>
        <node>
           <name>MP_JM149_Ammunition_Box_INDEX_2</name>
           <model>japan\misc\JM149\JM149.model</model>
        </node>
        <node>
           <name>MP_JM149_Ammunition_Box_INDEX_3</name>
           <model>japan\misc\JM149\JM149.model</model>
        </node>
        <node>
           <name>MP_JM194_Ventilation_INDEX_3</name>
           <model>japan\misc\JM194\JM194.model</model>
        </node>
        <node>
           <name>MP_JM271_Telephone</name>
           <model>japan\misc\JM271\JM271.model</model>
        </node>
        <node>
           <name>MP_JM099_Signal_Lamp_1_INDEX_1</name>
           <model>japan\misc\JM099\JM099.model</model>
        </node>
        <node>
           <name>MP_JM133_Runway_Light_G_INDEX_1</name>
           <model>japan\misc\JM133\JM133.model</model>
        </node>
        <node>
           <name>MP_JM125_Signal_Lamp_3_INDEX_2</name>
           <model>japan\misc\JM125\JM125.model</model>
        </node>
        <node>
           <name>MP_CM010_Fire_Hose_Reel_INDEX_1</name>
           <model>common\misc\CM010\CM010.model</model>
        </node>
        <node>
           <name>MP_JM149_Ammunition_Box_INDEX_4</name>
           <model>japan\misc\JM149\JM149.model</model>
        </node>
        <node>
           <name>MP_JM259_Gauge_8</name>
           <model>japan\misc\JM259\JM259.model</model>
        </node>
        <node>
           <name>MP_JM006_Binocular_1</name>
           <model>japan\misc\JM006\JM006.model</model>
        </node>
        <node>
           <name>MP_JM099_Signal_Lamp_1_INDEX_2</name>
           <model>japan\misc\JM099\JM099.model</model>
        </node>
        <node>
           <name>MP_JM180_Deck_Light</name>
           <model>japan\misc\JM180\JM180.model</model>
        </node>
        <node>
           <name>MP_JM194_Ventilation_INDEX_4</name>
           <model>japan\misc\JM194\JM194.model</model>
        </node>
        <node>
           <name>MP_JM196_Binocular_with_signal_lamp</name>
           <model>japan\misc\JM196\JM196.model</model>
        </node>
        <node>
           <name>MP_JM172_Binoculars_Bridge</name>
           <model>japan\misc\JM172\JM172.model</model>
        </node>
        <node>
           <name>MP_JM059_Deck_Hatch_8_INDEX_1</name>
           <model>japan\misc\JM059\JM059.model</model>
        </node>
        <node>
           <name>MP_JM149_Ammunition_Box_INDEX_5</name>
           <model>japan\misc\JM149\JM149.model</model>
        </node>
        <node>
           <name>MP_JM009_Signal_Lamp</name>
           <model>japan\misc\JM009\JM009.model</model>
        </node>
        <node>
           <name>MP_JM002_Paravane</name>
           <model>japan\misc\JM002\JM002.model</model>
        </node>
        <node>
           <name>MP_JM166_Voice_Tube_INDEX_3</name>
           <model>japan\misc\JM166\JM166.model</model>
        </node>
        <node>
           <name>MP_JM172_Binoculars_Bridge_INDEX_1</name>
           <model>japan\misc\JM172\JM172.model</model>
        </node>
        <node>
           <name>MP_JM037_Cutter_9m</name>
           <model>japan\misc\JM037\JM037.model</model>
        </node>
        <node>
           <name>MP_JM172_Binoculars_Bridge_INDEX_2</name>
           <model>japan\misc\JM172\JM172.model</model>
        </node>
        <node>
           <name>MP_JM149_Ammunition_Box_INDEX_6</name>
           <model>japan\misc\JM149\JM149.model</model>
        </node>
        <node>
           <name>MP_JM149_Ammunition_Box_INDEX_7</name>
           <model>japan\misc\JM149\JM149.model</model>
        </node>
        <node>
           <name>MP_JM180_Deck_Light_INDEX_1</name>
           <model>japan\misc\JM180\JM180.model</model>
        </node>
        <node>
           <name>MP_JM006_Binocular_1_INDEX_1</name>
           <model>japan\misc\JM006\JM006.model</model>
        </node>
        <node>
           <name>MP_JM010_Deck_Lamp</name>
           <model>japan\misc\JM010\JM010.model</model>
        </node>
        <node>
           <name>MP_CM010_Fire_Hose_Reel_INDEX_2</name>
           <model>common\misc\CM010\CM010.model</model>
        </node>
        <node>
           <name>MP_JM133_Runway_Light_G_INDEX_2</name>
           <model>japan\misc\JM133\JM133.model</model>
        </node>
        <node>
           <name>MP_JM099_Signal_Lamp_1_INDEX_3</name>
           <model>japan\misc\JM099\JM099.model</model>
        </node>
        <node>
           <name>MP_JM059_Deck_Hatch_8_INDEX_2</name>
           <model>japan\misc\JM059\JM059.model</model>
        </node>
        <node>
           <name>MP_JM172_Binoculars_Bridge_INDEX_3</name>
           <model>japan\misc\JM172\JM172.model</model>
        </node>
        <node>
           <name>MP_JM178_Winch</name>
           <model>japan\misc\JM178\JM178.model</model>
        </node>
        <node>
           <name>MP_JM107_Binocular_2</name>
           <model>japan\misc\JM107\JM107.model</model>
        </node>
        <node>
           <name>MP_JM255_Double_Gauge</name>
           <model>japan\misc\JM255\JM255.model</model>
        </node>
        <node>
           <name>MP_CM009_Life_Buoy_2_INDEX_1</name>
           <model>common\misc\CM009\CM009.model</model>
        </node>
        <node>
           <name>MP_CM029_Emergency_Box_INDEX_1</name>
           <model>common\misc\CM029\CM029.model</model>
        </node>
        <node>
           <name>MP_JM196_Binocular_with_signal_lamp_INDEX_1</name>
           <model>japan\misc\JM196\JM196.model</model>
        </node>
        <node>
           <name>MP_JM133_Runway_Light_G_INDEX_3</name>
           <model>japan\misc\JM133\JM133.model</model>
        </node>
        <node>
           <name>MP_JM002_Paravane_INDEX_1</name>
           <model>japan\misc\JM002\JM002.model</model>
        </node>
        <node>
           <name>MP_JM190_Gyro_Repeater</name>
           <model>japan\misc\JM190\JM190.model</model>
        </node>
        <node>
           <name>MP_JM172_Binoculars_Bridge_INDEX_4</name>
           <model>japan\misc\JM172\JM172.model</model>
        </node>
        <node>
           <name>MP_JM037_Cutter_9m_INDEX_1</name>
           <model>japan\misc\JM037\JM037.model</model>
        </node>
        <node>
           <name>MP_JM149_Ammunition_Box_INDEX_8</name>
           <model>japan\misc\JM149\JM149.model</model>
        </node>
        <node>
           <name>MP_JM194_Ventilation_INDEX_5</name>
           <model>japan\misc\JM194\JM194.model</model>
        </node>
        <node>
           <name>MP_JM108_Binocular_3</name>
           <model>japan\misc\JM108\JM108.model</model>
        </node>
        <node>
           <name>MP_JM180_Deck_Light_INDEX_2</name>
           <model>japan\misc\JM180\JM180.model</model>
        </node>
        <node>
           <name>MP_JM031_Wind_Intensity</name>
           <model>japan\misc\JM031\JM031.model</model>
        </node>
        <node>
           <name>MP_JM099_Signal_Lamp_1_INDEX_4</name>
           <model>japan\misc\JM099\JM099.model</model>
        </node>
        <node>
           <name>MP_JM172_Binoculars_Bridge_INDEX_5</name>
           <model>japan\misc\JM172\JM172.model</model>
        </node>
        <node>
           <name>MP_JM149_Ammunition_Box_INDEX_9</name>
           <model>japan\misc\JM149\JM149.model</model>
        </node>
        <node>
           <name>MP_JM107_Binocular_2_INDEX_1</name>
           <model>japan\misc\JM107\JM107.model</model>
        </node>
        <node>
           <name>MP_JM125_Signal_Lamp_3_INDEX_3</name>
           <model>japan\misc\JM125\JM125.model</model>
        </node>
        <node>
           <name>MP_CM029_Emergency_Box_INDEX_2</name>
           <model>common\misc\CM029\CM029.model</model>
        </node>
        <node>
           <name>MP_JM133_Runway_Light_G_INDEX_4</name>
           <model>japan\misc\JM133\JM133.model</model>
        </node>
        <node>
           <name>MP_JM092_Running_Lights_R</name>
           <model>japan\misc\JM092\JM092.model</model>
        </node>
        <node>
           <name>MP_JM194_Ventilation_INDEX_6</name>
           <model>japan\misc\JM194\JM194.model</model>
        </node>
        <node>
           <name>MP_JM002_Paravane_INDEX_2</name>
           <model>japan\misc\JM002\JM002.model</model>
        </node>
        <node>
           <name>MP_JM172_Binoculars_Bridge_INDEX_6</name>
           <model>japan\misc\JM172\JM172.model</model>
        </node>
        <node>
           <name>MP_JM166_Voice_Tube_INDEX_4</name>
           <model>japan\misc\JM166\JM166.model</model>
        </node>
        <node>
           <name>MP_JM125_Signal_Lamp_3_INDEX_4</name>
           <model>japan\misc\JM125\JM125.model</model>
        </node>
        <node>
           <name>MP_JM271_Telephone_INDEX_1</name>
           <model>japan\misc\JM271\JM271.model</model>
        </node>
        <node>
           <name>MP_JM133_Runway_Light_G_INDEX_5</name>
           <model>japan\misc\JM133\JM133.model</model>
        </node>
        <node>
           <name>MP_JM178_Winch_INDEX_1</name>
           <model>japan\misc\JM178\JM178.model</model>
        </node>
        <node>
           <name>MP_JM250_Gauge_2</name>
           <model>japan\misc\JM250\JM250.model</model>
        </node>
        <node>
           <name>MP_JM149_Ammunition_Box_INDEX_10</name>
           <model>japan\misc\JM149\JM149.model</model>
        </node>
        <node>
           <name>MP_JM180_Deck_Light_INDEX_3</name>
           <model>japan\misc\JM180\JM180.model</model>
        </node>
        <node>
           <name>MP_JM099_Signal_Lamp_1_INDEX_5</name>
           <model>japan\misc\JM099\JM099.model</model>
        </node>
        <node>
           <name>MP_JM108_Binocular_3_INDEX_1</name>
           <model>japan\misc\JM108\JM108.model</model>
        </node>
        <node>
           <name>MP_JM194_Ventilation_INDEX_7</name>
           <model>japan\misc\JM194\JM194.model</model>
        </node>
        <node>
           <name>MP_JM149_Ammunition_Box_INDEX_11</name>
           <model>japan\misc\JM149\JM149.model</model>
        </node>
        <node>
           <name>MP_JM133_Runway_Light_G_INDEX_6</name>
           <model>japan\misc\JM133\JM133.model</model>
        </node>
        <node>
           <name>MP_JM166_Voice_Tube_INDEX_5</name>
           <model>japan\misc\JM166\JM166.model</model>
        </node>
        <node>
           <name>MP_JM010_Deck_Lamp_INDEX_1</name>
           <model>japan\misc\JM010\JM010.model</model>
        </node>
        <node>
           <name>MP_JM259_Gauge_8_INDEX_1</name>
           <model>japan\misc\JM259\JM259.model</model>
        </node>
        <node>
           <name>MP_JM254_Gauge_6_INDEX_1</name>
           <model>japan\misc\JM254\JM254.model</model>
        </node>
        <node>
           <name>MP_JM179_Bench</name>
           <model>japan\misc\JM179\JM179.model</model>
        </node>
        <node>
           <name>MP_JM099_Signal_Lamp_1_INDEX_6</name>
           <model>japan\misc\JM099\JM099.model</model>
        </node>
        <node>
           <name>MP_JM166_Voice_Tube_INDEX_6</name>
           <model>japan\misc\JM166\JM166.model</model>
        </node>
        <node>
           <name>MP_JM149_Ammunition_Box_INDEX_12</name>
           <model>japan\misc\JM149\JM149.model</model>
        </node>
        <node>
           <name>MP_JM166_Voice_Tube_INDEX_7</name>
           <model>japan\misc\JM166\JM166.model</model>
        </node>
        <node>
           <name>MP_JM256_Gauge_7</name>
           <model>japan\misc\JM256\JM256.model</model>
        </node>
        <node>
           <name>MP_JM256_Gauge_7_INDEX_1</name>
           <model>japan\misc\JM256\JM256.model</model>
        </node>
        <node>
           <name>MP_JM093_Running_Lights_L</name>
           <model>japan\misc\JM093\JM093.model</model>
        </node>
        <node>
           <name>MP_JM251_Gauge_3_INDEX_1</name>
           <model>japan\misc\JM251\JM251.model</model>
        </node>
        <node>
           <name>MP_JM101_Runway_Lights_1L</name>
           <model>japan\misc\JM101\JM101.model</model>
        </node>
        <node>
           <name>MP_JM116_Antenna_3_INDEX_1</name>
           <model>japan\misc\JM116\JM116.model</model>
        </node>
        <node>
           <name>MP_JM013_Reels_1</name>
           <model>japan\misc\JM013\JM013.model</model>
        </node>
        <node>
           <name>MP_JM166_Voice_Tube_INDEX_8</name>
           <model>japan\misc\JM166\JM166.model</model>
        </node>
        <node>
           <name>MP_JM030_Wind_Direction</name>
           <model>japan\misc\JM030\JM030.model</model>
        </node>
        <node>
           <name>MP_JM172_Binoculars_Bridge_INDEX_7</name>
           <model>japan\misc\JM172\JM172.model</model>
        </node>
        <node>
           <name>MP_CM059_Ladder_Cruiser</name>
           <model>common\misc\CM059\CM059.model</model>
        </node>
        <node>
           <name>MP_JM107_Binocular_2_INDEX_2</name>
           <model>japan\misc\JM107\JM107.model</model>
        </node>
        <node>
           <name>MP_JM166_Voice_Tube_INDEX_9</name>
           <model>japan\misc\JM166\JM166.model</model>
        </node>
        <node>
           <name>MP_CM029_Emergency_Box_INDEX_3</name>
           <model>common\misc\CM029\CM029.model</model>
        </node>
        <node>
           <name>MP_JM166_Voice_Tube_INDEX_10</name>
           <model>japan\misc\JM166\JM166.model</model>
        </node>
        <node>
           <name>MP_JM099_Signal_Lamp_1_INDEX_7</name>
           <model>japan\misc\JM099\JM099.model</model>
        </node>
        <node>
           <name>MP_JM172_Binoculars_Bridge_INDEX_8</name>
           <model>japan\misc\JM172\JM172.model</model>
        </node>
        <node>
           <name>MP_CM059_Ladder_Cruiser_INDEX_1</name>
           <model>common\misc\CM059\CM059.model</model>
        </node>
        <node>
           <name>MP_JM172_Binoculars_Bridge_INDEX_9</name>
           <model>japan\misc\JM172\JM172.model</model>
        </node>
        <node>
           <name>MP_JM009_Signal_Lamp_INDEX_1</name>
           <model>japan\misc\JM009\JM009.model</model>
        </node>
        <node>
           <name>MP_JM099_Signal_Lamp_1_INDEX_8</name>
           <model>japan\misc\JM099\JM099.model</model>
        </node>
        <node>
           <name>MP_CM014_Fuel_Oil_Hose</name>
           <model>common\misc\CM014\CM014.model</model>
        </node>
        <node>
           <name>MP_JM172_Binoculars_Bridge_INDEX_10</name>
           <model>japan\misc\JM172\JM172.model</model>
        </node>
        <node>
           <name>MP_JM257_Clock</name>
           <model>japan\misc\JM257\JM257.model</model>
        </node>
        <node>
           <name>MP_JM099_Signal_Lamp_1_INDEX_9</name>
           <model>japan\misc\JM099\JM099.model</model>
        </node>
        <node>
           <name>MP_CM014_Fuel_Oil_Hose_INDEX_1</name>
           <model>common\misc\CM014\CM014.model</model>
        </node>
        <node>
           <name>MP_JM261_Fuse_box_1</name>
           <model>japan\misc\JM261\JM261.model</model>
        </node>
        <node>
           <name>MP_JM166_Voice_Tube_INDEX_11</name>
           <model>japan\misc\JM166\JM166.model</model>
        </node>
        <node>
           <name>MP_JM172_Binoculars_Bridge_INDEX_11</name>
           <model>japan\misc\JM172\JM172.model</model>
        </node>
        <node>
           <name>MP_JM099_Signal_Lamp_1_INDEX_10</name>
           <model>japan\misc\JM099\JM099.model</model>
        </node>
        <node>
           <name>MP_JM242_Speaker_tube_group_R</name>
           <model>japan\misc\JM242\JM242.model</model>
        </node>
        <node>
           <name>MP_JM252_Gauge_4</name>
           <model>japan\misc\JM252\JM252.model</model>
        </node>
        <node>
           <name>MP_JM271_Telephone_INDEX_2</name>
           <model>japan\misc\JM271\JM271.model</model>
        </node>
        <node>
           <name>MP_JM194_Ventilation_INDEX_8</name>
           <model>japan\misc\JM194\JM194.model</model>
        </node>
        <node>
           <name>MP_JM258_Double_Gauge_2</name>
           <model>japan\misc\JM258\JM258.model</model>
        </node>
        <node>
           <name>MP_JM166_Voice_Tube_INDEX_12</name>
           <model>japan\misc\JM166\JM166.model</model>
        </node>
        <node>
           <name>MP_JM166_Voice_Tube_INDEX_13</name>
           <model>japan\misc\JM166\JM166.model</model>
        </node>
        <node>
           <name>MP_JM107_Binocular_2_INDEX_3</name>
           <model>japan\misc\JM107\JM107.model</model>
        </node>
        <node>
           <name>MP_JM194_Ventilation_INDEX_9</name>
           <model>japan\misc\JM194\JM194.model</model>
        </node>
        <node>
           <name>MP_JM264_Wall_trigger_1</name>
           <model>japan\misc\JM264\JM264.model</model>
        </node>
        <node>
           <name>MP_JM149_Ammunition_Box_INDEX_13</name>
           <model>japan\misc\JM149\JM149.model</model>
        </node>
        <node>
           <name>MP_JM172_Binoculars_Bridge_INDEX_12</name>
           <model>japan\misc\JM172\JM172.model</model>
        </node>
        <node>
           <name>MP_JM166_Voice_Tube_INDEX_14</name>
           <model>japan\misc\JM166\JM166.model</model>
        </node>
        <node>
           <name>MP_JM133_Runway_Light_G_INDEX_7</name>
           <model>japan\misc\JM133\JM133.model</model>
        </node>
        <node>
           <name>MP_JM108_Binocular_3_INDEX_2</name>
           <model>japan\misc\JM108\JM108.model</model>
        </node>
        <node>
           <name>MP_JM116_Antenna_3_INDEX_2</name>
           <model>japan\misc\JM116\JM116.model</model>
        </node>
        <node>
           <name>MP_JM252_Gauge_4_INDEX_1</name>
           <model>japan\misc\JM252\JM252.model</model>
        </node>
        <node>
           <name>MP_JM099_Signal_Lamp_1_INDEX_11</name>
           <model>japan\misc\JM099\JM099.model</model>
        </node>
        <node>
           <name>MP_JM194_Ventilation_INDEX_10</name>
           <model>japan\misc\JM194\JM194.model</model>
        </node>
        <node>
           <name>MP_JM166_Voice_Tube_INDEX_15</name>
           <model>japan\misc\JM166\JM166.model</model>
        </node>
        <node>
           <name>MP_JM247_Electric_gauge_L</name>
           <model>japan\misc\JM247\JM247.model</model>
        </node>
        <node>
           <name>MP_JM108_Binocular_3_INDEX_3</name>
           <model>japan\misc\JM108\JM108.model</model>
        </node>
        <node>
           <name>MP_JM166_Voice_Tube_INDEX_16</name>
           <model>japan\misc\JM166\JM166.model</model>
        </node>
        <node>
           <name>MP_JM194_Ventilation_INDEX_11</name>
           <model>japan\misc\JM194\JM194.model</model>
        </node>
        <node>
           <name>MP_JM102_Runway_Lights_1R</name>
           <model>japan\misc\JM102\JM102.model</model>
        </node>
        <node>
           <name>MP_CM008_Life_Buoy_1</name>
           <model>common\misc\CM008\CM008.model</model>
        </node>
        <node>
           <name>HP_flag_nation</name>
           <model>japan\misc\JM001\JM001.model</model>
        </node>
        <node>
           <name>HP_Fire_Burn_2</name>
           <model>UNKNOWN_ITEM</model>
        </node>
        <node>
           <name>HP_NoseWave_Speed</name>
           <model>UNKNOWN_ITEM</model>
        </node>
        <node>
           <name>HP_Smoke_1</name>
           <model>UNKNOWN_ITEM</model>
        </node>
        <node>
           <name>HP_Smoke_2</name>
           <model>UNKNOWN_ITEM</model>
        </node>
    </midfront>
    <midback>
      <model>japan\ship\aircarrier\JSA011_Hiryu_1942\JSA011_Hiryu_1942_MidBack_ports.model</model>
        <node>
           <name>HP_JD_6</name>
           <model>japan\director\JD056_MachineGun_Control_Position\JD056_MachineGun_Control_Position.model</model>
        </node>
        <node>
           <name>HP_JD_7</name>
           <model>japan\director\JD011_Director_Type_95_Mod3\JD011_Director_Type_95_Mod3.model</model>
        </node>
        <node>
           <name>HP_JGA_7</name>
           <model>japan\gun\aaircraft\JGA056_25mm_Type96_double\JGA056_25mm_Type96_double.model</model>
        </node>
        <node>
           <name>HP_JGA_8</name>
           <model>japan\gun\aaircraft\JGA010_25mm_Type96\JGA010_25mm_Type96.model</model>
        </node>
        <node>
           <name>HP_JGA_10</name>
           <model>japan\gun\aaircraft\JGA010_25mm_Type96\JGA010_25mm_Type96.model</model>
        </node>
        <node>
           <name>HP_JGA_9</name>
           <model>japan\gun\aaircraft\JGA004_25mm_Type96_Triple_1\JGA004_25mm_Type96_Triple_1.model</model>
        </node>
        <node>
           <name>HP_JGA_11</name>
           <model>japan\gun\aaircraft\JGA010_25mm_Type96\JGA010_25mm_Type96.model</model>
        </node>
        <node>
           <name>HP_JGA_12</name>
           <model>japan\gun\aaircraft\JGA004_25mm_Type96_Triple_1\JGA004_25mm_Type96_Triple_1.model</model>
        </node>
        <node>
           <name>HP_JGS_5</name>
           <model>japan\gun\secondary\JGS009_127mm40_Type_89\JGS009_127mm40_Type_89.model</model>
        </node>
        <node>
           <name>HP_JGS_6</name>
           <model>japan\gun\secondary\JGS003_127mm40_Type89_Mod_A\JGS003_127mm40_Type89_Mod_A.model</model>
        </node>
        <node>
           <name>HP_Deck_04</name>
           <model>japan\aircraft\bomber\JAB004_Yokosuka_B4Y\JAB004_Yokosuka_B4Y.model</model>
        </node>
        <node>
           <name>HP_Deck_05</name>
           <model>japan\aircraft\bomber\JAB004_Yokosuka_B4Y\JAB004_Yokosuka_B4Y.model</model>
        </node>
        <node>
           <name>HP_Deck_06</name>
           <model>japan\aircraft\bomber\JAB004_Yokosuka_B4Y\JAB004_Yokosuka_B4Y.model</model>
        </node>
        <node>
           <name>HP_Deck_07</name>
           <model>japan\aircraft\bomber\JAB004_Yokosuka_B4Y\JAB004_Yokosuka_B4Y.model</model>
        </node>
        <node>
           <name>HP_Deck_08</name>
           <model>japan\aircraft\bomber\JAB004_Yokosuka_B4Y\JAB004_Yokosuka_B4Y.model</model>
        </node>
        <node>
           <name>HP_Deck_09</name>
           <model>japan\aircraft\bomber\JAB004_Yokosuka_B4Y\JAB004_Yokosuka_B4Y.model</model>
        </node>
        <node>
           <name>HP_Deck_10</name>
           <model>japan\aircraft\bomber\JAB004_Yokosuka_B4Y\JAB004_Yokosuka_B4Y.model</model>
        </node>
        <node>
           <name>HP_Deck_11</name>
           <model>japan\aircraft\bomber\JAB004_Yokosuka_B4Y\JAB004_Yokosuka_B4Y.model</model>
        </node>
        <node>
           <name>HP_Deck_12</name>
           <model>japan\aircraft\dive\JAD002_D3A1\JAD002_D3A1.model</model>
        </node>
        <node>
           <name>HP_Deck_13</name>
           <model>japan\aircraft\dive\JAD002_D3A1\JAD002_D3A1.model</model>
        </node>
        <node>
           <name>HP_Deck_14</name>
           <model>japan\aircraft\dive\JAD002_D3A1\JAD002_D3A1.model</model>
        </node>
        <node>
           <name>HP_Deck_15</name>
           <model>japan\aircraft\dive\JAD002_D3A1\JAD002_D3A1.model</model>
        </node>
        <node>
           <name>HP_Deck_16</name>
           <model>japan\aircraft\dive\JAD002_D3A1\JAD002_D3A1.model</model>
        </node>
        <node>
           <name>HP_Deck_17</name>
           <model>japan\aircraft\dive\JAD002_D3A1\JAD002_D3A1.model</model>
        </node>
        <node>
           <name>HP_Deck_18</name>
           <model>japan\aircraft\dive\JAD002_D3A1\JAD002_D3A1.model</model>
        </node>
        <node>
           <name>HP_Deck_19</name>
           <model>japan\aircraft\dive\JAD002_D3A1\JAD002_D3A1.model</model>
        </node>
        <node>
           <name>MP_JM180_Deck_Light</name>
           <model>japan\misc\JM180\JM180.model</model>
        </node>
        <node>
           <name>MP_JM180_Deck_Light_INDEX_1</name>
           <model>japan\misc\JM180\JM180.model</model>
        </node>
        <node>
           <name>MP_CM014_Fuel_Oil_Hose</name>
           <model>common\misc\CM014\CM014.model</model>
        </node>
        <node>
           <name>MP_JM179_Bench</name>
           <model>japan\misc\JM179\JM179.model</model>
        </node>
        <node>
           <name>MP_JM149_Ammunition_Box</name>
           <model>japan\misc\JM149\JM149.model</model>
        </node>
        <node>
           <name>MP_JM059_Deck_Hatch_8</name>
           <model>japan\misc\JM059\JM059.model</model>
        </node>
        <node>
           <name>MP_JM132_Runway_Light_R</name>
           <model>japan\misc\JM132\JM132.model</model>
        </node>
        <node>
           <name>MP_CM014_Fuel_Oil_Hose_INDEX_1</name>
           <model>common\misc\CM014\CM014.model</model>
        </node>
        <node>
           <name>MP_CM032_Propeller3_R</name>
           <model>common\misc\CM032\CM032.model</model>
        </node>
        <node>
           <name>MP_JM195_Winch_Elevating_Mast</name>
           <model>japan\misc\JM195\JM195.model</model>
        </node>
        <node>
           <name>MP_JM149_Ammunition_Box_INDEX_1</name>
           <model>japan\misc\JM149\JM149.model</model>
        </node>
        <node>
           <name>MP_JM195_Winch_Elevating_Mast_INDEX_1</name>
           <model>japan\misc\JM195\JM195.model</model>
        </node>
        <node>
           <name>MP_JM133_Runway_Light_G</name>
           <model>japan\misc\JM133\JM133.model</model>
        </node>
        <node>
           <name>MP_JM100_Bench</name>
           <model>japan\misc\JM100\JM100.model</model>
        </node>
        <node>
           <name>MP_JM059_Deck_Hatch_8_INDEX_1</name>
           <model>japan\misc\JM059\JM059.model</model>
        </node>
        <node>
           <name>MP_CM004_Barbette_Out</name>
           <model>common\misc\CM004\CM004.model</model>
        </node>
        <node>
           <name>MP_JM149_Ammunition_Box_INDEX_2</name>
           <model>japan\misc\JM149\JM149.model</model>
        </node>
        <node>
           <name>MP_JM180_Deck_Light_INDEX_2</name>
           <model>japan\misc\JM180\JM180.model</model>
        </node>
        <node>
           <name>MP_CM010_Fire_Hose_Reel</name>
           <model>common\misc\CM010\CM010.model</model>
        </node>
        <node>
           <name>MP_CM029_Emergency_Box</name>
           <model>common\misc\CM029\CM029.model</model>
        </node>
        <node>
           <name>MP_JM133_Runway_Light_G_INDEX_1</name>
           <model>japan\misc\JM133\JM133.model</model>
        </node>
        <node>
           <name>MP_JM132_Runway_Light_R_INDEX_1</name>
           <model>japan\misc\JM132\JM132.model</model>
        </node>
        <node>
           <name>MP_JM133_Runway_Light_G_INDEX_2</name>
           <model>japan\misc\JM133\JM133.model</model>
        </node>
        <node>
           <name>MP_CM014_Fuel_Oil_Hose_INDEX_2</name>
           <model>common\misc\CM014\CM014.model</model>
        </node>
        <node>
           <name>MP_JM180_Deck_Light_INDEX_3</name>
           <model>japan\misc\JM180\JM180.model</model>
        </node>
        <node>
           <name>MP_JM179_Bench_INDEX_1</name>
           <model>japan\misc\JM179\JM179.model</model>
        </node>
        <node>
           <name>MP_JM099_Signal_Lamp_1</name>
           <model>japan\misc\JM099\JM099.model</model>
        </node>
        <node>
           <name>MP_JM132_Runway_Light_R_INDEX_2</name>
           <model>japan\misc\JM132\JM132.model</model>
        </node>
        <node>
           <name>MP_JM179_Bench_INDEX_2</name>
           <model>japan\misc\JM179\JM179.model</model>
        </node>
        <node>
           <name>MP_CM010_Fire_Hose_Reel_INDEX_1</name>
           <model>common\misc\CM010\CM010.model</model>
        </node>
        <node>
           <name>MP_JM133_Runway_Light_G_INDEX_3</name>
           <model>japan\misc\JM133\JM133.model</model>
        </node>
        <node>
           <name>MP_CM029_Emergency_Box_INDEX_1</name>
           <model>common\misc\CM029\CM029.model</model>
        </node>
        <node>
           <name>MP_CM009_Life_Buoy_2</name>
           <model>common\misc\CM009\CM009.model</model>
        </node>
        <node>
           <name>MP_CM014_Fuel_Oil_Hose_INDEX_3</name>
           <model>common\misc\CM014\CM014.model</model>
        </node>
        <node>
           <name>MP_JM113_Flag_Box</name>
           <model>japan\misc\JM113\JM113.model</model>
        </node>
        <node>
           <name>MP_JM099_Signal_Lamp_1_INDEX_1</name>
           <model>japan\misc\JM099\JM099.model</model>
        </node>
        <node>
           <name>MP_CM011_Fire_Fighting_Gear</name>
           <model>common\misc\CM011\CM011.model</model>
        </node>
        <node>
           <name>MP_JM195_Winch_Elevating_Mast_INDEX_2</name>
           <model>japan\misc\JM195\JM195.model</model>
        </node>
        <node>
           <name>MP_JM149_Ammunition_Box_INDEX_3</name>
           <model>japan\misc\JM149\JM149.model</model>
        </node>
        <node>
           <name>MP_JM180_Deck_Light_INDEX_4</name>
           <model>japan\misc\JM180\JM180.model</model>
        </node>
        <node>
           <name>MP_JM195_Winch_Elevating_Mast_INDEX_3</name>
           <model>japan\misc\JM195\JM195.model</model>
        </node>
        <node>
           <name>MP_JM149_Ammunition_Box_INDEX_4</name>
           <model>japan\misc\JM149\JM149.model</model>
        </node>
        <node>
           <name>MP_JM099_Signal_Lamp_1_INDEX_2</name>
           <model>japan\misc\JM099\JM099.model</model>
        </node>
        <node>
           <name>MP_JM149_Ammunition_Box_INDEX_5</name>
           <model>japan\misc\JM149\JM149.model</model>
        </node>
        <node>
           <name>MP_JM133_Runway_Light_G_INDEX_4</name>
           <model>japan\misc\JM133\JM133.model</model>
        </node>
        <node>
           <name>MP_JM180_Deck_Light_INDEX_5</name>
           <model>japan\misc\JM180\JM180.model</model>
        </node>
        <node>
           <name>MP_JM149_Ammunition_Box_INDEX_6</name>
           <model>japan\misc\JM149\JM149.model</model>
        </node>
        <node>
           <name>MP_CM009_Life_Buoy_2_INDEX_1</name>
           <model>common\misc\CM009\CM009.model</model>
        </node>
        <node>
           <name>MP_JM179_Bench_INDEX_3</name>
           <model>japan\misc\JM179\JM179.model</model>
        </node>
        <node>
           <name>MP_JM149_Ammunition_Box_INDEX_7</name>
           <model>japan\misc\JM149\JM149.model</model>
        </node>
        <node>
           <name>MP_JM180_Deck_Light_INDEX_6</name>
           <model>japan\misc\JM180\JM180.model</model>
        </node>
        <node>
           <name>MP_JM099_Signal_Lamp_1_INDEX_3</name>
           <model>japan\misc\JM099\JM099.model</model>
        </node>
        <node>
           <name>MP_JM100_Bench_INDEX_1</name>
           <model>japan\misc\JM100\JM100.model</model>
        </node>
        <node>
           <name>MP_JM180_Deck_Light_INDEX_7</name>
           <model>japan\misc\JM180\JM180.model</model>
        </node>
        <node>
           <name>MP_JM180_Deck_Light_INDEX_8</name>
           <model>japan\misc\JM180\JM180.model</model>
        </node>
        <node>
           <name>MP_CM009_Life_Buoy_2_INDEX_2</name>
           <model>common\misc\CM009\CM009.model</model>
        </node>
        <node>
           <name>MP_JM149_Ammunition_Box_INDEX_8</name>
           <model>japan\misc\JM149\JM149.model</model>
        </node>
        <node>
           <name>MP_JM133_Runway_Light_G_INDEX_5</name>
           <model>japan\misc\JM133\JM133.model</model>
        </node>
        <node>
           <name>MP_JM099_Signal_Lamp_1_INDEX_4</name>
           <model>japan\misc\JM099\JM099.model</model>
        </node>
        <node>
           <name>MP_JM059_Deck_Hatch_8_INDEX_2</name>
           <model>japan\misc\JM059\JM059.model</model>
        </node>
        <node>
           <name>MP_JM166_Voice_Tube</name>
           <model>japan\misc\JM166\JM166.model</model>
        </node>
        <node>
           <name>MP_JM180_Deck_Light_INDEX_9</name>
           <model>japan\misc\JM180\JM180.model</model>
        </node>
        <node>
           <name>MP_JM099_Signal_Lamp_1_INDEX_5</name>
           <model>japan\misc\JM099\JM099.model</model>
        </node>
        <node>
           <name>MP_JM099_Signal_Lamp_1_INDEX_6</name>
           <model>japan\misc\JM099\JM099.model</model>
        </node>
        <node>
           <name>MP_JM133_Runway_Light_G_INDEX_6</name>
           <model>japan\misc\JM133\JM133.model</model>
        </node>
        <node>
           <name>MP_JM149_Ammunition_Box_INDEX_9</name>
           <model>japan\misc\JM149\JM149.model</model>
        </node>
        <node>
           <name>MP_JM133_Runway_Light_G_INDEX_7</name>
           <model>japan\misc\JM133\JM133.model</model>
        </node>
        <node>
           <name>MP_CM001_Propeller3_L</name>
           <model>common\misc\CM001\CM001.model</model>
        </node>
        <node>
           <name>MP_JM113_Flag_Box_INDEX_1</name>
           <model>japan\misc\JM113\JM113.model</model>
        </node>
        <node>
           <name>MP_JM099_Signal_Lamp_1_INDEX_7</name>
           <model>japan\misc\JM099\JM099.model</model>
        </node>
        <node>
           <name>MP_JM180_Deck_Light_INDEX_10</name>
           <model>japan\misc\JM180\JM180.model</model>
        </node>
        <node>
           <name>MP_JM132_Runway_Light_R_INDEX_3</name>
           <model>japan\misc\JM132\JM132.model</model>
        </node>
        <node>
           <name>MP_JM116_Antenna_3</name>
           <model>japan\misc\JM116\JM116.model</model>
        </node>
        <node>
           <name>HP_Fire_Burn_3</name>
           <model>UNKNOWN_ITEM</model>
        </node>
    </midback>
    <stern>
      <model>japan\ship\aircarrier\JSA011_Hiryu_1942\JSA011_Hiryu_1942_Stern_ports.model</model>
        <node>
           <name>HP_DisappearPoint</name>
           <model>japan\aircraft\bomber\JAB004_Yokosuka_B4Y\JAB004_Yokosuka_B4Y.model</model>
        </node>
        <node>
           <name>HP_Deck_00</name>
           <model>japan\aircraft\fighter\JAF005_Mitsubishi_A5M2\JAF005_Mitsubishi_A5M2.model</model>
        </node>
        <node>
           <name>HP_Deck_01</name>
           <model>japan\aircraft\fighter\JAF005_Mitsubishi_A5M2\JAF005_Mitsubishi_A5M2.model</model>
        </node>
        <node>
           <name>HP_Deck_02</name>
           <model>japan\aircraft\fighter\JAF005_Mitsubishi_A5M2\JAF005_Mitsubishi_A5M2.model</model>
        </node>
        <node>
           <name>HP_DeckLand</name>
           <model>japan\aircraft\bomber\JAB004_Yokosuka_B4Y\JAB004_Yokosuka_B4Y.model</model>
        </node>
        <node>
           <name>HP_Deck_03</name>
           <model>japan\aircraft\fighter\JAF005_Mitsubishi_A5M2\JAF005_Mitsubishi_A5M2.model</model>
        </node>
        <node>
           <name>MP_CM017_Boat_Stowage_3</name>
           <model>common\misc\CM017\CM017.model</model>
        </node>
        <node>
           <name>MP_CM029_Emergency_Box</name>
           <model>common\misc\CM029\CM029.model</model>
        </node>
        <node>
           <name>MP_JM099_Signal_Lamp_1</name>
           <model>japan\misc\JM099\JM099.model</model>
        </node>
        <node>
           <name>MP_JM099_Signal_Lamp_1_INDEX_1</name>
           <model>japan\misc\JM099\JM099.model</model>
        </node>
        <node>
           <name>MP_JM180_Deck_Light</name>
           <model>japan\misc\JM180\JM180.model</model>
        </node>
        <node>
           <name>MP_CM017_Boat_Stowage_3_INDEX_1</name>
           <model>common\misc\CM017\CM017.model</model>
        </node>
        <node>
           <name>MP_CM001_Propeller3_L</name>
           <model>common\misc\CM001\CM001.model</model>
        </node>
        <node>
           <name>MP_CM017_Boat_Stowage_3_INDEX_2</name>
           <model>common\misc\CM017\CM017.model</model>
        </node>
        <node>
           <name>MP_CM017_Boat_Stowage_3_INDEX_3</name>
           <model>common\misc\CM017\CM017.model</model>
        </node>
        <node>
           <name>MP_CM017_Boat_Stowage_3_INDEX_4</name>
           <model>common\misc\CM017\CM017.model</model>
        </node>
        <node>
           <name>MP_JM099_Signal_Lamp_1_INDEX_2</name>
           <model>japan\misc\JM099\JM099.model</model>
        </node>
        <node>
           <name>MP_CM009_Life_Buoy_2</name>
           <model>common\misc\CM009\CM009.model</model>
        </node>
        <node>
           <name>MP_JM035_Dinghy_6m</name>
           <model>japan\misc\JM035\JM035.model</model>
        </node>
        <node>
           <name>MP_CM029_Emergency_Box_INDEX_1</name>
           <model>common\misc\CM029\CM029.model</model>
        </node>
        <node>
           <name>MP_JM064_Bollards_2</name>
           <model>japan\misc\JM064\JM064.model</model>
        </node>
        <node>
           <name>MP_JM198_Winch_Crane</name>
           <model>japan\misc\JM198\JM198.model</model>
        </node>
        <node>
           <name>MP_JM099_Signal_Lamp_1_INDEX_3</name>
           <model>japan\misc\JM099\JM099.model</model>
        </node>
        <node>
           <name>MP_JM099_Signal_Lamp_1_INDEX_4</name>
           <model>japan\misc\JM099\JM099.model</model>
        </node>
        <node>
           <name>MP_CM017_Boat_Stowage_3_INDEX_5</name>
           <model>common\misc\CM017\CM017.model</model>
        </node>
        <node>
           <name>MP_JM198_Winch_Crane_INDEX_1</name>
           <model>japan\misc\JM198\JM198.model</model>
        </node>
        <node>
           <name>MP_JM034_Davit_4</name>
           <model>japan\misc\JM034\JM034.model</model>
        </node>
        <node>
           <name>MP_JM148_Motor_Boats_12m</name>
           <model>japan\misc\JM148\JM148.model</model>
        </node>
        <node>
           <name>MP_JM078_Deck_Winch_2</name>
           <model>japan\misc\JM078\JM078.model</model>
        </node>
        <node>
           <name>MP_JM198_Winch_Crane_INDEX_2</name>
           <model>japan\misc\JM198\JM198.model</model>
        </node>
        <node>
           <name>MP_JM027_Fairlead_2</name>
           <model>japan\misc\JM027\JM027.model</model>
        </node>
        <node>
           <name>MP_CM017_Boat_Stowage_3_INDEX_6</name>
           <model>common\misc\CM017\CM017.model</model>
        </node>
        <node>
           <name>MP_CM011_Fire_Fighting_Gear</name>
           <model>common\misc\CM011\CM011.model</model>
        </node>
        <node>
           <name>MP_CM016_Boat_Stowage_2</name>
           <model>common\misc\CM016\CM016.model</model>
        </node>
        <node>
           <name>MP_JM207_Cargo_Boat</name>
           <model>japan\misc\JM207\JM207.model</model>
        </node>
        <node>
           <name>MP_JM179_Bench</name>
           <model>japan\misc\JM179\JM179.model</model>
        </node>
        <node>
           <name>MP_CM017_Boat_Stowage_3_INDEX_7</name>
           <model>common\misc\CM017\CM017.model</model>
        </node>
        <node>
           <name>MP_JM039_Motor_Launch_12m</name>
           <model>japan\misc\JM039\JM039.model</model>
        </node>
        <node>
           <name>MP_CM016_Boat_Stowage_2_INDEX_1</name>
           <model>common\misc\CM016\CM016.model</model>
        </node>
        <node>
           <name>MP_JM099_Signal_Lamp_1_INDEX_5</name>
           <model>japan\misc\JM099\JM099.model</model>
        </node>
        <node>
           <name>MP_JM148_Motor_Boats_12m_INDEX_1</name>
           <model>japan\misc\JM148\JM148.model</model>
        </node>
        <node>
           <name>MP_JM039_Motor_Launch_12m_INDEX_1</name>
           <model>japan\misc\JM039\JM039.model</model>
        </node>
        <node>
           <name>MP_CM017_Boat_Stowage_3_INDEX_8</name>
           <model>common\misc\CM017\CM017.model</model>
        </node>
        <node>
           <name>MP_CM009_Life_Buoy_2_INDEX_1</name>
           <model>common\misc\CM009\CM009.model</model>
        </node>
        <node>
           <name>MP_JM014_Reels_2</name>
           <model>japan\misc\JM014\JM014.model</model>
        </node>
        <node>
           <name>MP_JM180_Deck_Light_INDEX_1</name>
           <model>japan\misc\JM180\JM180.model</model>
        </node>
        <node>
           <name>MP_CM059_Ladder_Cruiser</name>
           <model>common\misc\CM059\CM059.model</model>
        </node>
        <node>
           <name>MP_CM012_Fire_Hose_Rack_1</name>
           <model>common\misc\CM012\CM012.model</model>
        </node>
        <node>
           <name>MP_CM086_Anchor_top</name>
           <model>common\misc\CM086\CM086.model</model>
        </node>
        <node>
           <name>MP_JM117_Crew_Exercise_Machine</name>
           <model>japan\misc\JM117\JM117.model</model>
        </node>
        <node>
           <name>MP_CM016_Boat_Stowage_2_INDEX_2</name>
           <model>common\misc\CM016\CM016.model</model>
        </node>
        <node>
           <name>MP_JM148_Motor_Boats_12m_INDEX_2</name>
           <model>japan\misc\JM148\JM148.model</model>
        </node>
        <node>
           <name>MP_CM011_Fire_Fighting_Gear_INDEX_1</name>
           <model>common\misc\CM011\CM011.model</model>
        </node>
        <node>
           <name>MP_CM017_Boat_Stowage_3_INDEX_9</name>
           <model>common\misc\CM017\CM017.model</model>
        </node>
        <node>
           <name>MP_CM017_Boat_Stowage_3_INDEX_10</name>
           <model>common\misc\CM017\CM017.model</model>
        </node>
        <node>
           <name>MP_JM198_Winch_Crane_INDEX_3</name>
           <model>japan\misc\JM198\JM198.model</model>
        </node>
        <node>
           <name>MP_JM029_Leadsman_Platform</name>
           <model>japan\misc\JM029\JM029.model</model>
        </node>
        <node>
           <name>MP_JM207_Cargo_Boat_INDEX_1</name>
           <model>japan\misc\JM207\JM207.model</model>
        </node>
        <node>
           <name>MP_CM016_Boat_Stowage_2_INDEX_3</name>
           <model>common\misc\CM016\CM016.model</model>
        </node>
        <node>
           <name>MP_CM012_Fire_Hose_Rack_1_INDEX_1</name>
           <model>common\misc\CM012\CM012.model</model>
        </node>
        <node>
           <name>MP_CM059_Ladder_Cruiser_INDEX_1</name>
           <model>common\misc\CM059\CM059.model</model>
        </node>
        <node>
           <name>MP_CM087_Anchor_down</name>
           <model>common\misc\CM087\CM087.model</model>
        </node>
        <node>
           <name>MP_CM032_Propeller3_R</name>
           <model>common\misc\CM032\CM032.model</model>
        </node>
        <node>
           <name>MP_JM099_Signal_Lamp_1_INDEX_6</name>
           <model>japan\misc\JM099\JM099.model</model>
        </node>
        <node>
           <name>MP_JM179_Bench_INDEX_1</name>
           <model>japan\misc\JM179\JM179.model</model>
        </node>
        <node>
           <name>MP_CM017_Boat_Stowage_3_INDEX_11</name>
           <model>common\misc\CM017\CM017.model</model>
        </node>
        <node>
           <name>MP_JM064_Bollards_2_INDEX_1</name>
           <model>japan\misc\JM064\JM064.model</model>
        </node>
        <node>
           <name>MP_JM014_Reels_2_INDEX_1</name>
           <model>japan\misc\JM014\JM014.model</model>
        </node>
        <node>
           <name>MP_JM044_After_Capstan</name>
           <model>japan\misc\JM044\JM044.model</model>
        </node>
        <node>
           <name>MP_JM135_Runway_Lights_Back</name>
           <model>japan\misc\JM135\JM135.model</model>
        </node>
        <node>
           <name>MP_JM099_Signal_Lamp_1_INDEX_7</name>
           <model>japan\misc\JM099\JM099.model</model>
        </node>
        <node>
           <name>MP_CM017_Boat_Stowage_3_INDEX_12</name>
           <model>common\misc\CM017\CM017.model</model>
        </node>
        <node>
           <name>MP_JM027_Fairlead_2_INDEX_1</name>
           <model>japan\misc\JM027\JM027.model</model>
        </node>
        <node>
           <name>MP_CM017_Boat_Stowage_3_INDEX_13</name>
           <model>common\misc\CM017\CM017.model</model>
        </node>
        <node>
           <name>MP_CM016_Boat_Stowage_2_INDEX_4</name>
           <model>common\misc\CM016\CM016.model</model>
        </node>
        <node>
           <name>MP_JM028_Deck_Winch_1</name>
           <model>japan\misc\JM028\JM028.model</model>
        </node>
        <node>
           <name>MP_JM014_Reels_2_INDEX_2</name>
           <model>japan\misc\JM014\JM014.model</model>
        </node>
        <node>
           <name>MP_CM017_Boat_Stowage_3_INDEX_14</name>
           <model>common\misc\CM017\CM017.model</model>
        </node>
        <node>
           <name>MP_CM017_Boat_Stowage_3_INDEX_15</name>
           <model>common\misc\CM017\CM017.model</model>
        </node>
        <node>
           <name>MP_JM099_Signal_Lamp_1_INDEX_8</name>
           <model>japan\misc\JM099\JM099.model</model>
        </node>
        <node>
           <name>MP_JM141_Break_Handwheel_1</name>
           <model>japan\misc\JM141\JM141.model</model>
        </node>
        <node>
           <name>MP_CM016_Boat_Stowage_2_INDEX_5</name>
           <model>common\misc\CM016\CM016.model</model>
        </node>
        <node>
           <name>MP_CM017_Boat_Stowage_3_INDEX_16</name>
           <model>common\misc\CM017\CM017.model</model>
        </node>
        <node>
           <name>MP_JM144_Motor_Boats_8m</name>
           <model>japan\misc\JM144\JM144.model</model>
        </node>
        <node>
           <name>MP_JM099_Signal_Lamp_1_INDEX_9</name>
           <model>japan\misc\JM099\JM099.model</model>
        </node>
        <node>
           <name>MP_CM017_Boat_Stowage_3_INDEX_17</name>
           <model>common\misc\CM017\CM017.model</model>
        </node>
        <node>
           <name>MP_CM017_Boat_Stowage_3_INDEX_18</name>
           <model>common\misc\CM017\CM017.model</model>
        </node>
        <node>
           <name>HP_Fire_Burn_4</name>
           <model>UNKNOWN_ITEM</model>
        </node>
    </stern>
  </sections>
</JSA011_Hiryu_1942.xml>
