<JSB003_Myogi_1912.xml>
  <sections>
    <bow>
      <model>japan\ship\battleship\JSB003_Myogi_1912\JSB003_Myogi_1912_bow_ports.model</model>
        <node>
           <name>MP_JM044_After_Capstan</name>
           <model>japan\misc\JM044\JM044.model</model>
        </node>
        <node>
           <name>MP_JM125_Signal_Lamp_3</name>
           <model>japan\misc\JM125\JM125.model</model>
        </node>
        <node>
           <name>MP_JM022JSB003Bow_0_0</name>
           <model>japan\misc\JM022JSB003Bow\JM022JSB003Bow.model</model>
        </node>
        <node>
           <name>MP_JM024JSB003Bow_0_0</name>
           <model>japan\misc\JM024JSB003Bow\JM024JSB003Bow.model</model>
        </node>
        <node>
           <name>MP_JM023JSB003Bow_0_0</name>
           <model>japan\misc\JM023JSB003Bow\JM023JSB003Bow.model</model>
        </node>
        <node>
           <name>MP_CM008JSB003Bow_0_0</name>
           <model>common\misc\CM008JSB003Bow\CM008JSB003Bow.model</model>
        </node>
        <node>
           <name>MP_JM127JSB003Bow_0_0</name>
           <model>japan\misc\JM127JSB003Bow\JM127JSB003Bow.model</model>
        </node>
        <node>
           <name>MP_JM026JSB003Bow_0_0</name>
           <model>japan\misc\JM026JSB003Bow\JM026JSB003Bow.model</model>
        </node>
        <node>
           <name>MP_JM141JSB003Bow_0_0</name>
           <model>japan\misc\JM141JSB003Bow\JM141JSB003Bow.model</model>
        </node>
        <node>
           <name>MP_JM079_Roller_Fairled</name>
           <model>japan\misc\JM079\JM079.model</model>
        </node>
        <node>
           <name>MP_JM033_Roller_Fairled</name>
           <model>japan\misc\JM033\JM033.model</model>
        </node>
        <node>
           <name>MP_CM086JSB003Bow_0_0</name>
           <model>common\misc\CM086JSB003Bow\CM086JSB003Bow.model</model>
        </node>
        <node>
           <name>MP_CM087JSB003Bow_0_0</name>
           <model>common\misc\CM087JSB003Bow\CM087JSB003Bow.model</model>
        </node>
        <node>
           <name>MP_JM307JSB003Bow_0_0</name>
           <model>japan\misc\JM307JSB003Bow\JM307JSB003Bow.model</model>
        </node>
        <node>
           <name>MP_JM306_Chrysanthemum_mid</name>
           <model>japan\misc\JM306\JM306.model</model>
        </node>
        <node>
           <name>HP_Fire_Burn_1</name>
           <model>UNKNOWN_ITEM</model>
        </node>
    </bow>
    <midfront>
      <model>japan\ship\battleship\JSB003_Myogi_1912\JSB003_Myogi_1912_MidFront_ports.model</model>
        <node>
           <name>HP_JF_1</name>
           <model>japan\finder\JF057_Rangefinder_1_5m\JF057_Rangefinder_1_5m.model</model>
        </node>
        <node>
           <name>HP_JGM_1</name>
           <model>japan\gun\main\JGM049_356mm45_Type41\JGM049_356mm45_Type41.model</model>
        </node>
        <node>
           <name>HP_JGS_7</name>
           <model>japan\gun\secondary\JGS008_150mm50_Type_41\JGS008_150mm50_Type_41.model</model>
        </node>
        <node>
           <name>HP_JGS_5</name>
           <model>japan\gun\secondary\JGS008_150mm50_Type_41\JGS008_150mm50_Type_41.model</model>
        </node>
        <node>
           <name>HP_JGS_8</name>
           <model>japan\gun\secondary\JGS008_150mm50_Type_41\JGS008_150mm50_Type_41.model</model>
        </node>
        <node>
           <name>HP_JGS_12</name>
           <model>japan\gun\secondary\JGS008_150mm50_Type_41\JGS008_150mm50_Type_41.model</model>
        </node>
        <node>
           <name>HP_JGS_2</name>
           <model>japan\gun\secondary\JGS008_150mm50_Type_41\JGS008_150mm50_Type_41.model</model>
        </node>
        <node>
           <name>HP_JGS_1</name>
           <model>japan\gun\secondary\JGS008_150mm50_Type_41\JGS008_150mm50_Type_41.model</model>
        </node>
        <node>
           <name>HP_JGS_6</name>
           <model>japan\gun\secondary\JGS008_150mm50_Type_41\JGS008_150mm50_Type_41.model</model>
        </node>
        <node>
           <name>HP_JGS_3</name>
           <model>japan\gun\secondary\JGS079_76mm40\JGS079_76mm40.model</model>
        </node>
        <node>
           <name>HP_JGS_4</name>
           <model>japan\gun\secondary\JGS079_76mm40\JGS079_76mm40.model</model>
        </node>
        <node>
           <name>HP_JGS_10</name>
           <model>japan\gun\secondary\JGS079_76mm40\JGS079_76mm40.model</model>
        </node>
        <node>
           <name>HP_JGS_9</name>
           <model>japan\gun\secondary\JGS079_76mm40\JGS079_76mm40.model</model>
        </node>
        <node>
           <name>HP_JGS_11</name>
           <model>japan\gun\secondary\JGS008_150mm50_Type_41\JGS008_150mm50_Type_41.model</model>
        </node>
        <node>
           <name>HP_flag_1</name>
           <model>japan\misc\JM001\JM001.model</model>
        </node>
        <node>
           <name>HP_flag_2</name>
           <model>japan\misc\JM001\JM001.model</model>
        </node>
        <node>
           <name>HP_flag_3</name>
           <model>japan\misc\JM001\JM001.model</model>
        </node>
        <node>
           <name>HP_flag_4</name>
           <model>japan\misc\JM001\JM001.model</model>
        </node>
        <node>
           <name>MP_JM209JSB003MidFront_0_0</name>
           <model>japan\misc\JM209JSB003MidFront\JM209JSB003MidFront.model</model>
        </node>
        <node>
           <name>MP_JM092_Running_Lights_R</name>
           <model>japan\misc\JM092\JM092.model</model>
        </node>
        <node>
           <name>MP_JM093_Running_Lights_L</name>
           <model>japan\misc\JM093\JM093.model</model>
        </node>
        <node>
           <name>MP_JM216JSB003MidFront_0_0</name>
           <model>japan\misc\JM216JSB003MidFront\JM216JSB003MidFront.model</model>
        </node>
        <node>
           <name>MP_JM125JSB003MidFront_0_0</name>
           <model>japan\misc\JM125JSB003MidFront\JM125JSB003MidFront.model</model>
        </node>
        <node>
           <name>MP_JM149JSB003MidFront_0_0</name>
           <model>japan\misc\JM149JSB003MidFront\JM149JSB003MidFront.model</model>
        </node>
        <node>
           <name>MP_JM157JSB003MidFront_0_0</name>
           <model>japan\misc\JM157JSB003MidFront\JM157JSB003MidFront.model</model>
        </node>
        <node>
           <name>MP_JM057_Deck_Hatch_6</name>
           <model>japan\misc\JM057\JM057.model</model>
        </node>
        <node>
           <name>MP_JM190JSB003MidFront_0_0</name>
           <model>japan\misc\JM190JSB003MidFront\JM190JSB003MidFront.model</model>
        </node>
        <node>
           <name>MP_JM107JSB003MidFront_0_0</name>
           <model>japan\misc\JM107JSB003MidFront\JM107JSB003MidFront.model</model>
        </node>
        <node>
           <name>MP_JM164_Turning_Indicator</name>
           <model>japan\misc\JM164\JM164.model</model>
        </node>
        <node>
           <name>MP_JM166JSB003MidFront_0_0</name>
           <model>japan\misc\JM166JSB003MidFront\JM166JSB003MidFront.model</model>
        </node>
        <node>
           <name>MP_JM023JSB003MidFront_0_0</name>
           <model>japan\misc\JM023JSB003MidFront\JM023JSB003MidFront.model</model>
        </node>
        <node>
           <name>MP_JM024JSB003MidFront_0_0</name>
           <model>japan\misc\JM024JSB003MidFront\JM024JSB003MidFront.model</model>
        </node>
        <node>
           <name>MP_JM028JSB003MidFront_0_0</name>
           <model>japan\misc\JM028JSB003MidFront\JM028JSB003MidFront.model</model>
        </node>
        <node>
           <name>MP_JM022_Ventilators_6</name>
           <model>japan\misc\JM022\JM022.model</model>
        </node>
        <node>
           <name>MP_CM004_Barbette_Out</name>
           <model>common\misc\CM004\CM004.model</model>
        </node>
        <node>
           <name>MP_CM052JSB003MidFront_0_0</name>
           <model>common\misc\CM052JSB003MidFront\CM052JSB003MidFront.model</model>
        </node>
        <node>
           <name>MP_CM008JSB003MidFront_0_0</name>
           <model>common\misc\CM008JSB003MidFront\CM008JSB003MidFront.model</model>
        </node>
        <node>
           <name>MP_JM059JSB003MidFront_0_0</name>
           <model>japan\misc\JM059JSB003MidFront\JM059JSB003MidFront.model</model>
        </node>
        <node>
           <name>MP_JM054JSB003MidFront_0_0</name>
           <model>japan\misc\JM054JSB003MidFront\JM054JSB003MidFront.model</model>
        </node>
        <node>
           <name>MP_JM078JSB003MidFront_0_0</name>
           <model>japan\misc\JM078JSB003MidFront\JM078JSB003MidFront.model</model>
        </node>
        <node>
           <name>MP_CM012JSB003MidFront_0_0</name>
           <model>common\misc\CM012JSB003MidFront\CM012JSB003MidFront.model</model>
        </node>
        <node>
           <name>MP_CM011JSB003MidFront_0_0</name>
           <model>common\misc\CM011JSB003MidFront\CM011JSB003MidFront.model</model>
        </node>
        <node>
           <name>MP_JM062JSB003MidFront_0_0</name>
           <model>japan\misc\JM062JSB003MidFront\JM062JSB003MidFront.model</model>
        </node>
        <node>
           <name>MP_CM010JSB003MidFront_0_0</name>
           <model>common\misc\CM010JSB003MidFront\CM010JSB003MidFront.model</model>
        </node>
        <node>
           <name>MP_JM158_Main_Wheel</name>
           <model>japan\misc\JM158\JM158.model</model>
        </node>
        <node>
           <name>MP_CM056_Ships_bell</name>
           <model>common\misc\CM056\CM056.model</model>
        </node>
        <node>
           <name>MP_JM009_Signal_Lamp</name>
           <model>japan\misc\JM009\JM009.model</model>
        </node>
        <node>
           <name>MP_JM002JSB003MidFront_0_0</name>
           <model>japan\misc\JM002JSB003MidFront\JM002JSB003MidFront.model</model>
        </node>
        <node>
           <name>MP_CM030_Swab_Rack_2</name>
           <model>common\misc\CM030\CM030.model</model>
        </node>
        <node>
           <name>MP_JM021JSB003MidFront_0_0</name>
           <model>japan\misc\JM021JSB003MidFront\JM021JSB003MidFront.model</model>
        </node>
        <node>
           <name>MP_CM023_Accommodation_Ladder_Closed</name>
           <model>common\misc\CM023\CM023.model</model>
        </node>
        <node>
           <name>MP_CM035_Accommodation_Ladder_Closed_L</name>
           <model>common\misc\CM035\CM035.model</model>
        </node>
        <node>
           <name>MP_JM056JSB003MidFront_0_0</name>
           <model>japan\misc\JM056JSB003MidFront\JM056JSB003MidFront.model</model>
        </node>
        <node>
           <name>MP_JM111JSB003MidFront_0_0</name>
           <model>japan\misc\JM111JSB003MidFront\JM111JSB003MidFront.model</model>
        </node>
        <node>
           <name>MP_JM109_Deck_Hatch_11</name>
           <model>japan\misc\JM109\JM109.model</model>
        </node>
        <node>
           <name>MP_JM011JSB003MidFront_0_0</name>
           <model>japan\misc\JM011JSB003MidFront\JM011JSB003MidFront.model</model>
        </node>
        <node>
           <name>MP_JM030_Wind_Direction</name>
           <model>japan\misc\JM030\JM030.model</model>
        </node>
        <node>
           <name>MP_JM090_Signal_Platform_2</name>
           <model>japan\misc\JM090\JM090.model</model>
        </node>
        <node>
           <name>MP_JM222JSB003MidFront_0_0</name>
           <model>japan\misc\JM222JSB003MidFront\JM222JSB003MidFront.model</model>
        </node>
        <node>
           <name>MP_JM113JSB003MidFront_0_0</name>
           <model>japan\misc\JM113JSB003MidFront\JM113JSB003MidFront.model</model>
        </node>
        <node>
           <name>MP_CM019JSB003MidFront_0_0</name>
           <model>common\misc\CM019JSB003MidFront\CM019JSB003MidFront.model</model>
        </node>
        <node>
           <name>MP_CM009JSB003MidFront_0_0</name>
           <model>common\misc\CM009JSB003MidFront\CM009JSB003MidFront.model</model>
        </node>
        <node>
           <name>MP_JM178JSB003MidFront_0_0</name>
           <model>japan\misc\JM178JSB003MidFront\JM178JSB003MidFront.model</model>
        </node>
        <node>
           <name>MP_JM189_Compass_Binnacle</name>
           <model>japan\misc\JM189\JM189.model</model>
        </node>
        <node>
           <name>MP_JM039JSB003MidFront_0_0</name>
           <model>japan\misc\JM039JSB003MidFront\JM039JSB003MidFront.model</model>
        </node>
        <node>
           <name>MP_JM120JSB003MidFront_0_0</name>
           <model>japan\misc\JM120JSB003MidFront\JM120JSB003MidFront.model</model>
        </node>
        <node>
           <name>MP_JM280JSB003MidFront_0_0</name>
           <model>japan\misc\JM280JSB003MidFront\JM280JSB003MidFront.model</model>
        </node>
        <node>
           <name>HP_Fire_Burn_2</name>
           <model>UNKNOWN_ITEM</model>
        </node>
        <node>
           <name>HP_Smoke_1</name>
           <model>UNKNOWN_ITEM</model>
        </node>
        <node>
           <name>HP_Smoke_2</name>
           <model>UNKNOWN_ITEM</model>
        </node>
        <node>
           <name>HP_NoseWave_Speed</name>
           <model>UNKNOWN_ITEM</model>
        </node>
    </midfront>
    <midback>
      <model>japan\ship\battleship\JSB003_Myogi_1912\JSB003_Myogi_1912_MidBack_ports.model</model>
        <node>
           <name>HP_JF_2</name>
           <model>japan\finder\JF057_Rangefinder_1_5m\JF057_Rangefinder_1_5m.model</model>
        </node>
        <node>
           <name>HP_JGM_2</name>
           <model>japan\gun\main\JGM049_356mm45_Type41\JGM049_356mm45_Type41.model</model>
        </node>
        <node>
           <name>HP_JGS_13</name>
           <model>japan\gun\secondary\JGS008_150mm50_Type_41\JGS008_150mm50_Type_41.model</model>
        </node>
        <node>
           <name>HP_JGS_15</name>
           <model>japan\gun\secondary\JGS008_150mm50_Type_41\JGS008_150mm50_Type_41.model</model>
        </node>
        <node>
           <name>HP_JGS_17</name>
           <model>japan\gun\secondary\JGS008_150mm50_Type_41\JGS008_150mm50_Type_41.model</model>
        </node>
        <node>
           <name>HP_JGS_21</name>
           <model>japan\gun\secondary\JGS008_150mm50_Type_41\JGS008_150mm50_Type_41.model</model>
        </node>
        <node>
           <name>HP_JGS_14</name>
           <model>japan\gun\secondary\JGS008_150mm50_Type_41\JGS008_150mm50_Type_41.model</model>
        </node>
        <node>
           <name>HP_JGS_16</name>
           <model>japan\gun\secondary\JGS008_150mm50_Type_41\JGS008_150mm50_Type_41.model</model>
        </node>
        <node>
           <name>HP_JGS_18</name>
           <model>japan\gun\secondary\JGS008_150mm50_Type_41\JGS008_150mm50_Type_41.model</model>
        </node>
        <node>
           <name>HP_JGS_22</name>
           <model>japan\gun\secondary\JGS008_150mm50_Type_41\JGS008_150mm50_Type_41.model</model>
        </node>
        <node>
           <name>HP_JGS_19</name>
           <model>japan\gun\secondary\JGS079_76mm40\JGS079_76mm40.model</model>
        </node>
        <node>
           <name>HP_JGS_20</name>
           <model>japan\gun\secondary\JGS079_76mm40\JGS079_76mm40.model</model>
        </node>
        <node>
           <name>MP_JM209JSB003MidBack_0_0</name>
           <model>japan\misc\JM209JSB003MidBack\JM209JSB003MidBack.model</model>
        </node>
        <node>
           <name>MP_JM125JSB003MidBack_0_0</name>
           <model>japan\misc\JM125JSB003MidBack\JM125JSB003MidBack.model</model>
        </node>
        <node>
           <name>MP_CM060JSB003MidBack_0_0</name>
           <model>common\misc\CM060JSB003MidBack\CM060JSB003MidBack.model</model>
        </node>
        <node>
           <name>MP_JM031_Wind_Intensity</name>
           <model>japan\misc\JM031\JM031.model</model>
        </node>
        <node>
           <name>MP_JM149JSB003MidBack_0_0</name>
           <model>japan\misc\JM149JSB003MidBack\JM149JSB003MidBack.model</model>
        </node>
        <node>
           <name>MP_JM157JSB003MidBack_0_0</name>
           <model>japan\misc\JM157JSB003MidBack\JM157JSB003MidBack.model</model>
        </node>
        <node>
           <name>MP_JM061JSB003MidBack_0_0</name>
           <model>japan\misc\JM061JSB003MidBack\JM061JSB003MidBack.model</model>
        </node>
        <node>
           <name>MP_JM028JSB003MidBack_0_0</name>
           <model>japan\misc\JM028JSB003MidBack\JM028JSB003MidBack.model</model>
        </node>
        <node>
           <name>MP_JM107JSB003MidBack_0_0</name>
           <model>japan\misc\JM107JSB003MidBack\JM107JSB003MidBack.model</model>
        </node>
        <node>
           <name>MP_JM166JSB003MidBack_0_0</name>
           <model>japan\misc\JM166JSB003MidBack\JM166JSB003MidBack.model</model>
        </node>
        <node>
           <name>MP_JM024JSB003MidBack_0_0</name>
           <model>japan\misc\JM024JSB003MidBack\JM024JSB003MidBack.model</model>
        </node>
        <node>
           <name>MP_JM022_Ventilators_6</name>
           <model>japan\misc\JM022\JM022.model</model>
        </node>
        <node>
           <name>MP_JM023JSB003MidBack_0_0</name>
           <model>japan\misc\JM023JSB003MidBack\JM023JSB003MidBack.model</model>
        </node>
        <node>
           <name>MP_CM004_Barbette_Out</name>
           <model>common\misc\CM004\CM004.model</model>
        </node>
        <node>
           <name>MP_CM052JSB003MidBack_0_0</name>
           <model>common\misc\CM052JSB003MidBack\CM052JSB003MidBack.model</model>
        </node>
        <node>
           <name>MP_CM008JSB003MidBack_0_0</name>
           <model>common\misc\CM008JSB003MidBack\CM008JSB003MidBack.model</model>
        </node>
        <node>
           <name>MP_JM059JSB003MidBack_0_0</name>
           <model>japan\misc\JM059JSB003MidBack\JM059JSB003MidBack.model</model>
        </node>
        <node>
           <name>MP_JM054JSB003MidBack_0_0</name>
           <model>japan\misc\JM054JSB003MidBack\JM054JSB003MidBack.model</model>
        </node>
        <node>
           <name>MP_JM078JSB003MidBack_0_0</name>
           <model>japan\misc\JM078JSB003MidBack\JM078JSB003MidBack.model</model>
        </node>
        <node>
           <name>MP_CM012JSB003MidBack_0_0</name>
           <model>common\misc\CM012JSB003MidBack\CM012JSB003MidBack.model</model>
        </node>
        <node>
           <name>MP_CM011JSB003MidBack_0_0</name>
           <model>common\misc\CM011JSB003MidBack\CM011JSB003MidBack.model</model>
        </node>
        <node>
           <name>MP_JM062_Deck_Hatch_11</name>
           <model>japan\misc\JM062\JM062.model</model>
        </node>
        <node>
           <name>MP_CM010_Fire_Hose_Reel</name>
           <model>common\misc\CM010\CM010.model</model>
        </node>
        <node>
           <name>MP_CM056_Ships_bell</name>
           <model>common\misc\CM056\CM056.model</model>
        </node>
        <node>
           <name>MP_JM009_Signal_Lamp</name>
           <model>japan\misc\JM009\JM009.model</model>
        </node>
        <node>
           <name>MP_JM055JSB003MidBack_0_0</name>
           <model>japan\misc\JM055JSB003MidBack\JM055JSB003MidBack.model</model>
        </node>
        <node>
           <name>MP_JM052JSB003MidBack_0_0</name>
           <model>japan\misc\JM052JSB003MidBack\JM052JSB003MidBack.model</model>
        </node>
        <node>
           <name>MP_CM030_Swab_Rack_2</name>
           <model>common\misc\CM030\CM030.model</model>
        </node>
        <node>
           <name>MP_JM021JSB003MidBack_0_0</name>
           <model>japan\misc\JM021JSB003MidBack\JM021JSB003MidBack.model</model>
        </node>
        <node>
           <name>MP_JM063JSB003MidBack_0_0</name>
           <model>japan\misc\JM063JSB003MidBack\JM063JSB003MidBack.model</model>
        </node>
        <node>
           <name>MP_CM023_Accommodation_Ladder_Closed</name>
           <model>common\misc\CM023\CM023.model</model>
        </node>
        <node>
           <name>MP_CM035_Accommodation_Ladder_Closed_L</name>
           <model>common\misc\CM035\CM035.model</model>
        </node>
        <node>
           <name>MP_JM111JSB003MidBack_0_0</name>
           <model>japan\misc\JM111JSB003MidBack\JM111JSB003MidBack.model</model>
        </node>
        <node>
           <name>MP_JM109_Deck_Hatch_11</name>
           <model>japan\misc\JM109\JM109.model</model>
        </node>
        <node>
           <name>MP_JM011JSB003MidBack_0_0</name>
           <model>japan\misc\JM011JSB003MidBack\JM011JSB003MidBack.model</model>
        </node>
        <node>
           <name>MP_JM222JSB003MidBack_0_0</name>
           <model>japan\misc\JM222JSB003MidBack\JM222JSB003MidBack.model</model>
        </node>
        <node>
           <name>MP_CM019JSB003MidBack_0_0</name>
           <model>common\misc\CM019JSB003MidBack\CM019JSB003MidBack.model</model>
        </node>
        <node>
           <name>MP_CM009JSB003MidBack_0_0</name>
           <model>common\misc\CM009JSB003MidBack\CM009JSB003MidBack.model</model>
        </node>
        <node>
           <name>MP_JM058JSB003MidBack_0_0</name>
           <model>japan\misc\JM058JSB003MidBack\JM058JSB003MidBack.model</model>
        </node>
        <node>
           <name>MP_JM032JSB003MidBack_0_0</name>
           <model>japan\misc\JM032JSB003MidBack\JM032JSB003MidBack.model</model>
        </node>
        <node>
           <name>MP_JM189_Compass_Binnacle</name>
           <model>japan\misc\JM189\JM189.model</model>
        </node>
        <node>
           <name>MP_JM042JSB003MidBack_0_0</name>
           <model>japan\misc\JM042JSB003MidBack\JM042JSB003MidBack.model</model>
        </node>
        <node>
           <name>MP_JM039JSB003MidBack_0_0</name>
           <model>japan\misc\JM039JSB003MidBack\JM039JSB003MidBack.model</model>
        </node>
        <node>
           <name>MP_JM120JSB003MidBack_0_0</name>
           <model>japan\misc\JM120JSB003MidBack\JM120JSB003MidBack.model</model>
        </node>
        <node>
           <name>HP_Fire_Burn_3</name>
           <model>UNKNOWN_ITEM</model>
        </node>
        <node>
           <name>HP_Smoke_3</name>
           <model>UNKNOWN_ITEM</model>
        </node>
    </midback>
    <stern>
      <model>japan\ship\battleship\JSB003_Myogi_1912\JSB003_Myogi_1912_Stern_ports.model</model>
        <node>
           <name>HP_JGM_3</name>
           <model>japan\gun\main\JGM049_356mm45_Type41\JGM049_356mm45_Type41.model</model>
        </node>
        <node>
           <name>HP_flag_nation</name>
           <model>japan\misc\JM001\JM001.model</model>
        </node>
        <node>
           <name>MP_CM002_Propeller4_L</name>
           <model>common\misc\CM002\CM002.model</model>
        </node>
        <node>
           <name>MP_CM002_Propeller4_L_INDEX_1</name>
           <model>common\misc\CM002\CM002.model</model>
        </node>
        <node>
           <name>MP_JM171_CraneR</name>
           <model>japan\misc\JM171\JM171.model</model>
        </node>
        <node>
           <name>MP_JM125_Signal_Lamp_3</name>
           <model>japan\misc\JM125\JM125.model</model>
        </node>
        <node>
           <name>MP_JM037JSB003Stern_0_0</name>
           <model>japan\misc\JM037JSB003Stern\JM037JSB003Stern.model</model>
        </node>
        <node>
           <name>MP_JM057_Deck_Hatch_6</name>
           <model>japan\misc\JM057\JM057.model</model>
        </node>
        <node>
           <name>MP_JM044_After_Capstan</name>
           <model>japan\misc\JM044\JM044.model</model>
        </node>
        <node>
           <name>MP_JM022_Ventilators_6</name>
           <model>japan\misc\JM022\JM022.model</model>
        </node>
        <node>
           <name>MP_JM023_Ventilators_7</name>
           <model>japan\misc\JM023\JM023.model</model>
        </node>
        <node>
           <name>MP_JM024JSB003Stern_0_0</name>
           <model>japan\misc\JM024JSB003Stern\JM024JSB003Stern.model</model>
        </node>
        <node>
           <name>MP_CM004_Barbette_Out</name>
           <model>common\misc\CM004\CM004.model</model>
        </node>
        <node>
           <name>MP_JM223_Ventilation</name>
           <model>japan\misc\JM223\JM223.model</model>
        </node>
        <node>
           <name>MP_JM170_CraneL</name>
           <model>japan\misc\JM170\JM170.model</model>
        </node>
        <node>
           <name>MP_CM008JSB003Stern_0_0</name>
           <model>common\misc\CM008JSB003Stern\CM008JSB003Stern.model</model>
        </node>
        <node>
           <name>MP_JM054_Deck_Hatch_3</name>
           <model>japan\misc\JM054\JM054.model</model>
        </node>
        <node>
           <name>MP_JM078_Deck_Winch_2</name>
           <model>japan\misc\JM078\JM078.model</model>
        </node>
        <node>
           <name>MP_CM012JSB003Stern_0_0</name>
           <model>common\misc\CM012JSB003Stern\CM012JSB003Stern.model</model>
        </node>
        <node>
           <name>MP_CM011JSB003Stern_0_0</name>
           <model>common\misc\CM011JSB003Stern\CM011JSB003Stern.model</model>
        </node>
        <node>
           <name>MP_JM062JSB003Stern_0_0</name>
           <model>japan\misc\JM062JSB003Stern\JM062JSB003Stern.model</model>
        </node>
        <node>
           <name>MP_CM010JSB003Stern_0_0</name>
           <model>common\misc\CM010JSB003Stern\CM010JSB003Stern.model</model>
        </node>
        <node>
           <name>MP_JM055_Deck_Hatch_4</name>
           <model>japan\misc\JM055\JM055.model</model>
        </node>
        <node>
           <name>MP_JM021JSB003Stern_0_0</name>
           <model>japan\misc\JM021JSB003Stern\JM021JSB003Stern.model</model>
        </node>
        <node>
           <name>MP_JM111JSB003Stern_0_0</name>
           <model>japan\misc\JM111JSB003Stern\JM111JSB003Stern.model</model>
        </node>
        <node>
           <name>MP_JM109_Deck_Hatch_11</name>
           <model>japan\misc\JM109\JM109.model</model>
        </node>
        <node>
           <name>MP_CM064JSB003Stern_0_0</name>
           <model>common\misc\CM064JSB003Stern\CM064JSB003Stern.model</model>
        </node>
        <node>
           <name>MP_JM026JSB003Stern_0_0</name>
           <model>japan\misc\JM026JSB003Stern\JM026JSB003Stern.model</model>
        </node>
        <node>
           <name>MP_CM019_Wood_Box_2</name>
           <model>common\misc\CM019\CM019.model</model>
        </node>
        <node>
           <name>MP_JM049JSB003Stern_0_0</name>
           <model>japan\misc\JM049JSB003Stern\JM049JSB003Stern.model</model>
        </node>
        <node>
           <name>MP_JM096JSB003Stern_0_0</name>
           <model>japan\misc\JM096JSB003Stern\JM096JSB003Stern.model</model>
        </node>
        <node>
           <name>MP_JM141JSB003Stern_0_0</name>
           <model>japan\misc\JM141JSB003Stern\JM141JSB003Stern.model</model>
        </node>
        <node>
           <name>MP_CM033_Propeller4_R</name>
           <model>common\misc\CM033\CM033.model</model>
        </node>
        <node>
           <name>MP_CM033_Propeller4_R_INDEX_1</name>
           <model>common\misc\CM033\CM033.model</model>
        </node>
        <node>
           <name>HP_Fire_Burn_4</name>
           <model>UNKNOWN_ITEM</model>
        </node>
    </stern>
  </sections>
</JSB003_Myogi_1912.xml>
