<JSC026_Iwaki_1944.xml>
  <sections>
    <bow>
      <model>japan\ship\cruiser\JSC026_Iwaki_1944\JSC026_Iwaki_1944_bow_ports.model</model>
        <node>
           <name>HP_JD_3</name>
           <model>japan\director\JD061_Torpedo_Director\JD061_Torpedo_Director.model</model>
        </node>
        <node>
           <name>HP_JD_2</name>
           <model>japan\director\JD061_Torpedo_Director\JD061_Torpedo_Director.model</model>
        </node>
        <node>
           <name>HP_JD_1</name>
           <model>japan\director\JD074_Director_Type_13\JD074_Director_Type_13.model</model>
        </node>
        <node>
           <name>HP_JGM_1</name>
           <model>japan\gun\main\JGM035_140mm50_Type_3Year\JGM035_140mm50_Type_3Year.model</model>
        </node>
        <node>
           <name>HP_JRS_2</name>
           <model>japan\radar\search\JRS044_Radar_Type_A6\JRS044_Radar_Type_A6.model</model>
        </node>
        <node>
           <name>HP_JRS_1</name>
           <model>japan\radar\search\JRS070_Radar_Type_22\JRS070_Radar_Type_22.model</model>
        </node>
        <node>
           <name>HP_flag_1</name>
           <model>japan\misc\JM001\JM001.model</model>
        </node>
        <node>
           <name>HP_flag_2</name>
           <model>japan\misc\JM001\JM001.model</model>
        </node>
        <node>
           <name>HP_flag_3</name>
           <model>japan\misc\JM001\JM001.model</model>
        </node>
        <node>
           <name>HP_flag_4</name>
           <model>japan\misc\JM001\JM001.model</model>
        </node>
        <node>
           <name>MP_JM165_Telegraph_Engine</name>
           <model>japan\misc\JM165\JM165.model</model>
        </node>
        <node>
           <name>MP_CM011JSC026Bow_0_0</name>
           <model>common\misc\CM011JSC026Bow\CM011JSC026Bow.model</model>
        </node>
        <node>
           <name>MP_CM029JSC026Bow_0_0</name>
           <model>common\misc\CM029JSC026Bow\CM029JSC026Bow.model</model>
        </node>
        <node>
           <name>MP_JM271JSC026Bow_0_0</name>
           <model>japan\misc\JM271JSC026Bow\JM271JSC026Bow.model</model>
        </node>
        <node>
           <name>MP_JM265JSC026Bow_0_0</name>
           <model>japan\misc\JM265JSC026Bow\JM265JSC026Bow.model</model>
        </node>
        <node>
           <name>MP_JM002_Paravane</name>
           <model>japan\misc\JM002\JM002.model</model>
        </node>
        <node>
           <name>MP_JM237JSC026Bow_0_0</name>
           <model>japan\misc\JM237JSC026Bow\JM237JSC026Bow.model</model>
        </node>
        <node>
           <name>MP_JM251JSC026Bow_0_0</name>
           <model>japan\misc\JM251JSC026Bow\JM251JSC026Bow.model</model>
        </node>
        <node>
           <name>MP_JM093_Running_Lights_L</name>
           <model>japan\misc\JM093\JM093.model</model>
        </node>
        <node>
           <name>MP_JM189_Compass_Binnacle</name>
           <model>japan\misc\JM189\JM189.model</model>
        </node>
        <node>
           <name>MP_JM031_Wind_Intensity</name>
           <model>japan\misc\JM031\JM031.model</model>
        </node>
        <node>
           <name>MP_JM263JSC026Bow_0_0</name>
           <model>japan\misc\JM263JSC026Bow\JM263JSC026Bow.model</model>
        </node>
        <node>
           <name>MP_JM252JSC026Bow_0_0</name>
           <model>japan\misc\JM252JSC026Bow\JM252JSC026Bow.model</model>
        </node>
        <node>
           <name>MP_JM254JSC026Bow_0_0</name>
           <model>japan\misc\JM254JSC026Bow\JM254JSC026Bow.model</model>
        </node>
        <node>
           <name>MP_JM128JSC026Bow_0_0</name>
           <model>japan\misc\JM128JSC026Bow\JM128JSC026Bow.model</model>
        </node>
        <node>
           <name>MP_JM234_Antenna</name>
           <model>japan\misc\JM234\JM234.model</model>
        </node>
        <node>
           <name>MP_JM261_Fuse_box_1</name>
           <model>japan\misc\JM261\JM261.model</model>
        </node>
        <node>
           <name>MP_JM266_Wall_trigger_3</name>
           <model>japan\misc\JM266\JM266.model</model>
        </node>
        <node>
           <name>MP_JM131JSC026Bow_0_0</name>
           <model>japan\misc\JM131JSC026Bow\JM131JSC026Bow.model</model>
        </node>
        <node>
           <name>MP_JM014JSC026Bow_0_0</name>
           <model>japan\misc\JM014JSC026Bow\JM014JSC026Bow.model</model>
        </node>
        <node>
           <name>MP_JM141JSC026Bow_0_0</name>
           <model>japan\misc\JM141JSC026Bow\JM141JSC026Bow.model</model>
        </node>
        <node>
           <name>MP_CM060JSC026Bow_0_0</name>
           <model>common\misc\CM060JSC026Bow\CM060JSC026Bow.model</model>
        </node>
        <node>
           <name>MP_CM010JSC026Bow_0_0</name>
           <model>common\misc\CM010JSC026Bow\CM010JSC026Bow.model</model>
        </node>
        <node>
           <name>MP_JM202JSC026Bow_0_0</name>
           <model>japan\misc\JM202JSC026Bow\JM202JSC026Bow.model</model>
        </node>
        <node>
           <name>MP_JM249_Gauge_1</name>
           <model>japan\misc\JM249\JM249.model</model>
        </node>
        <node>
           <name>MP_JM244_Gyro_2</name>
           <model>japan\misc\JM244\JM244.model</model>
        </node>
        <node>
           <name>MP_JM028JSC026Bow_0_0</name>
           <model>japan\misc\JM028JSC026Bow\JM028JSC026Bow.model</model>
        </node>
        <node>
           <name>MP_JM006JSC026Bow_0_0</name>
           <model>japan\misc\JM006JSC026Bow\JM006JSC026Bow.model</model>
        </node>
        <node>
           <name>MP_JM064JSC026Bow_0_0</name>
           <model>japan\misc\JM064JSC026Bow\JM064JSC026Bow.model</model>
        </node>
        <node>
           <name>MP_JM010JSC026Bow_0_0</name>
           <model>japan\misc\JM010JSC026Bow\JM010JSC026Bow.model</model>
        </node>
        <node>
           <name>MP_JM053_Deck_Hatch_2</name>
           <model>japan\misc\JM053\JM053.model</model>
        </node>
        <node>
           <name>MP_JM238_Speaker_tube_2</name>
           <model>japan\misc\JM238\JM238.model</model>
        </node>
        <node>
           <name>MP_JM125JSC026Bow_0_0</name>
           <model>japan\misc\JM125JSC026Bow\JM125JSC026Bow.model</model>
        </node>
        <node>
           <name>MP_JM255JSC026Bow_0_0</name>
           <model>japan\misc\JM255JSC026Bow\JM255JSC026Bow.model</model>
        </node>
        <node>
           <name>MP_JM250JSC026Bow_0_0</name>
           <model>japan\misc\JM250JSC026Bow\JM250JSC026Bow.model</model>
        </node>
        <node>
           <name>MP_JM059JSC026Bow_0_0</name>
           <model>japan\misc\JM059JSC026Bow\JM059JSC026Bow.model</model>
        </node>
        <node>
           <name>MP_JM011_Day_Light</name>
           <model>japan\misc\JM011\JM011.model</model>
        </node>
        <node>
           <name>MP_JM092_Running_Lights_R</name>
           <model>japan\misc\JM092\JM092.model</model>
        </node>
        <node>
           <name>MP_JM240_Speaker_tube_4</name>
           <model>japan\misc\JM240\JM240.model</model>
        </node>
        <node>
           <name>MP_JM024JSC026Bow_0_0</name>
           <model>japan\misc\JM024JSC026Bow\JM024JSC026Bow.model</model>
        </node>
        <node>
           <name>MP_JM027JSC026Bow_0_0</name>
           <model>japan\misc\JM027JSC026Bow\JM027JSC026Bow.model</model>
        </node>
        <node>
           <name>MP_CM014_Fuel_Oil_Hose</name>
           <model>common\misc\CM014\CM014.model</model>
        </node>
        <node>
           <name>MP_CM086JSC026Bow_0_0</name>
           <model>common\misc\CM086JSC026Bow\CM086JSC026Bow.model</model>
        </node>
        <node>
           <name>MP_CM087JSC026Bow_0_0</name>
           <model>common\misc\CM087JSC026Bow\CM087JSC026Bow.model</model>
        </node>
        <node>
           <name>MP_CM013JSC026Bow_0_0</name>
           <model>common\misc\CM013JSC026Bow\CM013JSC026Bow.model</model>
        </node>
        <node>
           <name>MP_JM297JSC026Bow_0_0</name>
           <model>japan\misc\JM297JSC026Bow\JM297JSC026Bow.model</model>
        </node>
        <node>
           <name>MP_JM267_Wall_ring</name>
           <model>japan\misc\JM267\JM267.model</model>
        </node>
        <node>
           <name>MP_JM158_Main_Wheel</name>
           <model>japan\misc\JM158\JM158.model</model>
        </node>
        <node>
           <name>MP_JM264JSC026Bow_0_0</name>
           <model>japan\misc\JM264JSC026Bow\JM264JSC026Bow.model</model>
        </node>
        <node>
           <name>MP_JM072JSC026Bow_0_0</name>
           <model>japan\misc\JM072JSC026Bow\JM072JSC026Bow.model</model>
        </node>
        <node>
           <name>MP_JM253JSC026Bow_0_0</name>
           <model>japan\misc\JM253JSC026Bow\JM253JSC026Bow.model</model>
        </node>
        <node>
           <name>MP_JM111JSC026Bow_0_0</name>
           <model>japan\misc\JM111JSC026Bow\JM111JSC026Bow.model</model>
        </node>
        <node>
           <name>MP_JM257JSC026Bow_0_0</name>
           <model>japan\misc\JM257JSC026Bow\JM257JSC026Bow.model</model>
        </node>
        <node>
           <name>MP_JM022_Ventilators_6</name>
           <model>japan\misc\JM022\JM022.model</model>
        </node>
        <node>
           <name>MP_JM242JSC026Bow_0_0</name>
           <model>japan\misc\JM242JSC026Bow\JM242JSC026Bow.model</model>
        </node>
        <node>
           <name>MP_JM259_Gauge_8</name>
           <model>japan\misc\JM259\JM259.model</model>
        </node>
        <node>
           <name>MP_JM023JSC026Bow_0_0</name>
           <model>japan\misc\JM023JSC026Bow\JM023JSC026Bow.model</model>
        </node>
        <node>
           <name>MP_CM009_Life_Buoy_2</name>
           <model>common\misc\CM009\CM009.model</model>
        </node>
        <node>
           <name>MP_JM309JSC026Bow_0_0</name>
           <model>japan\misc\JM309JSC026Bow\JM309JSC026Bow.model</model>
        </node>
        <node>
           <name>MP_JM308JSC026Bow_0_0</name>
           <model>japan\misc\JM308JSC026Bow\JM308JSC026Bow.model</model>
        </node>
        <node>
           <name>MP_JM307JSC026Bow_0_0</name>
           <model>japan\misc\JM307JSC026Bow\JM307JSC026Bow.model</model>
        </node>
        <node>
           <name>MP_JM306_Chrysanthemum_mid</name>
           <model>japan\misc\JM306\JM306.model</model>
        </node>
        <node>
           <name>HP_Fire_Burn_1</name>
           <model>UNKNOWN_ITEM</model>
        </node>
    </bow>
    <midfront>
      <model>japan\ship\cruiser\JSC026_Iwaki_1944\JSC026_Iwaki_1944_MidFront_ports.model</model>
        <node>
           <name>HP_JF_1</name>
           <model>japan\finder\JF054_Rangefinder_2_5m\JF054_Rangefinder_2_5m.model</model>
        </node>
        <node>
           <name>HP_JGA_2</name>
           <model>japan\gun\aaircraft\JGA010_25mm_Type96\JGA010_25mm_Type96.model</model>
        </node>
        <node>
           <name>HP_JGA_1</name>
           <model>japan\gun\aaircraft\JGA010_25mm_Type96\JGA010_25mm_Type96.model</model>
        </node>
        <node>
           <name>HP_JGA_3</name>
           <model>japan\gun\aaircraft\JGA010_25mm_Type96\JGA010_25mm_Type96.model</model>
        </node>
        <node>
           <name>HP_JGA_4</name>
           <model>japan\gun\aaircraft\JGA010_25mm_Type96\JGA010_25mm_Type96.model</model>
        </node>
        <node>
           <name>HP_JGM_3</name>
           <model>japan\gun\main\JGM035_140mm50_Type_3Year\JGM035_140mm50_Type_3Year.model</model>
        </node>
        <node>
           <name>HP_JGM_2</name>
           <model>japan\gun\main\JGM035_140mm50_Type_3Year\JGM035_140mm50_Type_3Year.model</model>
        </node>
        <node>
           <name>HP_JGT_1</name>
           <model>japan\gun\torpedo\JGT120_610mm_3\JGT120_610mm_3.model</model>
        </node>
        <node>
           <name>MP_JM023JSC026MidFront_0_0</name>
           <model>japan\misc\JM023JSC026MidFront\JM023JSC026MidFront.model</model>
        </node>
        <node>
           <name>MP_JM129JSC026MidFront_0_0</name>
           <model>japan\misc\JM129JSC026MidFront\JM129JSC026MidFront.model</model>
        </node>
        <node>
           <name>MP_JM149JSC026MidFront_0_0</name>
           <model>japan\misc\JM149JSC026MidFront\JM149JSC026MidFront.model</model>
        </node>
        <node>
           <name>MP_JM059JSC026MidFront_0_0</name>
           <model>japan\misc\JM059JSC026MidFront\JM059JSC026MidFront.model</model>
        </node>
        <node>
           <name>MP_JM055_Deck_Hatch_4</name>
           <model>japan\misc\JM055\JM055.model</model>
        </node>
        <node>
           <name>MP_CM013JSC026MidFront_0_0</name>
           <model>common\misc\CM013JSC026MidFront\CM013JSC026MidFront.model</model>
        </node>
        <node>
           <name>MP_JM022JSC026MidFront_0_0</name>
           <model>japan\misc\JM022JSC026MidFront\JM022JSC026MidFront.model</model>
        </node>
        <node>
           <name>MP_CM082JSC026MidFront_0_0</name>
           <model>common\misc\CM082JSC026MidFront\CM082JSC026MidFront.model</model>
        </node>
        <node>
           <name>MP_CM011JSC026MidFront_0_0</name>
           <model>common\misc\CM011JSC026MidFront\CM011JSC026MidFront.model</model>
        </node>
        <node>
           <name>MP_JM225_Motor_Boats_9m</name>
           <model>japan\misc\JM225\JM225.model</model>
        </node>
        <node>
           <name>MP_CM014JSC026MidFront_0_0</name>
           <model>common\misc\CM014JSC026MidFront\CM014JSC026MidFront.model</model>
        </node>
        <node>
           <name>MP_JM131JSC026MidFront_0_0</name>
           <model>japan\misc\JM131JSC026MidFront\JM131JSC026MidFront.model</model>
        </node>
        <node>
           <name>MP_CM008JSC026MidFront_0_0</name>
           <model>common\misc\CM008JSC026MidFront\CM008JSC026MidFront.model</model>
        </node>
        <node>
           <name>MP_CM029JSC026MidFront_0_0</name>
           <model>common\misc\CM029JSC026MidFront\CM029JSC026MidFront.model</model>
        </node>
        <node>
           <name>MP_JM212_Torpedo_Bogie</name>
           <model>japan\misc\JM212\JM212.model</model>
        </node>
        <node>
           <name>MP_JM024JSC026MidFront_0_0</name>
           <model>japan\misc\JM024JSC026MidFront\JM024JSC026MidFront.model</model>
        </node>
        <node>
           <name>MP_JM160_Ventilation</name>
           <model>japan\misc\JM160\JM160.model</model>
        </node>
        <node>
           <name>MP_JM037JSC026MidFront_0_0</name>
           <model>japan\misc\JM037JSC026MidFront\JM037JSC026MidFront.model</model>
        </node>
        <node>
           <name>MP_JM202JSC026MidFront_0_0</name>
           <model>japan\misc\JM202JSC026MidFront\JM202JSC026MidFront.model</model>
        </node>
        <node>
           <name>MP_JM002_Paravane</name>
           <model>japan\misc\JM002\JM002.model</model>
        </node>
        <node>
           <name>MP_CM010JSC026MidFront_0_0</name>
           <model>common\misc\CM010JSC026MidFront\CM010JSC026MidFront.model</model>
        </node>
        <node>
           <name>MP_JM115_Antenna_2</name>
           <model>japan\misc\JM115\JM115.model</model>
        </node>
        <node>
           <name>MP_JM161_Ventilation</name>
           <model>japan\misc\JM161\JM161.model</model>
        </node>
        <node>
           <name>MP_JM053JSC026MidFront_0_0</name>
           <model>japan\misc\JM053JSC026MidFront\JM053JSC026MidFront.model</model>
        </node>
        <node>
           <name>MP_JM159JSC026MidFront_0_0</name>
           <model>japan\misc\JM159JSC026MidFront\JM159JSC026MidFront.model</model>
        </node>
        <node>
           <name>MP_JM219_Barbette_TA</name>
           <model>japan\misc\JM219\JM219.model</model>
        </node>
        <node>
           <name>MP_JM162_Ventilation</name>
           <model>japan\misc\JM162\JM162.model</model>
        </node>
        <node>
           <name>MP_CM056_Ships_bell</name>
           <model>common\misc\CM056\CM056.model</model>
        </node>
        <node>
           <name>MP_CM018_Wood_Box_1</name>
           <model>common\misc\CM018\CM018.model</model>
        </node>
        <node>
           <name>MP_CM030JSC026MidFront_0_0</name>
           <model>common\misc\CM030JSC026MidFront\CM030JSC026MidFront.model</model>
        </node>
        <node>
           <name>MP_CM019_Wood_Box_2</name>
           <model>common\misc\CM019\CM019.model</model>
        </node>
        <node>
           <name>HP_Smoke_1</name>
           <model>UNKNOWN_ITEM</model>
        </node>
        <node>
           <name>HP_Smoke_2</name>
           <model>UNKNOWN_ITEM</model>
        </node>
        <node>
           <name>HP_Fire_Burn_2</name>
           <model>UNKNOWN_ITEM</model>
        </node>
        <node>
           <name>HP_NoseWave_Speed</name>
           <model>UNKNOWN_ITEM</model>
        </node>
        <node>
           <name>HP_Smoke_3</name>
           <model>UNKNOWN_ITEM</model>
        </node>
    </midfront>
    <midback>
      <model>japan\ship\cruiser\JSC026_Iwaki_1944\JSC026_Iwaki_1944_MidBack_ports.model</model>
        <node>
           <name>HP_JRS_3</name>
           <model>japan\radar\search\JRS010_Radar_Type_13\JRS010_Radar_Type_13.model</model>
        </node>
        <node>
           <name>HP_JGT_2</name>
           <model>japan\gun\torpedo\JGT120_610mm_3\JGT120_610mm_3.model</model>
        </node>
        <node>
           <name>HP_JGM_4</name>
           <model>japan\gun\main\JGM035_140mm50_Type_3Year\JGM035_140mm50_Type_3Year.model</model>
        </node>
        <node>
           <name>HP_JGM_5</name>
           <model>japan\gun\main\JGM035_140mm50_Type_3Year\JGM035_140mm50_Type_3Year.model</model>
        </node>
        <node>
           <name>HP_JF_2</name>
           <model>japan\finder\JF054_Rangefinder_2_5m\JF054_Rangefinder_2_5m.model</model>
        </node>
        <node>
           <name>MP_CM011JSC026MidBack_0_0</name>
           <model>common\misc\CM011JSC026MidBack\CM011JSC026MidBack.model</model>
        </node>
        <node>
           <name>MP_CM013JSC026MidBack_0_0</name>
           <model>common\misc\CM013JSC026MidBack\CM013JSC026MidBack.model</model>
        </node>
        <node>
           <name>MP_CM029JSC026MidBack_0_0</name>
           <model>common\misc\CM029JSC026MidBack\CM029JSC026MidBack.model</model>
        </node>
        <node>
           <name>MP_JM202JSC026MidBack_0_0</name>
           <model>japan\misc\JM202JSC026MidBack\JM202JSC026MidBack.model</model>
        </node>
        <node>
           <name>MP_JM062_Deck_Hatch_11</name>
           <model>japan\misc\JM062\JM062.model</model>
        </node>
        <node>
           <name>MP_JM219_Barbette_TA</name>
           <model>japan\misc\JM219\JM219.model</model>
        </node>
        <node>
           <name>MP_CM001_Propeller3_L</name>
           <model>common\misc\CM001\CM001.model</model>
        </node>
        <node>
           <name>MP_JM059JSC026MidBack_0_0</name>
           <model>japan\misc\JM059JSC026MidBack\JM059JSC026MidBack.model</model>
        </node>
        <node>
           <name>MP_CM008JSC026MidBack_0_0</name>
           <model>common\misc\CM008JSC026MidBack\CM008JSC026MidBack.model</model>
        </node>
        <node>
           <name>MP_JM005JSC026MidBack_0_0</name>
           <model>japan\misc\JM005JSC026MidBack\JM005JSC026MidBack.model</model>
        </node>
        <node>
           <name>MP_JM149JSC026MidBack_0_0</name>
           <model>japan\misc\JM149JSC026MidBack\JM149JSC026MidBack.model</model>
        </node>
        <node>
           <name>MP_JM111JSC026MidBack_0_0</name>
           <model>japan\misc\JM111JSC026MidBack\JM111JSC026MidBack.model</model>
        </node>
        <node>
           <name>MP_JM013_Reels_1</name>
           <model>japan\misc\JM013\JM013.model</model>
        </node>
        <node>
           <name>MP_CM032_Propeller3_R</name>
           <model>common\misc\CM032\CM032.model</model>
        </node>
        <node>
           <name>MP_JM022JSC026MidBack_0_0</name>
           <model>japan\misc\JM022JSC026MidBack\JM022JSC026MidBack.model</model>
        </node>
        <node>
           <name>MP_JM125_Signal_Lamp_3</name>
           <model>japan\misc\JM125\JM125.model</model>
        </node>
        <node>
           <name>MP_JM152_Runway_Light_W</name>
           <model>japan\misc\JM152\JM152.model</model>
        </node>
        <node>
           <name>MP_CM030_Swab_Rack_2</name>
           <model>common\misc\CM030\CM030.model</model>
        </node>
        <node>
           <name>MP_JM023JSC026MidBack_0_0</name>
           <model>japan\misc\JM023JSC026MidBack\JM023JSC026MidBack.model</model>
        </node>
        <node>
           <name>MP_JM024_Ventilators_8</name>
           <model>japan\misc\JM024\JM024.model</model>
        </node>
        <node>
           <name>MP_JM015JSC026MidBack_0_0</name>
           <model>japan\misc\JM015JSC026MidBack\JM015JSC026MidBack.model</model>
        </node>
        <node>
           <name>MP_JM055JSC026MidBack_0_0</name>
           <model>japan\misc\JM055JSC026MidBack\JM055JSC026MidBack.model</model>
        </node>
        <node>
           <name>MP_JM146_Searchlight_900mm</name>
           <model>japan\misc\JM146\JM146.model</model>
        </node>
        <node>
           <name>MP_JM014JSC026MidBack_0_0</name>
           <model>japan\misc\JM014JSC026MidBack\JM014JSC026MidBack.model</model>
        </node>
        <node>
           <name>MP_JM018_Ventilators_2</name>
           <model>japan\misc\JM018\JM018.model</model>
        </node>
        <node>
           <name>MP_JM135_Runway_Lights_Back</name>
           <model>japan\misc\JM135\JM135.model</model>
        </node>
        <node>
           <name>MP_JM030_Wind_Direction</name>
           <model>japan\misc\JM030\JM030.model</model>
        </node>
        <node>
           <name>HP_Fire_Burn_3</name>
           <model>UNKNOWN_ITEM</model>
        </node>
    </midback>
    <stern>
      <model>japan\ship\cruiser\JSC026_Iwaki_1944\JSC026_Iwaki_1944_Stern_ports.model</model>
        <node>
           <name>HP_JGA_5</name>
           <model>japan\gun\aaircraft\JGA010_25mm_Type96\JGA010_25mm_Type96.model</model>
        </node>
        <node>
           <name>HP_flag_nation</name>
           <model>japan\misc\JM001\JM001.model</model>
        </node>
        <node>
           <name>MP_CM082JSC026Stern_0_0</name>
           <model>common\misc\CM082JSC026Stern\CM082JSC026Stern.model</model>
        </node>
        <node>
           <name>MP_JM128JSC026Stern_0_0</name>
           <model>japan\misc\JM128JSC026Stern\JM128JSC026Stern.model</model>
        </node>
        <node>
           <name>MP_JM059JSC026Stern_0_0</name>
           <model>japan\misc\JM059JSC026Stern\JM059JSC026Stern.model</model>
        </node>
        <node>
           <name>MP_JM111JSC026Stern_0_0</name>
           <model>japan\misc\JM111JSC026Stern\JM111JSC026Stern.model</model>
        </node>
        <node>
           <name>MP_JM022JSC026Stern_0_0</name>
           <model>japan\misc\JM022JSC026Stern\JM022JSC026Stern.model</model>
        </node>
        <node>
           <name>MP_JM024JSC026Stern_0_0</name>
           <model>japan\misc\JM024JSC026Stern\JM024JSC026Stern.model</model>
        </node>
        <node>
           <name>MP_JM064JSC026Stern_0_0</name>
           <model>japan\misc\JM064JSC026Stern\JM064JSC026Stern.model</model>
        </node>
        <node>
           <name>MP_JM027JSC026Stern_0_0</name>
           <model>japan\misc\JM027JSC026Stern\JM027JSC026Stern.model</model>
        </node>
        <node>
           <name>MP_JM061JSC026Stern_0_0</name>
           <model>japan\misc\JM061JSC026Stern\JM061JSC026Stern.model</model>
        </node>
        <node>
           <name>MP_CM029_Emergency_Box</name>
           <model>common\misc\CM029\CM029.model</model>
        </node>
        <node>
           <name>MP_JM147_Gun_Deck_4</name>
           <model>japan\misc\JM147\JM147.model</model>
        </node>
        <node>
           <name>MP_JM298JSC026Stern_0_0</name>
           <model>japan\misc\JM298JSC026Stern\JM298JSC026Stern.model</model>
        </node>
        <node>
           <name>MP_JM138_Depth_Charge_Roller_Rack_2_L</name>
           <model>japan\misc\JM138\JM138.model</model>
        </node>
        <node>
           <name>MP_JM125JSC026Stern_0_0</name>
           <model>japan\misc\JM125JSC026Stern\JM125JSC026Stern.model</model>
        </node>
        <node>
           <name>MP_JM139_Depth_Charge_Roller_Rack_2_R</name>
           <model>japan\misc\JM139\JM139.model</model>
        </node>
        <node>
           <name>MP_CM001_Propeller3_L</name>
           <model>common\misc\CM001\CM001.model</model>
        </node>
        <node>
           <name>HP_Fire_Burn_4</name>
           <model>UNKNOWN_ITEM</model>
        </node>
    </stern>
  </sections>
</JSC026_Iwaki_1944.xml>
