<JSC032_Myoko_1941.xml>
  <sections>
    <bow>
      <model>japan\ship\cruiser\JSC032_Myoko_1941\JSC032_Myoko_1941_bow_ports.model</model>
        <node>
           <name>HP_JGM_1</name>
           <model>japan\gun\main\JGM064_203mm50_Type_C_mod\JGM064_203mm50_Type_C_mod.model</model>
        </node>
        <node>
           <name>MP_JM027JSC032Bow_0_0</name>
           <model>japan\misc\JM027JSC032Bow\JM027JSC032Bow.model</model>
        </node>
        <node>
           <name>MP_JM033JSC032Bow_0_0</name>
           <model>japan\misc\JM033JSC032Bow\JM033JSC032Bow.model</model>
        </node>
        <node>
           <name>MP_JM026JSC032Bow_0_0</name>
           <model>japan\misc\JM026JSC032Bow\JM026JSC032Bow.model</model>
        </node>
        <node>
           <name>MP_JM019JSC032Bow_0_0</name>
           <model>japan\misc\JM019JSC032Bow\JM019JSC032Bow.model</model>
        </node>
        <node>
           <name>MP_JM307JSC032Bow_0_0</name>
           <model>japan\misc\JM307JSC032Bow\JM307JSC032Bow.model</model>
        </node>
        <node>
           <name>MP_JM061JSC032Bow_0_0</name>
           <model>japan\misc\JM061JSC032Bow\JM061JSC032Bow.model</model>
        </node>
        <node>
           <name>MP_JM013_Reels_1</name>
           <model>japan\misc\JM013\JM013.model</model>
        </node>
        <node>
           <name>MP_JM029JSC032Bow_0_0</name>
           <model>japan\misc\JM029JSC032Bow\JM029JSC032Bow.model</model>
        </node>
        <node>
           <name>MP_JM059JSC032Bow_0_0</name>
           <model>japan\misc\JM059JSC032Bow\JM059JSC032Bow.model</model>
        </node>
        <node>
           <name>MP_CM005JSC032Bow_0_0</name>
           <model>common\misc\CM005JSC032Bow\CM005JSC032Bow.model</model>
        </node>
        <node>
           <name>MP_JM306_Chrysanthemum_mid</name>
           <model>japan\misc\JM306\JM306.model</model>
        </node>
        <node>
           <name>MP_CM004_Barbette_Out</name>
           <model>common\misc\CM004\CM004.model</model>
        </node>
        <node>
           <name>MP_JM017_Ventilators_1</name>
           <model>japan\misc\JM017\JM017.model</model>
        </node>
        <node>
           <name>MP_JM078_Deck_Winch_2</name>
           <model>japan\misc\JM078\JM078.model</model>
        </node>
        <node>
           <name>HP_Fire_Burn_1</name>
           <model>UNKNOWN_ITEM</model>
        </node>
    </bow>
    <midfront>
      <model>japan\ship\cruiser\JSC032_Myoko_1941\JSC032_Myoko_1941_MidFront_ports.model</model>
        <node>
           <name>HP_JD_1</name>
           <model>japan\director\JD004_Director_Type_94_1\JD004_Director_Type_94_1.model</model>
        </node>
        <node>
           <name>HP_JD_2</name>
           <model>japan\director\JD008_Director_Type_91\JD008_Director_Type_91.model</model>
        </node>
        <node>
           <name>HP_JD_3</name>
           <model>japan\director\JD008_Director_Type_91\JD008_Director_Type_91.model</model>
        </node>
        <node>
           <name>HP_JF_3</name>
           <model>japan\finder\JF021_Rangefinder_6m\JF021_Rangefinder_6m.model</model>
        </node>
        <node>
           <name>HP_JF_2</name>
           <model>japan\finder\JF063_RF_1_5m_Nav\JF063_RF_1_5m_Nav.model</model>
        </node>
        <node>
           <name>HP_JF_1</name>
           <model>japan\finder\JF063_RF_1_5m_Nav\JF063_RF_1_5m_Nav.model</model>
        </node>
        <node>
           <name>HP_JGA_1</name>
           <model>japan\gun\aaircraft\JGA052_7_7mmLewis\JGA052_7_7mmLewis.model</model>
        </node>
        <node>
           <name>HP_JGA_2</name>
           <model>japan\gun\aaircraft\JGA052_7_7mmLewis\JGA052_7_7mmLewis.model</model>
        </node>
        <node>
           <name>HP_JGM_2</name>
           <model>japan\gun\main\JGM063_203mm50_Type_C_RF_mod\JGM063_203mm50_Type_C_RF_mod.model</model>
        </node>
        <node>
           <name>HP_JGM_3</name>
           <model>japan\gun\main\JGM064_203mm50_Type_C_mod\JGM064_203mm50_Type_C_mod.model</model>
        </node>
        <node>
           <name>HP_JGS_1</name>
           <model>japan\gun\secondary\JGS042_127mm40_Type89_3\JGS042_127mm40_Type89_3.model</model>
        </node>
        <node>
           <name>HP_JGS_2</name>
           <model>japan\gun\secondary\JGS042_127mm40_Type89_3\JGS042_127mm40_Type89_3.model</model>
        </node>
        <node>
           <name>HP_flag_1</name>
           <model>japan\misc\JM001\JM001.model</model>
        </node>
        <node>
           <name>HP_flag_2</name>
           <model>japan\misc\JM001\JM001.model</model>
        </node>
        <node>
           <name>HP_flag_3</name>
           <model>japan\misc\JM001\JM001.model</model>
        </node>
        <node>
           <name>HP_flag_4</name>
           <model>japan\misc\JM001\JM001.model</model>
        </node>
        <node>
           <name>MP_JM107JSC032MidFront_0_0</name>
           <model>japan\misc\JM107JSC032MidFront\JM107JSC032MidFront.model</model>
        </node>
        <node>
           <name>MP_JM125JSC032MidFront_0_0</name>
           <model>japan\misc\JM125JSC032MidFront\JM125JSC032MidFront.model</model>
        </node>
        <node>
           <name>MP_CM012JSC032MidFront_0_0</name>
           <model>common\misc\CM012JSC032MidFront\CM012JSC032MidFront.model</model>
        </node>
        <node>
           <name>MP_JM189_Compass_Binnacle</name>
           <model>japan\misc\JM189\JM189.model</model>
        </node>
        <node>
           <name>MP_CM004JSC032MidFront_0_0</name>
           <model>common\misc\CM004JSC032MidFront\CM004JSC032MidFront.model</model>
        </node>
        <node>
           <name>MP_JM061JSC032MidFront_0_0</name>
           <model>japan\misc\JM061JSC032MidFront\JM061JSC032MidFront.model</model>
        </node>
        <node>
           <name>MP_CM030JSC032MidFront_0_0</name>
           <model>common\misc\CM030JSC032MidFront\CM030JSC032MidFront.model</model>
        </node>
        <node>
           <name>MP_JM019JSC032MidFront_0_0</name>
           <model>japan\misc\JM019JSC032MidFront\JM019JSC032MidFront.model</model>
        </node>
        <node>
           <name>MP_CM017JSC032MidFront_0_0</name>
           <model>common\misc\CM017JSC032MidFront\CM017JSC032MidFront.model</model>
        </node>
        <node>
           <name>MP_CM029JSC032MidFront_0_0</name>
           <model>common\misc\CM029JSC032MidFront\CM029JSC032MidFront.model</model>
        </node>
        <node>
           <name>MP_JM058JSC032MidFront_0_0</name>
           <model>japan\misc\JM058JSC032MidFront\JM058JSC032MidFront.model</model>
        </node>
        <node>
           <name>MP_JM166JSC032MidFront_0_0</name>
           <model>japan\misc\JM166JSC032MidFront\JM166JSC032MidFront.model</model>
        </node>
        <node>
           <name>MP_CM009JSC032MidFront_0_0</name>
           <model>common\misc\CM009JSC032MidFront\CM009JSC032MidFront.model</model>
        </node>
        <node>
           <name>MP_JM060JSC032MidFront_0_0</name>
           <model>japan\misc\JM060JSC032MidFront\JM060JSC032MidFront.model</model>
        </node>
        <node>
           <name>MP_JM172JSC032MidFront_0_0</name>
           <model>japan\misc\JM172JSC032MidFront\JM172JSC032MidFront.model</model>
        </node>
        <node>
           <name>MP_JM008JSC032MidFront_0_0</name>
           <model>japan\misc\JM008JSC032MidFront\JM008JSC032MidFront.model</model>
        </node>
        <node>
           <name>MP_JM037JSC032MidFront_0_0</name>
           <model>japan\misc\JM037JSC032MidFront\JM037JSC032MidFront.model</model>
        </node>
        <node>
           <name>MP_JM006JSC032MidFront_0_0</name>
           <model>japan\misc\JM006JSC032MidFront\JM006JSC032MidFront.model</model>
        </node>
        <node>
           <name>MP_JM202JSC032MidFront_0_0</name>
           <model>japan\misc\JM202JSC032MidFront\JM202JSC032MidFront.model</model>
        </node>
        <node>
           <name>MP_JM078JSC032MidFront_0_0</name>
           <model>japan\misc\JM078JSC032MidFront\JM078JSC032MidFront.model</model>
        </node>
        <node>
           <name>MP_CM011JSC032MidFront_0_0</name>
           <model>common\misc\CM011JSC032MidFront\CM011JSC032MidFront.model</model>
        </node>
        <node>
           <name>MP_JM158_Main_Wheel</name>
           <model>japan\misc\JM158\JM158.model</model>
        </node>
        <node>
           <name>MP_JM164_Turning_Indicator</name>
           <model>japan\misc\JM164\JM164.model</model>
        </node>
        <node>
           <name>MP_CM059JSC032MidFront_0_0</name>
           <model>common\misc\CM059JSC032MidFront\CM059JSC032MidFront.model</model>
        </node>
        <node>
           <name>MP_JM208JSC032MidFront_0_0</name>
           <model>japan\misc\JM208JSC032MidFront\JM208JSC032MidFront.model</model>
        </node>
        <node>
           <name>MP_JM011_Day_Light</name>
           <model>japan\misc\JM011\JM011.model</model>
        </node>
        <node>
           <name>MP_JM002JSC032MidFront_0_0</name>
           <model>japan\misc\JM002JSC032MidFront\JM002JSC032MidFront.model</model>
        </node>
        <node>
           <name>MP_JM032JSC032MidFront_0_0</name>
           <model>japan\misc\JM032JSC032MidFront\JM032JSC032MidFront.model</model>
        </node>
        <node>
           <name>MP_JM010JSC032MidFront_0_0</name>
           <model>japan\misc\JM010JSC032MidFront\JM010JSC032MidFront.model</model>
        </node>
        <node>
           <name>MP_JM234_Antenna</name>
           <model>japan\misc\JM234\JM234.model</model>
        </node>
        <node>
           <name>MP_JM165_Telegraph_Engine</name>
           <model>japan\misc\JM165\JM165.model</model>
        </node>
        <node>
           <name>MP_JM009JSC032MidFront_0_0</name>
           <model>japan\misc\JM009JSC032MidFront\JM009JSC032MidFront.model</model>
        </node>
        <node>
           <name>MP_JM030_Wind_Direction</name>
           <model>japan\misc\JM030\JM030.model</model>
        </node>
        <node>
           <name>MP_JM113JSC032MidFront_0_0</name>
           <model>japan\misc\JM113JSC032MidFront\JM113JSC032MidFront.model</model>
        </node>
        <node>
           <name>MP_JM093_Running_Lights_L</name>
           <model>japan\misc\JM093\JM093.model</model>
        </node>
        <node>
           <name>MP_JM017_Ventilators_1</name>
           <model>japan\misc\JM017\JM017.model</model>
        </node>
        <node>
           <name>MP_JM059_Deck_Hatch_8</name>
           <model>japan\misc\JM059\JM059.model</model>
        </node>
        <node>
           <name>MP_JM049_Davit_2</name>
           <model>japan\misc\JM049\JM049.model</model>
        </node>
        <node>
           <name>MP_CM056JSC032MidFront_0_0</name>
           <model>common\misc\CM056JSC032MidFront\CM056JSC032MidFront.model</model>
        </node>
        <node>
           <name>MP_JM092_Running_Lights_R</name>
           <model>japan\misc\JM092\JM092.model</model>
        </node>
        <node>
           <name>MP_JM096_Davit_3</name>
           <model>japan\misc\JM096\JM096.model</model>
        </node>
        <node>
           <name>MP_JM031_Wind_Intensity</name>
           <model>japan\misc\JM031\JM031.model</model>
        </node>
        <node>
           <name>HP_Smoke_1</name>
           <model>UNKNOWN_ITEM</model>
        </node>
        <node>
           <name>HP_Smoke_2</name>
           <model>UNKNOWN_ITEM</model>
        </node>
        <node>
           <name>HP_NoseWave_Speed</name>
           <model>UNKNOWN_ITEM</model>
        </node>
        <node>
           <name>HP_Fire_Burn_2</name>
           <model>UNKNOWN_ITEM</model>
        </node>
        <node>
           <name>HP_Smoke_3</name>
           <model>UNKNOWN_ITEM</model>
        </node>
    </midfront>
    <midback>
      <model>japan\ship\cruiser\JSC032_Myoko_1941\JSC032_Myoko_1941_MidBack_ports.model</model>
        <node>
           <name>HP_JC_1</name>
           <model>japan\catapult\JC001_Catapult_Shiki2\JC001_Catapult_Shiki2.model</model>
        </node>
        <node>
           <name>HP_JC_2</name>
           <model>japan\catapult\JC001_Catapult_Shiki2\JC001_Catapult_Shiki2.model</model>
        </node>
        <node>
           <name>HP_JD_4</name>
           <model>japan\director\JD011_Director_Type_95_Mod3\JD011_Director_Type_95_Mod3.model</model>
        </node>
        <node>
           <name>HP_JD_5</name>
           <model>japan\director\JD011_Director_Type_95_Mod3\JD011_Director_Type_95_Mod3.model</model>
        </node>
        <node>
           <name>HP_JD_6</name>
           <model>japan\director\JD008_Director_Type_91\JD008_Director_Type_91.model</model>
        </node>
        <node>
           <name>HP_JF_4</name>
           <model>japan\finder\JF060_RF4_5Type89\JF060_RF4_5Type89.model</model>
        </node>
        <node>
           <name>HP_JF_5</name>
           <model>japan\finder\JF060_RF4_5Type89\JF060_RF4_5Type89.model</model>
        </node>
        <node>
           <name>HP_JGA_3</name>
           <model>japan\gun\aaircraft\JGA020_13mm76_Type93_double\JGA020_13mm76_Type93_double.model</model>
        </node>
        <node>
           <name>HP_JGA_4</name>
           <model>japan\gun\aaircraft\JGA020_13mm76_Type93_double\JGA020_13mm76_Type93_double.model</model>
        </node>
        <node>
           <name>HP_JGA_5</name>
           <model>japan\gun\aaircraft\JGA020_13mm76_Type93_double\JGA020_13mm76_Type93_double.model</model>
        </node>
        <node>
           <name>HP_JGA_6</name>
           <model>japan\gun\aaircraft\JGA020_13mm76_Type93_double\JGA020_13mm76_Type93_double.model</model>
        </node>
        <node>
           <name>HP_JGS_3</name>
           <model>japan\gun\secondary\JGS042_127mm40_Type89_3\JGS042_127mm40_Type89_3.model</model>
        </node>
        <node>
           <name>HP_JGS_4</name>
           <model>japan\gun\secondary\JGS042_127mm40_Type89_3\JGS042_127mm40_Type89_3.model</model>
        </node>
        <node>
           <name>HP_JGM_4</name>
           <model>japan\gun\main\JGM063_203mm50_Type_C_RF_mod\JGM063_203mm50_Type_C_RF_mod.model</model>
        </node>
        <node>
           <name>HP_JGT_1</name>
           <model>japan\gun\torpedo\JGT027_610mm3_Type_93L\JGT027_610mm3_Type_93L.model</model>
        </node>
        <node>
           <name>HP_JGT_2</name>
           <model>japan\gun\torpedo\JGT028_610mm3_Type_93R\JGT028_610mm3_Type_93R.model</model>
        </node>
        <node>
           <name>HP_JGT_4</name>
           <model>japan\gun\torpedo\JGT028_610mm3_Type_93R\JGT028_610mm3_Type_93R.model</model>
        </node>
        <node>
           <name>HP_JGT_3</name>
           <model>japan\gun\torpedo\JGT027_610mm3_Type_93L\JGT027_610mm3_Type_93L.model</model>
        </node>
        <node>
           <name>MP_JM151JSC032MidBack_0_0</name>
           <model>japan\misc\JM151JSC032MidBack\JM151JSC032MidBack.model</model>
        </node>
        <node>
           <name>MP_CM011JSC032MidBack_0_0</name>
           <model>common\misc\CM011JSC032MidBack\CM011JSC032MidBack.model</model>
        </node>
        <node>
           <name>MP_JM219JSC032MidBack_0_0</name>
           <model>japan\misc\JM219JSC032MidBack\JM219JSC032MidBack.model</model>
        </node>
        <node>
           <name>MP_JM058JSC032MidBack_0_0</name>
           <model>japan\misc\JM058JSC032MidBack\JM058JSC032MidBack.model</model>
        </node>
        <node>
           <name>MP_CM017JSC032MidBack_0_0</name>
           <model>common\misc\CM017JSC032MidBack\CM017JSC032MidBack.model</model>
        </node>
        <node>
           <name>MP_JM150JSC032MidBack_0_0</name>
           <model>japan\misc\JM150JSC032MidBack\JM150JSC032MidBack.model</model>
        </node>
        <node>
           <name>MP_CM019JSC032MidBack_0_0</name>
           <model>common\misc\CM019JSC032MidBack\CM019JSC032MidBack.model</model>
        </node>
        <node>
           <name>MP_JM217JSC032MidBack_0_0</name>
           <model>japan\misc\JM217JSC032MidBack\JM217JSC032MidBack.model</model>
        </node>
        <node>
           <name>MP_CM030JSC032MidBack_0_0</name>
           <model>common\misc\CM030JSC032MidBack\CM030JSC032MidBack.model</model>
        </node>
        <node>
           <name>MP_JM027JSC032MidBack_0_0</name>
           <model>japan\misc\JM027JSC032MidBack\JM027JSC032MidBack.model</model>
        </node>
        <node>
           <name>MP_CM029JSC032MidBack_0_0</name>
           <model>common\misc\CM029JSC032MidBack\CM029JSC032MidBack.model</model>
        </node>
        <node>
           <name>MP_CM004JSC032MidBack_0_0</name>
           <model>common\misc\CM004JSC032MidBack\CM004JSC032MidBack.model</model>
        </node>
        <node>
           <name>MP_JM191JSC032MidBack_0_0</name>
           <model>japan\misc\JM191JSC032MidBack\JM191JSC032MidBack.model</model>
        </node>
        <node>
           <name>MP_JM202JSC032MidBack_0_0</name>
           <model>japan\misc\JM202JSC032MidBack\JM202JSC032MidBack.model</model>
        </node>
        <node>
           <name>MP_JM060JSC032MidBack_0_0</name>
           <model>japan\misc\JM060JSC032MidBack\JM060JSC032MidBack.model</model>
        </node>
        <node>
           <name>MP_CM012JSC032MidBack_0_0</name>
           <model>common\misc\CM012JSC032MidBack\CM012JSC032MidBack.model</model>
        </node>
        <node>
           <name>MP_JM011_Day_Light</name>
           <model>japan\misc\JM011\JM011.model</model>
        </node>
        <node>
           <name>MP_CM009JSC032MidBack_0_0</name>
           <model>common\misc\CM009JSC032MidBack\CM009JSC032MidBack.model</model>
        </node>
        <node>
           <name>MP_JM181JSC032MidBack_0_0</name>
           <model>japan\misc\JM181JSC032MidBack\JM181JSC032MidBack.model</model>
        </node>
        <node>
           <name>MP_CM014JSC032MidBack_0_0</name>
           <model>common\misc\CM014JSC032MidBack\CM014JSC032MidBack.model</model>
        </node>
        <node>
           <name>MP_JM066JSC032MidBack_0_0</name>
           <model>japan\misc\JM066JSC032MidBack\JM066JSC032MidBack.model</model>
        </node>
        <node>
           <name>MP_JM032_Electric_Deck_Winch</name>
           <model>japan\misc\JM032\JM032.model</model>
        </node>
        <node>
           <name>MP_JM039JSC032MidBack_0_0</name>
           <model>japan\misc\JM039JSC032MidBack\JM039JSC032MidBack.model</model>
        </node>
        <node>
           <name>MP_JM145_Lookout</name>
           <model>japan\misc\JM145\JM145.model</model>
        </node>
        <node>
           <name>MP_JM125_Signal_Lamp_3</name>
           <model>japan\misc\JM125\JM125.model</model>
        </node>
        <node>
           <name>MP_JM026JSC032MidBack_0_0</name>
           <model>japan\misc\JM026JSC032MidBack\JM026JSC032MidBack.model</model>
        </node>
        <node>
           <name>MP_JM017_Ventilators_1</name>
           <model>japan\misc\JM017\JM017.model</model>
        </node>
        <node>
           <name>MP_JM062JSC032MidBack_0_0</name>
           <model>japan\misc\JM062JSC032MidBack\JM062JSC032MidBack.model</model>
        </node>
        <node>
           <name>MP_JM019_Ventilators_3</name>
           <model>japan\misc\JM019\JM019.model</model>
        </node>
        <node>
           <name>MP_JM014_Reels_2</name>
           <model>japan\misc\JM014\JM014.model</model>
        </node>
        <node>
           <name>MP_JM037_Cutter_9m</name>
           <model>japan\misc\JM037\JM037.model</model>
        </node>
        <node>
           <name>MP_JM152_Runway_Light_W</name>
           <model>japan\misc\JM152\JM152.model</model>
        </node>
        <node>
           <name>MP_JM009JSC032MidBack_0_0</name>
           <model>japan\misc\JM009JSC032MidBack\JM009JSC032MidBack.model</model>
        </node>
        <node>
           <name>MP_JM099_Signal_Lamp_1</name>
           <model>japan\misc\JM099\JM099.model</model>
        </node>
        <node>
           <name>MP_JM144_Motor_Boats_8m</name>
           <model>japan\misc\JM144\JM144.model</model>
        </node>
        <node>
           <name>HP_Fire_Burn_3</name>
           <model>UNKNOWN_ITEM</model>
        </node>
    </midback>
    <stern>
      <model>japan\ship\cruiser\JSC032_Myoko_1941\JSC032_Myoko_1941_Stern_ports.model</model>
        <node>
           <name>HP_JGM_5</name>
           <model>japan\gun\main\JGM064_203mm50_Type_C_mod\JGM064_203mm50_Type_C_mod.model</model>
        </node>
        <node>
           <name>HP_flag_nation</name>
           <model>japan\misc\JM001\JM001.model</model>
        </node>
        <node>
           <name>MP_JM019JSC032Stern_0_0</name>
           <model>japan\misc\JM019JSC032Stern\JM019JSC032Stern.model</model>
        </node>
        <node>
           <name>MP_JM058JSC032Stern_0_0</name>
           <model>japan\misc\JM058JSC032Stern\JM058JSC032Stern.model</model>
        </node>
        <node>
           <name>MP_JM062JSC032Stern_0_0</name>
           <model>japan\misc\JM062JSC032Stern\JM062JSC032Stern.model</model>
        </node>
        <node>
           <name>MP_CM001_Propeller3_L</name>
           <model>common\misc\CM001\CM001.model</model>
        </node>
        <node>
           <name>MP_JM125_Signal_Lamp_3</name>
           <model>japan\misc\JM125\JM125.model</model>
        </node>
        <node>
           <name>MP_JM061JSC032Stern_0_0</name>
           <model>japan\misc\JM061JSC032Stern\JM061JSC032Stern.model</model>
        </node>
        <node>
           <name>MP_JM017JSC032Stern_0_0</name>
           <model>japan\misc\JM017JSC032Stern\JM017JSC032Stern.model</model>
        </node>
        <node>
           <name>MP_CM005JSC032Stern_0_0</name>
           <model>common\misc\CM005JSC032Stern\CM005JSC032Stern.model</model>
        </node>
        <node>
           <name>MP_JM013JSC032Stern_0_0</name>
           <model>japan\misc\JM013JSC032Stern\JM013JSC032Stern.model</model>
        </node>
        <node>
           <name>MP_CM018_Wood_Box_1</name>
           <model>common\misc\CM018\CM018.model</model>
        </node>
        <node>
           <name>MP_JM007JSC032Stern_0_0</name>
           <model>japan\misc\JM007JSC032Stern\JM007JSC032Stern.model</model>
        </node>
        <node>
           <name>MP_CM004_Barbette_Out</name>
           <model>common\misc\CM004\CM004.model</model>
        </node>
        <node>
           <name>MP_CM032_Propeller3_R</name>
           <model>common\misc\CM032\CM032.model</model>
        </node>
        <node>
           <name>MP_JM026JSC032Stern_0_0</name>
           <model>japan\misc\JM026JSC032Stern\JM026JSC032Stern.model</model>
        </node>
        <node>
           <name>MP_CM032_Propeller3_R_INDEX_1</name>
           <model>common\misc\CM032\CM032.model</model>
        </node>
        <node>
           <name>MP_JM171_CraneR</name>
           <model>japan\misc\JM171\JM171.model</model>
        </node>
        <node>
           <name>MP_JM170_CraneL</name>
           <model>japan\misc\JM170\JM170.model</model>
        </node>
        <node>
           <name>MP_JM044_After_Capstan</name>
           <model>japan\misc\JM044\JM044.model</model>
        </node>
        <node>
           <name>MP_CM001_Propeller3_L_INDEX_1</name>
           <model>common\misc\CM001\CM001.model</model>
        </node>
        <node>
           <name>HP_Fire_Burn_4</name>
           <model>UNKNOWN_ITEM</model>
        </node>
    </stern>
  </sections>
</JSC032_Myoko_1941.xml>
