<ASC005_Omaha_1923.xml>
  <sections>
    <bow>
      <model>usa\ship\cruiser\ASC005_Omaha_1923\ASC005_Omaha_1923_bow_ports.model</model>
        <node>
           <name>MP_AM004ASC005Bow_0_0</name>
           <model>usa\misc\AM004ASC005Bow\AM004ASC005Bow.model</model>
        </node>
        <node>
           <name>MP_AM026ASC005Bow_0_0</name>
           <model>usa\misc\AM026ASC005Bow\AM026ASC005Bow.model</model>
        </node>
        <node>
           <name>MP_AM219_Bollard</name>
           <model>usa\misc\AM219\AM219.model</model>
        </node>
        <node>
           <name>MP_CM036ASC005Bow_0_0</name>
           <model>common\misc\CM036ASC005Bow\CM036ASC005Bow.model</model>
        </node>
        <node>
           <name>MP_AM049_Signal_Lamp_1</name>
           <model>usa\misc\AM049\AM049.model</model>
        </node>
        <node>
           <name>MP_AM207_Crane</name>
           <model>usa\misc\AM207\AM207.model</model>
        </node>
        <node>
           <name>MP_AM305ASC005Bow_0_0</name>
           <model>usa\misc\AM305ASC005Bow\AM305ASC005Bow.model</model>
        </node>
        <node>
           <name>HP_Fire_Burn_1</name>
           <model>UNKNOWN_ITEM</model>
        </node>
    </bow>
    <midfront>
      <model>usa\ship\cruiser\ASC005_Omaha_1923\ASC005_Omaha_1923_MidFront_ports.model</model>
        <node>
           <name>HP_AD_1</name>
           <model>usa\director\AD054_Director_Mk7\AD054_Director_Mk7.model</model>
        </node>
        <node>
           <name>HP_AF_1</name>
           <model>usa\finder\AF052_Rangefinder_3_6m\AF052_Rangefinder_3_6m.model</model>
        </node>
        <node>
           <name>HP_AGM_1</name>
           <model>usa\gun\main\AGM031_6in53_Mk16_Twin\AGM031_6in53_Mk16_Twin.model</model>
        </node>
        <node>
           <name>HP_AGM_2</name>
           <model>usa\gun\secondary\AGS146_6in53_Mk13_Single\AGS146_6in53_Mk13_Single.model</model>
        </node>
        <node>
           <name>HP_AGM_3</name>
           <model>usa\gun\secondary\AGS146_6in53_Mk13_Single\AGS146_6in53_Mk13_Single.model</model>
        </node>
        <node>
           <name>HP_AGM_4</name>
           <model>usa\gun\secondary\AGS032_6in53_Mk13_Single\AGS032_6in53_Mk13_Single.model</model>
        </node>
        <node>
           <name>HP_AGM_5</name>
           <model>usa\gun\secondary\AGS032_6in53_Mk13_Single\AGS032_6in53_Mk13_Single.model</model>
        </node>
        <node>
           <name>HP_AGA_1</name>
           <model>usa\gun\aaircraft\AGA016_3in50_Mk22_Mod2\AGA016_3in50_Mk22_Mod2.model</model>
        </node>
        <node>
           <name>HP_AGA_2</name>
           <model>usa\gun\aaircraft\AGA016_3in50_Mk22_Mod2\AGA016_3in50_Mk22_Mod2.model</model>
        </node>
        <node>
           <name>HP_AGA_5</name>
           <model>usa\gun\aaircraft\AGA016_3in50_Mk22_Mod2\AGA016_3in50_Mk22_Mod2.model</model>
        </node>
        <node>
           <name>HP_AGA_6</name>
           <model>usa\gun\aaircraft\AGA016_3in50_Mk22_Mod2\AGA016_3in50_Mk22_Mod2.model</model>
        </node>
        <node>
           <name>HP_AGA_11</name>
           <model>usa\gun\aaircraft\AGA016_3in50_Mk22_Mod2\AGA016_3in50_Mk22_Mod2.model</model>
        </node>
        <node>
           <name>HP_AGA_12</name>
           <model>usa\gun\aaircraft\AGA016_3in50_Mk22_Mod2\AGA016_3in50_Mk22_Mod2.model</model>
        </node>
        <node>
           <name>HP_flag_1</name>
           <model>usa\misc\AM032\AM032.model</model>
        </node>
        <node>
           <name>HP_flag_2</name>
           <model>usa\misc\AM032\AM032.model</model>
        </node>
        <node>
           <name>HP_flag_3</name>
           <model>usa\misc\AM032\AM032.model</model>
        </node>
        <node>
           <name>HP_flag_4</name>
           <model>usa\misc\AM032\AM032.model</model>
        </node>
        <node>
           <name>MP_CM007ASC005MidFront_0_0</name>
           <model>common\misc\CM007ASC005MidFront\CM007ASC005MidFront.model</model>
        </node>
        <node>
           <name>MP_AM071ASC005MidFront_0_0</name>
           <model>usa\misc\AM071ASC005MidFront\AM071ASC005MidFront.model</model>
        </node>
        <node>
           <name>MP_AM529ASC005MidFront_0_0</name>
           <model>usa\misc\AM529ASC005MidFront\AM529ASC005MidFront.model</model>
        </node>
        <node>
           <name>MP_AM007ASC005MidFront_0_0</name>
           <model>usa\misc\AM007ASC005MidFront\AM007ASC005MidFront.model</model>
        </node>
        <node>
           <name>MP_AM142ASC005MidFront_0_0</name>
           <model>usa\misc\AM142ASC005MidFront\AM142ASC005MidFront.model</model>
        </node>
        <node>
           <name>MP_AM075ASC005MidFront_0_0</name>
           <model>usa\misc\AM075ASC005MidFront\AM075ASC005MidFront.model</model>
        </node>
        <node>
           <name>MP_CM014ASC005MidFront_0_0</name>
           <model>common\misc\CM014ASC005MidFront\CM014ASC005MidFront.model</model>
        </node>
        <node>
           <name>MP_AM109ASC005MidFront_0_0</name>
           <model>usa\misc\AM109ASC005MidFront\AM109ASC005MidFront.model</model>
        </node>
        <node>
           <name>MP_AM025ASC005MidFront_0_0</name>
           <model>usa\misc\AM025ASC005MidFront\AM025ASC005MidFront.model</model>
        </node>
        <node>
           <name>MP_AM004ASC005MidFront_0_0</name>
           <model>usa\misc\AM004ASC005MidFront\AM004ASC005MidFront.model</model>
        </node>
        <node>
           <name>MP_AM128ASC005MidFront_0_0</name>
           <model>usa\misc\AM128ASC005MidFront\AM128ASC005MidFront.model</model>
        </node>
        <node>
           <name>MP_CM012ASC005MidFront_0_0</name>
           <model>common\misc\CM012ASC005MidFront\CM012ASC005MidFront.model</model>
        </node>
        <node>
           <name>MP_AM072ASC005MidFront_0_0</name>
           <model>usa\misc\AM072ASC005MidFront\AM072ASC005MidFront.model</model>
        </node>
        <node>
           <name>MP_AM077ASC005MidFront_0_0</name>
           <model>usa\misc\AM077ASC005MidFront\AM077ASC005MidFront.model</model>
        </node>
        <node>
           <name>MP_AM048ASC005MidFront_0_0</name>
           <model>usa\misc\AM048ASC005MidFront\AM048ASC005MidFront.model</model>
        </node>
        <node>
           <name>MP_AM096ASC005MidFront_0_0</name>
           <model>usa\misc\AM096ASC005MidFront\AM096ASC005MidFront.model</model>
        </node>
        <node>
           <name>MP_AM219ASC005MidFront_0_0</name>
           <model>usa\misc\AM219ASC005MidFront\AM219ASC005MidFront.model</model>
        </node>
        <node>
           <name>MP_AM170ASC005MidFront_0_0</name>
           <model>usa\misc\AM170ASC005MidFront\AM170ASC005MidFront.model</model>
        </node>
        <node>
           <name>MP_AM181_Siren_3</name>
           <model>usa\misc\AM181\AM181.model</model>
        </node>
        <node>
           <name>MP_AM047ASC005MidFront_0_0</name>
           <model>usa\misc\AM047ASC005MidFront\AM047ASC005MidFront.model</model>
        </node>
        <node>
           <name>MP_CM030ASC005MidFront_0_0</name>
           <model>common\misc\CM030ASC005MidFront\CM030ASC005MidFront.model</model>
        </node>
        <node>
           <name>MP_AM038_Searchlight_600mm</name>
           <model>usa\misc\AM038\AM038.model</model>
        </node>
        <node>
           <name>MP_AM093ASC005MidFront_0_0</name>
           <model>usa\misc\AM093ASC005MidFront\AM093ASC005MidFront.model</model>
        </node>
        <node>
           <name>MP_AM164ASC005MidFront_0_0</name>
           <model>usa\misc\AM164ASC005MidFront\AM164ASC005MidFront.model</model>
        </node>
        <node>
           <name>MP_AM092ASC005MidFront_0_0</name>
           <model>usa\misc\AM092ASC005MidFront\AM092ASC005MidFront.model</model>
        </node>
        <node>
           <name>MP_CM004_Barbette_Out</name>
           <model>common\misc\CM004\CM004.model</model>
        </node>
        <node>
           <name>MP_AM018_Compass_Binnacle</name>
           <model>usa\misc\AM018\AM018.model</model>
        </node>
        <node>
           <name>MP_AM233ASC005MidFront_0_0</name>
           <model>usa\misc\AM233ASC005MidFront\AM233ASC005MidFront.model</model>
        </node>
        <node>
           <name>MP_AM223_Boat_Winch</name>
           <model>usa\misc\AM223\AM223.model</model>
        </node>
        <node>
           <name>MP_AM224ASC005MidFront_0_0</name>
           <model>usa\misc\AM224ASC005MidFront\AM224ASC005MidFront.model</model>
        </node>
        <node>
           <name>HP_Smoke_1</name>
           <model>UNKNOWN_ITEM</model>
        </node>
        <node>
           <name>HP_Smoke_2</name>
           <model>UNKNOWN_ITEM</model>
        </node>
        <node>
           <name>HP_Fire_Burn_2</name>
           <model>UNKNOWN_ITEM</model>
        </node>
        <node>
           <name>HP_NoseWave_Speed</name>
           <model>UNKNOWN_ITEM</model>
        </node>
    </midfront>
    <midback>
      <model>usa\ship\cruiser\ASC005_Omaha_1923\ASC005_Omaha_1923_MidBack_ports.model</model>
        <node>
           <name>HP_AC_1</name>
           <model>usa\catapult\AC001_Catapult_1\AC001_Catapult_1.model</model>
        </node>
        <node>
           <name>HP_AC_2</name>
           <model>usa\catapult\AC001_Catapult_1\AC001_Catapult_1.model</model>
        </node>
        <node>
           <name>HP_AD_2</name>
           <model>usa\director\AD054_Director_Mk7\AD054_Director_Mk7.model</model>
        </node>
        <node>
           <name>HP_AF_2</name>
           <model>usa\finder\AF052_Rangefinder_3_6m\AF052_Rangefinder_3_6m.model</model>
        </node>
        <node>
           <name>HP_AGM_10</name>
           <model>usa\gun\main\AGM031_6in53_Mk16_Twin\AGM031_6in53_Mk16_Twin.model</model>
        </node>
        <node>
           <name>HP_AGM_6</name>
           <model>usa\gun\secondary\AGS146_6in53_Mk13_Single\AGS146_6in53_Mk13_Single.model</model>
        </node>
        <node>
           <name>HP_AGM_7</name>
           <model>usa\gun\secondary\AGS146_6in53_Mk13_Single\AGS146_6in53_Mk13_Single.model</model>
        </node>
        <node>
           <name>HP_AGM_8</name>
           <model>usa\gun\secondary\AGS146_6in53_Mk13_Single\AGS146_6in53_Mk13_Single.model</model>
        </node>
        <node>
           <name>HP_AGM_9</name>
           <model>usa\gun\secondary\AGS146_6in53_Mk13_Single\AGS146_6in53_Mk13_Single.model</model>
        </node>
        <node>
           <name>HP_AGA_3</name>
           <model>usa\gun\aaircraft\AGA016_3in50_Mk22_Mod2\AGA016_3in50_Mk22_Mod2.model</model>
        </node>
        <node>
           <name>HP_AGA_4</name>
           <model>usa\gun\aaircraft\AGA016_3in50_Mk22_Mod2\AGA016_3in50_Mk22_Mod2.model</model>
        </node>
        <node>
           <name>HP_AGT_1</name>
           <model>usa\gun\torpedo\AGT110_21in_Torpedo_Tubes_Twin\AGT110_21in_Torpedo_Tubes_Twin.model</model>
        </node>
        <node>
           <name>HP_AGT_2</name>
           <model>usa\gun\torpedo\AGT110_21in_Torpedo_Tubes_Twin\AGT110_21in_Torpedo_Tubes_Twin.model</model>
        </node>
        <node>
           <name>HP_AGT_3</name>
           <model>usa\gun\torpedo\AGT110_21in_Torpedo_Tubes_Twin\AGT110_21in_Torpedo_Tubes_Twin.model</model>
        </node>
        <node>
           <name>HP_AGT_4</name>
           <model>usa\gun\torpedo\AGT110_21in_Torpedo_Tubes_Twin\AGT110_21in_Torpedo_Tubes_Twin.model</model>
        </node>
        <node>
           <name>HP_AGA_7</name>
           <model>usa\gun\aaircraft\AGA016_3in50_Mk22_Mod2\AGA016_3in50_Mk22_Mod2.model</model>
        </node>
        <node>
           <name>HP_AGA_8</name>
           <model>usa\gun\aaircraft\AGA016_3in50_Mk22_Mod2\AGA016_3in50_Mk22_Mod2.model</model>
        </node>
        <node>
           <name>HP_AGA_9</name>
           <model>usa\gun\aaircraft\AGA016_3in50_Mk22_Mod2\AGA016_3in50_Mk22_Mod2.model</model>
        </node>
        <node>
           <name>HP_AGA_10</name>
           <model>usa\gun\aaircraft\AGA016_3in50_Mk22_Mod2\AGA016_3in50_Mk22_Mod2.model</model>
        </node>
        <node>
           <name>HP_flag_nation</name>
           <model>usa\misc\AM032\AM032.model</model>
        </node>
        <node>
           <name>MP_AM128ASC005MidBack_0_0</name>
           <model>usa\misc\AM128ASC005MidBack\AM128ASC005MidBack.model</model>
        </node>
        <node>
           <name>MP_AM004ASC005MidBack_0_0</name>
           <model>usa\misc\AM004ASC005MidBack\AM004ASC005MidBack.model</model>
        </node>
        <node>
           <name>MP_AM219ASC005MidBack_0_0</name>
           <model>usa\misc\AM219ASC005MidBack\AM219ASC005MidBack.model</model>
        </node>
        <node>
           <name>MP_AM007ASC005MidBack_0_0</name>
           <model>usa\misc\AM007ASC005MidBack\AM007ASC005MidBack.model</model>
        </node>
        <node>
           <name>MP_AM114_Freon_Cylinder_acetylene</name>
           <model>usa\misc\AM114\AM114.model</model>
        </node>
        <node>
           <name>MP_AM108ASC005MidBack_0_0</name>
           <model>usa\misc\AM108ASC005MidBack\AM108ASC005MidBack.model</model>
        </node>
        <node>
           <name>MP_AM025_Pelorus_Mk7</name>
           <model>usa\misc\AM025\AM025.model</model>
        </node>
        <node>
           <name>MP_CM018_Wood_Box_1</name>
           <model>common\misc\CM018\CM018.model</model>
        </node>
        <node>
           <name>MP_CM014ASC005MidBack_0_0</name>
           <model>common\misc\CM014ASC005MidBack\CM014ASC005MidBack.model</model>
        </node>
        <node>
           <name>MP_CM001_Propeller3_L</name>
           <model>common\misc\CM001\CM001.model</model>
        </node>
        <node>
           <name>MP_AM132ASC005MidBack_0_0</name>
           <model>usa\misc\AM132ASC005MidBack\AM132ASC005MidBack.model</model>
        </node>
        <node>
           <name>MP_AM130ASC005MidBack_0_0</name>
           <model>usa\misc\AM130ASC005MidBack\AM130ASC005MidBack.model</model>
        </node>
        <node>
           <name>MP_AM038ASC005MidBack_0_0</name>
           <model>usa\misc\AM038ASC005MidBack\AM038ASC005MidBack.model</model>
        </node>
        <node>
           <name>MP_CM012ASC005MidBack_0_0</name>
           <model>common\misc\CM012ASC005MidBack\CM012ASC005MidBack.model</model>
        </node>
        <node>
           <name>MP_AM131ASC005MidBack_0_0</name>
           <model>usa\misc\AM131ASC005MidBack\AM131ASC005MidBack.model</model>
        </node>
        <node>
           <name>MP_CM032_Propeller3_R</name>
           <model>common\misc\CM032\CM032.model</model>
        </node>
        <node>
           <name>MP_AM529_Life_Buoy</name>
           <model>usa\misc\AM529\AM529.model</model>
        </node>
        <node>
           <name>MP_AM200_Screened_speed_light</name>
           <model>usa\misc\AM200\AM200.model</model>
        </node>
        <node>
           <name>MP_CM019ASC005MidBack_0_0</name>
           <model>common\misc\CM019ASC005MidBack\CM019ASC005MidBack.model</model>
        </node>
        <node>
           <name>MP_CM030_Swab_Rack_2</name>
           <model>common\misc\CM030\CM030.model</model>
        </node>
        <node>
           <name>MP_CM004_Barbette_Out</name>
           <model>common\misc\CM004\CM004.model</model>
        </node>
        <node>
           <name>MP_AM233ASC005MidBack_0_0</name>
           <model>usa\misc\AM233ASC005MidBack\AM233ASC005MidBack.model</model>
        </node>
        <node>
           <name>MP_AM212ASC005MidBack_0_0</name>
           <model>usa\misc\AM212ASC005MidBack\AM212ASC005MidBack.model</model>
        </node>
        <node>
           <name>MP_AM223ASC005MidBack_0_0</name>
           <model>usa\misc\AM223ASC005MidBack\AM223ASC005MidBack.model</model>
        </node>
        <node>
           <name>MP_AM224ASC005MidBack_0_0</name>
           <model>usa\misc\AM224ASC005MidBack\AM224ASC005MidBack.model</model>
        </node>
        <node>
           <name>MP_AM303ASC005MidBack_0_0</name>
           <model>usa\misc\AM303ASC005MidBack\AM303ASC005MidBack.model</model>
        </node>
        <node>
           <name>MP_AM248_Ammunition_Box</name>
           <model>usa\misc\AM248\AM248.model</model>
        </node>
        <node>
           <name>MP_CM024_Stairway_Big_L</name>
           <model>common\misc\CM024\CM024.model</model>
        </node>
        <node>
           <name>MP_CM025_Stairway_Big_R</name>
           <model>common\misc\CM025\CM025.model</model>
        </node>
        <node>
           <name>HP_Smoke_4</name>
           <model>UNKNOWN_ITEM</model>
        </node>
        <node>
           <name>HP_Smoke_3</name>
           <model>UNKNOWN_ITEM</model>
        </node>
        <node>
           <name>HP_Fire_Burn_3</name>
           <model>UNKNOWN_ITEM</model>
        </node>
    </midback>
    <stern>
      <model>usa\ship\cruiser\ASC005_Omaha_1923\ASC005_Omaha_1923_Stern_ports.model</model>
        <node>
           <name>MP_CM001_Propeller3_L</name>
           <model>common\misc\CM001\CM001.model</model>
        </node>
        <node>
           <name>MP_AM219_Bollard</name>
           <model>usa\misc\AM219\AM219.model</model>
        </node>
        <node>
           <name>MP_CM032_Propeller3_R</name>
           <model>common\misc\CM032\CM032.model</model>
        </node>
        <node>
           <name>MP_AM046_Running_Lights_B</name>
           <model>usa\misc\AM046\AM046.model</model>
        </node>
        <node>
           <name>MP_AM004_Fairlead_2</name>
           <model>usa\misc\AM004\AM004.model</model>
        </node>
        <node>
           <name>HP_Fire_Burn_4</name>
           <model>UNKNOWN_ITEM</model>
        </node>
    </stern>
  </sections>
</ASC005_Omaha_1923.xml>
