<JSA012_Zuikaku_1944.xml>
  <sections>
    <bow>
      <model>japan\ship\aircarrier\JSA012_Zuikaku_1944\JSA012_Zuikaku_1944_bow_ports.model</model>
        <node>
           <name>HP_JD_1</name>
           <model>japan\director\JD011_Director_Type_95_Mod3\JD011_Director_Type_95_Mod3.model</model>
        </node>
        <node>
           <name>HP_JGA_1</name>
           <model>japan\gun\aaircraft\JGA018_25mm_Type96_single\JGA018_25mm_Type96_single.model</model>
        </node>
        <node>
           <name>HP_JGA_2</name>
           <model>japan\gun\aaircraft\JGA018_25mm_Type96_single\JGA018_25mm_Type96_single.model</model>
        </node>
        <node>
           <name>HP_JGA_3</name>
           <model>japan\gun\aaircraft\JGA018_25mm_Type96_single\JGA018_25mm_Type96_single.model</model>
        </node>
        <node>
           <name>HP_JGA_4</name>
           <model>japan\gun\aaircraft\JGA018_25mm_Type96_single\JGA018_25mm_Type96_single.model</model>
        </node>
        <node>
           <name>HP_JGA_5</name>
           <model>japan\gun\aaircraft\JGA018_25mm_Type96_single\JGA018_25mm_Type96_single.model</model>
        </node>
        <node>
           <name>HP_JGA_6</name>
           <model>japan\gun\aaircraft\JGA018_25mm_Type96_single\JGA018_25mm_Type96_single.model</model>
        </node>
        <node>
           <name>HP_JGA_7</name>
           <model>japan\gun\aaircraft\JGA018_25mm_Type96_single\JGA018_25mm_Type96_single.model</model>
        </node>
        <node>
           <name>HP_JGA_8</name>
           <model>japan\gun\aaircraft\JGA018_25mm_Type96_single\JGA018_25mm_Type96_single.model</model>
        </node>
        <node>
           <name>HP_JGA_9</name>
           <model>japan\gun\aaircraft\JGA018_25mm_Type96_single\JGA018_25mm_Type96_single.model</model>
        </node>
        <node>
           <name>HP_JGA_10</name>
           <model>japan\gun\aaircraft\JGA018_25mm_Type96_single\JGA018_25mm_Type96_single.model</model>
        </node>
        <node>
           <name>HP_JGA_11</name>
           <model>japan\gun\aaircraft\JGA018_25mm_Type96_single\JGA018_25mm_Type96_single.model</model>
        </node>
        <node>
           <name>HP_JGA_12</name>
           <model>japan\gun\aaircraft\JGA018_25mm_Type96_single\JGA018_25mm_Type96_single.model</model>
        </node>
        <node>
           <name>HP_JGA_15</name>
           <model>japan\gun\aaircraft\JGA018_25mm_Type96_single\JGA018_25mm_Type96_single.model</model>
        </node>
        <node>
           <name>HP_JGA_13</name>
           <model>japan\gun\aaircraft\JGA018_25mm_Type96_single\JGA018_25mm_Type96_single.model</model>
        </node>
        <node>
           <name>HP_JGA_14</name>
           <model>japan\gun\aaircraft\JGA018_25mm_Type96_single\JGA018_25mm_Type96_single.model</model>
        </node>
        <node>
           <name>HP_JGA_16</name>
           <model>japan\gun\aaircraft\JGA018_25mm_Type96_single\JGA018_25mm_Type96_single.model</model>
        </node>
        <node>
           <name>HP_LiftOffPoint</name>
           <model>japan\aircraft\bomber\JAB001_B5N2\JAB001_B5N2.model</model>
        </node>
        <node>
           <name>HP_DeckStart</name>
           <model>japan\aircraft\bomber\JAB001_B5N2\JAB001_B5N2.model</model>
        </node>
        <node>
           <name>MP_CM086_Anchor_top</name>
           <model>common\misc\CM086\CM086.model</model>
        </node>
        <node>
           <name>MP_CM086_Anchor_top_INDEX_1</name>
           <model>common\misc\CM086\CM086.model</model>
        </node>
        <node>
           <name>MP_JM033_Roller_Fairled</name>
           <model>japan\misc\JM033\JM033.model</model>
        </node>
        <node>
           <name>MP_CM087_Anchor_down</name>
           <model>common\misc\CM087\CM087.model</model>
        </node>
        <node>
           <name>MP_JM059_Deck_Hatch_8</name>
           <model>japan\misc\JM059\JM059.model</model>
        </node>
        <node>
           <name>MP_JM026_Bollards</name>
           <model>japan\misc\JM026\JM026.model</model>
        </node>
        <node>
           <name>MP_JM059_Deck_Hatch_8_INDEX_1</name>
           <model>japan\misc\JM059\JM059.model</model>
        </node>
        <node>
           <name>MP_JM093_Running_Lights_L</name>
           <model>japan\misc\JM093\JM093.model</model>
        </node>
        <node>
           <name>MP_JM059_Deck_Hatch_8_INDEX_2</name>
           <model>japan\misc\JM059\JM059.model</model>
        </node>
        <node>
           <name>MP_CM009_Life_Buoy_2</name>
           <model>common\misc\CM009\CM009.model</model>
        </node>
        <node>
           <name>MP_CM012_Fire_Hose_Rack_1</name>
           <model>common\misc\CM012\CM012.model</model>
        </node>
        <node>
           <name>MP_JM059_Deck_Hatch_8_INDEX_3</name>
           <model>japan\misc\JM059\JM059.model</model>
        </node>
        <node>
           <name>MP_JM025_Fairled</name>
           <model>japan\misc\JM025\JM025.model</model>
        </node>
        <node>
           <name>MP_JM013_Reels_1</name>
           <model>japan\misc\JM013\JM013.model</model>
        </node>
        <node>
           <name>MP_JM013_Reels_1_INDEX_1</name>
           <model>japan\misc\JM013\JM013.model</model>
        </node>
        <node>
           <name>MP_JM059_Deck_Hatch_8_INDEX_4</name>
           <model>japan\misc\JM059\JM059.model</model>
        </node>
        <node>
           <name>MP_JM059_Deck_Hatch_8_INDEX_5</name>
           <model>japan\misc\JM059\JM059.model</model>
        </node>
        <node>
           <name>MP_JM026_Bollards_INDEX_1</name>
           <model>japan\misc\JM026\JM026.model</model>
        </node>
        <node>
           <name>MP_JM099_Signal_Lamp_1</name>
           <model>japan\misc\JM099\JM099.model</model>
        </node>
        <node>
           <name>MP_JM059_Deck_Hatch_8_INDEX_6</name>
           <model>japan\misc\JM059\JM059.model</model>
        </node>
        <node>
           <name>MP_CM009_Life_Buoy_2_INDEX_1</name>
           <model>common\misc\CM009\CM009.model</model>
        </node>
        <node>
           <name>MP_JM099_Signal_Lamp_1_INDEX_1</name>
           <model>japan\misc\JM099\JM099.model</model>
        </node>
        <node>
           <name>MP_JM033_Roller_Fairled_INDEX_1</name>
           <model>japan\misc\JM033\JM033.model</model>
        </node>
        <node>
           <name>MP_CM087_Anchor_down_INDEX_1</name>
           <model>common\misc\CM087\CM087.model</model>
        </node>
        <node>
           <name>MP_CM012_Fire_Hose_Rack_1_INDEX_1</name>
           <model>common\misc\CM012\CM012.model</model>
        </node>
        <node>
           <name>MP_JM099_Signal_Lamp_1_INDEX_2</name>
           <model>japan\misc\JM099\JM099.model</model>
        </node>
        <node>
           <name>MP_CM012_Fire_Hose_Rack_1_INDEX_2</name>
           <model>common\misc\CM012\CM012.model</model>
        </node>
        <node>
           <name>MP_JM059_Deck_Hatch_8_INDEX_7</name>
           <model>japan\misc\JM059\JM059.model</model>
        </node>
        <node>
           <name>MP_JM059_Deck_Hatch_8_INDEX_8</name>
           <model>japan\misc\JM059\JM059.model</model>
        </node>
        <node>
           <name>MP_JM059_Deck_Hatch_8_INDEX_9</name>
           <model>japan\misc\JM059\JM059.model</model>
        </node>
        <node>
           <name>MP_CM012_Fire_Hose_Rack_1_INDEX_3</name>
           <model>common\misc\CM012\CM012.model</model>
        </node>
        <node>
           <name>MP_JM013_Reels_1_INDEX_2</name>
           <model>japan\misc\JM013\JM013.model</model>
        </node>
        <node>
           <name>MP_JM025_Fairled_INDEX_1</name>
           <model>japan\misc\JM025\JM025.model</model>
        </node>
        <node>
           <name>MP_JM059_Deck_Hatch_8_INDEX_10</name>
           <model>japan\misc\JM059\JM059.model</model>
        </node>
        <node>
           <name>MP_JM059_Deck_Hatch_8_INDEX_11</name>
           <model>japan\misc\JM059\JM059.model</model>
        </node>
        <node>
           <name>MP_JM092_Running_Lights_R</name>
           <model>japan\misc\JM092\JM092.model</model>
        </node>
        <node>
           <name>MP_JM013_Reels_1_INDEX_3</name>
           <model>japan\misc\JM013\JM013.model</model>
        </node>
        <node>
           <name>MP_JM059_Deck_Hatch_8_INDEX_12</name>
           <model>japan\misc\JM059\JM059.model</model>
        </node>
        <node>
           <name>MP_JM310_Chrysanthemum_full</name>
           <model>japan\misc\JM310\JM310.model</model>
        </node>
        <node>
           <name>HP_Fire_Burn_1</name>
           <model>UNKNOWN_ITEM</model>
        </node>
    </bow>
    <midfront>
      <model>japan\ship\aircarrier\JSA012_Zuikaku_1944\JSA012_Zuikaku_1944_MidFront_ports.model</model>
        <node>
           <name>HP_JD_2</name>
           <model>japan\director\JD082_Director_Type_94\JD082_Director_Type_94.model</model>
        </node>
        <node>
           <name>HP_JD_3</name>
           <model>japan\director\JD083_Director_Type_94_with_radar\JD083_Director_Type_94_with_radar.model</model>
        </node>
        <node>
           <name>HP_JD_4</name>
           <model>japan\director\JD082_Director_Type_94\JD082_Director_Type_94.model</model>
        </node>
        <node>
           <name>HP_JD_5</name>
           <model>japan\director\JD082_Director_Type_94\JD082_Director_Type_94.model</model>
        </node>
        <node>
           <name>HP_JD_6</name>
           <model>japan\director\JD011_Director_Type_95_Mod3\JD011_Director_Type_95_Mod3.model</model>
        </node>
        <node>
           <name>HP_JF_1</name>
           <model>japan\finder\JF033_Rangefinder_1_5m\JF033_Rangefinder_1_5m.model</model>
        </node>
        <node>
           <name>HP_JGA_19</name>
           <model>japan\gun\aaircraft\JGA018_25mm_Type96_single\JGA018_25mm_Type96_single.model</model>
        </node>
        <node>
           <name>HP_JGA_20</name>
           <model>japan\gun\aaircraft\JGA018_25mm_Type96_single\JGA018_25mm_Type96_single.model</model>
        </node>
        <node>
           <name>HP_JGA_21</name>
           <model>japan\gun\aaircraft\JGA018_25mm_Type96_single\JGA018_25mm_Type96_single.model</model>
        </node>
        <node>
           <name>HP_JGA_22</name>
           <model>japan\gun\aaircraft\JGA018_25mm_Type96_single\JGA018_25mm_Type96_single.model</model>
        </node>
        <node>
           <name>HP_JGA_23</name>
           <model>japan\gun\aaircraft\JGA018_25mm_Type96_single\JGA018_25mm_Type96_single.model</model>
        </node>
        <node>
           <name>HP_JGA_24</name>
           <model>japan\gun\aaircraft\JGA018_25mm_Type96_single\JGA018_25mm_Type96_single.model</model>
        </node>
        <node>
           <name>HP_JGA_25</name>
           <model>japan\gun\aaircraft\JGA018_25mm_Type96_single\JGA018_25mm_Type96_single.model</model>
        </node>
        <node>
           <name>HP_JGA_26</name>
           <model>japan\gun\aaircraft\JGA018_25mm_Type96_single\JGA018_25mm_Type96_single.model</model>
        </node>
        <node>
           <name>HP_JGA_27</name>
           <model>japan\gun\aaircraft\JGA018_25mm_Type96_single\JGA018_25mm_Type96_single.model</model>
        </node>
        <node>
           <name>HP_JGA_28</name>
           <model>japan\gun\aaircraft\JGA018_25mm_Type96_single\JGA018_25mm_Type96_single.model</model>
        </node>
        <node>
           <name>HP_JGA_29</name>
           <model>japan\gun\aaircraft\JGA018_25mm_Type96_single\JGA018_25mm_Type96_single.model</model>
        </node>
        <node>
           <name>HP_JGA_30</name>
           <model>japan\gun\aaircraft\JGA018_25mm_Type96_single\JGA018_25mm_Type96_single.model</model>
        </node>
        <node>
           <name>HP_JGS_1</name>
           <model>japan\gun\secondary\JGS009_127mm40_Type_89\JGS009_127mm40_Type_89.model</model>
        </node>
        <node>
           <name>HP_JGS_2</name>
           <model>japan\gun\secondary\JGS009_127mm40_Type_89\JGS009_127mm40_Type_89.model</model>
        </node>
        <node>
           <name>HP_JGS_3</name>
           <model>japan\gun\secondary\JGS009_127mm40_Type_89\JGS009_127mm40_Type_89.model</model>
        </node>
        <node>
           <name>HP_JGS_4</name>
           <model>japan\gun\secondary\JGS009_127mm40_Type_89\JGS009_127mm40_Type_89.model</model>
        </node>
        <node>
           <name>HP_JRS_1</name>
           <model>japan\radar\search\JRS010_Radar_Type_13\JRS010_Radar_Type_13.model</model>
        </node>
        <node>
           <name>HP_JGA_31</name>
           <model>japan\gun\aaircraft\JGA018_25mm_Type96_single\JGA018_25mm_Type96_single.model</model>
        </node>
        <node>
           <name>HP_JGA_17</name>
           <model>japan\gun\aaircraft\JGA018_25mm_Type96_single\JGA018_25mm_Type96_single.model</model>
        </node>
        <node>
           <name>HP_JGA_18</name>
           <model>japan\gun\aaircraft\JGA018_25mm_Type96_single\JGA018_25mm_Type96_single.model</model>
        </node>
        <node>
           <name>HP_flag_1</name>
           <model>japan\misc\JM001\JM001.model</model>
        </node>
        <node>
           <name>HP_flag_2</name>
           <model>japan\misc\JM001\JM001.model</model>
        </node>
        <node>
           <name>HP_flag_3</name>
           <model>japan\misc\JM001\JM001.model</model>
        </node>
        <node>
           <name>HP_flag_4</name>
           <model>japan\misc\JM001\JM001.model</model>
        </node>
        <node>
           <name>HP_flag_nation</name>
           <model>japan\misc\JM001\JM001.model</model>
        </node>
        <node>
           <name>HP_Deck_24</name>
           <model>japan\aircraft\dive\JAD005_D3A2\JAD005_D3A2.model</model>
        </node>
        <node>
           <name>HP_Deck_25</name>
           <model>japan\aircraft\dive\JAD005_D3A2\JAD005_D3A2.model</model>
        </node>
        <node>
           <name>HP_Deck_26</name>
           <model>japan\aircraft\dive\JAD005_D3A2\JAD005_D3A2.model</model>
        </node>
        <node>
           <name>HP_Deck_27</name>
           <model>japan\aircraft\dive\JAD005_D3A2\JAD005_D3A2.model</model>
        </node>
        <node>
           <name>HP_Deck_28</name>
           <model>japan\aircraft\dive\JAD005_D3A2\JAD005_D3A2.model</model>
        </node>
        <node>
           <name>HP_Deck_29</name>
           <model>japan\aircraft\dive\JAD005_D3A2\JAD005_D3A2.model</model>
        </node>
        <node>
           <name>HP_Deck_30</name>
           <model>japan\aircraft\dive\JAD005_D3A2\JAD005_D3A2.model</model>
        </node>
        <node>
           <name>HP_Deck_31</name>
           <model>japan\aircraft\dive\JAD005_D3A2\JAD005_D3A2.model</model>
        </node>
        <node>
           <name>HP_Deck_32</name>
           <model>japan\aircraft\dive\JAD005_D3A2\JAD005_D3A2.model</model>
        </node>
        <node>
           <name>MP_JM067_Barbette_Dir_type_94</name>
           <model>japan\misc\JM067\JM067.model</model>
        </node>
        <node>
           <name>MP_JM107_Binocular_2</name>
           <model>japan\misc\JM107\JM107.model</model>
        </node>
        <node>
           <name>MP_JM006_Binocular_1</name>
           <model>japan\misc\JM006\JM006.model</model>
        </node>
        <node>
           <name>MP_JM006_Binocular_1_INDEX_1</name>
           <model>japan\misc\JM006\JM006.model</model>
        </node>
        <node>
           <name>MP_JM059_Deck_Hatch_8</name>
           <model>japan\misc\JM059\JM059.model</model>
        </node>
        <node>
           <name>MP_JM032_Electric_Deck_Winch</name>
           <model>japan\misc\JM032\JM032.model</model>
        </node>
        <node>
           <name>MP_JM107_Binocular_2_INDEX_1</name>
           <model>japan\misc\JM107\JM107.model</model>
        </node>
        <node>
           <name>MP_JM011_Day_Light</name>
           <model>japan\misc\JM011\JM011.model</model>
        </node>
        <node>
           <name>MP_JM100_Bench</name>
           <model>japan\misc\JM100\JM100.model</model>
        </node>
        <node>
           <name>MP_JM067_Barbette_Dir_type_94_INDEX_1</name>
           <model>japan\misc\JM067\JM067.model</model>
        </node>
        <node>
           <name>MP_JM009_Signal_Lamp</name>
           <model>japan\misc\JM009\JM009.model</model>
        </node>
        <node>
           <name>MP_JM059_Deck_Hatch_8_INDEX_1</name>
           <model>japan\misc\JM059\JM059.model</model>
        </node>
        <node>
           <name>MP_JM059_Deck_Hatch_8_INDEX_2</name>
           <model>japan\misc\JM059\JM059.model</model>
        </node>
        <node>
           <name>MP_JM100_Bench_INDEX_1</name>
           <model>japan\misc\JM100\JM100.model</model>
        </node>
        <node>
           <name>MP_JM107_Binocular_2_INDEX_2</name>
           <model>japan\misc\JM107\JM107.model</model>
        </node>
        <node>
           <name>MP_JM099_Signal_Lamp_1</name>
           <model>japan\misc\JM099\JM099.model</model>
        </node>
        <node>
           <name>MP_JM011_Day_Light_INDEX_1</name>
           <model>japan\misc\JM011\JM011.model</model>
        </node>
        <node>
           <name>MP_JM059_Deck_Hatch_8_INDEX_3</name>
           <model>japan\misc\JM059\JM059.model</model>
        </node>
        <node>
           <name>MP_JM059_Deck_Hatch_8_INDEX_4</name>
           <model>japan\misc\JM059\JM059.model</model>
        </node>
        <node>
           <name>MP_JM107_Binocular_2_INDEX_3</name>
           <model>japan\misc\JM107\JM107.model</model>
        </node>
        <node>
           <name>MP_JM107_Binocular_2_INDEX_4</name>
           <model>japan\misc\JM107\JM107.model</model>
        </node>
        <node>
           <name>MP_JM059_Deck_Hatch_8_INDEX_5</name>
           <model>japan\misc\JM059\JM059.model</model>
        </node>
        <node>
           <name>MP_JM107_Binocular_2_INDEX_5</name>
           <model>japan\misc\JM107\JM107.model</model>
        </node>
        <node>
           <name>MP_JM010_Deck_Lamp</name>
           <model>japan\misc\JM010\JM010.model</model>
        </node>
        <node>
           <name>MP_JM006_Binocular_1_INDEX_2</name>
           <model>japan\misc\JM006\JM006.model</model>
        </node>
        <node>
           <name>MP_JM032_Electric_Deck_Winch_INDEX_1</name>
           <model>japan\misc\JM032\JM032.model</model>
        </node>
        <node>
           <name>MP_JM107_Binocular_2_INDEX_6</name>
           <model>japan\misc\JM107\JM107.model</model>
        </node>
        <node>
           <name>MP_JM107_Binocular_2_INDEX_7</name>
           <model>japan\misc\JM107\JM107.model</model>
        </node>
        <node>
           <name>MP_JM067_Barbette_Dir_type_94_INDEX_2</name>
           <model>japan\misc\JM067\JM067.model</model>
        </node>
        <node>
           <name>MP_JM107_Binocular_2_INDEX_8</name>
           <model>japan\misc\JM107\JM107.model</model>
        </node>
        <node>
           <name>MP_JM099_Signal_Lamp_1_INDEX_1</name>
           <model>japan\misc\JM099\JM099.model</model>
        </node>
        <node>
           <name>MP_JM002_Paravane</name>
           <model>japan\misc\JM002\JM002.model</model>
        </node>
        <node>
           <name>MP_JM059_Deck_Hatch_8_INDEX_6</name>
           <model>japan\misc\JM059\JM059.model</model>
        </node>
        <node>
           <name>MP_JM107_Binocular_2_INDEX_9</name>
           <model>japan\misc\JM107\JM107.model</model>
        </node>
        <node>
           <name>MP_JM099_Signal_Lamp_1_INDEX_2</name>
           <model>japan\misc\JM099\JM099.model</model>
        </node>
        <node>
           <name>MP_JM032_Electric_Deck_Winch_INDEX_2</name>
           <model>japan\misc\JM032\JM032.model</model>
        </node>
        <node>
           <name>MP_JM099_Signal_Lamp_1_INDEX_3</name>
           <model>japan\misc\JM099\JM099.model</model>
        </node>
        <node>
           <name>MP_JM006_Binocular_1_INDEX_3</name>
           <model>japan\misc\JM006\JM006.model</model>
        </node>
        <node>
           <name>MP_JM059_Deck_Hatch_8_INDEX_7</name>
           <model>japan\misc\JM059\JM059.model</model>
        </node>
        <node>
           <name>MP_JM100_Bench_INDEX_2</name>
           <model>japan\misc\JM100\JM100.model</model>
        </node>
        <node>
           <name>MP_JM008_Searchlight</name>
           <model>japan\misc\JM008\JM008.model</model>
        </node>
        <node>
           <name>MP_JM107_Binocular_2_INDEX_10</name>
           <model>japan\misc\JM107\JM107.model</model>
        </node>
        <node>
           <name>MP_JM100_Bench_INDEX_3</name>
           <model>japan\misc\JM100\JM100.model</model>
        </node>
        <node>
           <name>MP_JM059_Deck_Hatch_8_INDEX_8</name>
           <model>japan\misc\JM059\JM059.model</model>
        </node>
        <node>
           <name>MP_JM067_Barbette_Dir_type_94_INDEX_3</name>
           <model>japan\misc\JM067\JM067.model</model>
        </node>
        <node>
           <name>MP_JM059_Deck_Hatch_8_INDEX_9</name>
           <model>japan\misc\JM059\JM059.model</model>
        </node>
        <node>
           <name>MP_JM099_Signal_Lamp_1_INDEX_4</name>
           <model>japan\misc\JM099\JM099.model</model>
        </node>
        <node>
           <name>MP_JM059_Deck_Hatch_8_INDEX_10</name>
           <model>japan\misc\JM059\JM059.model</model>
        </node>
        <node>
           <name>MP_JM059_Deck_Hatch_8_INDEX_11</name>
           <model>japan\misc\JM059\JM059.model</model>
        </node>
        <node>
           <name>MP_JM107_Binocular_2_INDEX_11</name>
           <model>japan\misc\JM107\JM107.model</model>
        </node>
        <node>
           <name>MP_JM077_Antenna_1</name>
           <model>japan\misc\JM077\JM077.model</model>
        </node>
        <node>
           <name>MP_JM107_Binocular_2_INDEX_12</name>
           <model>japan\misc\JM107\JM107.model</model>
        </node>
        <node>
           <name>MP_JM059_Deck_Hatch_8_INDEX_12</name>
           <model>japan\misc\JM059\JM059.model</model>
        </node>
        <node>
           <name>MP_JM107_Binocular_2_INDEX_13</name>
           <model>japan\misc\JM107\JM107.model</model>
        </node>
        <node>
           <name>MP_JM107_Binocular_2_INDEX_14</name>
           <model>japan\misc\JM107\JM107.model</model>
        </node>
        <node>
           <name>MP_JM107_Binocular_2_INDEX_15</name>
           <model>japan\misc\JM107\JM107.model</model>
        </node>
        <node>
           <name>MP_JM107_Binocular_2_INDEX_16</name>
           <model>japan\misc\JM107\JM107.model</model>
        </node>
        <node>
           <name>MP_JM059_Deck_Hatch_8_INDEX_13</name>
           <model>japan\misc\JM059\JM059.model</model>
        </node>
        <node>
           <name>MP_JM009_Signal_Lamp_INDEX_1</name>
           <model>japan\misc\JM009\JM009.model</model>
        </node>
        <node>
           <name>MP_JM059_Deck_Hatch_8_INDEX_14</name>
           <model>japan\misc\JM059\JM059.model</model>
        </node>
        <node>
           <name>HP_Fire_Burn_2</name>
           <model>UNKNOWN_ITEM</model>
        </node>
        <node>
           <name>HP_NoseWave_Speed</name>
           <model>UNKNOWN_ITEM</model>
        </node>
    </midfront>
    <midback>
      <model>japan\ship\aircarrier\JSA012_Zuikaku_1944\JSA012_Zuikaku_1944_MidBack_ports.model</model>
        <node>
           <name>HP_JD_7</name>
           <model>japan\director\JD011_Director_Type_95_Mod3\JD011_Director_Type_95_Mod3.model</model>
        </node>
        <node>
           <name>HP_JD_8</name>
           <model>japan\director\JD011_Director_Type_95_Mod3\JD011_Director_Type_95_Mod3.model</model>
        </node>
        <node>
           <name>HP_JD_9</name>
           <model>japan\director\JD011_Director_Type_95_Mod3\JD011_Director_Type_95_Mod3.model</model>
        </node>
        <node>
           <name>HP_JGA_33</name>
           <model>japan\gun\aaircraft\JGA018_25mm_Type96_single\JGA018_25mm_Type96_single.model</model>
        </node>
        <node>
           <name>HP_JGA_34</name>
           <model>japan\gun\aaircraft\JGA018_25mm_Type96_single\JGA018_25mm_Type96_single.model</model>
        </node>
        <node>
           <name>HP_JGA_35</name>
           <model>japan\gun\aaircraft\JGA018_25mm_Type96_single\JGA018_25mm_Type96_single.model</model>
        </node>
        <node>
           <name>HP_JGA_36</name>
           <model>japan\gun\aaircraft\JGA018_25mm_Type96_single\JGA018_25mm_Type96_single.model</model>
        </node>
        <node>
           <name>HP_JGA_37</name>
           <model>japan\gun\aaircraft\JGA018_25mm_Type96_single\JGA018_25mm_Type96_single.model</model>
        </node>
        <node>
           <name>HP_JGA_38</name>
           <model>japan\gun\aaircraft\JGA018_25mm_Type96_single\JGA018_25mm_Type96_single.model</model>
        </node>
        <node>
           <name>HP_JGA_39</name>
           <model>japan\gun\aaircraft\JGA018_25mm_Type96_single\JGA018_25mm_Type96_single.model</model>
        </node>
        <node>
           <name>HP_JGA_32</name>
           <model>japan\gun\aaircraft\JGA018_25mm_Type96_single\JGA018_25mm_Type96_single.model</model>
        </node>
        <node>
           <name>HP_JGS_5</name>
           <model>japan\gun\secondary\JGS003_127mm40_Type89_Mod_A\JGS003_127mm40_Type89_Mod_A.model</model>
        </node>
        <node>
           <name>HP_Deck_13</name>
           <model>japan\aircraft\dive\JAD005_D3A2\JAD005_D3A2.model</model>
        </node>
        <node>
           <name>HP_Deck_14</name>
           <model>japan\aircraft\dive\JAD005_D3A2\JAD005_D3A2.model</model>
        </node>
        <node>
           <name>HP_Deck_15</name>
           <model>japan\aircraft\dive\JAD005_D3A2\JAD005_D3A2.model</model>
        </node>
        <node>
           <name>HP_Deck_16</name>
           <model>japan\aircraft\dive\JAD005_D3A2\JAD005_D3A2.model</model>
        </node>
        <node>
           <name>HP_Deck_17</name>
           <model>japan\aircraft\dive\JAD005_D3A2\JAD005_D3A2.model</model>
        </node>
        <node>
           <name>HP_Deck_18</name>
           <model>japan\aircraft\dive\JAD005_D3A2\JAD005_D3A2.model</model>
        </node>
        <node>
           <name>HP_Deck_19</name>
           <model>japan\aircraft\dive\JAD005_D3A2\JAD005_D3A2.model</model>
        </node>
        <node>
           <name>HP_Deck_20</name>
           <model>japan\aircraft\dive\JAD005_D3A2\JAD005_D3A2.model</model>
        </node>
        <node>
           <name>HP_Deck_21</name>
           <model>japan\aircraft\dive\JAD005_D3A2\JAD005_D3A2.model</model>
        </node>
        <node>
           <name>HP_Deck_22</name>
           <model>japan\aircraft\dive\JAD005_D3A2\JAD005_D3A2.model</model>
        </node>
        <node>
           <name>HP_Deck_12</name>
           <model>japan\aircraft\dive\JAD005_D3A2\JAD005_D3A2.model</model>
        </node>
        <node>
           <name>HP_Deck_23</name>
           <model>japan\aircraft\dive\JAD005_D3A2\JAD005_D3A2.model</model>
        </node>
        <node>
           <name>MP_JM099_Signal_Lamp_1</name>
           <model>japan\misc\JM099\JM099.model</model>
        </node>
        <node>
           <name>MP_JM100_Bench</name>
           <model>japan\misc\JM100\JM100.model</model>
        </node>
        <node>
           <name>MP_JM080_Elevating_Mast_L</name>
           <model>japan\misc\JM080\JM080.model</model>
        </node>
        <node>
           <name>MP_JM099_Signal_Lamp_1_INDEX_1</name>
           <model>japan\misc\JM099\JM099.model</model>
        </node>
        <node>
           <name>MP_JM099_Signal_Lamp_1_INDEX_2</name>
           <model>japan\misc\JM099\JM099.model</model>
        </node>
        <node>
           <name>MP_JM059_Deck_Hatch_8</name>
           <model>japan\misc\JM059\JM059.model</model>
        </node>
        <node>
           <name>MP_JM059_Deck_Hatch_8_INDEX_1</name>
           <model>japan\misc\JM059\JM059.model</model>
        </node>
        <node>
           <name>MP_JM099_Signal_Lamp_1_INDEX_3</name>
           <model>japan\misc\JM099\JM099.model</model>
        </node>
        <node>
           <name>MP_JM099_Signal_Lamp_1_INDEX_4</name>
           <model>japan\misc\JM099\JM099.model</model>
        </node>
        <node>
           <name>MP_JM059_Deck_Hatch_8_INDEX_2</name>
           <model>japan\misc\JM059\JM059.model</model>
        </node>
        <node>
           <name>MP_JM059_Deck_Hatch_8_INDEX_3</name>
           <model>japan\misc\JM059\JM059.model</model>
        </node>
        <node>
           <name>MP_JM059_Deck_Hatch_8_INDEX_4</name>
           <model>japan\misc\JM059\JM059.model</model>
        </node>
        <node>
           <name>MP_JM059_Deck_Hatch_8_INDEX_5</name>
           <model>japan\misc\JM059\JM059.model</model>
        </node>
        <node>
           <name>MP_JM099_Signal_Lamp_1_INDEX_5</name>
           <model>japan\misc\JM099\JM099.model</model>
        </node>
        <node>
           <name>MP_JM099_Signal_Lamp_1_INDEX_6</name>
           <model>japan\misc\JM099\JM099.model</model>
        </node>
        <node>
           <name>MP_JM059_Deck_Hatch_8_INDEX_6</name>
           <model>japan\misc\JM059\JM059.model</model>
        </node>
        <node>
           <name>MP_JM099_Signal_Lamp_1_INDEX_7</name>
           <model>japan\misc\JM099\JM099.model</model>
        </node>
        <node>
           <name>MP_JM059_Deck_Hatch_8_INDEX_7</name>
           <model>japan\misc\JM059\JM059.model</model>
        </node>
        <node>
           <name>MP_JM059_Deck_Hatch_8_INDEX_8</name>
           <model>japan\misc\JM059\JM059.model</model>
        </node>
        <node>
           <name>MP_JM100_Bench_INDEX_1</name>
           <model>japan\misc\JM100\JM100.model</model>
        </node>
        <node>
           <name>MP_JM099_Signal_Lamp_1_INDEX_8</name>
           <model>japan\misc\JM099\JM099.model</model>
        </node>
        <node>
           <name>MP_JM099_Signal_Lamp_1_INDEX_9</name>
           <model>japan\misc\JM099\JM099.model</model>
        </node>
        <node>
           <name>MP_JM059_Deck_Hatch_8_INDEX_9</name>
           <model>japan\misc\JM059\JM059.model</model>
        </node>
        <node>
           <name>HP_Fire_Burn_3</name>
           <model>UNKNOWN_ITEM</model>
        </node>
        <node>
           <name>HP_Smoke_1</name>
           <model>UNKNOWN_ITEM</model>
        </node>
        <node>
           <name>HP_Smoke_2</name>
           <model>UNKNOWN_ITEM</model>
        </node>
    </midback>
    <stern>
      <model>japan\ship\aircarrier\JSA012_Zuikaku_1944\JSA012_Zuikaku_1944_Stern_ports.model</model>
        <node>
           <name>HP_JD_10</name>
           <model>japan\director\JD011_Director_Type_95_Mod3\JD011_Director_Type_95_Mod3.model</model>
        </node>
        <node>
           <name>HP_JD_11</name>
           <model>japan\director\JD011_Director_Type_95_Mod3\JD011_Director_Type_95_Mod3.model</model>
        </node>
        <node>
           <name>HP_JGA_40</name>
           <model>japan\gun\aaircraft\JGA018_25mm_Type96_single\JGA018_25mm_Type96_single.model</model>
        </node>
        <node>
           <name>HP_JGA_41</name>
           <model>japan\gun\aaircraft\JGA018_25mm_Type96_single\JGA018_25mm_Type96_single.model</model>
        </node>
        <node>
           <name>HP_JGA_42</name>
           <model>japan\gun\aaircraft\JGA018_25mm_Type96_single\JGA018_25mm_Type96_single.model</model>
        </node>
        <node>
           <name>HP_JGA_43</name>
           <model>japan\gun\aaircraft\JGA018_25mm_Type96_single\JGA018_25mm_Type96_single.model</model>
        </node>
        <node>
           <name>HP_JGA_44</name>
           <model>japan\gun\aaircraft\JGA018_25mm_Type96_single\JGA018_25mm_Type96_single.model</model>
        </node>
        <node>
           <name>HP_JGA_45</name>
           <model>japan\gun\aaircraft\JGA018_25mm_Type96_single\JGA018_25mm_Type96_single.model</model>
        </node>
        <node>
           <name>HP_JGA_46</name>
           <model>japan\gun\aaircraft\JGA018_25mm_Type96_single\JGA018_25mm_Type96_single.model</model>
        </node>
        <node>
           <name>HP_JGA_47</name>
           <model>japan\gun\aaircraft\JGA018_25mm_Type96_single\JGA018_25mm_Type96_single.model</model>
        </node>
        <node>
           <name>HP_JGA_48</name>
           <model>japan\gun\aaircraft\JGA018_25mm_Type96_single\JGA018_25mm_Type96_single.model</model>
        </node>
        <node>
           <name>HP_JGA_49</name>
           <model>japan\gun\aaircraft\JGA018_25mm_Type96_single\JGA018_25mm_Type96_single.model</model>
        </node>
        <node>
           <name>HP_JGA_50</name>
           <model>japan\gun\aaircraft\JGA018_25mm_Type96_single\JGA018_25mm_Type96_single.model</model>
        </node>
        <node>
           <name>HP_JGA_51</name>
           <model>japan\gun\aaircraft\JGA018_25mm_Type96_single\JGA018_25mm_Type96_single.model</model>
        </node>
        <node>
           <name>HP_JGA_52</name>
           <model>japan\gun\aaircraft\JGA018_25mm_Type96_single\JGA018_25mm_Type96_single.model</model>
        </node>
        <node>
           <name>HP_JGS_6</name>
           <model>japan\gun\secondary\JGS003_127mm40_Type89_Mod_A\JGS003_127mm40_Type89_Mod_A.model</model>
        </node>
        <node>
           <name>HP_JGS_7</name>
           <model>japan\gun\secondary\JGS009_127mm40_Type_89\JGS009_127mm40_Type_89.model</model>
        </node>
        <node>
           <name>HP_JGS_8</name>
           <model>japan\gun\secondary\JGS009_127mm40_Type_89\JGS009_127mm40_Type_89.model</model>
        </node>
        <node>
           <name>HP_DisappearPoint</name>
           <model>japan\aircraft\bomber\JAB001_B5N2\JAB001_B5N2.model</model>
        </node>
        <node>
           <name>HP_Deck_00</name>
           <model>japan\aircraft\fighter\JAF001_A6M2\JAF001_A6M2.model</model>
        </node>
        <node>
           <name>HP_Deck_01</name>
           <model>japan\aircraft\fighter\JAF001_A6M2\JAF001_A6M2.model</model>
        </node>
        <node>
           <name>HP_Deck_02</name>
           <model>japan\aircraft\fighter\JAF001_A6M2\JAF001_A6M2.model</model>
        </node>
        <node>
           <name>HP_Deck_03</name>
           <model>japan\aircraft\fighter\JAF001_A6M2\JAF001_A6M2.model</model>
        </node>
        <node>
           <name>HP_Deck_04</name>
           <model>japan\aircraft\bomber\JAB001_B5N2\JAB001_B5N2.model</model>
        </node>
        <node>
           <name>HP_Deck_05</name>
           <model>japan\aircraft\bomber\JAB001_B5N2\JAB001_B5N2.model</model>
        </node>
        <node>
           <name>HP_Deck_06</name>
           <model>japan\aircraft\bomber\JAB001_B5N2\JAB001_B5N2.model</model>
        </node>
        <node>
           <name>HP_Deck_07</name>
           <model>japan\aircraft\bomber\JAB001_B5N2\JAB001_B5N2.model</model>
        </node>
        <node>
           <name>HP_Deck_08</name>
           <model>japan\aircraft\bomber\JAB001_B5N2\JAB001_B5N2.model</model>
        </node>
        <node>
           <name>HP_Deck_09</name>
           <model>japan\aircraft\bomber\JAB001_B5N2\JAB001_B5N2.model</model>
        </node>
        <node>
           <name>HP_Deck_10</name>
           <model>japan\aircraft\bomber\JAB001_B5N2\JAB001_B5N2.model</model>
        </node>
        <node>
           <name>HP_Deck_11</name>
           <model>japan\aircraft\bomber\JAB001_B5N2\JAB001_B5N2.model</model>
        </node>
        <node>
           <name>HP_DeckLand</name>
           <model>japan\aircraft\bomber\JAB001_B5N2\JAB001_B5N2.model</model>
        </node>
        <node>
           <name>MP_JM038_Motor_Boats_11m</name>
           <model>japan\misc\JM038\JM038.model</model>
        </node>
        <node>
           <name>MP_JM076_Elevating_Mast_R</name>
           <model>japan\misc\JM076\JM076.model</model>
        </node>
        <node>
           <name>MP_JM040_Motor_Launch_Hangar_12m</name>
           <model>japan\misc\JM040\JM040.model</model>
        </node>
        <node>
           <name>MP_JM099_Signal_Lamp_1</name>
           <model>japan\misc\JM099\JM099.model</model>
        </node>
        <node>
           <name>MP_JM026_Bollards</name>
           <model>japan\misc\JM026\JM026.model</model>
        </node>
        <node>
           <name>MP_JM181_Motor_Boats_11m</name>
           <model>japan\misc\JM181\JM181.model</model>
        </node>
        <node>
           <name>MP_CM017_Boat_Stowage_3</name>
           <model>common\misc\CM017\CM017.model</model>
        </node>
        <node>
           <name>MP_JM099_Signal_Lamp_1_INDEX_1</name>
           <model>japan\misc\JM099\JM099.model</model>
        </node>
        <node>
           <name>MP_CM016_Boat_Stowage_2</name>
           <model>common\misc\CM016\CM016.model</model>
        </node>
        <node>
           <name>MP_CM017_Boat_Stowage_3_INDEX_1</name>
           <model>common\misc\CM017\CM017.model</model>
        </node>
        <node>
           <name>MP_JM007_Life_Buoy_box</name>
           <model>japan\misc\JM007\JM007.model</model>
        </node>
        <node>
           <name>MP_JM038_Motor_Boats_11m_INDEX_1</name>
           <model>japan\misc\JM038\JM038.model</model>
        </node>
        <node>
           <name>MP_JM076_Elevating_Mast_R_INDEX_1</name>
           <model>japan\misc\JM076\JM076.model</model>
        </node>
        <node>
           <name>MP_CM016_Boat_Stowage_2_INDEX_1</name>
           <model>common\misc\CM016\CM016.model</model>
        </node>
        <node>
           <name>MP_JM104_Runway_Lights_2R</name>
           <model>japan\misc\JM104\JM104.model</model>
        </node>
        <node>
           <name>MP_JM040_Motor_Launch_Hangar_12m_INDEX_1</name>
           <model>japan\misc\JM040\JM040.model</model>
        </node>
        <node>
           <name>MP_CM017_Boat_Stowage_3_INDEX_2</name>
           <model>common\misc\CM017\CM017.model</model>
        </node>
        <node>
           <name>MP_CM032_Propeller3_R</name>
           <model>common\misc\CM032\CM032.model</model>
        </node>
        <node>
           <name>MP_JM007_Life_Buoy_box_INDEX_1</name>
           <model>japan\misc\JM007\JM007.model</model>
        </node>
        <node>
           <name>MP_JM099_Signal_Lamp_1_INDEX_2</name>
           <model>japan\misc\JM099\JM099.model</model>
        </node>
        <node>
           <name>MP_CM017_Boat_Stowage_3_INDEX_3</name>
           <model>common\misc\CM017\CM017.model</model>
        </node>
        <node>
           <name>MP_CM017_Boat_Stowage_3_INDEX_4</name>
           <model>common\misc\CM017\CM017.model</model>
        </node>
        <node>
           <name>MP_CM017_Boat_Stowage_3_INDEX_5</name>
           <model>common\misc\CM017\CM017.model</model>
        </node>
        <node>
           <name>MP_CM016_Boat_Stowage_2_INDEX_2</name>
           <model>common\misc\CM016\CM016.model</model>
        </node>
        <node>
           <name>MP_CM017_Boat_Stowage_3_INDEX_6</name>
           <model>common\misc\CM017\CM017.model</model>
        </node>
        <node>
           <name>MP_JM100_Bench</name>
           <model>japan\misc\JM100\JM100.model</model>
        </node>
        <node>
           <name>MP_CM009_Life_Buoy_2</name>
           <model>common\misc\CM009\CM009.model</model>
        </node>
        <node>
           <name>MP_CM009_Life_Buoy_2_INDEX_1</name>
           <model>common\misc\CM009\CM009.model</model>
        </node>
        <node>
           <name>MP_CM032_Propeller3_R_INDEX_1</name>
           <model>common\misc\CM032\CM032.model</model>
        </node>
        <node>
           <name>MP_JM099_Signal_Lamp_1_INDEX_3</name>
           <model>japan\misc\JM099\JM099.model</model>
        </node>
        <node>
           <name>MP_JM099_Signal_Lamp_1_INDEX_4</name>
           <model>japan\misc\JM099\JM099.model</model>
        </node>
        <node>
           <name>MP_JM059_Deck_Hatch_8</name>
           <model>japan\misc\JM059\JM059.model</model>
        </node>
        <node>
           <name>MP_JM100_Bench_INDEX_1</name>
           <model>japan\misc\JM100\JM100.model</model>
        </node>
        <node>
           <name>MP_JM181_Motor_Boats_11m_INDEX_1</name>
           <model>japan\misc\JM181\JM181.model</model>
        </node>
        <node>
           <name>MP_JM059_Deck_Hatch_8_INDEX_1</name>
           <model>japan\misc\JM059\JM059.model</model>
        </node>
        <node>
           <name>MP_JM059_Deck_Hatch_8_INDEX_2</name>
           <model>japan\misc\JM059\JM059.model</model>
        </node>
        <node>
           <name>MP_JM049_Davit_2</name>
           <model>japan\misc\JM049\JM049.model</model>
        </node>
        <node>
           <name>MP_CM017_Boat_Stowage_3_INDEX_7</name>
           <model>common\misc\CM017\CM017.model</model>
        </node>
        <node>
           <name>MP_JM059_Deck_Hatch_8_INDEX_3</name>
           <model>japan\misc\JM059\JM059.model</model>
        </node>
        <node>
           <name>MP_CM016_Boat_Stowage_2_INDEX_3</name>
           <model>common\misc\CM016\CM016.model</model>
        </node>
        <node>
           <name>MP_JM100_Bench_INDEX_2</name>
           <model>japan\misc\JM100\JM100.model</model>
        </node>
        <node>
           <name>MP_CM001_Propeller3_L</name>
           <model>common\misc\CM001\CM001.model</model>
        </node>
        <node>
           <name>MP_JM103_Runway_Lights_2L</name>
           <model>japan\misc\JM103\JM103.model</model>
        </node>
        <node>
           <name>MP_JM059_Deck_Hatch_8_INDEX_4</name>
           <model>japan\misc\JM059\JM059.model</model>
        </node>
        <node>
           <name>MP_CM017_Boat_Stowage_3_INDEX_8</name>
           <model>common\misc\CM017\CM017.model</model>
        </node>
        <node>
           <name>MP_CM017_Boat_Stowage_3_INDEX_9</name>
           <model>common\misc\CM017\CM017.model</model>
        </node>
        <node>
           <name>MP_CM016_Boat_Stowage_2_INDEX_4</name>
           <model>common\misc\CM016\CM016.model</model>
        </node>
        <node>
           <name>MP_JM099_Signal_Lamp_1_INDEX_5</name>
           <model>japan\misc\JM099\JM099.model</model>
        </node>
        <node>
           <name>MP_JM102_Runway_Lights_1R</name>
           <model>japan\misc\JM102\JM102.model</model>
        </node>
        <node>
           <name>MP_JM059_Deck_Hatch_8_INDEX_5</name>
           <model>japan\misc\JM059\JM059.model</model>
        </node>
        <node>
           <name>MP_JM099_Signal_Lamp_1_INDEX_6</name>
           <model>japan\misc\JM099\JM099.model</model>
        </node>
        <node>
           <name>MP_JM101_Runway_Lights_1L</name>
           <model>japan\misc\JM101\JM101.model</model>
        </node>
        <node>
           <name>MP_CM017_Boat_Stowage_3_INDEX_10</name>
           <model>common\misc\CM017\CM017.model</model>
        </node>
        <node>
           <name>MP_JM059_Deck_Hatch_8_INDEX_6</name>
           <model>japan\misc\JM059\JM059.model</model>
        </node>
        <node>
           <name>MP_JM059_Deck_Hatch_8_INDEX_7</name>
           <model>japan\misc\JM059\JM059.model</model>
        </node>
        <node>
           <name>MP_JM080_Elevating_Mast_L</name>
           <model>japan\misc\JM080\JM080.model</model>
        </node>
        <node>
           <name>MP_JM059_Deck_Hatch_8_INDEX_8</name>
           <model>japan\misc\JM059\JM059.model</model>
        </node>
        <node>
           <name>MP_CM017_Boat_Stowage_3_INDEX_11</name>
           <model>common\misc\CM017\CM017.model</model>
        </node>
        <node>
           <name>MP_CM005_Anchor_1</name>
           <model>common\misc\CM005\CM005.model</model>
        </node>
        <node>
           <name>MP_CM001_Propeller3_L_INDEX_1</name>
           <model>common\misc\CM001\CM001.model</model>
        </node>
        <node>
           <name>MP_JM096_Davit_3</name>
           <model>japan\misc\JM096\JM096.model</model>
        </node>
        <node>
           <name>MP_JM099_Signal_Lamp_1_INDEX_7</name>
           <model>japan\misc\JM099\JM099.model</model>
        </node>
        <node>
           <name>MP_JM075_Crane_2</name>
           <model>japan\misc\JM075\JM075.model</model>
        </node>
        <node>
           <name>MP_JM059_Deck_Hatch_8_INDEX_9</name>
           <model>japan\misc\JM059\JM059.model</model>
        </node>
        <node>
           <name>MP_CM017_Boat_Stowage_3_INDEX_12</name>
           <model>common\misc\CM017\CM017.model</model>
        </node>
        <node>
           <name>MP_CM017_Boat_Stowage_3_INDEX_13</name>
           <model>common\misc\CM017\CM017.model</model>
        </node>
        <node>
           <name>MP_JM099_Signal_Lamp_1_INDEX_8</name>
           <model>japan\misc\JM099\JM099.model</model>
        </node>
        <node>
           <name>MP_JM059_Deck_Hatch_8_INDEX_10</name>
           <model>japan\misc\JM059\JM059.model</model>
        </node>
        <node>
           <name>MP_JM059_Deck_Hatch_8_INDEX_11</name>
           <model>japan\misc\JM059\JM059.model</model>
        </node>
        <node>
           <name>MP_JM099_Signal_Lamp_1_INDEX_9</name>
           <model>japan\misc\JM099\JM099.model</model>
        </node>
        <node>
           <name>MP_CM016_Boat_Stowage_2_INDEX_5</name>
           <model>common\misc\CM016\CM016.model</model>
        </node>
        <node>
           <name>MP_JM026_Bollards_INDEX_1</name>
           <model>japan\misc\JM026\JM026.model</model>
        </node>
        <node>
           <name>MP_JM013_Reels_1</name>
           <model>japan\misc\JM013\JM013.model</model>
        </node>
        <node>
           <name>MP_CM017_Boat_Stowage_3_INDEX_14</name>
           <model>common\misc\CM017\CM017.model</model>
        </node>
        <node>
           <name>MP_CM017_Boat_Stowage_3_INDEX_15</name>
           <model>common\misc\CM017\CM017.model</model>
        </node>
        <node>
           <name>MP_CM005_Anchor_1_INDEX_1</name>
           <model>common\misc\CM005\CM005.model</model>
        </node>
        <node>
           <name>MP_JM013_Reels_1_INDEX_1</name>
           <model>japan\misc\JM013\JM013.model</model>
        </node>
        <node>
           <name>MP_CM017_Boat_Stowage_3_INDEX_16</name>
           <model>common\misc\CM017\CM017.model</model>
        </node>
        <node>
           <name>MP_JM181_Motor_Boats_11m_INDEX_2</name>
           <model>japan\misc\JM181\JM181.model</model>
        </node>
        <node>
           <name>MP_JM059_Deck_Hatch_8_INDEX_12</name>
           <model>japan\misc\JM059\JM059.model</model>
        </node>
        <node>
           <name>HP_Fire_Burn_4</name>
           <model>UNKNOWN_ITEM</model>
        </node>
    </stern>
  </sections>
</JSA012_Zuikaku_1944.xml>
