<ASB009_New_Mexico_1918.xml>
  <sections>
    <bow>
      <model>usa\ship\battleship\ASB009_New_Mexico_1918\ASB009_New_Mexico_1918_bow_ports.model</model>
        <node>
           <name>MP_AM217_Hatch</name>
           <model>usa\misc\AM217\AM217.model</model>
        </node>
        <node>
           <name>MP_AM049_Signal_Lamp_1</name>
           <model>usa\misc\AM049\AM049.model</model>
        </node>
        <node>
           <name>MP_AM308_Fairlead</name>
           <model>usa\misc\AM308\AM308.model</model>
        </node>
        <node>
           <name>MP_AM219_Bollard</name>
           <model>usa\misc\AM219\AM219.model</model>
        </node>
        <node>
           <name>MP_AM212_Ventilation</name>
           <model>usa\misc\AM212\AM212.model</model>
        </node>
        <node>
           <name>MP_AM218_Hatch</name>
           <model>usa\misc\AM218\AM218.model</model>
        </node>
        <node>
           <name>MP_AM220_Fairlead</name>
           <model>usa\misc\AM220\AM220.model</model>
        </node>
        <node>
           <name>MP_AM220_Fairlead_INDEX_1</name>
           <model>usa\misc\AM220\AM220.model</model>
        </node>
        <node>
           <name>MP_AM308_Fairlead_INDEX_1</name>
           <model>usa\misc\AM308\AM308.model</model>
        </node>
        <node>
           <name>MP_AM308_Fairlead_INDEX_2</name>
           <model>usa\misc\AM308\AM308.model</model>
        </node>
        <node>
           <name>MP_AM218_Hatch_INDEX_1</name>
           <model>usa\misc\AM218\AM218.model</model>
        </node>
        <node>
           <name>MP_CM006_Anchor_2</name>
           <model>common\misc\CM006\CM006.model</model>
        </node>
        <node>
           <name>MP_AM217_Hatch_INDEX_1</name>
           <model>usa\misc\AM217\AM217.model</model>
        </node>
        <node>
           <name>MP_CM006_Anchor_2_INDEX_1</name>
           <model>common\misc\CM006\CM006.model</model>
        </node>
        <node>
           <name>MP_AM219_Bollard_INDEX_1</name>
           <model>usa\misc\AM219\AM219.model</model>
        </node>
        <node>
           <name>MP_CM006_Anchor_2_INDEX_2</name>
           <model>common\misc\CM006\CM006.model</model>
        </node>
        <node>
           <name>MP_AM220_Fairlead_INDEX_2</name>
           <model>usa\misc\AM220\AM220.model</model>
        </node>
        <node>
           <name>MP_AM549_Life_Buoy</name>
           <model>usa\misc\AM549\AM549.model</model>
        </node>
        <node>
           <name>MP_AM220_Fairlead_INDEX_3</name>
           <model>usa\misc\AM220\AM220.model</model>
        </node>
        <node>
           <name>MP_AM217_Hatch_INDEX_2</name>
           <model>usa\misc\AM217\AM217.model</model>
        </node>
        <node>
           <name>MP_AM549_Life_Buoy_INDEX_1</name>
           <model>usa\misc\AM549\AM549.model</model>
        </node>
        <node>
           <name>MP_AM235_Winch</name>
           <model>usa\misc\AM235\AM235.model</model>
        </node>
        <node>
           <name>MP_AM308_Fairlead_INDEX_3</name>
           <model>usa\misc\AM308\AM308.model</model>
        </node>
        <node>
           <name>HP_Fire_Burn_1</name>
           <model>UNKNOWN_ITEM</model>
        </node>
    </bow>
    <midfront>
      <model>usa\ship\battleship\ASB009_New_Mexico_1918\ASB009_New_Mexico_1918_MidFront_ports.model</model>
        <node>
           <name>HP_AD_1</name>
           <model>usa\director\AD053_Director_Mk6\AD053_Director_Mk6.model</model>
        </node>
        <node>
           <name>HP_AD_2</name>
           <model>usa\director\AD053_Director_Mk6\AD053_Director_Mk6.model</model>
        </node>
        <node>
           <name>HP_AD_3</name>
           <model>usa\director\AD055_Director_Mk11\AD055_Director_Mk11.model</model>
        </node>
        <node>
           <name>HP_AD_4</name>
           <model>usa\director\AD053_Director_Mk6\AD053_Director_Mk6.model</model>
        </node>
        <node>
           <name>HP_AD_5</name>
           <model>usa\director\AD053_Director_Mk6\AD053_Director_Mk6.model</model>
        </node>
        <node>
           <name>HP_AF_1</name>
           <model>usa\finder\AF090_Rangefinder_3_6m\AF090_Rangefinder_3_6m.model</model>
        </node>
        <node>
           <name>HP_AGA_1</name>
           <model>usa\gun\aaircraft\AGA104_3in50_Mk10\AGA104_3in50_Mk10.model</model>
        </node>
        <node>
           <name>HP_AGA_2</name>
           <model>usa\gun\aaircraft\AGA104_3in50_Mk10\AGA104_3in50_Mk10.model</model>
        </node>
        <node>
           <name>HP_AGM_1</name>
           <model>usa\gun\main\AGM033_14in50_3Gun_Turret\AGM033_14in50_3Gun_Turret.model</model>
        </node>
        <node>
           <name>HP_AGM_2</name>
           <model>usa\gun\main\AGM033_14in50_3Gun_Turret\AGM033_14in50_3Gun_Turret.model</model>
        </node>
        <node>
           <name>HP_AGS_1</name>
           <model>usa\gun\secondary\AGS029_5in51_Mk_7\AGS029_5in51_Mk_7.model</model>
        </node>
        <node>
           <name>HP_AGS_2</name>
           <model>usa\gun\secondary\AGS029_5in51_Mk_7\AGS029_5in51_Mk_7.model</model>
        </node>
        <node>
           <name>HP_AGS_3</name>
           <model>usa\gun\secondary\AGS029_5in51_Mk_7\AGS029_5in51_Mk_7.model</model>
        </node>
        <node>
           <name>HP_AGS_4</name>
           <model>usa\gun\secondary\AGS029_5in51_Mk_7\AGS029_5in51_Mk_7.model</model>
        </node>
        <node>
           <name>HP_AGS_5</name>
           <model>usa\gun\secondary\AGS029_5in51_Mk_7\AGS029_5in51_Mk_7.model</model>
        </node>
        <node>
           <name>HP_AGS_6</name>
           <model>usa\gun\secondary\AGS029_5in51_Mk_7\AGS029_5in51_Mk_7.model</model>
        </node>
        <node>
           <name>HP_AGS_7</name>
           <model>usa\gun\secondary\AGS029_5in51_Mk_7\AGS029_5in51_Mk_7.model</model>
        </node>
        <node>
           <name>HP_AGS_8</name>
           <model>usa\gun\secondary\AGS029_5in51_Mk_7\AGS029_5in51_Mk_7.model</model>
        </node>
        <node>
           <name>HP_AGS_9</name>
           <model>usa\gun\secondary\AGS029_5in51_Mk_7\AGS029_5in51_Mk_7.model</model>
        </node>
        <node>
           <name>HP_AGS_10</name>
           <model>usa\gun\secondary\AGS029_5in51_Mk_7\AGS029_5in51_Mk_7.model</model>
        </node>
        <node>
           <name>HP_flag_1</name>
           <model>usa\misc\AM032\AM032.model</model>
        </node>
        <node>
           <name>HP_flag_2</name>
           <model>usa\misc\AM032\AM032.model</model>
        </node>
        <node>
           <name>HP_flag_3</name>
           <model>usa\misc\AM032\AM032.model</model>
        </node>
        <node>
           <name>HP_flag_4</name>
           <model>usa\misc\AM032\AM032.model</model>
        </node>
        <node>
           <name>MP_CM029_Emergency_Box</name>
           <model>common\misc\CM029\CM029.model</model>
        </node>
        <node>
           <name>MP_CM029_Emergency_Box_INDEX_1</name>
           <model>common\misc\CM029\CM029.model</model>
        </node>
        <node>
           <name>MP_AM225_Searchlight_900mm</name>
           <model>usa\misc\AM225\AM225.model</model>
        </node>
        <node>
           <name>MP_AM219_Bollard</name>
           <model>usa\misc\AM219\AM219.model</model>
        </node>
        <node>
           <name>MP_AM220_Fairlead</name>
           <model>usa\misc\AM220\AM220.model</model>
        </node>
        <node>
           <name>MP_AM047_Running_Lights_R</name>
           <model>usa\misc\AM047\AM047.model</model>
        </node>
        <node>
           <name>MP_CM030_Swab_Rack_2</name>
           <model>common\misc\CM030\CM030.model</model>
        </node>
        <node>
           <name>MP_CM007_Boat_Stowage_1</name>
           <model>common\misc\CM007\CM007.model</model>
        </node>
        <node>
           <name>MP_AM225_Searchlight_900mm_INDEX_1</name>
           <model>usa\misc\AM225\AM225.model</model>
        </node>
        <node>
           <name>MP_AM173_Insulator_1</name>
           <model>usa\misc\AM173\AM173.model</model>
        </node>
        <node>
           <name>MP_AM220_Fairlead_INDEX_1</name>
           <model>usa\misc\AM220\AM220.model</model>
        </node>
        <node>
           <name>MP_CM060_Flag_Box</name>
           <model>common\misc\CM060\CM060.model</model>
        </node>
        <node>
           <name>MP_CM011_Fire_Fighting_Gear</name>
           <model>common\misc\CM011\CM011.model</model>
        </node>
        <node>
           <name>MP_AM216_Hatch</name>
           <model>usa\misc\AM216\AM216.model</model>
        </node>
        <node>
           <name>MP_CM007_Boat_Stowage_1_INDEX_1</name>
           <model>common\misc\CM007\CM007.model</model>
        </node>
        <node>
           <name>MP_AM220_Fairlead_INDEX_2</name>
           <model>usa\misc\AM220\AM220.model</model>
        </node>
        <node>
           <name>MP_AM231_Ventilation</name>
           <model>usa\misc\AM231\AM231.model</model>
        </node>
        <node>
           <name>MP_CM079_Fender</name>
           <model>common\misc\CM079\CM079.model</model>
        </node>
        <node>
           <name>MP_AM220_Fairlead_INDEX_3</name>
           <model>usa\misc\AM220\AM220.model</model>
        </node>
        <node>
           <name>MP_CM004_Barbette_Out</name>
           <model>common\misc\CM004\CM004.model</model>
        </node>
        <node>
           <name>MP_AM072_Ships_bell</name>
           <model>usa\misc\AM072\AM072.model</model>
        </node>
        <node>
           <name>MP_AM220_Fairlead_INDEX_4</name>
           <model>usa\misc\AM220\AM220.model</model>
        </node>
        <node>
           <name>MP_CM010_Fire_Hose_Reel</name>
           <model>common\misc\CM010\CM010.model</model>
        </node>
        <node>
           <name>MP_CM011_Fire_Fighting_Gear_INDEX_1</name>
           <model>common\misc\CM011\CM011.model</model>
        </node>
        <node>
           <name>MP_AM225_Searchlight_900mm_INDEX_2</name>
           <model>usa\misc\AM225\AM225.model</model>
        </node>
        <node>
           <name>MP_CM080_Anchor</name>
           <model>common\misc\CM080\CM080.model</model>
        </node>
        <node>
           <name>MP_AM025_Pelorus_Mk7</name>
           <model>usa\misc\AM025\AM025.model</model>
        </node>
        <node>
           <name>MP_CM004_Barbette_Out_INDEX_1</name>
           <model>common\misc\CM004\CM004.model</model>
        </node>
        <node>
           <name>MP_CM013_Fire_Hose_Rack_2</name>
           <model>common\misc\CM013\CM013.model</model>
        </node>
        <node>
           <name>MP_CM007_Boat_Stowage_1_INDEX_2</name>
           <model>common\misc\CM007\CM007.model</model>
        </node>
        <node>
           <name>MP_AM214_Ventilation</name>
           <model>usa\misc\AM214\AM214.model</model>
        </node>
        <node>
           <name>MP_CM007_Boat_Stowage_1_INDEX_3</name>
           <model>common\misc\CM007\CM007.model</model>
        </node>
        <node>
           <name>MP_AM202_Crane</name>
           <model>usa\misc\AM202\AM202.model</model>
        </node>
        <node>
           <name>MP_AM280_Signal_Lamp</name>
           <model>usa\misc\AM280\AM280.model</model>
        </node>
        <node>
           <name>MP_AM220_Fairlead_INDEX_5</name>
           <model>usa\misc\AM220\AM220.model</model>
        </node>
        <node>
           <name>MP_AM218_Hatch</name>
           <model>usa\misc\AM218\AM218.model</model>
        </node>
        <node>
           <name>MP_CM007_Boat_Stowage_1_INDEX_4</name>
           <model>common\misc\CM007\CM007.model</model>
        </node>
        <node>
           <name>MP_AM230_Launch_40ft</name>
           <model>usa\misc\AM230\AM230.model</model>
        </node>
        <node>
           <name>MP_CM007_Boat_Stowage_1_INDEX_5</name>
           <model>common\misc\CM007\CM007.model</model>
        </node>
        <node>
           <name>MP_AM549_Life_Buoy</name>
           <model>usa\misc\AM549\AM549.model</model>
        </node>
        <node>
           <name>MP_AM248_Ammunition_Box</name>
           <model>usa\misc\AM248\AM248.model</model>
        </node>
        <node>
           <name>MP_AM229_Launch_50ft</name>
           <model>usa\misc\AM229\AM229.model</model>
        </node>
        <node>
           <name>MP_AM231_Ventilation_INDEX_1</name>
           <model>usa\misc\AM231\AM231.model</model>
        </node>
        <node>
           <name>MP_AM025_Pelorus_Mk7_INDEX_1</name>
           <model>usa\misc\AM025\AM025.model</model>
        </node>
        <node>
           <name>MP_AM280_Signal_Lamp_INDEX_1</name>
           <model>usa\misc\AM280\AM280.model</model>
        </node>
        <node>
           <name>MP_AM220_Fairlead_INDEX_6</name>
           <model>usa\misc\AM220\AM220.model</model>
        </node>
        <node>
           <name>MP_CM079_Fender_INDEX_1</name>
           <model>common\misc\CM079\CM079.model</model>
        </node>
        <node>
           <name>MP_CM013_Fire_Hose_Rack_2_INDEX_1</name>
           <model>common\misc\CM013\CM013.model</model>
        </node>
        <node>
           <name>MP_AM229_Launch_50ft_INDEX_1</name>
           <model>usa\misc\AM229\AM229.model</model>
        </node>
        <node>
           <name>MP_CM007_Boat_Stowage_1_INDEX_6</name>
           <model>common\misc\CM007\CM007.model</model>
        </node>
        <node>
           <name>MP_AM077_Paravane</name>
           <model>usa\misc\AM077\AM077.model</model>
        </node>
        <node>
           <name>MP_AM071_Signal_Lamp_2</name>
           <model>usa\misc\AM071\AM071.model</model>
        </node>
        <node>
           <name>MP_CM007_Boat_Stowage_1_INDEX_7</name>
           <model>common\misc\CM007\CM007.model</model>
        </node>
        <node>
           <name>MP_AM203_Crane_Deck</name>
           <model>usa\misc\AM203\AM203.model</model>
        </node>
        <node>
           <name>MP_AM220_Fairlead_INDEX_7</name>
           <model>usa\misc\AM220\AM220.model</model>
        </node>
        <node>
           <name>MP_CM030_Swab_Rack_2_INDEX_1</name>
           <model>common\misc\CM030\CM030.model</model>
        </node>
        <node>
           <name>MP_AM036_Range_Concentration_Dia</name>
           <model>usa\misc\AM036\AM036.model</model>
        </node>
        <node>
           <name>MP_AM202_Crane_INDEX_1</name>
           <model>usa\misc\AM202\AM202.model</model>
        </node>
        <node>
           <name>MP_AM025_Pelorus_Mk7_INDEX_2</name>
           <model>usa\misc\AM025\AM025.model</model>
        </node>
        <node>
           <name>MP_AM217_Hatch</name>
           <model>usa\misc\AM217\AM217.model</model>
        </node>
        <node>
           <name>MP_AM219_Bollard_INDEX_1</name>
           <model>usa\misc\AM219\AM219.model</model>
        </node>
        <node>
           <name>MP_AM225_Searchlight_900mm_INDEX_3</name>
           <model>usa\misc\AM225\AM225.model</model>
        </node>
        <node>
           <name>MP_CM011_Fire_Fighting_Gear_INDEX_2</name>
           <model>common\misc\CM011\CM011.model</model>
        </node>
        <node>
           <name>MP_CM010_Fire_Hose_Reel_INDEX_1</name>
           <model>common\misc\CM010\CM010.model</model>
        </node>
        <node>
           <name>MP_AM048_Running_Lights_L</name>
           <model>usa\misc\AM048\AM048.model</model>
        </node>
        <node>
           <name>MP_AM219_Bollard_INDEX_2</name>
           <model>usa\misc\AM219\AM219.model</model>
        </node>
        <node>
           <name>MP_CM007_Boat_Stowage_1_INDEX_8</name>
           <model>common\misc\CM007\CM007.model</model>
        </node>
        <node>
           <name>MP_AM216_Hatch_INDEX_1</name>
           <model>usa\misc\AM216\AM216.model</model>
        </node>
        <node>
           <name>MP_CM007_Boat_Stowage_1_INDEX_9</name>
           <model>common\misc\CM007\CM007.model</model>
        </node>
        <node>
           <name>MP_AM219_Bollard_INDEX_3</name>
           <model>usa\misc\AM219\AM219.model</model>
        </node>
        <node>
           <name>MP_AM549_Life_Buoy_INDEX_1</name>
           <model>usa\misc\AM549\AM549.model</model>
        </node>
        <node>
           <name>MP_AM142_Running_Lights_FW</name>
           <model>usa\misc\AM142\AM142.model</model>
        </node>
        <node>
           <name>MP_AM549_Life_Buoy_INDEX_2</name>
           <model>usa\misc\AM549\AM549.model</model>
        </node>
        <node>
           <name>MP_AM525_Rev_Ind</name>
           <model>usa\misc\AM525\AM525.model</model>
        </node>
        <node>
           <name>MP_AM220_Fairlead_INDEX_8</name>
           <model>usa\misc\AM220\AM220.model</model>
        </node>
        <node>
           <name>MP_CM007_Boat_Stowage_1_INDEX_10</name>
           <model>common\misc\CM007\CM007.model</model>
        </node>
        <node>
           <name>MP_AM230_Launch_40ft_INDEX_1</name>
           <model>usa\misc\AM230\AM230.model</model>
        </node>
        <node>
           <name>MP_AM216_Hatch_INDEX_2</name>
           <model>usa\misc\AM216\AM216.model</model>
        </node>
        <node>
           <name>MP_AM219_Bollard_INDEX_4</name>
           <model>usa\misc\AM219\AM219.model</model>
        </node>
        <node>
           <name>MP_AM218_Hatch_INDEX_1</name>
           <model>usa\misc\AM218\AM218.model</model>
        </node>
        <node>
           <name>MP_AM203_Crane_Deck_INDEX_1</name>
           <model>usa\misc\AM203\AM203.model</model>
        </node>
        <node>
           <name>MP_AM025_Pelorus_Mk7_INDEX_3</name>
           <model>usa\misc\AM025\AM025.model</model>
        </node>
        <node>
           <name>MP_CM011_Fire_Fighting_Gear_INDEX_3</name>
           <model>common\misc\CM011\CM011.model</model>
        </node>
        <node>
           <name>MP_AM214_Ventilation_INDEX_1</name>
           <model>usa\misc\AM214\AM214.model</model>
        </node>
        <node>
           <name>MP_AM549_Life_Buoy_INDEX_3</name>
           <model>usa\misc\AM549\AM549.model</model>
        </node>
        <node>
           <name>MP_AM018_Compass_Binnacle</name>
           <model>usa\misc\AM018\AM018.model</model>
        </node>
        <node>
           <name>MP_AM525_Rev_Ind_INDEX_1</name>
           <model>usa\misc\AM525\AM525.model</model>
        </node>
        <node>
           <name>MP_AM248_Ammunition_Box_INDEX_1</name>
           <model>usa\misc\AM248\AM248.model</model>
        </node>
        <node>
           <name>MP_AM220_Fairlead_INDEX_9</name>
           <model>usa\misc\AM220\AM220.model</model>
        </node>
        <node>
           <name>MP_CM007_Boat_Stowage_1_INDEX_11</name>
           <model>common\misc\CM007\CM007.model</model>
        </node>
        <node>
           <name>MP_AM248_Ammunition_Box_INDEX_2</name>
           <model>usa\misc\AM248\AM248.model</model>
        </node>
        <node>
           <name>MP_AM445_Switch_box_2</name>
           <model>usa\misc\AM445\AM445.model</model>
        </node>
        <node>
           <name>MP_CM060_Flag_Box_INDEX_1</name>
           <model>common\misc\CM060\CM060.model</model>
        </node>
        <node>
           <name>MP_AM217_Hatch_INDEX_1</name>
           <model>usa\misc\AM217\AM217.model</model>
        </node>
        <node>
           <name>MP_AM077_Paravane_INDEX_1</name>
           <model>usa\misc\AM077\AM077.model</model>
        </node>
        <node>
           <name>MP_AM216_Hatch_INDEX_3</name>
           <model>usa\misc\AM216\AM216.model</model>
        </node>
        <node>
           <name>MP_CM007_Boat_Stowage_1_INDEX_12</name>
           <model>common\misc\CM007\CM007.model</model>
        </node>
        <node>
           <name>MP_AM248_Ammunition_Box_INDEX_3</name>
           <model>usa\misc\AM248\AM248.model</model>
        </node>
        <node>
           <name>MP_AM071_Signal_Lamp_2_INDEX_1</name>
           <model>usa\misc\AM071\AM071.model</model>
        </node>
        <node>
           <name>MP_AM219_Bollard_INDEX_5</name>
           <model>usa\misc\AM219\AM219.model</model>
        </node>
        <node>
           <name>MP_CM007_Boat_Stowage_1_INDEX_13</name>
           <model>common\misc\CM007\CM007.model</model>
        </node>
        <node>
           <name>HP_Smoke_1</name>
           <model>UNKNOWN_ITEM</model>
        </node>
        <node>
           <name>HP_NoseWave_Speed</name>
           <model>UNKNOWN_ITEM</model>
        </node>
        <node>
           <name>HP_Fire_Burn_2</name>
           <model>UNKNOWN_ITEM</model>
        </node>
    </midfront>
    <midback>
      <model>usa\ship\battleship\ASB009_New_Mexico_1918\ASB009_New_Mexico_1918_MidBack_ports.model</model>
        <node>
           <name>HP_AD_6</name>
           <model>usa\director\AD055_Director_Mk11\AD055_Director_Mk11.model</model>
        </node>
        <node>
           <name>HP_AGA_3</name>
           <model>usa\gun\aaircraft\AGA104_3in50_Mk10\AGA104_3in50_Mk10.model</model>
        </node>
        <node>
           <name>HP_AGA_4</name>
           <model>usa\gun\aaircraft\AGA104_3in50_Mk10\AGA104_3in50_Mk10.model</model>
        </node>
        <node>
           <name>HP_AGM_3</name>
           <model>usa\gun\main\AGM033_14in50_3Gun_Turret\AGM033_14in50_3Gun_Turret.model</model>
        </node>
        <node>
           <name>HP_AGS_11</name>
           <model>usa\gun\secondary\AGS029_5in51_Mk_7\AGS029_5in51_Mk_7.model</model>
        </node>
        <node>
           <name>HP_AGS_12</name>
           <model>usa\gun\secondary\AGS029_5in51_Mk_7\AGS029_5in51_Mk_7.model</model>
        </node>
        <node>
           <name>HP_AGS_13</name>
           <model>usa\gun\secondary\AGS029_5in51_Mk_7\AGS029_5in51_Mk_7.model</model>
        </node>
        <node>
           <name>HP_AGS_14</name>
           <model>usa\gun\secondary\AGS029_5in51_Mk_7\AGS029_5in51_Mk_7.model</model>
        </node>
        <node>
           <name>MP_CM079_Fender</name>
           <model>common\misc\CM079\CM079.model</model>
        </node>
        <node>
           <name>MP_AM071_Signal_Lamp_2</name>
           <model>usa\misc\AM071\AM071.model</model>
        </node>
        <node>
           <name>MP_CM011_Fire_Fighting_Gear</name>
           <model>common\misc\CM011\CM011.model</model>
        </node>
        <node>
           <name>MP_AM071_Signal_Lamp_2_INDEX_1</name>
           <model>usa\misc\AM071\AM071.model</model>
        </node>
        <node>
           <name>MP_AM248_Ammunition_Box</name>
           <model>usa\misc\AM248\AM248.model</model>
        </node>
        <node>
           <name>MP_AM225_Searchlight_900mm</name>
           <model>usa\misc\AM225\AM225.model</model>
        </node>
        <node>
           <name>MP_AM220_Fairlead</name>
           <model>usa\misc\AM220\AM220.model</model>
        </node>
        <node>
           <name>MP_AM225_Searchlight_900mm_INDEX_1</name>
           <model>usa\misc\AM225\AM225.model</model>
        </node>
        <node>
           <name>MP_CM011_Fire_Fighting_Gear_INDEX_1</name>
           <model>common\misc\CM011\CM011.model</model>
        </node>
        <node>
           <name>MP_AM064_Wind_Intensity</name>
           <model>usa\misc\AM064\AM064.model</model>
        </node>
        <node>
           <name>MP_AM036_Range_Concentration_Dia</name>
           <model>usa\misc\AM036\AM036.model</model>
        </node>
        <node>
           <name>MP_CM030_Swab_Rack_2</name>
           <model>common\misc\CM030\CM030.model</model>
        </node>
        <node>
           <name>MP_AM219_Bollard</name>
           <model>usa\misc\AM219\AM219.model</model>
        </node>
        <node>
           <name>MP_AM211_Ventilation</name>
           <model>usa\misc\AM211\AM211.model</model>
        </node>
        <node>
           <name>MP_AM220_Fairlead_INDEX_1</name>
           <model>usa\misc\AM220\AM220.model</model>
        </node>
        <node>
           <name>MP_CM011_Fire_Fighting_Gear_INDEX_2</name>
           <model>common\misc\CM011\CM011.model</model>
        </node>
        <node>
           <name>MP_AM220_Fairlead_INDEX_2</name>
           <model>usa\misc\AM220\AM220.model</model>
        </node>
        <node>
           <name>MP_AM220_Fairlead_INDEX_3</name>
           <model>usa\misc\AM220\AM220.model</model>
        </node>
        <node>
           <name>MP_AM549_Life_Buoy</name>
           <model>usa\misc\AM549\AM549.model</model>
        </node>
        <node>
           <name>MP_CM029_Emergency_Box</name>
           <model>common\misc\CM029\CM029.model</model>
        </node>
        <node>
           <name>MP_CM060_Flag_Box</name>
           <model>common\misc\CM060\CM060.model</model>
        </node>
        <node>
           <name>MP_AM300_Boat_Winch</name>
           <model>usa\misc\AM300\AM300.model</model>
        </node>
        <node>
           <name>MP_AM071_Signal_Lamp_2_INDEX_2</name>
           <model>usa\misc\AM071\AM071.model</model>
        </node>
        <node>
           <name>MP_AM211_Ventilation_INDEX_1</name>
           <model>usa\misc\AM211\AM211.model</model>
        </node>
        <node>
           <name>MP_AM228_Motor_boat_35ft</name>
           <model>usa\misc\AM228\AM228.model</model>
        </node>
        <node>
           <name>MP_CM013_Fire_Hose_Rack_2</name>
           <model>common\misc\CM013\CM013.model</model>
        </node>
        <node>
           <name>MP_CM011_Fire_Fighting_Gear_INDEX_3</name>
           <model>common\misc\CM011\CM011.model</model>
        </node>
        <node>
           <name>MP_AM228_Motor_boat_35ft_INDEX_1</name>
           <model>usa\misc\AM228\AM228.model</model>
        </node>
        <node>
           <name>MP_AM219_Bollard_INDEX_1</name>
           <model>usa\misc\AM219\AM219.model</model>
        </node>
        <node>
           <name>MP_AM219_Bollard_INDEX_2</name>
           <model>usa\misc\AM219\AM219.model</model>
        </node>
        <node>
           <name>MP_AM210_Ventilation</name>
           <model>usa\misc\AM210\AM210.model</model>
        </node>
        <node>
           <name>MP_AM300_Boat_Winch_INDEX_1</name>
           <model>usa\misc\AM300\AM300.model</model>
        </node>
        <node>
           <name>MP_AM071_Signal_Lamp_2_INDEX_3</name>
           <model>usa\misc\AM071\AM071.model</model>
        </node>
        <node>
           <name>MP_AM228_Motor_boat_35ft_INDEX_2</name>
           <model>usa\misc\AM228\AM228.model</model>
        </node>
        <node>
           <name>MP_CM035_Accommodation_Ladder_Closed_L</name>
           <model>common\misc\CM035\CM035.model</model>
        </node>
        <node>
           <name>MP_CM079_Fender_INDEX_1</name>
           <model>common\misc\CM079\CM079.model</model>
        </node>
        <node>
           <name>MP_CM060_Flag_Box_INDEX_1</name>
           <model>common\misc\CM060\CM060.model</model>
        </node>
        <node>
           <name>MP_AM092_Sail_whaleboat_28ft</name>
           <model>usa\misc\AM092\AM092.model</model>
        </node>
        <node>
           <name>MP_AM210_Ventilation_INDEX_1</name>
           <model>usa\misc\AM210\AM210.model</model>
        </node>
        <node>
           <name>MP_AM225_Searchlight_900mm_INDEX_2</name>
           <model>usa\misc\AM225\AM225.model</model>
        </node>
        <node>
           <name>MP_AM220_Fairlead_INDEX_4</name>
           <model>usa\misc\AM220\AM220.model</model>
        </node>
        <node>
           <name>MP_AM092_Sail_whaleboat_28ft_INDEX_1</name>
           <model>usa\misc\AM092\AM092.model</model>
        </node>
        <node>
           <name>MP_CM010_Fire_Hose_Reel</name>
           <model>common\misc\CM010\CM010.model</model>
        </node>
        <node>
           <name>MP_AM071_Signal_Lamp_2_INDEX_4</name>
           <model>usa\misc\AM071\AM071.model</model>
        </node>
        <node>
           <name>MP_CM011_Fire_Fighting_Gear_INDEX_4</name>
           <model>common\misc\CM011\CM011.model</model>
        </node>
        <node>
           <name>MP_CM023_Accommodation_Ladder_Closed</name>
           <model>common\misc\CM023\CM023.model</model>
        </node>
        <node>
           <name>MP_AM220_Fairlead_INDEX_5</name>
           <model>usa\misc\AM220\AM220.model</model>
        </node>
        <node>
           <name>MP_AM220_Fairlead_INDEX_6</name>
           <model>usa\misc\AM220\AM220.model</model>
        </node>
        <node>
           <name>MP_AM055_Boat_1</name>
           <model>usa\misc\AM055\AM055.model</model>
        </node>
        <node>
           <name>MP_AM219_Bollard_INDEX_3</name>
           <model>usa\misc\AM219\AM219.model</model>
        </node>
        <node>
           <name>MP_CM013_Fire_Hose_Rack_2_INDEX_1</name>
           <model>common\misc\CM013\CM013.model</model>
        </node>
        <node>
           <name>MP_AM228_Motor_boat_35ft_INDEX_3</name>
           <model>usa\misc\AM228\AM228.model</model>
        </node>
        <node>
           <name>MP_AM055_Boat_1_INDEX_1</name>
           <model>usa\misc\AM055\AM055.model</model>
        </node>
        <node>
           <name>MP_AM220_Fairlead_INDEX_7</name>
           <model>usa\misc\AM220\AM220.model</model>
        </node>
        <node>
           <name>MP_CM013_Fire_Hose_Rack_2_INDEX_2</name>
           <model>common\misc\CM013\CM013.model</model>
        </node>
        <node>
           <name>MP_AM213_Ventilation</name>
           <model>usa\misc\AM213\AM213.model</model>
        </node>
        <node>
           <name>MP_AM071_Signal_Lamp_2_INDEX_5</name>
           <model>usa\misc\AM071\AM071.model</model>
        </node>
        <node>
           <name>MP_AM220_Fairlead_INDEX_8</name>
           <model>usa\misc\AM220\AM220.model</model>
        </node>
        <node>
           <name>MP_CM013_Fire_Hose_Rack_2_INDEX_3</name>
           <model>common\misc\CM013\CM013.model</model>
        </node>
        <node>
           <name>MP_CM011_Fire_Fighting_Gear_INDEX_5</name>
           <model>common\misc\CM011\CM011.model</model>
        </node>
        <node>
           <name>MP_AM248_Ammunition_Box_INDEX_1</name>
           <model>usa\misc\AM248\AM248.model</model>
        </node>
        <node>
           <name>MP_CM030_Swab_Rack_2_INDEX_1</name>
           <model>common\misc\CM030\CM030.model</model>
        </node>
        <node>
           <name>MP_AM225_Searchlight_900mm_INDEX_3</name>
           <model>usa\misc\AM225\AM225.model</model>
        </node>
        <node>
           <name>MP_AM213_Ventilation_INDEX_1</name>
           <model>usa\misc\AM213\AM213.model</model>
        </node>
        <node>
           <name>MP_AM210_Ventilation_INDEX_2</name>
           <model>usa\misc\AM210\AM210.model</model>
        </node>
        <node>
           <name>MP_CM004_Barbette_Out</name>
           <model>common\misc\CM004\CM004.model</model>
        </node>
        <node>
           <name>MP_AM220_Fairlead_INDEX_9</name>
           <model>usa\misc\AM220\AM220.model</model>
        </node>
        <node>
           <name>MP_AM549_Life_Buoy_INDEX_1</name>
           <model>usa\misc\AM549\AM549.model</model>
        </node>
        <node>
           <name>MP_CM010_Fire_Hose_Reel_INDEX_1</name>
           <model>common\misc\CM010\CM010.model</model>
        </node>
        <node>
           <name>HP_flag_nation</name>
           <model>usa\misc\AM032\AM032.model</model>
        </node>
        <node>
           <name>HP_Fire_Burn_3</name>
           <model>UNKNOWN_ITEM</model>
        </node>
    </midback>
    <stern>
      <model>usa\ship\battleship\ASB009_New_Mexico_1918\ASB009_New_Mexico_1918_Stern_ports.model</model>
        <node>
           <name>HP_AGM_4</name>
           <model>usa\gun\main\AGM033_14in50_3Gun_Turret\AGM033_14in50_3Gun_Turret.model</model>
        </node>
        <node>
           <name>MP_AM218_Hatch</name>
           <model>usa\misc\AM218\AM218.model</model>
        </node>
        <node>
           <name>MP_CM001_Propeller3_L</name>
           <model>common\misc\CM001\CM001.model</model>
        </node>
        <node>
           <name>MP_AM215_Hatch</name>
           <model>usa\misc\AM215\AM215.model</model>
        </node>
        <node>
           <name>MP_AM218_Hatch_INDEX_1</name>
           <model>usa\misc\AM218\AM218.model</model>
        </node>
        <node>
           <name>MP_AM215_Hatch_INDEX_1</name>
           <model>usa\misc\AM215\AM215.model</model>
        </node>
        <node>
           <name>MP_AM220_Fairlead</name>
           <model>usa\misc\AM220\AM220.model</model>
        </node>
        <node>
           <name>MP_AM220_Fairlead_INDEX_1</name>
           <model>usa\misc\AM220\AM220.model</model>
        </node>
        <node>
           <name>MP_AM214_Ventilation</name>
           <model>usa\misc\AM214\AM214.model</model>
        </node>
        <node>
           <name>MP_AM046_Running_Lights_B</name>
           <model>usa\misc\AM046\AM046.model</model>
        </node>
        <node>
           <name>MP_AM220_Fairlead_INDEX_2</name>
           <model>usa\misc\AM220\AM220.model</model>
        </node>
        <node>
           <name>MP_CM004_Barbette_Out</name>
           <model>common\misc\CM004\CM004.model</model>
        </node>
        <node>
           <name>MP_AM219_Bollard</name>
           <model>usa\misc\AM219\AM219.model</model>
        </node>
        <node>
           <name>MP_AM218_Hatch_INDEX_2</name>
           <model>usa\misc\AM218\AM218.model</model>
        </node>
        <node>
           <name>MP_AM549_Life_Buoy</name>
           <model>usa\misc\AM549\AM549.model</model>
        </node>
        <node>
           <name>MP_AM219_Bollard_INDEX_1</name>
           <model>usa\misc\AM219\AM219.model</model>
        </node>
        <node>
           <name>MP_AM219_Bollard_INDEX_2</name>
           <model>usa\misc\AM219\AM219.model</model>
        </node>
        <node>
           <name>MP_AM549_Life_Buoy_INDEX_1</name>
           <model>usa\misc\AM549\AM549.model</model>
        </node>
        <node>
           <name>MP_AM214_Ventilation_INDEX_1</name>
           <model>usa\misc\AM214\AM214.model</model>
        </node>
        <node>
           <name>MP_CM032_Propeller3_R</name>
           <model>common\misc\CM032\CM032.model</model>
        </node>
        <node>
           <name>MP_AM220_Fairlead_INDEX_3</name>
           <model>usa\misc\AM220\AM220.model</model>
        </node>
        <node>
           <name>MP_AM218_Hatch_INDEX_3</name>
           <model>usa\misc\AM218\AM218.model</model>
        </node>
        <node>
           <name>MP_CM032_Propeller3_R_INDEX_1</name>
           <model>common\misc\CM032\CM032.model</model>
        </node>
        <node>
           <name>MP_CM001_Propeller3_L_INDEX_1</name>
           <model>common\misc\CM001\CM001.model</model>
        </node>
        <node>
           <name>MP_AM219_Bollard_INDEX_3</name>
           <model>usa\misc\AM219\AM219.model</model>
        </node>
        <node>
           <name>HP_Fire_Burn_4</name>
           <model>UNKNOWN_ITEM</model>
        </node>
    </stern>
  </sections>
</ASB009_New_Mexico_1918.xml>
