<ASB027_Iowa_1943.xml>
  <sections>
    <bow>
      <model>usa\ship\battleship\ASB027_Iowa_1943\ASB027_Iowa_1943_bow_ports.model</model>
        <node>
           <name>HP_AGM_1</name>
           <model>usa\gun\main\AGM034_16in50_Mk7\AGM034_16in50_Mk7.model</model>
        </node>
        <node>
           <name>MP_AM004_Fairlead_2</name>
           <model>usa\misc\AM004\AM004.model</model>
        </node>
        <node>
           <name>MP_AM004_Fairlead_2_INDEX_1</name>
           <model>usa\misc\AM004\AM004.model</model>
        </node>
        <node>
           <name>MP_AM004_Fairlead_2_INDEX_2</name>
           <model>usa\misc\AM004\AM004.model</model>
        </node>
        <node>
           <name>MP_AM004_Fairlead_2_INDEX_3</name>
           <model>usa\misc\AM004\AM004.model</model>
        </node>
        <node>
           <name>MP_AM004_Fairlead_2_INDEX_4</name>
           <model>usa\misc\AM004\AM004.model</model>
        </node>
        <node>
           <name>MP_AM004_Fairlead_2_INDEX_5</name>
           <model>usa\misc\AM004\AM004.model</model>
        </node>
        <node>
           <name>MP_AM004_Fairlead_2_INDEX_6</name>
           <model>usa\misc\AM004\AM004.model</model>
        </node>
        <node>
           <name>MP_AM001_Bollard_2</name>
           <model>usa\misc\AM001\AM001.model</model>
        </node>
        <node>
           <name>MP_AM001_Bollard_2_INDEX_1</name>
           <model>usa\misc\AM001\AM001.model</model>
        </node>
        <node>
           <name>MP_AM001_Bollard_2_INDEX_2</name>
           <model>usa\misc\AM001\AM001.model</model>
        </node>
        <node>
           <name>MP_AM001_Bollard_2_INDEX_3</name>
           <model>usa\misc\AM001\AM001.model</model>
        </node>
        <node>
           <name>MP_AM001_Bollard_2_INDEX_4</name>
           <model>usa\misc\AM001\AM001.model</model>
        </node>
        <node>
           <name>MP_AM001_Bollard_2_INDEX_5</name>
           <model>usa\misc\AM001\AM001.model</model>
        </node>
        <node>
           <name>MP_AM026_Break_Handwheel_1</name>
           <model>usa\misc\AM026\AM026.model</model>
        </node>
        <node>
           <name>MP_AM026_Break_Handwheel_1_INDEX_1</name>
           <model>usa\misc\AM026\AM026.model</model>
        </node>
        <node>
           <name>MP_AM026_Break_Handwheel_1_INDEX_2</name>
           <model>usa\misc\AM026\AM026.model</model>
        </node>
        <node>
           <name>MP_AM026_Break_Handwheel_1_INDEX_3</name>
           <model>usa\misc\AM026\AM026.model</model>
        </node>
        <node>
           <name>MP_AM023_Hatch_1</name>
           <model>usa\misc\AM023\AM023.model</model>
        </node>
        <node>
           <name>MP_AM024_Hatch_2</name>
           <model>usa\misc\AM024\AM024.model</model>
        </node>
        <node>
           <name>MP_AM024_Hatch_2_INDEX_1</name>
           <model>usa\misc\AM024\AM024.model</model>
        </node>
        <node>
           <name>MP_AM023_Hatch_1_INDEX_1</name>
           <model>usa\misc\AM023\AM023.model</model>
        </node>
        <node>
           <name>MP_AM088_Capstan_1</name>
           <model>usa\misc\AM088\AM088.model</model>
        </node>
        <node>
           <name>MP_AM088_Capstan_1_INDEX_1</name>
           <model>usa\misc\AM088\AM088.model</model>
        </node>
        <node>
           <name>MP_AM021_Ventilators_3</name>
           <model>usa\misc\AM021\AM021.model</model>
        </node>
        <node>
           <name>MP_AM020_Ventilators_2</name>
           <model>usa\misc\AM020\AM020.model</model>
        </node>
        <node>
           <name>MP_AM019_Ventilators_1</name>
           <model>usa\misc\AM019\AM019.model</model>
        </node>
        <node>
           <name>MP_AM019_Ventilators_1_INDEX_1</name>
           <model>usa\misc\AM019\AM019.model</model>
        </node>
        <node>
           <name>MP_AM029_Ammunition_Box3</name>
           <model>usa\misc\AM029\AM029.model</model>
        </node>
        <node>
           <name>MP_AM029_Ammunition_Box3_INDEX_1</name>
           <model>usa\misc\AM029\AM029.model</model>
        </node>
        <node>
           <name>MP_AM031_Ammunition_Box5</name>
           <model>usa\misc\AM031\AM031.model</model>
        </node>
        <node>
           <name>MP_AM031_Ammunition_Box5_INDEX_1</name>
           <model>usa\misc\AM031\AM031.model</model>
        </node>
        <node>
           <name>MP_AM077_Paravane</name>
           <model>usa\misc\AM077\AM077.model</model>
        </node>
        <node>
           <name>MP_AM023_Hatch_1_INDEX_2</name>
           <model>usa\misc\AM023\AM023.model</model>
        </node>
        <node>
           <name>MP_AM023_Hatch_1_INDEX_3</name>
           <model>usa\misc\AM023\AM023.model</model>
        </node>
        <node>
           <name>MP_AM023_Hatch_1_INDEX_4</name>
           <model>usa\misc\AM023\AM023.model</model>
        </node>
        <node>
           <name>MP_AM077_Paravane_INDEX_1</name>
           <model>usa\misc\AM077\AM077.model</model>
        </node>
        <node>
           <name>MP_AM022_Ventilators_4</name>
           <model>usa\misc\AM022\AM022.model</model>
        </node>
        <node>
           <name>MP_CM012_Fire_Hose_Rack_1</name>
           <model>common\misc\CM012\CM012.model</model>
        </node>
        <node>
           <name>MP_CM013_Fire_Hose_Rack_2</name>
           <model>common\misc\CM013\CM013.model</model>
        </node>
        <node>
           <name>MP_CM013_Fire_Hose_Rack_2_INDEX_1</name>
           <model>common\misc\CM013\CM013.model</model>
        </node>
        <node>
           <name>MP_CM006_Anchor_2</name>
           <model>common\misc\CM006\CM006.model</model>
        </node>
        <node>
           <name>MP_CM011_Fire_Fighting_Gear</name>
           <model>common\misc\CM011\CM011.model</model>
        </node>
        <node>
           <name>MP_AM004_Fairlead_2_INDEX_7</name>
           <model>usa\misc\AM004\AM004.model</model>
        </node>
        <node>
           <name>MP_CM006_Anchor_2_INDEX_1</name>
           <model>common\misc\CM006\CM006.model</model>
        </node>
        <node>
           <name>MP_CM004_Barbette_Out</name>
           <model>common\misc\CM004\CM004.model</model>
        </node>
        <node>
           <name>MP_AM002_Fairlead_3</name>
           <model>usa\misc\AM002\AM002.model</model>
        </node>
        <node>
           <name>MP_AM002_Fairlead_3_INDEX_1</name>
           <model>usa\misc\AM002\AM002.model</model>
        </node>
        <node>
           <name>MP_AM071_Signal_Lamp_2</name>
           <model>usa\misc\AM071\AM071.model</model>
        </node>
        <node>
           <name>MP_AM108_Reels_4</name>
           <model>usa\misc\AM108\AM108.model</model>
        </node>
        <node>
           <name>MP_AM108_Reels_4_INDEX_1</name>
           <model>usa\misc\AM108\AM108.model</model>
        </node>
        <node>
           <name>MP_AM108_Reels_4_INDEX_2</name>
           <model>usa\misc\AM108\AM108.model</model>
        </node>
        <node>
           <name>MP_AM108_Reels_4_INDEX_3</name>
           <model>usa\misc\AM108\AM108.model</model>
        </node>
        <node>
           <name>MP_AM590_Anchor_Chain_Jack</name>
           <model>usa\misc\AM590\AM590.model</model>
        </node>
        <node>
           <name>MP_AM590_Anchor_Chain_Jack_INDEX_1</name>
           <model>usa\misc\AM590\AM590.model</model>
        </node>
        <node>
           <name>MP_CM011_Fire_Fighting_Gear_INDEX_1</name>
           <model>common\misc\CM011\CM011.model</model>
        </node>
        <node>
           <name>MP_CM011_Fire_Fighting_Gear_INDEX_2</name>
           <model>common\misc\CM011\CM011.model</model>
        </node>
        <node>
           <name>HP_Fire_Burn_1</name>
           <model>UNKNOWN_ITEM</model>
        </node>
    </bow>
    <midfront>
      <model>usa\ship\battleship\ASB027_Iowa_1943\ASB027_Iowa_1943_MidFront_ports.model</model>
        <node>
           <name>HP_AD_1</name>
           <model>usa\director\AD003_Director_Mk51\AD003_Director_Mk51.model</model>
        </node>
        <node>
           <name>HP_AD_2</name>
           <model>usa\director\AD003_Director_Mk51\AD003_Director_Mk51.model</model>
        </node>
        <node>
           <name>HP_AD_3</name>
           <model>usa\director\AD003_Director_Mk51\AD003_Director_Mk51.model</model>
        </node>
        <node>
           <name>HP_AD_4</name>
           <model>usa\director\AD003_Director_Mk51\AD003_Director_Mk51.model</model>
        </node>
        <node>
           <name>HP_AD_5</name>
           <model>usa\director\AD001_Director_Mk37\AD001_Director_Mk37.model</model>
        </node>
        <node>
           <name>HP_AD_6</name>
           <model>usa\director\AD018_Director_Mk38\AD018_Director_Mk38.model</model>
        </node>
        <node>
           <name>HP_AD_7</name>
           <model>usa\director\AD003_Director_Mk51\AD003_Director_Mk51.model</model>
        </node>
        <node>
           <name>HP_AD_8</name>
           <model>usa\director\AD003_Director_Mk51\AD003_Director_Mk51.model</model>
        </node>
        <node>
           <name>HP_AD_9</name>
           <model>usa\director\AD003_Director_Mk51\AD003_Director_Mk51.model</model>
        </node>
        <node>
           <name>HP_AD_10</name>
           <model>usa\director\AD003_Director_Mk51\AD003_Director_Mk51.model</model>
        </node>
        <node>
           <name>HP_AD_11</name>
           <model>usa\director\AD001_Director_Mk37\AD001_Director_Mk37.model</model>
        </node>
        <node>
           <name>HP_AD_12</name>
           <model>usa\director\AD001_Director_Mk37\AD001_Director_Mk37.model</model>
        </node>
        <node>
           <name>HP_AF_1</name>
           <model>usa\finder\AF029_Periscope_1\AF029_Periscope_1.model</model>
        </node>
        <node>
           <name>HP_AF_2</name>
           <model>usa\finder\AF029_Periscope_1\AF029_Periscope_1.model</model>
        </node>
        <node>
           <name>HP_AF_3</name>
           <model>usa\finder\AF029_Periscope_1\AF029_Periscope_1.model</model>
        </node>
        <node>
           <name>HP_AF_4</name>
           <model>usa\finder\AF029_Periscope_1\AF029_Periscope_1.model</model>
        </node>
        <node>
           <name>HP_AGA_1</name>
           <model>usa\gun\aaircraft\AGA003_20mm_Oerlikon_MK4\AGA003_20mm_Oerlikon_MK4.model</model>
        </node>
        <node>
           <name>HP_AGA_2</name>
           <model>usa\gun\aaircraft\AGA003_20mm_Oerlikon_MK4\AGA003_20mm_Oerlikon_MK4.model</model>
        </node>
        <node>
           <name>HP_AGA_3</name>
           <model>usa\gun\aaircraft\AGA003_20mm_Oerlikon_MK4\AGA003_20mm_Oerlikon_MK4.model</model>
        </node>
        <node>
           <name>HP_AGA_4</name>
           <model>usa\gun\aaircraft\AGA003_20mm_Oerlikon_MK4\AGA003_20mm_Oerlikon_MK4.model</model>
        </node>
        <node>
           <name>HP_AGA_5</name>
           <model>usa\gun\aaircraft\AGA003_20mm_Oerlikon_MK4\AGA003_20mm_Oerlikon_MK4.model</model>
        </node>
        <node>
           <name>HP_AGA_6</name>
           <model>usa\gun\aaircraft\AGA003_20mm_Oerlikon_MK4\AGA003_20mm_Oerlikon_MK4.model</model>
        </node>
        <node>
           <name>HP_AGA_7</name>
           <model>usa\gun\aaircraft\AGA002_40mm_Bofors_Mk1\AGA002_40mm_Bofors_Mk1.model</model>
        </node>
        <node>
           <name>HP_AGA_8</name>
           <model>usa\gun\aaircraft\AGA002_40mm_Bofors_Mk1\AGA002_40mm_Bofors_Mk1.model</model>
        </node>
        <node>
           <name>HP_AGA_9</name>
           <model>usa\gun\aaircraft\AGA003_20mm_Oerlikon_MK4\AGA003_20mm_Oerlikon_MK4.model</model>
        </node>
        <node>
           <name>HP_AGA_10</name>
           <model>usa\gun\aaircraft\AGA003_20mm_Oerlikon_MK4\AGA003_20mm_Oerlikon_MK4.model</model>
        </node>
        <node>
           <name>HP_AGA_11</name>
           <model>usa\gun\aaircraft\AGA002_40mm_Bofors_Mk1\AGA002_40mm_Bofors_Mk1.model</model>
        </node>
        <node>
           <name>HP_AGA_12</name>
           <model>usa\gun\aaircraft\AGA002_40mm_Bofors_Mk1\AGA002_40mm_Bofors_Mk1.model</model>
        </node>
        <node>
           <name>HP_AGA_13</name>
           <model>usa\gun\aaircraft\AGA003_20mm_Oerlikon_MK4\AGA003_20mm_Oerlikon_MK4.model</model>
        </node>
        <node>
           <name>HP_AGA_14</name>
           <model>usa\gun\aaircraft\AGA003_20mm_Oerlikon_MK4\AGA003_20mm_Oerlikon_MK4.model</model>
        </node>
        <node>
           <name>HP_AGA_15</name>
           <model>usa\gun\aaircraft\AGA003_20mm_Oerlikon_MK4\AGA003_20mm_Oerlikon_MK4.model</model>
        </node>
        <node>
           <name>HP_AGA_16</name>
           <model>usa\gun\aaircraft\AGA003_20mm_Oerlikon_MK4\AGA003_20mm_Oerlikon_MK4.model</model>
        </node>
        <node>
           <name>HP_AGM_2</name>
           <model>usa\gun\main\AGM034_16in50_Mk7\AGM034_16in50_Mk7.model</model>
        </node>
        <node>
           <name>HP_AGS_1</name>
           <model>usa\gun\secondary\AGS010_5in38_Mk32_Mod12\AGS010_5in38_Mk32_Mod12.model</model>
        </node>
        <node>
           <name>HP_AGS_2</name>
           <model>usa\gun\secondary\AGS010_5in38_Mk32_Mod12\AGS010_5in38_Mk32_Mod12.model</model>
        </node>
        <node>
           <name>HP_AGS_3</name>
           <model>usa\gun\secondary\AGS010_5in38_Mk32_Mod12\AGS010_5in38_Mk32_Mod12.model</model>
        </node>
        <node>
           <name>HP_AGS_4</name>
           <model>usa\gun\secondary\AGS010_5in38_Mk32_Mod12\AGS010_5in38_Mk32_Mod12.model</model>
        </node>
        <node>
           <name>HP_AGS_5</name>
           <model>usa\gun\secondary\AGS010_5in38_Mk32_Mod12\AGS010_5in38_Mk32_Mod12.model</model>
        </node>
        <node>
           <name>HP_AGS_6</name>
           <model>usa\gun\secondary\AGS010_5in38_Mk32_Mod12\AGS010_5in38_Mk32_Mod12.model</model>
        </node>
        <node>
           <name>HP_ARF_1</name>
           <model>usa\radar\fcontrol\ARF007_Radar_Mk3\ARF007_Radar_Mk3.model</model>
        </node>
        <node>
           <name>HP_ARS_1</name>
           <model>usa\radar\search\ARS004_Radar_SG\ARS004_Radar_SG.model</model>
        </node>
        <node>
           <name>HP_ARS_2</name>
           <model>usa\radar\search\ARS006_Radar_SK\ARS006_Radar_SK.model</model>
        </node>
        <node>
           <name>MP_AM004_Fairlead_2</name>
           <model>usa\misc\AM004\AM004.model</model>
        </node>
        <node>
           <name>MP_AM004_Fairlead_2_INDEX_1</name>
           <model>usa\misc\AM004\AM004.model</model>
        </node>
        <node>
           <name>MP_AM004_Fairlead_2_INDEX_2</name>
           <model>usa\misc\AM004\AM004.model</model>
        </node>
        <node>
           <name>MP_AM004_Fairlead_2_INDEX_3</name>
           <model>usa\misc\AM004\AM004.model</model>
        </node>
        <node>
           <name>MP_AM004_Fairlead_2_INDEX_4</name>
           <model>usa\misc\AM004\AM004.model</model>
        </node>
        <node>
           <name>MP_AM004_Fairlead_2_INDEX_5</name>
           <model>usa\misc\AM004\AM004.model</model>
        </node>
        <node>
           <name>MP_AM004_Fairlead_2_INDEX_6</name>
           <model>usa\misc\AM004\AM004.model</model>
        </node>
        <node>
           <name>MP_AM004_Fairlead_2_INDEX_7</name>
           <model>usa\misc\AM004\AM004.model</model>
        </node>
        <node>
           <name>MP_AM001_Bollard_2</name>
           <model>usa\misc\AM001\AM001.model</model>
        </node>
        <node>
           <name>MP_AM001_Bollard_2_INDEX_1</name>
           <model>usa\misc\AM001\AM001.model</model>
        </node>
        <node>
           <name>MP_AM019_Ventilators_1</name>
           <model>usa\misc\AM019\AM019.model</model>
        </node>
        <node>
           <name>MP_AM020_Ventilators_2</name>
           <model>usa\misc\AM020\AM020.model</model>
        </node>
        <node>
           <name>MP_AM056_Boat_2</name>
           <model>usa\misc\AM056\AM056.model</model>
        </node>
        <node>
           <name>MP_AM022_Ventilators_4</name>
           <model>usa\misc\AM022\AM022.model</model>
        </node>
        <node>
           <name>MP_AM056_Boat_2_INDEX_1</name>
           <model>usa\misc\AM056\AM056.model</model>
        </node>
        <node>
           <name>MP_AM056_Boat_2_INDEX_2</name>
           <model>usa\misc\AM056\AM056.model</model>
        </node>
        <node>
           <name>MP_AM170_Flag_Box_2</name>
           <model>usa\misc\AM170\AM170.model</model>
        </node>
        <node>
           <name>MP_AM170_Flag_Box_2_INDEX_1</name>
           <model>usa\misc\AM170\AM170.model</model>
        </node>
        <node>
           <name>MP_AM098_Siren</name>
           <model>usa\misc\AM098\AM098.model</model>
        </node>
        <node>
           <name>MP_CM012_Fire_Hose_Rack_1</name>
           <model>common\misc\CM012\CM012.model</model>
        </node>
        <node>
           <name>MP_CM012_Fire_Hose_Rack_1_INDEX_1</name>
           <model>common\misc\CM012\CM012.model</model>
        </node>
        <node>
           <name>MP_CM012_Fire_Hose_Rack_1_INDEX_2</name>
           <model>common\misc\CM012\CM012.model</model>
        </node>
        <node>
           <name>MP_CM012_Fire_Hose_Rack_1_INDEX_3</name>
           <model>common\misc\CM012\CM012.model</model>
        </node>
        <node>
           <name>MP_AM028_Ammunition_Box2</name>
           <model>usa\misc\AM028\AM028.model</model>
        </node>
        <node>
           <name>MP_AM028_Ammunition_Box2_INDEX_1</name>
           <model>usa\misc\AM028\AM028.model</model>
        </node>
        <node>
           <name>MP_AM080_Whips_Antenna</name>
           <model>usa\misc\AM080\AM080.model</model>
        </node>
        <node>
           <name>MP_AM080_Whips_Antenna_INDEX_1</name>
           <model>usa\misc\AM080\AM080.model</model>
        </node>
        <node>
           <name>MP_AM080_Whips_Antenna_INDEX_2</name>
           <model>usa\misc\AM080\AM080.model</model>
        </node>
        <node>
           <name>MP_AM047_Running_Lights_R</name>
           <model>usa\misc\AM047\AM047.model</model>
        </node>
        <node>
           <name>MP_AM048_Running_Lights_L</name>
           <model>usa\misc\AM048\AM048.model</model>
        </node>
        <node>
           <name>MP_AM045_Running_Lights_F</name>
           <model>usa\misc\AM045\AM045.model</model>
        </node>
        <node>
           <name>MP_AM072_Ships_bell</name>
           <model>usa\misc\AM072\AM072.model</model>
        </node>
        <node>
           <name>MP_AM137_Boat_11</name>
           <model>usa\misc\AM137\AM137.model</model>
        </node>
        <node>
           <name>MP_AM050_Fightin_Light</name>
           <model>usa\misc\AM050\AM050.model</model>
        </node>
        <node>
           <name>MP_AM137_Boat_11_INDEX_1</name>
           <model>usa\misc\AM137\AM137.model</model>
        </node>
        <node>
           <name>MP_AM050_Fightin_Light_INDEX_1</name>
           <model>usa\misc\AM050\AM050.model</model>
        </node>
        <node>
           <name>MP_AM050_Fightin_Light_INDEX_2</name>
           <model>usa\misc\AM050\AM050.model</model>
        </node>
        <node>
           <name>MP_AM050_Fightin_Light_INDEX_3</name>
           <model>usa\misc\AM050\AM050.model</model>
        </node>
        <node>
           <name>MP_AM037_Searchlight_900mm</name>
           <model>usa\misc\AM037\AM037.model</model>
        </node>
        <node>
           <name>MP_AM037_Searchlight_900mm_INDEX_1</name>
           <model>usa\misc\AM037\AM037.model</model>
        </node>
        <node>
           <name>MP_AM038_Searchlight_600mm</name>
           <model>usa\misc\AM038\AM038.model</model>
        </node>
        <node>
           <name>MP_AM018_Compass_Binnacle</name>
           <model>usa\misc\AM018\AM018.model</model>
        </node>
        <node>
           <name>MP_AM025_Pelorus_Mk7</name>
           <model>usa\misc\AM025\AM025.model</model>
        </node>
        <node>
           <name>MP_AM060_RDF_Antenna</name>
           <model>usa\misc\AM060\AM060.model</model>
        </node>
        <node>
           <name>MP_AM115_RDF</name>
           <model>usa\misc\AM115\AM115.model</model>
        </node>
        <node>
           <name>MP_AM064_Wind_Intensity</name>
           <model>usa\misc\AM064\AM064.model</model>
        </node>
        <node>
           <name>MP_AM063_Wind_Direction</name>
           <model>usa\misc\AM063\AM063.model</model>
        </node>
        <node>
           <name>MP_AM108_Reels_4</name>
           <model>usa\misc\AM108\AM108.model</model>
        </node>
        <node>
           <name>MP_AM038_Searchlight_600mm_INDEX_1</name>
           <model>usa\misc\AM038\AM038.model</model>
        </node>
        <node>
           <name>MP_AM080_Whips_Antenna_INDEX_3</name>
           <model>usa\misc\AM080\AM080.model</model>
        </node>
        <node>
           <name>MP_AM100_Spare_barrel_tube</name>
           <model>usa\misc\AM100\AM100.model</model>
        </node>
        <node>
           <name>MP_AM050_Fightin_Light_INDEX_4</name>
           <model>usa\misc\AM050\AM050.model</model>
        </node>
        <node>
           <name>MP_AM050_Fightin_Light_INDEX_5</name>
           <model>usa\misc\AM050\AM050.model</model>
        </node>
        <node>
           <name>MP_AM061_Sky_Lookout_1</name>
           <model>usa\misc\AM061\AM061.model</model>
        </node>
        <node>
           <name>MP_AM061_Sky_Lookout_1_INDEX_1</name>
           <model>usa\misc\AM061\AM061.model</model>
        </node>
        <node>
           <name>MP_AM062_IFF_Antenna</name>
           <model>usa\misc\AM062\AM062.model</model>
        </node>
        <node>
           <name>MP_AM062_IFF_Antenna_INDEX_1</name>
           <model>usa\misc\AM062\AM062.model</model>
        </node>
        <node>
           <name>MP_AM025_Pelorus_Mk7_INDEX_1</name>
           <model>usa\misc\AM025\AM025.model</model>
        </node>
        <node>
           <name>MP_AM025_Pelorus_Mk7_INDEX_2</name>
           <model>usa\misc\AM025\AM025.model</model>
        </node>
        <node>
           <name>MP_AM025_Pelorus_Mk7_INDEX_3</name>
           <model>usa\misc\AM025\AM025.model</model>
        </node>
        <node>
           <name>MP_AM025_Pelorus_Mk7_INDEX_4</name>
           <model>usa\misc\AM025\AM025.model</model>
        </node>
        <node>
           <name>MP_AM025_Pelorus_Mk7_INDEX_5</name>
           <model>usa\misc\AM025\AM025.model</model>
        </node>
        <node>
           <name>MP_AM025_Pelorus_Mk7_INDEX_6</name>
           <model>usa\misc\AM025\AM025.model</model>
        </node>
        <node>
           <name>MP_AM100_Spare_barrel_tube_INDEX_1</name>
           <model>usa\misc\AM100\AM100.model</model>
        </node>
        <node>
           <name>MP_AM100_Spare_barrel_tube_INDEX_2</name>
           <model>usa\misc\AM100\AM100.model</model>
        </node>
        <node>
           <name>MP_AM100_Spare_barrel_tube_INDEX_3</name>
           <model>usa\misc\AM100\AM100.model</model>
        </node>
        <node>
           <name>MP_CM012_Fire_Hose_Rack_1_INDEX_4</name>
           <model>common\misc\CM012\CM012.model</model>
        </node>
        <node>
           <name>MP_CM012_Fire_Hose_Rack_1_INDEX_5</name>
           <model>common\misc\CM012\CM012.model</model>
        </node>
        <node>
           <name>MP_AM194_Girder_Crane_2</name>
           <model>usa\misc\AM194\AM194.model</model>
        </node>
        <node>
           <name>MP_AM194_Girder_Crane_2_INDEX_1</name>
           <model>usa\misc\AM194\AM194.model</model>
        </node>
        <node>
           <name>MP_AM074_Floater_Net_Basket_2</name>
           <model>usa\misc\AM074\AM074.model</model>
        </node>
        <node>
           <name>MP_AM074_Floater_Net_Basket_2_INDEX_1</name>
           <model>usa\misc\AM074\AM074.model</model>
        </node>
        <node>
           <name>MP_AM074_Floater_Net_Basket_2_INDEX_2</name>
           <model>usa\misc\AM074\AM074.model</model>
        </node>
        <node>
           <name>MP_AM074_Floater_Net_Basket_2_INDEX_3</name>
           <model>usa\misc\AM074\AM074.model</model>
        </node>
        <node>
           <name>MP_AM074_Floater_Net_Basket_2_INDEX_4</name>
           <model>usa\misc\AM074\AM074.model</model>
        </node>
        <node>
           <name>MP_AM073_Floater_Net_Basket_1</name>
           <model>usa\misc\AM073\AM073.model</model>
        </node>
        <node>
           <name>MP_AM010_Speaker_1</name>
           <model>usa\misc\AM010\AM010.model</model>
        </node>
        <node>
           <name>MP_AM010_Speaker_1_INDEX_1</name>
           <model>usa\misc\AM010\AM010.model</model>
        </node>
        <node>
           <name>MP_AM010_Speaker_1_INDEX_2</name>
           <model>usa\misc\AM010\AM010.model</model>
        </node>
        <node>
           <name>MP_AM010_Speaker_1_INDEX_3</name>
           <model>usa\misc\AM010\AM010.model</model>
        </node>
        <node>
           <name>MP_AM114_Freon_Cylinder_acetylene</name>
           <model>usa\misc\AM114\AM114.model</model>
        </node>
        <node>
           <name>MP_AM114_Freon_Cylinder_acetylene_INDEX_1</name>
           <model>usa\misc\AM114\AM114.model</model>
        </node>
        <node>
           <name>MP_AM114_Freon_Cylinder_acetylene_INDEX_2</name>
           <model>usa\misc\AM114\AM114.model</model>
        </node>
        <node>
           <name>MP_AM114_Freon_Cylinder_acetylene_INDEX_3</name>
           <model>usa\misc\AM114\AM114.model</model>
        </node>
        <node>
           <name>MP_AM114_Freon_Cylinder_acetylene_INDEX_4</name>
           <model>usa\misc\AM114\AM114.model</model>
        </node>
        <node>
           <name>MP_AM114_Freon_Cylinder_acetylene_INDEX_5</name>
           <model>usa\misc\AM114\AM114.model</model>
        </node>
        <node>
           <name>MP_AM114_Freon_Cylinder_acetylene_INDEX_6</name>
           <model>usa\misc\AM114\AM114.model</model>
        </node>
        <node>
           <name>MP_AM114_Freon_Cylinder_acetylene_INDEX_7</name>
           <model>usa\misc\AM114\AM114.model</model>
        </node>
        <node>
           <name>MP_AM114_Freon_Cylinder_acetylene_INDEX_8</name>
           <model>usa\misc\AM114\AM114.model</model>
        </node>
        <node>
           <name>MP_AM114_Freon_Cylinder_acetylene_INDEX_9</name>
           <model>usa\misc\AM114\AM114.model</model>
        </node>
        <node>
           <name>MP_AM114_Freon_Cylinder_acetylene_INDEX_10</name>
           <model>usa\misc\AM114\AM114.model</model>
        </node>
        <node>
           <name>MP_AM114_Freon_Cylinder_acetylene_INDEX_11</name>
           <model>usa\misc\AM114\AM114.model</model>
        </node>
        <node>
           <name>MP_CM004_Barbette_Out</name>
           <model>common\misc\CM004\CM004.model</model>
        </node>
        <node>
           <name>MP_CM004_Barbette_Out_INDEX_1</name>
           <model>common\misc\CM004\CM004.model</model>
        </node>
        <node>
           <name>MP_CM004_Barbette_Out_INDEX_2</name>
           <model>common\misc\CM004\CM004.model</model>
        </node>
        <node>
           <name>MP_CM004_Barbette_Out_INDEX_3</name>
           <model>common\misc\CM004\CM004.model</model>
        </node>
        <node>
           <name>MP_CM004_Barbette_Out_INDEX_4</name>
           <model>common\misc\CM004\CM004.model</model>
        </node>
        <node>
           <name>MP_CM004_Barbette_Out_INDEX_5</name>
           <model>common\misc\CM004\CM004.model</model>
        </node>
        <node>
           <name>MP_CM004_Barbette_Out_INDEX_6</name>
           <model>common\misc\CM004\CM004.model</model>
        </node>
        <node>
           <name>MP_CM004_Barbette_Out_INDEX_7</name>
           <model>common\misc\CM004\CM004.model</model>
        </node>
        <node>
           <name>MP_CM004_Barbette_Out_INDEX_8</name>
           <model>common\misc\CM004\CM004.model</model>
        </node>
        <node>
           <name>MP_CM004_Barbette_Out_INDEX_9</name>
           <model>common\misc\CM004\CM004.model</model>
        </node>
        <node>
           <name>MP_CM004_Barbette_Out_INDEX_10</name>
           <model>common\misc\CM004\CM004.model</model>
        </node>
        <node>
           <name>MP_AM549_Life_Buoy</name>
           <model>usa\misc\AM549\AM549.model</model>
        </node>
        <node>
           <name>MP_AM549_Life_Buoy_INDEX_1</name>
           <model>usa\misc\AM549\AM549.model</model>
        </node>
        <node>
           <name>MP_AM164_Signal_Lamp_4</name>
           <model>usa\misc\AM164\AM164.model</model>
        </node>
        <node>
           <name>MP_AM164_Signal_Lamp_4_INDEX_1</name>
           <model>usa\misc\AM164\AM164.model</model>
        </node>
        <node>
           <name>MP_CM010_Fire_Hose_Reel</name>
           <model>common\misc\CM010\CM010.model</model>
        </node>
        <node>
           <name>MP_CM011_Fire_Fighting_Gear</name>
           <model>common\misc\CM011\CM011.model</model>
        </node>
        <node>
           <name>MP_CM013_Fire_Hose_Rack_2</name>
           <model>common\misc\CM013\CM013.model</model>
        </node>
        <node>
           <name>MP_CM011_Fire_Fighting_Gear_INDEX_1</name>
           <model>common\misc\CM011\CM011.model</model>
        </node>
        <node>
           <name>MP_AM549_Life_Buoy_INDEX_2</name>
           <model>usa\misc\AM549\AM549.model</model>
        </node>
        <node>
           <name>MP_CM010_Fire_Hose_Reel_INDEX_1</name>
           <model>common\misc\CM010\CM010.model</model>
        </node>
        <node>
           <name>MP_CM010_Fire_Hose_Reel_INDEX_2</name>
           <model>common\misc\CM010\CM010.model</model>
        </node>
        <node>
           <name>MP_CM011_Fire_Fighting_Gear_INDEX_2</name>
           <model>common\misc\CM011\CM011.model</model>
        </node>
        <node>
           <name>MP_CM024_Stairway_Big_L</name>
           <model>common\misc\CM024\CM024.model</model>
        </node>
        <node>
           <name>MP_CM025_Stairway_Big_R</name>
           <model>common\misc\CM025\CM025.model</model>
        </node>
        <node>
           <name>MP_AM180_Siren_2</name>
           <model>usa\misc\AM180\AM180.model</model>
        </node>
        <node>
           <name>MP_AM469_Filling_connection</name>
           <model>usa\misc\AM469\AM469.model</model>
        </node>
        <node>
           <name>MP_AM469_Filling_connection_INDEX_1</name>
           <model>usa\misc\AM469\AM469.model</model>
        </node>
        <node>
           <name>MP_AM181_Siren_3</name>
           <model>usa\misc\AM181\AM181.model</model>
        </node>
        <node>
           <name>MP_AM514_Boat_Winch</name>
           <model>usa\misc\AM514\AM514.model</model>
        </node>
        <node>
           <name>MP_AM514_Boat_Winch_INDEX_1</name>
           <model>usa\misc\AM514\AM514.model</model>
        </node>
        <node>
           <name>MP_CM011_Fire_Fighting_Gear_INDEX_3</name>
           <model>common\misc\CM011\CM011.model</model>
        </node>
        <node>
           <name>MP_CM012_Fire_Hose_Rack_1_INDEX_6</name>
           <model>common\misc\CM012\CM012.model</model>
        </node>
        <node>
           <name>MP_AM176_Target_Desingnator</name>
           <model>usa\misc\AM176\AM176.model</model>
        </node>
        <node>
           <name>MP_AM176_Target_Desingnator_INDEX_1</name>
           <model>usa\misc\AM176\AM176.model</model>
        </node>
        <node>
           <name>MP_AM176_Target_Desingnator_INDEX_2</name>
           <model>usa\misc\AM176\AM176.model</model>
        </node>
        <node>
           <name>MP_AM176_Target_Desingnator_INDEX_3</name>
           <model>usa\misc\AM176\AM176.model</model>
        </node>
        <node>
           <name>MP_CM011_Fire_Fighting_Gear_INDEX_4</name>
           <model>common\misc\CM011\CM011.model</model>
        </node>
        <node>
           <name>MP_CM011_Fire_Fighting_Gear_INDEX_5</name>
           <model>common\misc\CM011\CM011.model</model>
        </node>
        <node>
           <name>MP_CM011_Fire_Fighting_Gear_INDEX_6</name>
           <model>common\misc\CM011\CM011.model</model>
        </node>
        <node>
           <name>MP_AM531_Stretcher</name>
           <model>usa\misc\AM531\AM531.model</model>
        </node>
        <node>
           <name>MP_AM531_Stretcher_INDEX_1</name>
           <model>usa\misc\AM531\AM531.model</model>
        </node>
        <node>
           <name>MP_AM100_Spare_barrel_tube_INDEX_4</name>
           <model>usa\misc\AM100\AM100.model</model>
        </node>
        <node>
           <name>MP_AM100_Spare_barrel_tube_INDEX_5</name>
           <model>usa\misc\AM100\AM100.model</model>
        </node>
        <node>
           <name>MP_AM129_Turtles_box</name>
           <model>usa\misc\AM129\AM129.model</model>
        </node>
        <node>
           <name>MP_AM129_Turtles_box_INDEX_1</name>
           <model>usa\misc\AM129\AM129.model</model>
        </node>
        <node>
           <name>MP_AM176_Target_Desingnator_INDEX_4</name>
           <model>usa\misc\AM176\AM176.model</model>
        </node>
        <node>
           <name>MP_AM176_Target_Desingnator_INDEX_5</name>
           <model>usa\misc\AM176\AM176.model</model>
        </node>
        <node>
           <name>MP_AM029_Ammunition_Box3</name>
           <model>usa\misc\AM029\AM029.model</model>
        </node>
        <node>
           <name>MP_AM434_Eng_Order_Tele_Ind</name>
           <model>usa\misc\AM434\AM434.model</model>
        </node>
        <node>
           <name>MP_AM435_Rudder_Ind</name>
           <model>usa\misc\AM435\AM435.model</model>
        </node>
        <node>
           <name>MP_AM378_Ammunition_box</name>
           <model>usa\misc\AM378\AM378.model</model>
        </node>
        <node>
           <name>MP_AM378_Ammunition_box_INDEX_1</name>
           <model>usa\misc\AM378\AM378.model</model>
        </node>
        <node>
           <name>MP_AM158_Turning_Indicator</name>
           <model>usa\misc\AM158\AM158.model</model>
        </node>
        <node>
           <name>MP_AM537_Elec_Panel</name>
           <model>usa\misc\AM537\AM537.model</model>
        </node>
        <node>
           <name>MP_AM164_Signal_Lamp_4_INDEX_2</name>
           <model>usa\misc\AM164\AM164.model</model>
        </node>
        <node>
           <name>MP_AM164_Signal_Lamp_4_INDEX_3</name>
           <model>usa\misc\AM164\AM164.model</model>
        </node>
        <node>
           <name>MP_AM157_Telephone</name>
           <model>usa\misc\AM157\AM157.model</model>
        </node>
        <node>
           <name>MP_AM129_Turtles_box_INDEX_2</name>
           <model>usa\misc\AM129\AM129.model</model>
        </node>
        <node>
           <name>MP_AM180_Siren_2_INDEX_1</name>
           <model>usa\misc\AM180\AM180.model</model>
        </node>
        <node>
           <name>MP_AM144_Signal_Lamp_L</name>
           <model>usa\misc\AM144\AM144.model</model>
        </node>
        <node>
           <name>MP_AM143_Signal_Lamp_R</name>
           <model>usa\misc\AM143\AM143.model</model>
        </node>
        <node>
           <name>MP_AM537_Elec_Panel_INDEX_1</name>
           <model>usa\misc\AM537\AM537.model</model>
        </node>
        <node>
           <name>MP_AM438_Speakerphone</name>
           <model>usa\misc\AM438\AM438.model</model>
        </node>
        <node>
           <name>MP_AM440_Switch_Box</name>
           <model>usa\misc\AM440\AM440.model</model>
        </node>
        <node>
           <name>MP_AM156_Switch_Panel_3</name>
           <model>usa\misc\AM156\AM156.model</model>
        </node>
        <node>
           <name>MP_AM442_Multipole_Switch</name>
           <model>usa\misc\AM442\AM442.model</model>
        </node>
        <node>
           <name>MP_AM442_Multipole_Switch_INDEX_1</name>
           <model>usa\misc\AM442\AM442.model</model>
        </node>
        <node>
           <name>MP_CM029_Emergency_Box</name>
           <model>common\misc\CM029\CM029.model</model>
        </node>
        <node>
           <name>MP_CM029_Emergency_Box_INDEX_1</name>
           <model>common\misc\CM029\CM029.model</model>
        </node>
        <node>
           <name>MP_AM465_Fire_Extinguisher</name>
           <model>usa\misc\AM465\AM465.model</model>
        </node>
        <node>
           <name>MP_AM465_Fire_Extinguisher_INDEX_1</name>
           <model>usa\misc\AM465\AM465.model</model>
        </node>
        <node>
           <name>MP_AM282_Ammunition_Box</name>
           <model>usa\misc\AM282\AM282.model</model>
        </node>
        <node>
           <name>MP_AM442_Multipole_Switch_INDEX_2</name>
           <model>usa\misc\AM442\AM442.model</model>
        </node>
        <node>
           <name>MP_AM442_Multipole_Switch_INDEX_3</name>
           <model>usa\misc\AM442\AM442.model</model>
        </node>
        <node>
           <name>MP_AM442_Multipole_Switch_INDEX_4</name>
           <model>usa\misc\AM442\AM442.model</model>
        </node>
        <node>
           <name>MP_AM442_Multipole_Switch_INDEX_5</name>
           <model>usa\misc\AM442\AM442.model</model>
        </node>
        <node>
           <name>MP_AM536_Elec_Panel</name>
           <model>usa\misc\AM536\AM536.model</model>
        </node>
        <node>
           <name>MP_AM535_Elec_Panel</name>
           <model>usa\misc\AM535\AM535.model</model>
        </node>
        <node>
           <name>MP_AM157_Telephone_INDEX_1</name>
           <model>usa\misc\AM157\AM157.model</model>
        </node>
        <node>
           <name>MP_AM157_Telephone_INDEX_2</name>
           <model>usa\misc\AM157\AM157.model</model>
        </node>
        <node>
           <name>MP_AM559_Alarm_Tool</name>
           <model>usa\misc\AM559\AM559.model</model>
        </node>
        <node>
           <name>MP_AM559_Alarm_Tool_INDEX_1</name>
           <model>usa\misc\AM559\AM559.model</model>
        </node>
        <node>
           <name>MP_AM010_Speaker_1_INDEX_4</name>
           <model>usa\misc\AM010\AM010.model</model>
        </node>
        <node>
           <name>MP_AM010_Speaker_1_INDEX_5</name>
           <model>usa\misc\AM010\AM010.model</model>
        </node>
        <node>
           <name>MP_AM465_Fire_Extinguisher_INDEX_2</name>
           <model>usa\misc\AM465\AM465.model</model>
        </node>
        <node>
           <name>MP_AM465_Fire_Extinguisher_INDEX_3</name>
           <model>usa\misc\AM465\AM465.model</model>
        </node>
        <node>
           <name>MP_CM011_Fire_Fighting_Gear_INDEX_7</name>
           <model>common\misc\CM011\CM011.model</model>
        </node>
        <node>
           <name>MP_CM013_Fire_Hose_Rack_2_INDEX_1</name>
           <model>common\misc\CM013\CM013.model</model>
        </node>
        <node>
           <name>MP_AM442_Multipole_Switch_INDEX_6</name>
           <model>usa\misc\AM442\AM442.model</model>
        </node>
        <node>
           <name>MP_AM442_Multipole_Switch_INDEX_7</name>
           <model>usa\misc\AM442\AM442.model</model>
        </node>
        <node>
           <name>MP_CM029_Emergency_Box_INDEX_2</name>
           <model>common\misc\CM029\CM029.model</model>
        </node>
        <node>
           <name>MP_CM029_Emergency_Box_INDEX_3</name>
           <model>common\misc\CM029\CM029.model</model>
        </node>
        <node>
           <name>MP_AM100_Spare_barrel_tube_INDEX_6</name>
           <model>usa\misc\AM100\AM100.model</model>
        </node>
        <node>
           <name>MP_AM100_Spare_barrel_tube_INDEX_7</name>
           <model>usa\misc\AM100\AM100.model</model>
        </node>
        <node>
           <name>MP_AM157_Telephone_INDEX_3</name>
           <model>usa\misc\AM157\AM157.model</model>
        </node>
        <node>
           <name>MP_AM157_Telephone_INDEX_4</name>
           <model>usa\misc\AM157\AM157.model</model>
        </node>
        <node>
           <name>MP_CM029_Emergency_Box_INDEX_4</name>
           <model>common\misc\CM029\CM029.model</model>
        </node>
        <node>
           <name>MP_CM029_Emergency_Box_INDEX_5</name>
           <model>common\misc\CM029\CM029.model</model>
        </node>
        <node>
           <name>MP_CM012_Fire_Hose_Rack_1_INDEX_7</name>
           <model>common\misc\CM012\CM012.model</model>
        </node>
        <node>
           <name>MP_CM051_Fire_Fighting_Gear</name>
           <model>common\misc\CM051\CM051.model</model>
        </node>
        <node>
           <name>MP_CM051_Fire_Fighting_Gear_INDEX_1</name>
           <model>common\misc\CM051\CM051.model</model>
        </node>
        <node>
           <name>MP_CM012_Fire_Hose_Rack_1_INDEX_8</name>
           <model>common\misc\CM012\CM012.model</model>
        </node>
        <node>
           <name>MP_AM442_Multipole_Switch_INDEX_8</name>
           <model>usa\misc\AM442\AM442.model</model>
        </node>
        <node>
           <name>MP_AM187_Switch_Panel_4</name>
           <model>usa\misc\AM187\AM187.model</model>
        </node>
        <node>
           <name>MP_AM433_MC_Box</name>
           <model>usa\misc\AM433\AM433.model</model>
        </node>
        <node>
           <name>MP_AM038_Searchlight_600mm_INDEX_2</name>
           <model>usa\misc\AM038\AM038.model</model>
        </node>
        <node>
           <name>MP_AM062_IFF_Antenna_INDEX_2</name>
           <model>usa\misc\AM062\AM062.model</model>
        </node>
        <node>
           <name>MP_AM080_Whips_Antenna_INDEX_4</name>
           <model>usa\misc\AM080\AM080.model</model>
        </node>
        <node>
           <name>MP_AM030_Ammunition_Box4</name>
           <model>usa\misc\AM030\AM030.model</model>
        </node>
        <node>
           <name>MP_AM030_Ammunition_Box4_INDEX_1</name>
           <model>usa\misc\AM030\AM030.model</model>
        </node>
        <node>
           <name>MP_AM030_Ammunition_Box4_INDEX_2</name>
           <model>usa\misc\AM030\AM030.model</model>
        </node>
        <node>
           <name>MP_AM030_Ammunition_Box4_INDEX_3</name>
           <model>usa\misc\AM030\AM030.model</model>
        </node>
        <node>
           <name>MP_AM030_Ammunition_Box4_INDEX_4</name>
           <model>usa\misc\AM030\AM030.model</model>
        </node>
        <node>
           <name>MP_AM030_Ammunition_Box4_INDEX_5</name>
           <model>usa\misc\AM030\AM030.model</model>
        </node>
        <node>
           <name>MP_AM030_Ammunition_Box4_INDEX_6</name>
           <model>usa\misc\AM030\AM030.model</model>
        </node>
        <node>
           <name>MP_AM030_Ammunition_Box4_INDEX_7</name>
           <model>usa\misc\AM030\AM030.model</model>
        </node>
        <node>
           <name>MP_AM030_Ammunition_Box4_INDEX_8</name>
           <model>usa\misc\AM030\AM030.model</model>
        </node>
        <node>
           <name>MP_AM030_Ammunition_Box4_INDEX_9</name>
           <model>usa\misc\AM030\AM030.model</model>
        </node>
        <node>
           <name>MP_AM030_Ammunition_Box4_INDEX_10</name>
           <model>usa\misc\AM030\AM030.model</model>
        </node>
        <node>
           <name>MP_AM030_Ammunition_Box4_INDEX_11</name>
           <model>usa\misc\AM030\AM030.model</model>
        </node>
        <node>
           <name>MP_AM030_Ammunition_Box4_INDEX_12</name>
           <model>usa\misc\AM030\AM030.model</model>
        </node>
        <node>
           <name>MP_AM030_Ammunition_Box4_INDEX_13</name>
           <model>usa\misc\AM030\AM030.model</model>
        </node>
        <node>
           <name>MP_AM030_Ammunition_Box4_INDEX_14</name>
           <model>usa\misc\AM030\AM030.model</model>
        </node>
        <node>
           <name>MP_AM030_Ammunition_Box4_INDEX_15</name>
           <model>usa\misc\AM030\AM030.model</model>
        </node>
        <node>
           <name>MP_AM030_Ammunition_Box4_INDEX_16</name>
           <model>usa\misc\AM030\AM030.model</model>
        </node>
        <node>
           <name>MP_AM030_Ammunition_Box4_INDEX_17</name>
           <model>usa\misc\AM030\AM030.model</model>
        </node>
        <node>
           <name>MP_AM030_Ammunition_Box4_INDEX_18</name>
           <model>usa\misc\AM030\AM030.model</model>
        </node>
        <node>
           <name>MP_AM030_Ammunition_Box4_INDEX_19</name>
           <model>usa\misc\AM030\AM030.model</model>
        </node>
        <node>
           <name>MP_AM030_Ammunition_Box4_INDEX_20</name>
           <model>usa\misc\AM030\AM030.model</model>
        </node>
        <node>
           <name>MP_AM030_Ammunition_Box4_INDEX_21</name>
           <model>usa\misc\AM030\AM030.model</model>
        </node>
        <node>
           <name>MP_AM156_Switch_Panel_3_INDEX_1</name>
           <model>usa\misc\AM156\AM156.model</model>
        </node>
        <node>
           <name>MP_AM188_Switch_Panel_5</name>
           <model>usa\misc\AM188\AM188.model</model>
        </node>
        <node>
           <name>MP_AM438_Speakerphone_INDEX_1</name>
           <model>usa\misc\AM438\AM438.model</model>
        </node>
        <node>
           <name>MP_AM049_Signal_Lamp_1</name>
           <model>usa\misc\AM049\AM049.model</model>
        </node>
        <node>
           <name>MP_AM049_Signal_Lamp_1_INDEX_1</name>
           <model>usa\misc\AM049\AM049.model</model>
        </node>
        <node>
           <name>MP_AM433_MC_Box_INDEX_1</name>
           <model>usa\misc\AM433\AM433.model</model>
        </node>
        <node>
           <name>MP_AM080_Whips_Antenna_INDEX_5</name>
           <model>usa\misc\AM080\AM080.model</model>
        </node>
        <node>
           <name>MP_AM598_Sound_Reproducer</name>
           <model>usa\misc\AM598\AM598.model</model>
        </node>
        <node>
           <name>MP_AM080_Whips_Antenna_INDEX_6</name>
           <model>usa\misc\AM080\AM080.model</model>
        </node>
        <node>
           <name>MP_AM080_Whips_Antenna_INDEX_7</name>
           <model>usa\misc\AM080\AM080.model</model>
        </node>
        <node>
           <name>MP_AM080_Whips_Antenna_INDEX_8</name>
           <model>usa\misc\AM080\AM080.model</model>
        </node>
        <node>
           <name>MP_AM080_Whips_Antenna_INDEX_9</name>
           <model>usa\misc\AM080\AM080.model</model>
        </node>
        <node>
           <name>MP_AM080_Whips_Antenna_INDEX_10</name>
           <model>usa\misc\AM080\AM080.model</model>
        </node>
        <node>
           <name>MP_AM510_Pelorus</name>
           <model>usa\misc\AM510\AM510.model</model>
        </node>
        <node>
           <name>MP_CM029_Emergency_Box_INDEX_6</name>
           <model>common\misc\CM029\CM029.model</model>
        </node>
        <node>
           <name>MP_AM129_Turtles_box_INDEX_3</name>
           <model>usa\misc\AM129\AM129.model</model>
        </node>
        <node>
           <name>MP_AM465_Fire_Extinguisher_INDEX_4</name>
           <model>usa\misc\AM465\AM465.model</model>
        </node>
        <node>
           <name>MP_AM108_Reels_4_INDEX_1</name>
           <model>usa\misc\AM108\AM108.model</model>
        </node>
        <node>
           <name>MP_AM019_Ventilators_1_INDEX_1</name>
           <model>usa\misc\AM019\AM019.model</model>
        </node>
        <node>
           <name>MP_AM019_Ventilators_1_INDEX_2</name>
           <model>usa\misc\AM019\AM019.model</model>
        </node>
        <node>
           <name>MP_AM318_Hatch</name>
           <model>usa\misc\AM318\AM318.model</model>
        </node>
        <node>
           <name>MP_AM157_Telephone_INDEX_5</name>
           <model>usa\misc\AM157\AM157.model</model>
        </node>
        <node>
           <name>MP_AM157_Telephone_INDEX_6</name>
           <model>usa\misc\AM157\AM157.model</model>
        </node>
        <node>
           <name>MP_AM157_Telephone_INDEX_7</name>
           <model>usa\misc\AM157\AM157.model</model>
        </node>
        <node>
           <name>MP_AM157_Telephone_INDEX_8</name>
           <model>usa\misc\AM157\AM157.model</model>
        </node>
        <node>
           <name>MP_AM129_Turtles_box_INDEX_4</name>
           <model>usa\misc\AM129\AM129.model</model>
        </node>
        <node>
           <name>MP_AM129_Turtles_box_INDEX_5</name>
           <model>usa\misc\AM129\AM129.model</model>
        </node>
        <node>
           <name>MP_CM029_Emergency_Box_INDEX_7</name>
           <model>common\misc\CM029\CM029.model</model>
        </node>
        <node>
           <name>MP_AM524_Telephone</name>
           <model>usa\misc\AM524\AM524.model</model>
        </node>
        <node>
           <name>MP_AM030_Ammunition_Box4_INDEX_22</name>
           <model>usa\misc\AM030\AM030.model</model>
        </node>
        <node>
           <name>MP_AM030_Ammunition_Box4_INDEX_23</name>
           <model>usa\misc\AM030\AM030.model</model>
        </node>
        <node>
           <name>MP_AM544_Insulator</name>
           <model>usa\misc\AM544\AM544.model</model>
        </node>
        <node>
           <name>MP_AM544_Insulator_INDEX_1</name>
           <model>usa\misc\AM544\AM544.model</model>
        </node>
        <node>
           <name>HP_flag_1</name>
           <model>usa\misc\AM032\AM032.model</model>
        </node>
        <node>
           <name>HP_flag_2</name>
           <model>usa\misc\AM032\AM032.model</model>
        </node>
        <node>
           <name>HP_flag_3</name>
           <model>usa\misc\AM032\AM032.model</model>
        </node>
        <node>
           <name>HP_flag_4</name>
           <model>usa\misc\AM032\AM032.model</model>
        </node>
        <node>
           <name>HP_Smoke_1</name>
           <model>UNKNOWN_ITEM</model>
        </node>
        <node>
           <name>HP_NoseWave_Speed</name>
           <model>UNKNOWN_ITEM</model>
        </node>
        <node>
           <name>HP_Fire_Burn_2</name>
           <model>UNKNOWN_ITEM</model>
        </node>
    </midfront>
    <midback>
      <model>usa\ship\battleship\ASB027_Iowa_1943\ASB027_Iowa_1943_MidBack_ports.model</model>
        <node>
           <name>HP_AD_13</name>
           <model>usa\director\AD003_Director_Mk51\AD003_Director_Mk51.model</model>
        </node>
        <node>
           <name>HP_AD_14</name>
           <model>usa\director\AD003_Director_Mk51\AD003_Director_Mk51.model</model>
        </node>
        <node>
           <name>HP_AD_15</name>
           <model>usa\director\AD003_Director_Mk51\AD003_Director_Mk51.model</model>
        </node>
        <node>
           <name>HP_AD_16</name>
           <model>usa\director\AD003_Director_Mk51\AD003_Director_Mk51.model</model>
        </node>
        <node>
           <name>HP_AD_17</name>
           <model>usa\director\AD003_Director_Mk51\AD003_Director_Mk51.model</model>
        </node>
        <node>
           <name>HP_AD_18</name>
           <model>usa\director\AD003_Director_Mk51\AD003_Director_Mk51.model</model>
        </node>
        <node>
           <name>HP_AD_19</name>
           <model>usa\director\AD003_Director_Mk51\AD003_Director_Mk51.model</model>
        </node>
        <node>
           <name>HP_AD_20</name>
           <model>usa\director\AD003_Director_Mk51\AD003_Director_Mk51.model</model>
        </node>
        <node>
           <name>HP_AD_21</name>
           <model>usa\director\AD003_Director_Mk51\AD003_Director_Mk51.model</model>
        </node>
        <node>
           <name>HP_AD_22</name>
           <model>usa\director\AD003_Director_Mk51\AD003_Director_Mk51.model</model>
        </node>
        <node>
           <name>HP_AD_23</name>
           <model>usa\director\AD003_Director_Mk51\AD003_Director_Mk51.model</model>
        </node>
        <node>
           <name>HP_AD_24</name>
           <model>usa\director\AD003_Director_Mk51\AD003_Director_Mk51.model</model>
        </node>
        <node>
           <name>HP_AD_25</name>
           <model>usa\director\AD018_Director_Mk38\AD018_Director_Mk38.model</model>
        </node>
        <node>
           <name>HP_AD_26</name>
           <model>usa\director\AD001_Director_Mk37\AD001_Director_Mk37.model</model>
        </node>
        <node>
           <name>HP_AGA_17</name>
           <model>usa\gun\aaircraft\AGA003_20mm_Oerlikon_MK4\AGA003_20mm_Oerlikon_MK4.model</model>
        </node>
        <node>
           <name>HP_AGA_18</name>
           <model>usa\gun\aaircraft\AGA003_20mm_Oerlikon_MK4\AGA003_20mm_Oerlikon_MK4.model</model>
        </node>
        <node>
           <name>HP_AGA_19</name>
           <model>usa\gun\aaircraft\AGA002_40mm_Bofors_Mk1\AGA002_40mm_Bofors_Mk1.model</model>
        </node>
        <node>
           <name>HP_AGA_20</name>
           <model>usa\gun\aaircraft\AGA002_40mm_Bofors_Mk1\AGA002_40mm_Bofors_Mk1.model</model>
        </node>
        <node>
           <name>HP_AGA_21</name>
           <model>usa\gun\aaircraft\AGA003_20mm_Oerlikon_MK4\AGA003_20mm_Oerlikon_MK4.model</model>
        </node>
        <node>
           <name>HP_AGA_22</name>
           <model>usa\gun\aaircraft\AGA003_20mm_Oerlikon_MK4\AGA003_20mm_Oerlikon_MK4.model</model>
        </node>
        <node>
           <name>HP_AGA_23</name>
           <model>usa\gun\aaircraft\AGA002_40mm_Bofors_Mk1\AGA002_40mm_Bofors_Mk1.model</model>
        </node>
        <node>
           <name>HP_AGA_24</name>
           <model>usa\gun\aaircraft\AGA002_40mm_Bofors_Mk1\AGA002_40mm_Bofors_Mk1.model</model>
        </node>
        <node>
           <name>HP_AGA_25</name>
           <model>usa\gun\aaircraft\AGA002_40mm_Bofors_Mk1\AGA002_40mm_Bofors_Mk1.model</model>
        </node>
        <node>
           <name>HP_AGA_26</name>
           <model>usa\gun\aaircraft\AGA002_40mm_Bofors_Mk1\AGA002_40mm_Bofors_Mk1.model</model>
        </node>
        <node>
           <name>HP_AGA_27</name>
           <model>usa\gun\aaircraft\AGA002_40mm_Bofors_Mk1\AGA002_40mm_Bofors_Mk1.model</model>
        </node>
        <node>
           <name>HP_AGA_28</name>
           <model>usa\gun\aaircraft\AGA002_40mm_Bofors_Mk1\AGA002_40mm_Bofors_Mk1.model</model>
        </node>
        <node>
           <name>HP_AGS_7</name>
           <model>usa\gun\secondary\AGS010_5in38_Mk32_Mod12\AGS010_5in38_Mk32_Mod12.model</model>
        </node>
        <node>
           <name>HP_AGS_8</name>
           <model>usa\gun\secondary\AGS010_5in38_Mk32_Mod12\AGS010_5in38_Mk32_Mod12.model</model>
        </node>
        <node>
           <name>HP_AGS_9</name>
           <model>usa\gun\secondary\AGS010_5in38_Mk32_Mod12\AGS010_5in38_Mk32_Mod12.model</model>
        </node>
        <node>
           <name>HP_AGS_10</name>
           <model>usa\gun\secondary\AGS010_5in38_Mk32_Mod12\AGS010_5in38_Mk32_Mod12.model</model>
        </node>
        <node>
           <name>HP_ARS_3</name>
           <model>usa\radar\search\ARS004_Radar_SG\ARS004_Radar_SG.model</model>
        </node>
        <node>
           <name>MP_AM004_Fairlead_2</name>
           <model>usa\misc\AM004\AM004.model</model>
        </node>
        <node>
           <name>MP_AM004_Fairlead_2_INDEX_1</name>
           <model>usa\misc\AM004\AM004.model</model>
        </node>
        <node>
           <name>MP_AM004_Fairlead_2_INDEX_2</name>
           <model>usa\misc\AM004\AM004.model</model>
        </node>
        <node>
           <name>MP_AM004_Fairlead_2_INDEX_3</name>
           <model>usa\misc\AM004\AM004.model</model>
        </node>
        <node>
           <name>MP_AM001_Bollard_2</name>
           <model>usa\misc\AM001\AM001.model</model>
        </node>
        <node>
           <name>MP_AM001_Bollard_2_INDEX_1</name>
           <model>usa\misc\AM001\AM001.model</model>
        </node>
        <node>
           <name>MP_AM028_Ammunition_Box2</name>
           <model>usa\misc\AM028\AM028.model</model>
        </node>
        <node>
           <name>MP_AM170_Flag_Box_2</name>
           <model>usa\misc\AM170\AM170.model</model>
        </node>
        <node>
           <name>MP_CM014_Fuel_Oil_Hose</name>
           <model>common\misc\CM014\CM014.model</model>
        </node>
        <node>
           <name>MP_CM012_Fire_Hose_Rack_1</name>
           <model>common\misc\CM012\CM012.model</model>
        </node>
        <node>
           <name>MP_CM012_Fire_Hose_Rack_1_INDEX_1</name>
           <model>common\misc\CM012\CM012.model</model>
        </node>
        <node>
           <name>MP_CM012_Fire_Hose_Rack_1_INDEX_2</name>
           <model>common\misc\CM012\CM012.model</model>
        </node>
        <node>
           <name>MP_AM020_Ventilators_2</name>
           <model>usa\misc\AM020\AM020.model</model>
        </node>
        <node>
           <name>MP_AM020_Ventilators_2_INDEX_1</name>
           <model>usa\misc\AM020\AM020.model</model>
        </node>
        <node>
           <name>MP_AM091_Whaleboat_26ft</name>
           <model>usa\misc\AM091\AM091.model</model>
        </node>
        <node>
           <name>MP_AM091_Whaleboat_26ft_INDEX_1</name>
           <model>usa\misc\AM091\AM091.model</model>
        </node>
        <node>
           <name>MP_AM080_Whips_Antenna</name>
           <model>usa\misc\AM080\AM080.model</model>
        </node>
        <node>
           <name>MP_AM080_Whips_Antenna_INDEX_1</name>
           <model>usa\misc\AM080\AM080.model</model>
        </node>
        <node>
           <name>MP_CM014_Fuel_Oil_Hose_INDEX_1</name>
           <model>common\misc\CM014\CM014.model</model>
        </node>
        <node>
           <name>MP_CM014_Fuel_Oil_Hose_INDEX_2</name>
           <model>common\misc\CM014\CM014.model</model>
        </node>
        <node>
           <name>MP_CM014_Fuel_Oil_Hose_INDEX_3</name>
           <model>common\misc\CM014\CM014.model</model>
        </node>
        <node>
           <name>MP_AM037_Searchlight_900mm</name>
           <model>usa\misc\AM037\AM037.model</model>
        </node>
        <node>
           <name>MP_AM037_Searchlight_900mm_INDEX_1</name>
           <model>usa\misc\AM037\AM037.model</model>
        </node>
        <node>
           <name>MP_AM062_IFF_Antenna</name>
           <model>usa\misc\AM062\AM062.model</model>
        </node>
        <node>
           <name>MP_AM062_IFF_Antenna_INDEX_1</name>
           <model>usa\misc\AM062\AM062.model</model>
        </node>
        <node>
           <name>MP_AM061_Sky_Lookout_1</name>
           <model>usa\misc\AM061\AM061.model</model>
        </node>
        <node>
           <name>MP_AM061_Sky_Lookout_1_INDEX_1</name>
           <model>usa\misc\AM061\AM061.model</model>
        </node>
        <node>
           <name>MP_AM061_Sky_Lookout_1_INDEX_2</name>
           <model>usa\misc\AM061\AM061.model</model>
        </node>
        <node>
           <name>MP_AM061_Sky_Lookout_1_INDEX_3</name>
           <model>usa\misc\AM061\AM061.model</model>
        </node>
        <node>
           <name>MP_AM025_Pelorus_Mk7</name>
           <model>usa\misc\AM025\AM025.model</model>
        </node>
        <node>
           <name>MP_CM014_Fuel_Oil_Hose_INDEX_4</name>
           <model>common\misc\CM014\CM014.model</model>
        </node>
        <node>
           <name>MP_CM014_Fuel_Oil_Hose_INDEX_5</name>
           <model>common\misc\CM014\CM014.model</model>
        </node>
        <node>
           <name>MP_AM194_Girder_Crane_2</name>
           <model>usa\misc\AM194\AM194.model</model>
        </node>
        <node>
           <name>MP_AM194_Girder_Crane_2_INDEX_1</name>
           <model>usa\misc\AM194\AM194.model</model>
        </node>
        <node>
           <name>MP_AM074_Floater_Net_Basket_2</name>
           <model>usa\misc\AM074\AM074.model</model>
        </node>
        <node>
           <name>MP_AM074_Floater_Net_Basket_2_INDEX_1</name>
           <model>usa\misc\AM074\AM074.model</model>
        </node>
        <node>
           <name>MP_AM074_Floater_Net_Basket_2_INDEX_2</name>
           <model>usa\misc\AM074\AM074.model</model>
        </node>
        <node>
           <name>MP_AM074_Floater_Net_Basket_2_INDEX_3</name>
           <model>usa\misc\AM074\AM074.model</model>
        </node>
        <node>
           <name>MP_AM074_Floater_Net_Basket_2_INDEX_4</name>
           <model>usa\misc\AM074\AM074.model</model>
        </node>
        <node>
           <name>MP_AM074_Floater_Net_Basket_2_INDEX_5</name>
           <model>usa\misc\AM074\AM074.model</model>
        </node>
        <node>
           <name>MP_AM074_Floater_Net_Basket_2_INDEX_6</name>
           <model>usa\misc\AM074\AM074.model</model>
        </node>
        <node>
           <name>MP_AM074_Floater_Net_Basket_2_INDEX_7</name>
           <model>usa\misc\AM074\AM074.model</model>
        </node>
        <node>
           <name>MP_AM073_Floater_Net_Basket_1</name>
           <model>usa\misc\AM073\AM073.model</model>
        </node>
        <node>
           <name>MP_AM073_Floater_Net_Basket_1_INDEX_1</name>
           <model>usa\misc\AM073\AM073.model</model>
        </node>
        <node>
           <name>MP_AM073_Floater_Net_Basket_1_INDEX_2</name>
           <model>usa\misc\AM073\AM073.model</model>
        </node>
        <node>
           <name>MP_AM073_Floater_Net_Basket_1_INDEX_3</name>
           <model>usa\misc\AM073\AM073.model</model>
        </node>
        <node>
           <name>MP_AM010_Speaker_1</name>
           <model>usa\misc\AM010\AM010.model</model>
        </node>
        <node>
           <name>MP_AM010_Speaker_1_INDEX_1</name>
           <model>usa\misc\AM010\AM010.model</model>
        </node>
        <node>
           <name>MP_AM114_Freon_Cylinder_acetylene</name>
           <model>usa\misc\AM114\AM114.model</model>
        </node>
        <node>
           <name>MP_AM114_Freon_Cylinder_acetylene_INDEX_1</name>
           <model>usa\misc\AM114\AM114.model</model>
        </node>
        <node>
           <name>MP_AM114_Freon_Cylinder_acetylene_INDEX_2</name>
           <model>usa\misc\AM114\AM114.model</model>
        </node>
        <node>
           <name>MP_AM114_Freon_Cylinder_acetylene_INDEX_3</name>
           <model>usa\misc\AM114\AM114.model</model>
        </node>
        <node>
           <name>MP_AM114_Freon_Cylinder_acetylene_INDEX_4</name>
           <model>usa\misc\AM114\AM114.model</model>
        </node>
        <node>
           <name>MP_AM114_Freon_Cylinder_acetylene_INDEX_5</name>
           <model>usa\misc\AM114\AM114.model</model>
        </node>
        <node>
           <name>MP_CM004_Barbette_Out</name>
           <model>common\misc\CM004\CM004.model</model>
        </node>
        <node>
           <name>MP_CM004_Barbette_Out_INDEX_1</name>
           <model>common\misc\CM004\CM004.model</model>
        </node>
        <node>
           <name>MP_CM004_Barbette_Out_INDEX_2</name>
           <model>common\misc\CM004\CM004.model</model>
        </node>
        <node>
           <name>MP_CM004_Barbette_Out_INDEX_3</name>
           <model>common\misc\CM004\CM004.model</model>
        </node>
        <node>
           <name>MP_CM004_Barbette_Out_INDEX_4</name>
           <model>common\misc\CM004\CM004.model</model>
        </node>
        <node>
           <name>MP_CM004_Barbette_Out_INDEX_5</name>
           <model>common\misc\CM004\CM004.model</model>
        </node>
        <node>
           <name>MP_AM174_Insulator_2</name>
           <model>usa\misc\AM174\AM174.model</model>
        </node>
        <node>
           <name>MP_AM174_Insulator_2_INDEX_1</name>
           <model>usa\misc\AM174\AM174.model</model>
        </node>
        <node>
           <name>MP_AM173_Insulator_1</name>
           <model>usa\misc\AM173\AM173.model</model>
        </node>
        <node>
           <name>MP_AM173_Insulator_1_INDEX_1</name>
           <model>usa\misc\AM173\AM173.model</model>
        </node>
        <node>
           <name>MP_AM173_Insulator_1_INDEX_2</name>
           <model>usa\misc\AM173\AM173.model</model>
        </node>
        <node>
           <name>MP_AM173_Insulator_1_INDEX_3</name>
           <model>usa\misc\AM173\AM173.model</model>
        </node>
        <node>
           <name>MP_AM549_Life_Buoy</name>
           <model>usa\misc\AM549\AM549.model</model>
        </node>
        <node>
           <name>MP_AM549_Life_Buoy_INDEX_1</name>
           <model>usa\misc\AM549\AM549.model</model>
        </node>
        <node>
           <name>MP_AM549_Life_Buoy_INDEX_2</name>
           <model>usa\misc\AM549\AM549.model</model>
        </node>
        <node>
           <name>MP_AM549_Life_Buoy_INDEX_3</name>
           <model>usa\misc\AM549\AM549.model</model>
        </node>
        <node>
           <name>MP_AM072_Ships_bell</name>
           <model>usa\misc\AM072\AM072.model</model>
        </node>
        <node>
           <name>MP_CM024_Stairway_Big_L</name>
           <model>common\misc\CM024\CM024.model</model>
        </node>
        <node>
           <name>MP_CM025_Stairway_Big_R</name>
           <model>common\misc\CM025\CM025.model</model>
        </node>
        <node>
           <name>MP_AM469_Filling_connection</name>
           <model>usa\misc\AM469\AM469.model</model>
        </node>
        <node>
           <name>MP_AM469_Filling_connection_INDEX_1</name>
           <model>usa\misc\AM469\AM469.model</model>
        </node>
        <node>
           <name>MP_AM058_Boat_4</name>
           <model>usa\misc\AM058\AM058.model</model>
        </node>
        <node>
           <name>MP_AM059_Boat_5</name>
           <model>usa\misc\AM059\AM059.model</model>
        </node>
        <node>
           <name>MP_AM059_Boat_5_INDEX_1</name>
           <model>usa\misc\AM059\AM059.model</model>
        </node>
        <node>
           <name>MP_AM058_Boat_4_INDEX_1</name>
           <model>usa\misc\AM058\AM058.model</model>
        </node>
        <node>
           <name>MP_AM373_Float_Seaplane</name>
           <model>usa\misc\AM373\AM373.model</model>
        </node>
        <node>
           <name>MP_AM373_Float_Seaplane_INDEX_1</name>
           <model>usa\misc\AM373\AM373.model</model>
        </node>
        <node>
           <name>MP_CM052_Fender</name>
           <model>common\misc\CM052\CM052.model</model>
        </node>
        <node>
           <name>MP_CM052_Fender_INDEX_1</name>
           <model>common\misc\CM052\CM052.model</model>
        </node>
        <node>
           <name>MP_CM052_Fender_INDEX_2</name>
           <model>common\misc\CM052\CM052.model</model>
        </node>
        <node>
           <name>MP_CM052_Fender_INDEX_3</name>
           <model>common\misc\CM052\CM052.model</model>
        </node>
        <node>
           <name>MP_AM173_Insulator_1_INDEX_4</name>
           <model>usa\misc\AM173\AM173.model</model>
        </node>
        <node>
           <name>MP_AM173_Insulator_1_INDEX_5</name>
           <model>usa\misc\AM173\AM173.model</model>
        </node>
        <node>
           <name>MP_CM011_Fire_Fighting_Gear</name>
           <model>common\misc\CM011\CM011.model</model>
        </node>
        <node>
           <name>MP_CM011_Fire_Fighting_Gear_INDEX_1</name>
           <model>common\misc\CM011\CM011.model</model>
        </node>
        <node>
           <name>MP_CM011_Fire_Fighting_Gear_INDEX_2</name>
           <model>common\misc\CM011\CM011.model</model>
        </node>
        <node>
           <name>MP_CM011_Fire_Fighting_Gear_INDEX_3</name>
           <model>common\misc\CM011\CM011.model</model>
        </node>
        <node>
           <name>MP_AM531_Stretcher</name>
           <model>usa\misc\AM531\AM531.model</model>
        </node>
        <node>
           <name>MP_AM200_Screened_speed_light</name>
           <model>usa\misc\AM200\AM200.model</model>
        </node>
        <node>
           <name>MP_AM176_Target_Desingnator</name>
           <model>usa\misc\AM176\AM176.model</model>
        </node>
        <node>
           <name>MP_AM176_Target_Desingnator_INDEX_1</name>
           <model>usa\misc\AM176\AM176.model</model>
        </node>
        <node>
           <name>MP_AM554_Speed_Light_Ctrl</name>
           <model>usa\misc\AM554\AM554.model</model>
        </node>
        <node>
           <name>MP_AM100_Spare_barrel_tube</name>
           <model>usa\misc\AM100\AM100.model</model>
        </node>
        <node>
           <name>MP_AM100_Spare_barrel_tube_INDEX_1</name>
           <model>usa\misc\AM100\AM100.model</model>
        </node>
        <node>
           <name>MP_AM157_Telephone</name>
           <model>usa\misc\AM157\AM157.model</model>
        </node>
        <node>
           <name>MP_AM157_Telephone_INDEX_1</name>
           <model>usa\misc\AM157\AM157.model</model>
        </node>
        <node>
           <name>MP_CM029_Emergency_Box</name>
           <model>common\misc\CM029\CM029.model</model>
        </node>
        <node>
           <name>MP_CM029_Emergency_Box_INDEX_1</name>
           <model>common\misc\CM029\CM029.model</model>
        </node>
        <node>
           <name>MP_AM157_Telephone_INDEX_2</name>
           <model>usa\misc\AM157\AM157.model</model>
        </node>
        <node>
           <name>MP_AM157_Telephone_INDEX_3</name>
           <model>usa\misc\AM157\AM157.model</model>
        </node>
        <node>
           <name>MP_AM442_Multipole_Switch</name>
           <model>usa\misc\AM442\AM442.model</model>
        </node>
        <node>
           <name>MP_AM442_Multipole_Switch_INDEX_1</name>
           <model>usa\misc\AM442\AM442.model</model>
        </node>
        <node>
           <name>MP_AM442_Multipole_Switch_INDEX_2</name>
           <model>usa\misc\AM442\AM442.model</model>
        </node>
        <node>
           <name>MP_AM442_Multipole_Switch_INDEX_3</name>
           <model>usa\misc\AM442\AM442.model</model>
        </node>
        <node>
           <name>MP_AM129_Turtles_box</name>
           <model>usa\misc\AM129\AM129.model</model>
        </node>
        <node>
           <name>MP_AM129_Turtles_box_INDEX_1</name>
           <model>usa\misc\AM129\AM129.model</model>
        </node>
        <node>
           <name>MP_AM129_Turtles_box_INDEX_2</name>
           <model>usa\misc\AM129\AM129.model</model>
        </node>
        <node>
           <name>MP_AM129_Turtles_box_INDEX_3</name>
           <model>usa\misc\AM129\AM129.model</model>
        </node>
        <node>
           <name>MP_AM442_Multipole_Switch_INDEX_4</name>
           <model>usa\misc\AM442\AM442.model</model>
        </node>
        <node>
           <name>MP_AM442_Multipole_Switch_INDEX_5</name>
           <model>usa\misc\AM442\AM442.model</model>
        </node>
        <node>
           <name>MP_CM029_Emergency_Box_INDEX_2</name>
           <model>common\misc\CM029\CM029.model</model>
        </node>
        <node>
           <name>MP_CM029_Emergency_Box_INDEX_3</name>
           <model>common\misc\CM029\CM029.model</model>
        </node>
        <node>
           <name>MP_CM029_Emergency_Box_INDEX_4</name>
           <model>common\misc\CM029\CM029.model</model>
        </node>
        <node>
           <name>MP_CM029_Emergency_Box_INDEX_5</name>
           <model>common\misc\CM029\CM029.model</model>
        </node>
        <node>
           <name>MP_CM029_Emergency_Box_INDEX_6</name>
           <model>common\misc\CM029\CM029.model</model>
        </node>
        <node>
           <name>MP_CM029_Emergency_Box_INDEX_7</name>
           <model>common\misc\CM029\CM029.model</model>
        </node>
        <node>
           <name>MP_AM442_Multipole_Switch_INDEX_6</name>
           <model>usa\misc\AM442\AM442.model</model>
        </node>
        <node>
           <name>MP_AM442_Multipole_Switch_INDEX_7</name>
           <model>usa\misc\AM442\AM442.model</model>
        </node>
        <node>
           <name>MP_AM442_Multipole_Switch_INDEX_8</name>
           <model>usa\misc\AM442\AM442.model</model>
        </node>
        <node>
           <name>MP_AM442_Multipole_Switch_INDEX_9</name>
           <model>usa\misc\AM442\AM442.model</model>
        </node>
        <node>
           <name>MP_AM442_Multipole_Switch_INDEX_10</name>
           <model>usa\misc\AM442\AM442.model</model>
        </node>
        <node>
           <name>MP_AM442_Multipole_Switch_INDEX_11</name>
           <model>usa\misc\AM442\AM442.model</model>
        </node>
        <node>
           <name>MP_AM442_Multipole_Switch_INDEX_12</name>
           <model>usa\misc\AM442\AM442.model</model>
        </node>
        <node>
           <name>MP_AM442_Multipole_Switch_INDEX_13</name>
           <model>usa\misc\AM442\AM442.model</model>
        </node>
        <node>
           <name>MP_AM442_Multipole_Switch_INDEX_14</name>
           <model>usa\misc\AM442\AM442.model</model>
        </node>
        <node>
           <name>MP_AM442_Multipole_Switch_INDEX_15</name>
           <model>usa\misc\AM442\AM442.model</model>
        </node>
        <node>
           <name>MP_AM442_Multipole_Switch_INDEX_16</name>
           <model>usa\misc\AM442\AM442.model</model>
        </node>
        <node>
           <name>MP_AM442_Multipole_Switch_INDEX_17</name>
           <model>usa\misc\AM442\AM442.model</model>
        </node>
        <node>
           <name>MP_AM442_Multipole_Switch_INDEX_18</name>
           <model>usa\misc\AM442\AM442.model</model>
        </node>
        <node>
           <name>MP_AM442_Multipole_Switch_INDEX_19</name>
           <model>usa\misc\AM442\AM442.model</model>
        </node>
        <node>
           <name>MP_CM012_Fire_Hose_Rack_1_INDEX_3</name>
           <model>common\misc\CM012\CM012.model</model>
        </node>
        <node>
           <name>MP_CM011_Fire_Fighting_Gear_INDEX_4</name>
           <model>common\misc\CM011\CM011.model</model>
        </node>
        <node>
           <name>MP_CM011_Fire_Fighting_Gear_INDEX_5</name>
           <model>common\misc\CM011\CM011.model</model>
        </node>
        <node>
           <name>MP_CM012_Fire_Hose_Rack_1_INDEX_4</name>
           <model>common\misc\CM012\CM012.model</model>
        </node>
        <node>
           <name>MP_AM164_Signal_Lamp_4</name>
           <model>usa\misc\AM164\AM164.model</model>
        </node>
        <node>
           <name>MP_AM164_Signal_Lamp_4_INDEX_1</name>
           <model>usa\misc\AM164\AM164.model</model>
        </node>
        <node>
           <name>MP_CM012_Fire_Hose_Rack_1_INDEX_5</name>
           <model>common\misc\CM012\CM012.model</model>
        </node>
        <node>
           <name>MP_CM011_Fire_Fighting_Gear_INDEX_6</name>
           <model>common\misc\CM011\CM011.model</model>
        </node>
        <node>
           <name>MP_AM443__Turret_Position_Indicator</name>
           <model>usa\misc\AM443\AM443.model</model>
        </node>
        <node>
           <name>MP_AM535_Elec_Panel</name>
           <model>usa\misc\AM535\AM535.model</model>
        </node>
        <node>
           <name>MP_AM157_Telephone_INDEX_4</name>
           <model>usa\misc\AM157\AM157.model</model>
        </node>
        <node>
           <name>MP_AM157_Telephone_INDEX_5</name>
           <model>usa\misc\AM157\AM157.model</model>
        </node>
        <node>
           <name>MP_AM442_Multipole_Switch_INDEX_20</name>
           <model>usa\misc\AM442\AM442.model</model>
        </node>
        <node>
           <name>MP_AM442_Multipole_Switch_INDEX_21</name>
           <model>usa\misc\AM442\AM442.model</model>
        </node>
        <node>
           <name>MP_CM029_Emergency_Box_INDEX_8</name>
           <model>common\misc\CM029\CM029.model</model>
        </node>
        <node>
           <name>MP_CM029_Emergency_Box_INDEX_9</name>
           <model>common\misc\CM029\CM029.model</model>
        </node>
        <node>
           <name>MP_AM465_Fire_Extinguisher</name>
           <model>usa\misc\AM465\AM465.model</model>
        </node>
        <node>
           <name>MP_AM465_Fire_Extinguisher_INDEX_1</name>
           <model>usa\misc\AM465\AM465.model</model>
        </node>
        <node>
           <name>MP_AM157_Telephone_INDEX_6</name>
           <model>usa\misc\AM157\AM157.model</model>
        </node>
        <node>
           <name>MP_AM157_Telephone_INDEX_7</name>
           <model>usa\misc\AM157\AM157.model</model>
        </node>
        <node>
           <name>MP_AM129_Turtles_box_INDEX_4</name>
           <model>usa\misc\AM129\AM129.model</model>
        </node>
        <node>
           <name>MP_AM129_Turtles_box_INDEX_5</name>
           <model>usa\misc\AM129\AM129.model</model>
        </node>
        <node>
           <name>MP_AM129_Turtles_box_INDEX_6</name>
           <model>usa\misc\AM129\AM129.model</model>
        </node>
        <node>
           <name>MP_AM129_Turtles_box_INDEX_7</name>
           <model>usa\misc\AM129\AM129.model</model>
        </node>
        <node>
           <name>MP_AM129_Turtles_box_INDEX_8</name>
           <model>usa\misc\AM129\AM129.model</model>
        </node>
        <node>
           <name>MP_AM129_Turtles_box_INDEX_9</name>
           <model>usa\misc\AM129\AM129.model</model>
        </node>
        <node>
           <name>MP_CM029_Emergency_Box_INDEX_10</name>
           <model>common\misc\CM029\CM029.model</model>
        </node>
        <node>
           <name>MP_AM433_MC_Box</name>
           <model>usa\misc\AM433\AM433.model</model>
        </node>
        <node>
           <name>MP_AM433_MC_Box_INDEX_1</name>
           <model>usa\misc\AM433\AM433.model</model>
        </node>
        <node>
           <name>MP_AM030_Ammunition_Box4</name>
           <model>usa\misc\AM030\AM030.model</model>
        </node>
        <node>
           <name>MP_AM030_Ammunition_Box4_INDEX_1</name>
           <model>usa\misc\AM030\AM030.model</model>
        </node>
        <node>
           <name>MP_AM030_Ammunition_Box4_INDEX_2</name>
           <model>usa\misc\AM030\AM030.model</model>
        </node>
        <node>
           <name>MP_AM030_Ammunition_Box4_INDEX_3</name>
           <model>usa\misc\AM030\AM030.model</model>
        </node>
        <node>
           <name>MP_AM030_Ammunition_Box4_INDEX_4</name>
           <model>usa\misc\AM030\AM030.model</model>
        </node>
        <node>
           <name>MP_AM030_Ammunition_Box4_INDEX_5</name>
           <model>usa\misc\AM030\AM030.model</model>
        </node>
        <node>
           <name>MP_AM030_Ammunition_Box4_INDEX_6</name>
           <model>usa\misc\AM030\AM030.model</model>
        </node>
        <node>
           <name>MP_AM030_Ammunition_Box4_INDEX_7</name>
           <model>usa\misc\AM030\AM030.model</model>
        </node>
        <node>
           <name>MP_AM030_Ammunition_Box4_INDEX_8</name>
           <model>usa\misc\AM030\AM030.model</model>
        </node>
        <node>
           <name>MP_AM030_Ammunition_Box4_INDEX_9</name>
           <model>usa\misc\AM030\AM030.model</model>
        </node>
        <node>
           <name>MP_AM469_Filling_connection_INDEX_2</name>
           <model>usa\misc\AM469\AM469.model</model>
        </node>
        <node>
           <name>MP_AM469_Filling_connection_INDEX_3</name>
           <model>usa\misc\AM469\AM469.model</model>
        </node>
        <node>
           <name>MP_AM059_Boat_5_INDEX_2</name>
           <model>usa\misc\AM059\AM059.model</model>
        </node>
        <node>
           <name>MP_AM059_Boat_5_INDEX_3</name>
           <model>usa\misc\AM059\AM059.model</model>
        </node>
        <node>
           <name>MP_AM059_Boat_5_INDEX_4</name>
           <model>usa\misc\AM059\AM059.model</model>
        </node>
        <node>
           <name>MP_AM059_Boat_5_INDEX_5</name>
           <model>usa\misc\AM059\AM059.model</model>
        </node>
        <node>
           <name>HP_flag_nation</name>
           <model>usa\misc\AM032\AM032.model</model>
        </node>
        <node>
           <name>HP_Smoke_2</name>
           <model>UNKNOWN_ITEM</model>
        </node>
        <node>
           <name>HP_Fire_Burn_3</name>
           <model>UNKNOWN_ITEM</model>
        </node>
    </midback>
    <stern>
      <model>usa\ship\battleship\ASB027_Iowa_1943\ASB027_Iowa_1943_Stern_ports.model</model>
        <node>
           <name>HP_AC_1</name>
           <model>usa\catapult\AC002_Catapult_2\AC002_Catapult_2.model</model>
        </node>
        <node>
           <name>HP_AC_2</name>
           <model>usa\catapult\AC002_Catapult_2\AC002_Catapult_2.model</model>
        </node>
        <node>
           <name>HP_AD_27</name>
           <model>usa\director\AD003_Director_Mk51\AD003_Director_Mk51.model</model>
        </node>
        <node>
           <name>HP_AD_28</name>
           <model>usa\director\AD003_Director_Mk51\AD003_Director_Mk51.model</model>
        </node>
        <node>
           <name>HP_AGA_29</name>
           <model>usa\gun\aaircraft\AGA003_20mm_Oerlikon_MK4\AGA003_20mm_Oerlikon_MK4.model</model>
        </node>
        <node>
           <name>HP_AGA_30</name>
           <model>usa\gun\aaircraft\AGA003_20mm_Oerlikon_MK4\AGA003_20mm_Oerlikon_MK4.model</model>
        </node>
        <node>
           <name>HP_AGA_31</name>
           <model>usa\gun\aaircraft\AGA003_20mm_Oerlikon_MK4\AGA003_20mm_Oerlikon_MK4.model</model>
        </node>
        <node>
           <name>HP_AGA_32</name>
           <model>usa\gun\aaircraft\AGA003_20mm_Oerlikon_MK4\AGA003_20mm_Oerlikon_MK4.model</model>
        </node>
        <node>
           <name>HP_AGA_33</name>
           <model>usa\gun\aaircraft\AGA003_20mm_Oerlikon_MK4\AGA003_20mm_Oerlikon_MK4.model</model>
        </node>
        <node>
           <name>HP_AGA_34</name>
           <model>usa\gun\aaircraft\AGA002_40mm_Bofors_Mk1\AGA002_40mm_Bofors_Mk1.model</model>
        </node>
        <node>
           <name>HP_AGA_35</name>
           <model>usa\gun\aaircraft\AGA002_40mm_Bofors_Mk1\AGA002_40mm_Bofors_Mk1.model</model>
        </node>
        <node>
           <name>HP_AGM_3</name>
           <model>usa\gun\main\AGM034_16in50_Mk7\AGM034_16in50_Mk7.model</model>
        </node>
        <node>
           <name>MP_CM003_Propeller5_L</name>
           <model>common\misc\CM003\CM003.model</model>
        </node>
        <node>
           <name>MP_AM004_Fairlead_2</name>
           <model>usa\misc\AM004\AM004.model</model>
        </node>
        <node>
           <name>MP_AM004_Fairlead_2_INDEX_1</name>
           <model>usa\misc\AM004\AM004.model</model>
        </node>
        <node>
           <name>MP_AM004_Fairlead_2_INDEX_2</name>
           <model>usa\misc\AM004\AM004.model</model>
        </node>
        <node>
           <name>MP_AM004_Fairlead_2_INDEX_3</name>
           <model>usa\misc\AM004\AM004.model</model>
        </node>
        <node>
           <name>MP_AM004_Fairlead_2_INDEX_4</name>
           <model>usa\misc\AM004\AM004.model</model>
        </node>
        <node>
           <name>MP_AM004_Fairlead_2_INDEX_5</name>
           <model>usa\misc\AM004\AM004.model</model>
        </node>
        <node>
           <name>MP_AM004_Fairlead_2_INDEX_6</name>
           <model>usa\misc\AM004\AM004.model</model>
        </node>
        <node>
           <name>MP_AM004_Fairlead_2_INDEX_7</name>
           <model>usa\misc\AM004\AM004.model</model>
        </node>
        <node>
           <name>MP_AM004_Fairlead_2_INDEX_8</name>
           <model>usa\misc\AM004\AM004.model</model>
        </node>
        <node>
           <name>MP_AM004_Fairlead_2_INDEX_9</name>
           <model>usa\misc\AM004\AM004.model</model>
        </node>
        <node>
           <name>MP_AM004_Fairlead_2_INDEX_10</name>
           <model>usa\misc\AM004\AM004.model</model>
        </node>
        <node>
           <name>MP_AM001_Bollard_2</name>
           <model>usa\misc\AM001\AM001.model</model>
        </node>
        <node>
           <name>MP_AM001_Bollard_2_INDEX_1</name>
           <model>usa\misc\AM001\AM001.model</model>
        </node>
        <node>
           <name>MP_AM001_Bollard_2_INDEX_2</name>
           <model>usa\misc\AM001\AM001.model</model>
        </node>
        <node>
           <name>MP_AM001_Bollard_2_INDEX_3</name>
           <model>usa\misc\AM001\AM001.model</model>
        </node>
        <node>
           <name>MP_AM001_Bollard_2_INDEX_4</name>
           <model>usa\misc\AM001\AM001.model</model>
        </node>
        <node>
           <name>MP_AM044_Boat_Winch</name>
           <model>usa\misc\AM044\AM044.model</model>
        </node>
        <node>
           <name>MP_AM044_Boat_Winch_INDEX_1</name>
           <model>usa\misc\AM044\AM044.model</model>
        </node>
        <node>
           <name>MP_AM020_Ventilators_2</name>
           <model>usa\misc\AM020\AM020.model</model>
        </node>
        <node>
           <name>MP_AM001_Bollard_2_INDEX_5</name>
           <model>usa\misc\AM001\AM001.model</model>
        </node>
        <node>
           <name>MP_AM023_Hatch_1</name>
           <model>usa\misc\AM023\AM023.model</model>
        </node>
        <node>
           <name>MP_AM141_Hatch_6</name>
           <model>usa\misc\AM141\AM141.model</model>
        </node>
        <node>
           <name>MP_AM022_Ventilators_4</name>
           <model>usa\misc\AM022\AM022.model</model>
        </node>
        <node>
           <name>MP_AM076_Aircfaft_Crane_1</name>
           <model>usa\misc\AM076\AM076.model</model>
        </node>
        <node>
           <name>MP_AM078_Crane_Control_Wheel</name>
           <model>usa\misc\AM078\AM078.model</model>
        </node>
        <node>
           <name>MP_AM023_Hatch_1_INDEX_1</name>
           <model>usa\misc\AM023\AM023.model</model>
        </node>
        <node>
           <name>MP_AM023_Hatch_1_INDEX_2</name>
           <model>usa\misc\AM023\AM023.model</model>
        </node>
        <node>
           <name>MP_AM024_Hatch_2</name>
           <model>usa\misc\AM024\AM024.model</model>
        </node>
        <node>
           <name>MP_AM024_Hatch_2_INDEX_1</name>
           <model>usa\misc\AM024\AM024.model</model>
        </node>
        <node>
           <name>MP_AM088_Capstan_1</name>
           <model>usa\misc\AM088\AM088.model</model>
        </node>
        <node>
           <name>MP_AM021_Ventilators_3</name>
           <model>usa\misc\AM021\AM021.model</model>
        </node>
        <node>
           <name>MP_AM004_Fairlead_2_INDEX_11</name>
           <model>usa\misc\AM004\AM004.model</model>
        </node>
        <node>
           <name>MP_AM022_Ventilators_4_INDEX_1</name>
           <model>usa\misc\AM022\AM022.model</model>
        </node>
        <node>
           <name>MP_AM022_Ventilators_4_INDEX_2</name>
           <model>usa\misc\AM022\AM022.model</model>
        </node>
        <node>
           <name>MP_AM022_Ventilators_4_INDEX_3</name>
           <model>usa\misc\AM022\AM022.model</model>
        </node>
        <node>
           <name>MP_AM108_Reels_4</name>
           <model>usa\misc\AM108\AM108.model</model>
        </node>
        <node>
           <name>MP_AM020_Ventilators_2_INDEX_1</name>
           <model>usa\misc\AM020\AM020.model</model>
        </node>
        <node>
           <name>MP_AM023_Hatch_1_INDEX_3</name>
           <model>usa\misc\AM023\AM023.model</model>
        </node>
        <node>
           <name>MP_AM023_Hatch_1_INDEX_4</name>
           <model>usa\misc\AM023\AM023.model</model>
        </node>
        <node>
           <name>MP_AM020_Ventilators_2_INDEX_2</name>
           <model>usa\misc\AM020\AM020.model</model>
        </node>
        <node>
           <name>MP_AM148_Hatch_8</name>
           <model>usa\misc\AM148\AM148.model</model>
        </node>
        <node>
           <name>MP_AM021_Ventilators_3_INDEX_1</name>
           <model>usa\misc\AM021\AM021.model</model>
        </node>
        <node>
           <name>MP_AM021_Ventilators_3_INDEX_2</name>
           <model>usa\misc\AM021\AM021.model</model>
        </node>
        <node>
           <name>MP_AM108_Reels_4_INDEX_1</name>
           <model>usa\misc\AM108\AM108.model</model>
        </node>
        <node>
           <name>MP_AM023_Hatch_1_INDEX_5</name>
           <model>usa\misc\AM023\AM023.model</model>
        </node>
        <node>
           <name>MP_AM023_Hatch_1_INDEX_6</name>
           <model>usa\misc\AM023\AM023.model</model>
        </node>
        <node>
           <name>MP_AM023_Hatch_1_INDEX_7</name>
           <model>usa\misc\AM023\AM023.model</model>
        </node>
        <node>
           <name>MP_AM023_Hatch_1_INDEX_8</name>
           <model>usa\misc\AM023\AM023.model</model>
        </node>
        <node>
           <name>MP_AM101_Cooling_tube</name>
           <model>usa\misc\AM101\AM101.model</model>
        </node>
        <node>
           <name>MP_CM002_Propeller4_L</name>
           <model>common\misc\CM002\CM002.model</model>
        </node>
        <node>
           <name>MP_CM033_Propeller4_R</name>
           <model>common\misc\CM033\CM033.model</model>
        </node>
        <node>
           <name>MP_CM034_Propeller5_R</name>
           <model>common\misc\CM034\CM034.model</model>
        </node>
        <node>
           <name>MP_AM074_Floater_Net_Basket_2</name>
           <model>usa\misc\AM074\AM074.model</model>
        </node>
        <node>
           <name>MP_AM074_Floater_Net_Basket_2_INDEX_1</name>
           <model>usa\misc\AM074\AM074.model</model>
        </node>
        <node>
           <name>MP_AM074_Floater_Net_Basket_2_INDEX_2</name>
           <model>usa\misc\AM074\AM074.model</model>
        </node>
        <node>
           <name>MP_AM074_Floater_Net_Basket_2_INDEX_3</name>
           <model>usa\misc\AM074\AM074.model</model>
        </node>
        <node>
           <name>MP_AM055_Boat_1</name>
           <model>usa\misc\AM055\AM055.model</model>
        </node>
        <node>
           <name>MP_AM055_Boat_1_INDEX_1</name>
           <model>usa\misc\AM055\AM055.model</model>
        </node>
        <node>
           <name>MP_AM055_Boat_1_INDEX_2</name>
           <model>usa\misc\AM055\AM055.model</model>
        </node>
        <node>
           <name>MP_AM055_Boat_1_INDEX_3</name>
           <model>usa\misc\AM055\AM055.model</model>
        </node>
        <node>
           <name>MP_AM055_Boat_1_INDEX_4</name>
           <model>usa\misc\AM055\AM055.model</model>
        </node>
        <node>
           <name>MP_AM055_Boat_1_INDEX_5</name>
           <model>usa\misc\AM055\AM055.model</model>
        </node>
        <node>
           <name>MP_AM055_Boat_1_INDEX_6</name>
           <model>usa\misc\AM055\AM055.model</model>
        </node>
        <node>
           <name>MP_AM055_Boat_1_INDEX_7</name>
           <model>usa\misc\AM055\AM055.model</model>
        </node>
        <node>
           <name>MP_AM055_Boat_1_INDEX_8</name>
           <model>usa\misc\AM055\AM055.model</model>
        </node>
        <node>
           <name>MP_AM055_Boat_1_INDEX_9</name>
           <model>usa\misc\AM055\AM055.model</model>
        </node>
        <node>
           <name>MP_AM055_Boat_1_INDEX_10</name>
           <model>usa\misc\AM055\AM055.model</model>
        </node>
        <node>
           <name>MP_AM055_Boat_1_INDEX_11</name>
           <model>usa\misc\AM055\AM055.model</model>
        </node>
        <node>
           <name>MP_CM004_Barbette_Out</name>
           <model>common\misc\CM004\CM004.model</model>
        </node>
        <node>
           <name>MP_AM021_Ventilators_3_INDEX_3</name>
           <model>usa\misc\AM021\AM021.model</model>
        </node>
        <node>
           <name>MP_AM214_Ventilation</name>
           <model>usa\misc\AM214\AM214.model</model>
        </node>
        <node>
           <name>MP_AM023_Hatch_1_INDEX_9</name>
           <model>usa\misc\AM023\AM023.model</model>
        </node>
        <node>
           <name>MP_AM212_Ventilation</name>
           <model>usa\misc\AM212\AM212.model</model>
        </node>
        <node>
           <name>MP_AM046_Running_Lights_B</name>
           <model>usa\misc\AM046\AM046.model</model>
        </node>
        <node>
           <name>MP_AM046_Running_Lights_B_INDEX_1</name>
           <model>usa\misc\AM046\AM046.model</model>
        </node>
        <node>
           <name>MP_AM049_Signal_Lamp_1</name>
           <model>usa\misc\AM049\AM049.model</model>
        </node>
        <node>
           <name>MP_AM214_Ventilation_INDEX_1</name>
           <model>usa\misc\AM214\AM214.model</model>
        </node>
        <node>
           <name>MP_AM100_Spare_barrel_tube</name>
           <model>usa\misc\AM100\AM100.model</model>
        </node>
        <node>
           <name>MP_AM100_Spare_barrel_tube_INDEX_1</name>
           <model>usa\misc\AM100\AM100.model</model>
        </node>
        <node>
           <name>MP_AM100_Spare_barrel_tube_INDEX_2</name>
           <model>usa\misc\AM100\AM100.model</model>
        </node>
        <node>
           <name>MP_AM100_Spare_barrel_tube_INDEX_3</name>
           <model>usa\misc\AM100\AM100.model</model>
        </node>
        <node>
           <name>MP_AM100_Spare_barrel_tube_INDEX_4</name>
           <model>usa\misc\AM100\AM100.model</model>
        </node>
        <node>
           <name>MP_AM129_Turtles_box</name>
           <model>usa\misc\AM129\AM129.model</model>
        </node>
        <node>
           <name>MP_AM129_Turtles_box_INDEX_1</name>
           <model>usa\misc\AM129\AM129.model</model>
        </node>
        <node>
           <name>MP_AM129_Turtles_box_INDEX_2</name>
           <model>usa\misc\AM129\AM129.model</model>
        </node>
        <node>
           <name>MP_AM030_Ammunition_Box4</name>
           <model>usa\misc\AM030\AM030.model</model>
        </node>
        <node>
           <name>MP_AM030_Ammunition_Box4_INDEX_1</name>
           <model>usa\misc\AM030\AM030.model</model>
        </node>
        <node>
           <name>MP_AM030_Ammunition_Box4_INDEX_2</name>
           <model>usa\misc\AM030\AM030.model</model>
        </node>
        <node>
           <name>MP_AM030_Ammunition_Box4_INDEX_3</name>
           <model>usa\misc\AM030\AM030.model</model>
        </node>
        <node>
           <name>MP_AM030_Ammunition_Box4_INDEX_4</name>
           <model>usa\misc\AM030\AM030.model</model>
        </node>
        <node>
           <name>MP_AM030_Ammunition_Box4_INDEX_5</name>
           <model>usa\misc\AM030\AM030.model</model>
        </node>
        <node>
           <name>MP_AM030_Ammunition_Box4_INDEX_6</name>
           <model>usa\misc\AM030\AM030.model</model>
        </node>
        <node>
           <name>MP_AM030_Ammunition_Box4_INDEX_7</name>
           <model>usa\misc\AM030\AM030.model</model>
        </node>
        <node>
           <name>MP_AM030_Ammunition_Box4_INDEX_8</name>
           <model>usa\misc\AM030\AM030.model</model>
        </node>
        <node>
           <name>MP_AM030_Ammunition_Box4_INDEX_9</name>
           <model>usa\misc\AM030\AM030.model</model>
        </node>
        <node>
           <name>MP_AM030_Ammunition_Box4_INDEX_10</name>
           <model>usa\misc\AM030\AM030.model</model>
        </node>
        <node>
           <name>MP_AM030_Ammunition_Box4_INDEX_11</name>
           <model>usa\misc\AM030\AM030.model</model>
        </node>
        <node>
           <name>MP_AM030_Ammunition_Box4_INDEX_12</name>
           <model>usa\misc\AM030\AM030.model</model>
        </node>
        <node>
           <name>MP_AM608_Wake_Light</name>
           <model>usa\misc\AM608\AM608.model</model>
        </node>
        <node>
           <name>MP_AM101_Cooling_tube_INDEX_1</name>
           <model>usa\misc\AM101\AM101.model</model>
        </node>
        <node>
           <name>MP_AM101_Cooling_tube_INDEX_2</name>
           <model>usa\misc\AM101\AM101.model</model>
        </node>
        <node>
           <name>MP_AM022_Ventilators_4_INDEX_4</name>
           <model>usa\misc\AM022\AM022.model</model>
        </node>
        <node>
           <name>MP_AM006_Reels_1</name>
           <model>usa\misc\AM006\AM006.model</model>
        </node>
        <node>
           <name>MP_AM006_Reels_1_INDEX_1</name>
           <model>usa\misc\AM006\AM006.model</model>
        </node>
        <node>
           <name>HP_Fire_Burn_4</name>
           <model>UNKNOWN_ITEM</model>
        </node>
    </stern>
  </sections>
</ASB027_Iowa_1943.xml>
