<ASD013_Gearing_1945.xml>
  <sections>
    <bow>
      <model>usa\ship\destroyer\ASD013_Gearing_1945\ASD013_Gearing_1945_bow_ports.model</model>
        <node>
           <name>MP_AM004ASD013Bow_0_0</name>
           <model>usa\misc\AM004ASD013Bow\AM004ASD013Bow.model</model>
        </node>
        <node>
           <name>MP_AM005ASD013Bow_0_0</name>
           <model>usa\misc\AM005ASD013Bow\AM005ASD013Bow.model</model>
        </node>
        <node>
           <name>MP_AM022_Ventilators_4</name>
           <model>usa\misc\AM022\AM022.model</model>
        </node>
        <node>
           <name>MP_CM004_Barbette_Out</name>
           <model>common\misc\CM004\CM004.model</model>
        </node>
        <node>
           <name>MP_CM006ASD013Bow_0_0</name>
           <model>common\misc\CM006ASD013Bow\CM006ASD013Bow.model</model>
        </node>
        <node>
           <name>MP_AM068_Hatch_3</name>
           <model>usa\misc\AM068\AM068.model</model>
        </node>
        <node>
           <name>MP_AM049_Signal_Lamp_1</name>
           <model>usa\misc\AM049\AM049.model</model>
        </node>
        <node>
           <name>MP_AM026_Break_Handwheel_1</name>
           <model>usa\misc\AM026\AM026.model</model>
        </node>
        <node>
           <name>HP_AGM_1</name>
           <model>usa\gun\secondary\AGS011_5in38_Mk38_Mod0\AGS011_5in38_Mk38_Mod0.model</model>
        </node>
        <node>
           <name>HP_Fire_Burn_1</name>
           <model>UNKNOWN_ITEM</model>
        </node>
    </bow>
    <midfront>
      <model>usa\ship\destroyer\ASD013_Gearing_1945\ASD013_Gearing_1945_MidFront_ports.model</model>
        <node>
           <name>MP_AM074ASD013MidFront_0_0</name>
           <model>usa\misc\AM074ASD013MidFront\AM074ASD013MidFront.model</model>
        </node>
        <node>
           <name>MP_AM070_Loading_Machine</name>
           <model>usa\misc\AM070\AM070.model</model>
        </node>
        <node>
           <name>MP_CM010_Fire_Hose_Reel</name>
           <model>common\misc\CM010\CM010.model</model>
        </node>
        <node>
           <name>MP_CM004ASD013MidFront_0_0</name>
           <model>common\misc\CM004ASD013MidFront\CM004ASD013MidFront.model</model>
        </node>
        <node>
           <name>MP_CM011ASD013MidFront_0_0</name>
           <model>common\misc\CM011ASD013MidFront\CM011ASD013MidFront.model</model>
        </node>
        <node>
           <name>MP_CM013ASD013MidFront_0_0</name>
           <model>common\misc\CM013ASD013MidFront\CM013ASD013MidFront.model</model>
        </node>
        <node>
           <name>MP_AM064_Wind_Intensity</name>
           <model>usa\misc\AM064\AM064.model</model>
        </node>
        <node>
           <name>MP_AM030ASD013MidFront_0_0</name>
           <model>usa\misc\AM030ASD013MidFront\AM030ASD013MidFront.model</model>
        </node>
        <node>
           <name>MP_AM004ASD013MidFront_0_0</name>
           <model>usa\misc\AM004ASD013MidFront\AM004ASD013MidFront.model</model>
        </node>
        <node>
           <name>MP_AM132ASD013MidFront_0_0</name>
           <model>usa\misc\AM132ASD013MidFront\AM132ASD013MidFront.model</model>
        </node>
        <node>
           <name>MP_AM050ASD013MidFront_0_0</name>
           <model>usa\misc\AM050ASD013MidFront\AM050ASD013MidFront.model</model>
        </node>
        <node>
           <name>MP_AM073ASD013MidFront_0_0</name>
           <model>usa\misc\AM073ASD013MidFront\AM073ASD013MidFront.model</model>
        </node>
        <node>
           <name>MP_AM048_Running_Lights_L</name>
           <model>usa\misc\AM048\AM048.model</model>
        </node>
        <node>
           <name>MP_AM085_TBS_Antenna</name>
           <model>usa\misc\AM085\AM085.model</model>
        </node>
        <node>
           <name>MP_AM066ASD013MidFront_0_0</name>
           <model>usa\misc\AM066ASD013MidFront\AM066ASD013MidFront.model</model>
        </node>
        <node>
           <name>MP_AM099ASD013MidFront_0_0</name>
           <model>usa\misc\AM099ASD013MidFront\AM099ASD013MidFront.model</model>
        </node>
        <node>
           <name>MP_AM114_Freon_Cylinder_acetylene</name>
           <model>usa\misc\AM114\AM114.model</model>
        </node>
        <node>
           <name>MP_AM006_Reels_1</name>
           <model>usa\misc\AM006\AM006.model</model>
        </node>
        <node>
           <name>MP_AM055ASD013MidFront_0_0</name>
           <model>usa\misc\AM055ASD013MidFront\AM055ASD013MidFront.model</model>
        </node>
        <node>
           <name>MP_AM063_Wind_Direction</name>
           <model>usa\misc\AM063\AM063.model</model>
        </node>
        <node>
           <name>MP_CM009ASD013MidFront_0_0</name>
           <model>common\misc\CM009ASD013MidFront\CM009ASD013MidFront.model</model>
        </node>
        <node>
           <name>MP_AM065ASD013MidFront_0_0</name>
           <model>usa\misc\AM065ASD013MidFront\AM065ASD013MidFront.model</model>
        </node>
        <node>
           <name>MP_AM046ASD013MidFront_0_0</name>
           <model>usa\misc\AM046ASD013MidFront\AM046ASD013MidFront.model</model>
        </node>
        <node>
           <name>MP_AM010_Speaker_1</name>
           <model>usa\misc\AM010\AM010.model</model>
        </node>
        <node>
           <name>MP_AM105ASD013MidFront_0_0</name>
           <model>usa\misc\AM105ASD013MidFront\AM105ASD013MidFront.model</model>
        </node>
        <node>
           <name>MP_AM062ASD013MidFront_0_0</name>
           <model>usa\misc\AM062ASD013MidFront\AM062ASD013MidFront.model</model>
        </node>
        <node>
           <name>MP_CM014_Fuel_Oil_Hose</name>
           <model>common\misc\CM014\CM014.model</model>
        </node>
        <node>
           <name>MP_AM005ASD013MidFront_0_0</name>
           <model>usa\misc\AM005ASD013MidFront\AM005ASD013MidFront.model</model>
        </node>
        <node>
           <name>MP_AM007_Reels_2</name>
           <model>usa\misc\AM007\AM007.model</model>
        </node>
        <node>
           <name>MP_AM047_Running_Lights_R</name>
           <model>usa\misc\AM047\AM047.model</model>
        </node>
        <node>
           <name>MP_AM067_Speaker_2</name>
           <model>usa\misc\AM067\AM067.model</model>
        </node>
        <node>
           <name>MP_AM104_Hatch_5</name>
           <model>usa\misc\AM104\AM104.model</model>
        </node>
        <node>
           <name>HP_AD_1</name>
           <model>usa\director\AD001_Director_Mk37\AD001_Director_Mk37.model</model>
        </node>
        <node>
           <name>HP_AGA_1</name>
           <model>usa\gun\aaircraft\AGA003_20mm_Oerlikon_MK4\AGA003_20mm_Oerlikon_MK4.model</model>
        </node>
        <node>
           <name>HP_AGA_2</name>
           <model>usa\gun\aaircraft\AGA003_20mm_Oerlikon_MK4\AGA003_20mm_Oerlikon_MK4.model</model>
        </node>
        <node>
           <name>HP_AGA_3</name>
           <model>usa\gun\aaircraft\AGA003_20mm_Oerlikon_MK4\AGA003_20mm_Oerlikon_MK4.model</model>
        </node>
        <node>
           <name>HP_AGA_4</name>
           <model>usa\gun\aaircraft\AGA003_20mm_Oerlikon_MK4\AGA003_20mm_Oerlikon_MK4.model</model>
        </node>
        <node>
           <name>HP_AGA_5</name>
           <model>usa\gun\aaircraft\AGA002_40mm_Bofors_Mk1\AGA002_40mm_Bofors_Mk1.model</model>
        </node>
        <node>
           <name>HP_AGA_6</name>
           <model>usa\gun\aaircraft\AGA002_40mm_Bofors_Mk1\AGA002_40mm_Bofors_Mk1.model</model>
        </node>
        <node>
           <name>HP_AGM_2</name>
           <model>usa\gun\secondary\AGS011_5in38_Mk38_Mod0\AGS011_5in38_Mk38_Mod0.model</model>
        </node>
        <node>
           <name>HP_AGT_1</name>
           <model>usa\gun\torpedo\AGT004_21in_MK14_Torpedo_Tubes\AGT004_21in_MK14_Torpedo_Tubes.model</model>
        </node>
        <node>
           <name>HP_ARS_1</name>
           <model>usa\radar\search\ARS004_Radar_SG\ARS004_Radar_SG.model</model>
        </node>
        <node>
           <name>HP_ARS_2</name>
           <model>usa\radar\search\ARS005_Radar_SC2\ARS005_Radar_SC2.model</model>
        </node>
        <node>
           <name>HP_flag_1</name>
           <model>usa\misc\AM032\AM032.model</model>
        </node>
        <node>
           <name>HP_flag_2</name>
           <model>usa\misc\AM032\AM032.model</model>
        </node>
        <node>
           <name>HP_flag_3</name>
           <model>usa\misc\AM032\AM032.model</model>
        </node>
        <node>
           <name>HP_flag_4</name>
           <model>usa\misc\AM032\AM032.model</model>
        </node>
        <node>
           <name>HP_flag_nation</name>
           <model>usa\misc\AM032\AM032.model</model>
        </node>
        <node>
           <name>HP_Smoke_1</name>
           <model>UNKNOWN_ITEM</model>
        </node>
        <node>
           <name>HP_NoseWave_Speed</name>
           <model>UNKNOWN_ITEM</model>
        </node>
        <node>
           <name>HP_Fire_Burn_2</name>
           <model>UNKNOWN_ITEM</model>
        </node>
    </midfront>
    <midback>
      <model>usa\ship\destroyer\ASD013_Gearing_1945\ASD013_Gearing_1945_MidBack_ports.model</model>
        <node>
           <name>MP_AM004ASD013MidBack_0_0</name>
           <model>usa\misc\AM004ASD013MidBack\AM004ASD013MidBack.model</model>
        </node>
        <node>
           <name>MP_CM017ASD013MidBack_0_0</name>
           <model>common\misc\CM017ASD013MidBack\CM017ASD013MidBack.model</model>
        </node>
        <node>
           <name>MP_AM030ASD013MidBack_0_0</name>
           <model>usa\misc\AM030ASD013MidBack\AM030ASD013MidBack.model</model>
        </node>
        <node>
           <name>MP_AM013ASD013MidBack_0_0</name>
           <model>usa\misc\AM013ASD013MidBack\AM013ASD013MidBack.model</model>
        </node>
        <node>
           <name>MP_AM080ASD013MidBack_0_0</name>
           <model>usa\misc\AM080ASD013MidBack\AM080ASD013MidBack.model</model>
        </node>
        <node>
           <name>MP_AM012ASD013MidBack_0_0</name>
           <model>usa\misc\AM012ASD013MidBack\AM012ASD013MidBack.model</model>
        </node>
        <node>
           <name>MP_AM139ASD013MidBack_0_0</name>
           <model>usa\misc\AM139ASD013MidBack\AM139ASD013MidBack.model</model>
        </node>
        <node>
           <name>MP_AM055ASD013MidBack_0_0</name>
           <model>usa\misc\AM055ASD013MidBack\AM055ASD013MidBack.model</model>
        </node>
        <node>
           <name>MP_CM011ASD013MidBack_0_0</name>
           <model>common\misc\CM011ASD013MidBack\CM011ASD013MidBack.model</model>
        </node>
        <node>
           <name>MP_AM070_Loading_Machine</name>
           <model>usa\misc\AM070\AM070.model</model>
        </node>
        <node>
           <name>MP_AM037_Searchlight_900mm</name>
           <model>usa\misc\AM037\AM037.model</model>
        </node>
        <node>
           <name>MP_AM091_Whaleboat_26ft</name>
           <model>usa\misc\AM091\AM091.model</model>
        </node>
        <node>
           <name>MP_AM114ASD013MidBack_0_0</name>
           <model>usa\misc\AM114ASD013MidBack\AM114ASD013MidBack.model</model>
        </node>
        <node>
           <name>MP_AM069ASD013MidBack_0_0</name>
           <model>usa\misc\AM069ASD013MidBack\AM069ASD013MidBack.model</model>
        </node>
        <node>
           <name>MP_AM129_Turtles_box</name>
           <model>usa\misc\AM129\AM129.model</model>
        </node>
        <node>
           <name>MP_AM016ASD013MidBack_0_0</name>
           <model>usa\misc\AM016ASD013MidBack\AM016ASD013MidBack.model</model>
        </node>
        <node>
           <name>MP_AM073_Floater_Net_Basket_1</name>
           <model>usa\misc\AM073\AM073.model</model>
        </node>
        <node>
           <name>MP_CM009_Life_Buoy_2</name>
           <model>common\misc\CM009\CM009.model</model>
        </node>
        <node>
           <name>MP_AM074_Floater_Net_Basket_2</name>
           <model>usa\misc\AM074\AM074.model</model>
        </node>
        <node>
           <name>MP_AM130_Acetylen_Cylinder</name>
           <model>usa\misc\AM130\AM130.model</model>
        </node>
        <node>
           <name>MP_AM065_Ammunition_Box_6</name>
           <model>usa\misc\AM065\AM065.model</model>
        </node>
        <node>
           <name>MP_CM012ASD013MidBack_0_0</name>
           <model>common\misc\CM012ASD013MidBack\CM012ASD013MidBack.model</model>
        </node>
        <node>
           <name>MP_AM099ASD013MidBack_0_0</name>
           <model>usa\misc\AM099ASD013MidBack\AM099ASD013MidBack.model</model>
        </node>
        <node>
           <name>MP_AM104_Hatch_5</name>
           <model>usa\misc\AM104\AM104.model</model>
        </node>
        <node>
           <name>HP_AD_2</name>
           <model>usa\director\AD003_Director_Mk51\AD003_Director_Mk51.model</model>
        </node>
        <node>
           <name>HP_AD_3</name>
           <model>usa\director\AD003_Director_Mk51\AD003_Director_Mk51.model</model>
        </node>
        <node>
           <name>HP_AD_4</name>
           <model>usa\director\AD035_Torpedo_Director_27\AD035_Torpedo_Director_27.model</model>
        </node>
        <node>
           <name>HP_AGA_7</name>
           <model>usa\gun\aaircraft\AGA003_20mm_Oerlikon_MK4\AGA003_20mm_Oerlikon_MK4.model</model>
        </node>
        <node>
           <name>HP_AGA_8</name>
           <model>usa\gun\aaircraft\AGA003_20mm_Oerlikon_MK4\AGA003_20mm_Oerlikon_MK4.model</model>
        </node>
        <node>
           <name>HP_AGA_9</name>
           <model>usa\gun\aaircraft\AGA008_40mm_Bofors_Mk2\AGA008_40mm_Bofors_Mk2.model</model>
        </node>
        <node>
           <name>HP_AGA_10</name>
           <model>usa\gun\aaircraft\AGA003_20mm_Oerlikon_MK4\AGA003_20mm_Oerlikon_MK4.model</model>
        </node>
        <node>
           <name>HP_AGA_11</name>
           <model>usa\gun\aaircraft\AGA003_20mm_Oerlikon_MK4\AGA003_20mm_Oerlikon_MK4.model</model>
        </node>
        <node>
           <name>HP_AGA_12</name>
           <model>usa\gun\aaircraft\AGA008_40mm_Bofors_Mk2\AGA008_40mm_Bofors_Mk2.model</model>
        </node>
        <node>
           <name>HP_AGA_13</name>
           <model>usa\gun\aaircraft\AGA003_20mm_Oerlikon_MK4\AGA003_20mm_Oerlikon_MK4.model</model>
        </node>
        <node>
           <name>HP_ARS_3</name>
           <model>usa\radar\search\ARS033_Radar_SF\ARS033_Radar_SF.model</model>
        </node>
        <node>
           <name>HP_ARS_4</name>
           <model>usa\radar\search\ARS033_Radar_SF\ARS033_Radar_SF.model</model>
        </node>
        <node>
           <name>HP_Smoke_2</name>
           <model>UNKNOWN_ITEM</model>
        </node>
    </midback>
    <stern>
      <model>usa\ship\destroyer\ASD013_Gearing_1945\ASD013_Gearing_1945_Stern_ports.model</model>
        <node>
           <name>MP_AM101ASD013Stern_0_0</name>
           <model>usa\misc\AM101ASD013Stern\AM101ASD013Stern.model</model>
        </node>
        <node>
           <name>MP_AM106ASD013Stern_0_0</name>
           <model>usa\misc\AM106ASD013Stern\AM106ASD013Stern.model</model>
        </node>
        <node>
           <name>MP_AM004ASD013Stern_0_0</name>
           <model>usa\misc\AM004ASD013Stern\AM004ASD013Stern.model</model>
        </node>
        <node>
           <name>MP_AM084ASD013Stern_0_0</name>
           <model>usa\misc\AM084ASD013Stern\AM084ASD013Stern.model</model>
        </node>
        <node>
           <name>MP_AM012ASD013Stern_0_0</name>
           <model>usa\misc\AM012ASD013Stern\AM012ASD013Stern.model</model>
        </node>
        <node>
           <name>MP_AM020ASD013Stern_0_0</name>
           <model>usa\misc\AM020ASD013Stern\AM020ASD013Stern.model</model>
        </node>
        <node>
           <name>MP_AM102ASD013Stern_0_0</name>
           <model>usa\misc\AM102ASD013Stern\AM102ASD013Stern.model</model>
        </node>
        <node>
           <name>MP_AM005ASD013Stern_0_0</name>
           <model>usa\misc\AM005ASD013Stern\AM005ASD013Stern.model</model>
        </node>
        <node>
           <name>MP_AM100ASD013Stern_0_0</name>
           <model>usa\misc\AM100ASD013Stern\AM100ASD013Stern.model</model>
        </node>
        <node>
           <name>MP_AM103_Hatch_4</name>
           <model>usa\misc\AM103\AM103.model</model>
        </node>
        <node>
           <name>MP_CM013_Fire_Hose_Rack_2</name>
           <model>common\misc\CM013\CM013.model</model>
        </node>
        <node>
           <name>MP_AM013ASD013Stern_0_0</name>
           <model>usa\misc\AM013ASD013Stern\AM013ASD013Stern.model</model>
        </node>
        <node>
           <name>MP_AM130_Acetylen_Cylinder</name>
           <model>usa\misc\AM130\AM130.model</model>
        </node>
        <node>
           <name>MP_CM011ASD013Stern_0_0</name>
           <model>common\misc\CM011ASD013Stern\CM011ASD013Stern.model</model>
        </node>
        <node>
           <name>MP_AM139ASD013Stern_0_0</name>
           <model>usa\misc\AM139ASD013Stern\AM139ASD013Stern.model</model>
        </node>
        <node>
           <name>MP_CM032_Propeller3_R</name>
           <model>common\misc\CM032\CM032.model</model>
        </node>
        <node>
           <name>MP_CM012_Fire_Hose_Rack_1</name>
           <model>common\misc\CM012\CM012.model</model>
        </node>
        <node>
           <name>MP_CM014ASD013Stern_0_0</name>
           <model>common\misc\CM014ASD013Stern\CM014ASD013Stern.model</model>
        </node>
        <node>
           <name>MP_AM030ASD013Stern_0_0</name>
           <model>usa\misc\AM030ASD013Stern\AM030ASD013Stern.model</model>
        </node>
        <node>
           <name>MP_CM001_Propeller3_L</name>
           <model>common\misc\CM001\CM001.model</model>
        </node>
        <node>
           <name>MP_AM049_Signal_Lamp_1</name>
           <model>usa\misc\AM049\AM049.model</model>
        </node>
        <node>
           <name>MP_CM004_Barbette_Out</name>
           <model>common\misc\CM004\CM004.model</model>
        </node>
        <node>
           <name>MP_AM083ASD013Stern_0_0</name>
           <model>usa\misc\AM083ASD013Stern\AM083ASD013Stern.model</model>
        </node>
        <node>
           <name>MP_AM046_Running_Lights_B</name>
           <model>usa\misc\AM046\AM046.model</model>
        </node>
        <node>
           <name>MP_AM068_Hatch_3</name>
           <model>usa\misc\AM068\AM068.model</model>
        </node>
        <node>
           <name>HP_AGA_14</name>
           <model>usa\gun\aaircraft\AGA003_20mm_Oerlikon_MK4\AGA003_20mm_Oerlikon_MK4.model</model>
        </node>
        <node>
           <name>HP_AGA_15</name>
           <model>usa\gun\aaircraft\AGA003_20mm_Oerlikon_MK4\AGA003_20mm_Oerlikon_MK4.model</model>
        </node>
        <node>
           <name>HP_AGA_16</name>
           <model>usa\gun\aaircraft\AGA003_20mm_Oerlikon_MK4\AGA003_20mm_Oerlikon_MK4.model</model>
        </node>
        <node>
           <name>HP_AGM_3</name>
           <model>usa\gun\secondary\AGS011_5in38_Mk38_Mod0\AGS011_5in38_Mk38_Mod0.model</model>
        </node>
        <node>
           <name>HP_AGT_2</name>
           <model>usa\gun\torpedo\AGT005_21in_MK15_Torpedo_Tubes\AGT005_21in_MK15_Torpedo_Tubes.model</model>
        </node>
        <node>
           <name>HP_Fire_Burn_3</name>
           <model>UNKNOWN_ITEM</model>
        </node>
    </stern>
  </sections>
</ASD013_Gearing_1945.xml>
