<JSD012_Shimakaze_1943.xml>
  <sections>
    <bow>
      <model>japan\ship\destroyer\JSD012_Shimakaze_1943\JSD012_Shimakaze_1943_bow_ports.model</model>
        <node>
           <name>HP_JGM_1</name>
           <model>japan\gun\secondary\JGS037_127mm50_Type_D\JGS037_127mm50_Type_D.model</model>
        </node>
        <node>
           <name>MP_CM004_Barbette_Out</name>
           <model>common\misc\CM004\CM004.model</model>
        </node>
        <node>
           <name>MP_CM005JSD012Bow_0_0</name>
           <model>common\misc\CM005JSD012Bow\CM005JSD012Bow.model</model>
        </node>
        <node>
           <name>MP_JM141_Break_Handwheel_1</name>
           <model>japan\misc\JM141\JM141.model</model>
        </node>
        <node>
           <name>MP_JM125_Signal_Lamp_3</name>
           <model>japan\misc\JM125\JM125.model</model>
        </node>
        <node>
           <name>MP_JM025JSD012Bow_0_0</name>
           <model>japan\misc\JM025JSD012Bow\JM025JSD012Bow.model</model>
        </node>
        <node>
           <name>MP_JM019JSD012Bow_0_0</name>
           <model>japan\misc\JM019JSD012Bow\JM019JSD012Bow.model</model>
        </node>
        <node>
           <name>MP_JM142JSD012Bow_0_0</name>
           <model>japan\misc\JM142JSD012Bow\JM142JSD012Bow.model</model>
        </node>
        <node>
           <name>MP_JM014_Reels_2</name>
           <model>japan\misc\JM014\JM014.model</model>
        </node>
        <node>
           <name>MP_JM064JSD012Bow_0_0</name>
           <model>japan\misc\JM064JSD012Bow\JM064JSD012Bow.model</model>
        </node>
        <node>
           <name>HP_Fire_Burn_1</name>
           <model>UNKNOWN_ITEM</model>
        </node>
    </bow>
    <midfront>
      <model>japan\ship\destroyer\JSD012_Shimakaze_1943\JSD012_Shimakaze_1943_MidFront_ports.model</model>
        <node>
           <name>HP_JD_1</name>
           <model>japan\director\JD032_Director_127mm_1\JD032_Director_127mm_1.model</model>
        </node>
        <node>
           <name>HP_JF_2</name>
           <model>japan\finder\JF028_Rangefinder_2m\JF028_Rangefinder_2m.model</model>
        </node>
        <node>
           <name>HP_JF_3</name>
           <model>japan\finder\JF028_Rangefinder_2m\JF028_Rangefinder_2m.model</model>
        </node>
        <node>
           <name>HP_JGT_1</name>
           <model>japan\gun\torpedo\JGT036_610mm5_Type_93\JGT036_610mm5_Type_93.model</model>
        </node>
        <node>
           <name>HP_JRS_1</name>
           <model>japan\radar\search\JRS070_Radar_Type_22\JRS070_Radar_Type_22.model</model>
        </node>
        <node>
           <name>HP_JGA_1</name>
           <model>japan\gun\aaircraft\JGA018_25mm_Type96_single\JGA018_25mm_Type96_single.model</model>
        </node>
        <node>
           <name>HP_JGA_2</name>
           <model>japan\gun\aaircraft\JGA018_25mm_Type96_single\JGA018_25mm_Type96_single.model</model>
        </node>
        <node>
           <name>HP_JGA_3</name>
           <model>japan\gun\aaircraft\JGA019_25mm_Type96_double\JGA019_25mm_Type96_double.model</model>
        </node>
        <node>
           <name>HP_JGA_4</name>
           <model>japan\gun\aaircraft\JGA018_25mm_Type96_single\JGA018_25mm_Type96_single.model</model>
        </node>
        <node>
           <name>HP_JGA_5</name>
           <model>japan\gun\aaircraft\JGA018_25mm_Type96_single\JGA018_25mm_Type96_single.model</model>
        </node>
        <node>
           <name>HP_JGA_6</name>
           <model>japan\gun\aaircraft\JGA018_25mm_Type96_single\JGA018_25mm_Type96_single.model</model>
        </node>
        <node>
           <name>HP_JGA_7</name>
           <model>japan\gun\aaircraft\JGA010_25mm_Type96\JGA010_25mm_Type96.model</model>
        </node>
        <node>
           <name>HP_JGA_8</name>
           <model>japan\gun\aaircraft\JGA010_25mm_Type96\JGA010_25mm_Type96.model</model>
        </node>
        <node>
           <name>HP_JGA_9</name>
           <model>japan\gun\aaircraft\JGA018_25mm_Type96_single\JGA018_25mm_Type96_single.model</model>
        </node>
        <node>
           <name>HP_flag_1</name>
           <model>japan\misc\JM001\JM001.model</model>
        </node>
        <node>
           <name>HP_flag_2</name>
           <model>japan\misc\JM001\JM001.model</model>
        </node>
        <node>
           <name>HP_flag_3</name>
           <model>japan\misc\JM001\JM001.model</model>
        </node>
        <node>
           <name>HP_flag_4</name>
           <model>japan\misc\JM001\JM001.model</model>
        </node>
        <node>
           <name>MP_CM004_Barbette_Out</name>
           <model>common\misc\CM004\CM004.model</model>
        </node>
        <node>
           <name>MP_JM092_Running_Lights_R</name>
           <model>japan\misc\JM092\JM092.model</model>
        </node>
        <node>
           <name>MP_JM093_Running_Lights_L</name>
           <model>japan\misc\JM093\JM093.model</model>
        </node>
        <node>
           <name>MP_JM126_Signal_Lamp_4</name>
           <model>japan\misc\JM126\JM126.model</model>
        </node>
        <node>
           <name>MP_JM124_Signal_Lamp_2</name>
           <model>japan\misc\JM124\JM124.model</model>
        </node>
        <node>
           <name>MP_JM125JSD012MidFront_0_0</name>
           <model>japan\misc\JM125JSD012MidFront\JM125JSD012MidFront.model</model>
        </node>
        <node>
           <name>MP_JM090JSD012MidFront_0_0</name>
           <model>japan\misc\JM090JSD012MidFront\JM090JSD012MidFront.model</model>
        </node>
        <node>
           <name>MP_JM052JSD012MidFront_0_0</name>
           <model>japan\misc\JM052JSD012MidFront\JM052JSD012MidFront.model</model>
        </node>
        <node>
           <name>MP_JM107JSD012MidFront_0_0</name>
           <model>japan\misc\JM107JSD012MidFront\JM107JSD012MidFront.model</model>
        </node>
        <node>
           <name>MP_JM058JSD012MidFront_0_0</name>
           <model>japan\misc\JM058JSD012MidFront\JM058JSD012MidFront.model</model>
        </node>
        <node>
           <name>MP_JM140JSD012MidFront_0_0</name>
           <model>japan\misc\JM140JSD012MidFront\JM140JSD012MidFront.model</model>
        </node>
        <node>
           <name>MP_JM006_Binocular_1</name>
           <model>japan\misc\JM006\JM006.model</model>
        </node>
        <node>
           <name>MP_JM011_Day_Light</name>
           <model>japan\misc\JM011\JM011.model</model>
        </node>
        <node>
           <name>MP_JM030_Wind_Direction</name>
           <model>japan\misc\JM030\JM030.model</model>
        </node>
        <node>
           <name>MP_JM031_Wind_Intensity</name>
           <model>japan\misc\JM031\JM031.model</model>
        </node>
        <node>
           <name>MP_JM143JSD012MidFront_0_0</name>
           <model>japan\misc\JM143JSD012MidFront\JM143JSD012MidFront.model</model>
        </node>
        <node>
           <name>MP_JM034JSD012MidFront_0_0</name>
           <model>japan\misc\JM034JSD012MidFront\JM034JSD012MidFront.model</model>
        </node>
        <node>
           <name>MP_JM050JSD012MidFront_0_0</name>
           <model>japan\misc\JM050JSD012MidFront\JM050JSD012MidFront.model</model>
        </node>
        <node>
           <name>MP_JM109_Deck_Hatch_11</name>
           <model>japan\misc\JM109\JM109.model</model>
        </node>
        <node>
           <name>MP_CM019JSD012MidFront_0_0</name>
           <model>common\misc\CM019JSD012MidFront\CM019JSD012MidFront.model</model>
        </node>
        <node>
           <name>MP_CM018_Wood_Box_1</name>
           <model>common\misc\CM018\CM018.model</model>
        </node>
        <node>
           <name>MP_CM011JSD012MidFront_0_0</name>
           <model>common\misc\CM011JSD012MidFront\CM011JSD012MidFront.model</model>
        </node>
        <node>
           <name>MP_CM012JSD012MidFront_0_0</name>
           <model>common\misc\CM012JSD012MidFront\CM012JSD012MidFront.model</model>
        </node>
        <node>
           <name>MP_CM014JSD012MidFront_0_0</name>
           <model>common\misc\CM014JSD012MidFront\CM014JSD012MidFront.model</model>
        </node>
        <node>
           <name>MP_CM030_Swab_Rack_2</name>
           <model>common\misc\CM030\CM030.model</model>
        </node>
        <node>
           <name>MP_CM028_Swab_Rack</name>
           <model>common\misc\CM028\CM028.model</model>
        </node>
        <node>
           <name>MP_JM024_Ventilators_8</name>
           <model>japan\misc\JM024\JM024.model</model>
        </node>
        <node>
           <name>MP_CM013JSD012MidFront_0_0</name>
           <model>common\misc\CM013JSD012MidFront\CM013JSD012MidFront.model</model>
        </node>
        <node>
           <name>MP_JM106JSD012MidFront_0_0</name>
           <model>japan\misc\JM106JSD012MidFront\JM106JSD012MidFront.model</model>
        </node>
        <node>
           <name>MP_CM015JSD012MidFront_0_0</name>
           <model>common\misc\CM015JSD012MidFront\CM015JSD012MidFront.model</model>
        </node>
        <node>
           <name>MP_CM009JSD012MidFront_0_0</name>
           <model>common\misc\CM009JSD012MidFront\CM009JSD012MidFront.model</model>
        </node>
        <node>
           <name>MP_JM144JSD012MidFront_0_0</name>
           <model>japan\misc\JM144JSD012MidFront\JM144JSD012MidFront.model</model>
        </node>
        <node>
           <name>MP_JM219_Barbette_TA</name>
           <model>japan\misc\JM219\JM219.model</model>
        </node>
        <node>
           <name>MP_JM014_Reels_2</name>
           <model>japan\misc\JM014\JM014.model</model>
        </node>
        <node>
           <name>MP_JM013_Reels_1</name>
           <model>japan\misc\JM013\JM013.model</model>
        </node>
        <node>
           <name>MP_JM064JSD012MidFront_0_0</name>
           <model>japan\misc\JM064JSD012MidFront\JM064JSD012MidFront.model</model>
        </node>
        <node>
           <name>HP_Smoke_1</name>
           <model>UNKNOWN_ITEM</model>
        </node>
        <node>
           <name>HP_Fire_Burn_2</name>
           <model>UNKNOWN_ITEM</model>
        </node>
        <node>
           <name>HP_NoseWave_Speed</name>
           <model>UNKNOWN_ITEM</model>
        </node>
    </midfront>
    <midback>
      <model>japan\ship\destroyer\JSD012_Shimakaze_1943\JSD012_Shimakaze_1943_MidBack_ports.model</model>
        <node>
           <name>HP_JGM_2</name>
           <model>japan\gun\secondary\JGS037_127mm50_Type_D\JGS037_127mm50_Type_D.model</model>
        </node>
        <node>
           <name>HP_JGT_2</name>
           <model>japan\gun\torpedo\JGT036_610mm5_Type_93\JGT036_610mm5_Type_93.model</model>
        </node>
        <node>
           <name>HP_JGT_3</name>
           <model>japan\gun\torpedo\JGT036_610mm5_Type_93\JGT036_610mm5_Type_93.model</model>
        </node>
        <node>
           <name>HP_JRS_2</name>
           <model>japan\radar\search\JRS010_Radar_Type_13\JRS010_Radar_Type_13.model</model>
        </node>
        <node>
           <name>HP_JGA_10</name>
           <model>japan\gun\aaircraft\JGA018_25mm_Type96_single\JGA018_25mm_Type96_single.model</model>
        </node>
        <node>
           <name>HP_JGA_11</name>
           <model>japan\gun\aaircraft\JGA018_25mm_Type96_single\JGA018_25mm_Type96_single.model</model>
        </node>
        <node>
           <name>HP_JGA_12</name>
           <model>japan\gun\aaircraft\JGA018_25mm_Type96_single\JGA018_25mm_Type96_single.model</model>
        </node>
        <node>
           <name>HP_JGA_13</name>
           <model>japan\gun\aaircraft\JGA018_25mm_Type96_single\JGA018_25mm_Type96_single.model</model>
        </node>
        <node>
           <name>MP_CM004JSD012MidBack_0_0</name>
           <model>common\misc\CM004JSD012MidBack\CM004JSD012MidBack.model</model>
        </node>
        <node>
           <name>MP_JM115_Antenna_2</name>
           <model>japan\misc\JM115\JM115.model</model>
        </node>
        <node>
           <name>MP_JM008_Searchlight</name>
           <model>japan\misc\JM008\JM008.model</model>
        </node>
        <node>
           <name>MP_JM109JSD012MidBack_0_0</name>
           <model>japan\misc\JM109JSD012MidBack\JM109JSD012MidBack.model</model>
        </node>
        <node>
           <name>MP_JM032_Electric_Deck_Winch</name>
           <model>japan\misc\JM032\JM032.model</model>
        </node>
        <node>
           <name>MP_JM072JSD012MidBack_0_0</name>
           <model>japan\misc\JM072JSD012MidBack\JM072JSD012MidBack.model</model>
        </node>
        <node>
           <name>MP_JM020_Ventilators_4</name>
           <model>japan\misc\JM020\JM020.model</model>
        </node>
        <node>
           <name>MP_JM021_Ventilators_5</name>
           <model>japan\misc\JM021\JM021.model</model>
        </node>
        <node>
           <name>MP_CM008JSD012MidBack_0_0</name>
           <model>common\misc\CM008JSD012MidBack\CM008JSD012MidBack.model</model>
        </node>
        <node>
           <name>MP_CM010JSD012MidBack_0_0</name>
           <model>common\misc\CM010JSD012MidBack\CM010JSD012MidBack.model</model>
        </node>
        <node>
           <name>MP_CM011JSD012MidBack_0_0</name>
           <model>common\misc\CM011JSD012MidBack\CM011JSD012MidBack.model</model>
        </node>
        <node>
           <name>MP_CM012JSD012MidBack_0_0</name>
           <model>common\misc\CM012JSD012MidBack\CM012JSD012MidBack.model</model>
        </node>
        <node>
           <name>MP_JM124JSD012MidBack_0_0</name>
           <model>japan\misc\JM124JSD012MidBack\JM124JSD012MidBack.model</model>
        </node>
        <node>
           <name>MP_JM126JSD012MidBack_0_0</name>
           <model>japan\misc\JM126JSD012MidBack\JM126JSD012MidBack.model</model>
        </node>
        <node>
           <name>MP_JM125JSD012MidBack_0_0</name>
           <model>japan\misc\JM125JSD012MidBack\JM125JSD012MidBack.model</model>
        </node>
        <node>
           <name>MP_CM030_Swab_Rack_2</name>
           <model>common\misc\CM030\CM030.model</model>
        </node>
        <node>
           <name>MP_JM106_Ventilators_10</name>
           <model>japan\misc\JM106\JM106.model</model>
        </node>
        <node>
           <name>MP_CM019JSD012MidBack_0_0</name>
           <model>common\misc\CM019JSD012MidBack\CM019JSD012MidBack.model</model>
        </node>
        <node>
           <name>MP_CM015_Bundle_1</name>
           <model>common\misc\CM015\CM015.model</model>
        </node>
        <node>
           <name>MP_JM219JSD012MidBack_0_0</name>
           <model>japan\misc\JM219JSD012MidBack\JM219JSD012MidBack.model</model>
        </node>
        <node>
           <name>HP_Smoke_2</name>
           <model>UNKNOWN_ITEM</model>
        </node>
    </midback>
    <stern>
      <model>japan\ship\destroyer\JSD012_Shimakaze_1943\JSD012_Shimakaze_1943_Stern_ports.model</model>
        <node>
           <name>HP_JGM_3</name>
           <model>japan\gun\secondary\JGS037_127mm50_Type_D\JGS037_127mm50_Type_D.model</model>
        </node>
        <node>
           <name>HP_JGA_14</name>
           <model>japan\gun\aaircraft\JGA018_25mm_Type96_single\JGA018_25mm_Type96_single.model</model>
        </node>
        <node>
           <name>HP_JGA_15</name>
           <model>japan\gun\aaircraft\JGA018_25mm_Type96_single\JGA018_25mm_Type96_single.model</model>
        </node>
        <node>
           <name>HP_JGA_16</name>
           <model>japan\gun\aaircraft\JGA018_25mm_Type96_single\JGA018_25mm_Type96_single.model</model>
        </node>
        <node>
           <name>HP_JGA_17</name>
           <model>japan\gun\aaircraft\JGA018_25mm_Type96_single\JGA018_25mm_Type96_single.model</model>
        </node>
        <node>
           <name>HP_flag_nation</name>
           <model>japan\misc\JM001\JM001.model</model>
        </node>
        <node>
           <name>MP_CM004_Barbette_Out</name>
           <model>common\misc\CM004\CM004.model</model>
        </node>
        <node>
           <name>MP_CM002_Propeller4_L</name>
           <model>common\misc\CM002\CM002.model</model>
        </node>
        <node>
           <name>MP_CM033_Propeller4_R</name>
           <model>common\misc\CM033\CM033.model</model>
        </node>
        <node>
           <name>MP_JM125_Signal_Lamp_3</name>
           <model>japan\misc\JM125\JM125.model</model>
        </node>
        <node>
           <name>MP_JM123_Bollards_2</name>
           <model>japan\misc\JM123\JM123.model</model>
        </node>
        <node>
           <name>MP_JM072JSD012Stern_0_0</name>
           <model>japan\misc\JM072JSD012Stern\JM072JSD012Stern.model</model>
        </node>
        <node>
           <name>MP_JM088_Crane_Small_2</name>
           <model>japan\misc\JM088\JM088.model</model>
        </node>
        <node>
           <name>MP_JM091_20mm_Mortar</name>
           <model>japan\misc\JM091\JM091.model</model>
        </node>
        <node>
           <name>MP_JM083_Depth_Charge_Roller_Rack</name>
           <model>japan\misc\JM083\JM083.model</model>
        </node>
        <node>
           <name>MP_JM085JSD012Stern_0_0</name>
           <model>japan\misc\JM085JSD012Stern\JM085JSD012Stern.model</model>
        </node>
        <node>
           <name>MP_JM084_Depth_Charge_Thrower</name>
           <model>japan\misc\JM084\JM084.model</model>
        </node>
        <node>
           <name>MP_CM022_Anchor_3</name>
           <model>common\misc\CM022\CM022.model</model>
        </node>
        <node>
           <name>MP_JM025JSD012Stern_0_0</name>
           <model>japan\misc\JM025JSD012Stern\JM025JSD012Stern.model</model>
        </node>
        <node>
           <name>MP_JM019JSD012Stern_0_0</name>
           <model>japan\misc\JM019JSD012Stern\JM019JSD012Stern.model</model>
        </node>
        <node>
           <name>MP_JM023_Ventilators_7</name>
           <model>japan\misc\JM023\JM023.model</model>
        </node>
        <node>
           <name>MP_JM021_Ventilators_5</name>
           <model>japan\misc\JM021\JM021.model</model>
        </node>
        <node>
           <name>MP_JM109_Deck_Hatch_11</name>
           <model>japan\misc\JM109\JM109.model</model>
        </node>
        <node>
           <name>MP_JM014JSD012Stern_0_0</name>
           <model>japan\misc\JM014JSD012Stern\JM014JSD012Stern.model</model>
        </node>
        <node>
           <name>MP_JM013JSD012Stern_0_0</name>
           <model>japan\misc\JM013JSD012Stern\JM013JSD012Stern.model</model>
        </node>
        <node>
           <name>MP_JM064JSD012Stern_0_0</name>
           <model>japan\misc\JM064JSD012Stern\JM064JSD012Stern.model</model>
        </node>
        <node>
           <name>HP_Fire_Burn_3</name>
           <model>UNKNOWN_ITEM</model>
        </node>
    </stern>
  </sections>
</JSD012_Shimakaze_1943.xml>
