<JSB020_Fuso_1919.xml>
  <sections>
    <bow>
      <model>japan\ship\battleship\JSB020_Fuso_1919\JSB020_Fuso_1919_bow_ports.model</model>
        <node>
           <name>MP_JM156_Ventilation</name>
           <model>japan\misc\JM156\JM156.model</model>
        </node>
        <node>
           <name>MP_JM064_Bollards_2</name>
           <model>japan\misc\JM064\JM064.model</model>
        </node>
        <node>
           <name>MP_JM156_Ventilation_INDEX_1</name>
           <model>japan\misc\JM156\JM156.model</model>
        </node>
        <node>
           <name>MP_CM087_Anchor_down</name>
           <model>common\misc\CM087\CM087.model</model>
        </node>
        <node>
           <name>MP_CM087_Anchor_down_INDEX_1</name>
           <model>common\misc\CM087\CM087.model</model>
        </node>
        <node>
           <name>MP_CM086_Anchor_top</name>
           <model>common\misc\CM086\CM086.model</model>
        </node>
        <node>
           <name>MP_CM086_Anchor_top_INDEX_1</name>
           <model>common\misc\CM086\CM086.model</model>
        </node>
        <node>
           <name>MP_CM086_Anchor_top_INDEX_2</name>
           <model>common\misc\CM086\CM086.model</model>
        </node>
        <node>
           <name>MP_JM061_Deck_Hatch_10</name>
           <model>japan\misc\JM061\JM061.model</model>
        </node>
        <node>
           <name>MP_JM307_Chrysanthemum_petal_1</name>
           <model>japan\misc\JM307\JM307.model</model>
        </node>
        <node>
           <name>MP_JM307_Chrysanthemum_petal_1_INDEX_1</name>
           <model>japan\misc\JM307\JM307.model</model>
        </node>
        <node>
           <name>MP_JM307_Chrysanthemum_petal_1_INDEX_2</name>
           <model>japan\misc\JM307\JM307.model</model>
        </node>
        <node>
           <name>MP_JM307_Chrysanthemum_petal_1_INDEX_3</name>
           <model>japan\misc\JM307\JM307.model</model>
        </node>
        <node>
           <name>MP_JM307_Chrysanthemum_petal_1_INDEX_4</name>
           <model>japan\misc\JM307\JM307.model</model>
        </node>
        <node>
           <name>MP_JM307_Chrysanthemum_petal_1_INDEX_5</name>
           <model>japan\misc\JM307\JM307.model</model>
        </node>
        <node>
           <name>MP_JM306_Chrysanthemum_mid</name>
           <model>japan\misc\JM306\JM306.model</model>
        </node>
        <node>
           <name>MP_JM307_Chrysanthemum_petal_1_INDEX_6</name>
           <model>japan\misc\JM307\JM307.model</model>
        </node>
        <node>
           <name>MP_JM307_Chrysanthemum_petal_1_INDEX_7</name>
           <model>japan\misc\JM307\JM307.model</model>
        </node>
        <node>
           <name>MP_JM308_Chrysanthemum_petal_2</name>
           <model>japan\misc\JM308\JM308.model</model>
        </node>
        <node>
           <name>MP_JM307_Chrysanthemum_petal_1_INDEX_8</name>
           <model>japan\misc\JM307\JM307.model</model>
        </node>
        <node>
           <name>MP_JM307_Chrysanthemum_petal_1_INDEX_9</name>
           <model>japan\misc\JM307\JM307.model</model>
        </node>
        <node>
           <name>MP_JM307_Chrysanthemum_petal_1_INDEX_10</name>
           <model>japan\misc\JM307\JM307.model</model>
        </node>
        <node>
           <name>MP_JM308_Chrysanthemum_petal_2_INDEX_1</name>
           <model>japan\misc\JM308\JM308.model</model>
        </node>
        <node>
           <name>MP_JM307_Chrysanthemum_petal_1_INDEX_11</name>
           <model>japan\misc\JM307\JM307.model</model>
        </node>
        <node>
           <name>MP_JM307_Chrysanthemum_petal_1_INDEX_12</name>
           <model>japan\misc\JM307\JM307.model</model>
        </node>
        <node>
           <name>MP_JM307_Chrysanthemum_petal_1_INDEX_13</name>
           <model>japan\misc\JM307\JM307.model</model>
        </node>
        <node>
           <name>MP_CM087_Anchor_down_INDEX_2</name>
           <model>common\misc\CM087\CM087.model</model>
        </node>
        <node>
           <name>HP_NoseWave_Speed</name>
           <model>UNKNOWN_ITEM</model>
        </node>
        <node>
           <name>HP_Fire_Burn_1</name>
           <model>UNKNOWN_ITEM</model>
        </node>
    </bow>
    <midfront>
      <model>japan\ship\battleship\JSB020_Fuso_1919\JSB020_Fuso_1919_MidFront_ports.model</model>
        <node>
           <name>HP_JD_1</name>
           <model>japan\director\JD074_Director_Type_13\JD074_Director_Type_13.model</model>
        </node>
        <node>
           <name>HP_JF_1</name>
           <model>japan\finder\JF085_Rangefinder_3_5m\JF085_Rangefinder_3_5m.model</model>
        </node>
        <node>
           <name>HP_JF_2</name>
           <model>japan\finder\JF085_Rangefinder_3_5m\JF085_Rangefinder_3_5m.model</model>
        </node>
        <node>
           <name>HP_JGA_1</name>
           <model>japan\gun\secondary\JGS045_76mm40_Type3\JGS045_76mm40_Type3.model</model>
        </node>
        <node>
           <name>HP_JGA_2</name>
           <model>japan\gun\secondary\JGS045_76mm40_Type3\JGS045_76mm40_Type3.model</model>
        </node>
        <node>
           <name>HP_JGM_1</name>
           <model>japan\gun\main\JGM097_356mm45\JGM097_356mm45.model</model>
        </node>
        <node>
           <name>HP_JGM_2</name>
           <model>japan\gun\main\JGM097_356mm45\JGM097_356mm45.model</model>
        </node>
        <node>
           <name>HP_JGM_3</name>
           <model>japan\gun\main\JGM097_356mm45\JGM097_356mm45.model</model>
        </node>
        <node>
           <name>HP_JGS_1</name>
           <model>japan\gun\secondary\JGS128_152mm50_Type41\JGS128_152mm50_Type41.model</model>
        </node>
        <node>
           <name>HP_JGS_2</name>
           <model>japan\gun\secondary\JGS128_152mm50_Type41\JGS128_152mm50_Type41.model</model>
        </node>
        <node>
           <name>HP_JGS_3</name>
           <model>japan\gun\secondary\JGS128_152mm50_Type41\JGS128_152mm50_Type41.model</model>
        </node>
        <node>
           <name>HP_JGS_4</name>
           <model>japan\gun\secondary\JGS128_152mm50_Type41\JGS128_152mm50_Type41.model</model>
        </node>
        <node>
           <name>HP_JGS_5</name>
           <model>japan\gun\secondary\JGS128_152mm50_Type41\JGS128_152mm50_Type41.model</model>
        </node>
        <node>
           <name>HP_JGS_6</name>
           <model>japan\gun\secondary\JGS128_152mm50_Type41\JGS128_152mm50_Type41.model</model>
        </node>
        <node>
           <name>HP_JGS_7</name>
           <model>japan\gun\secondary\JGS128_152mm50_Type41\JGS128_152mm50_Type41.model</model>
        </node>
        <node>
           <name>HP_JGS_8</name>
           <model>japan\gun\secondary\JGS128_152mm50_Type41\JGS128_152mm50_Type41.model</model>
        </node>
        <node>
           <name>HP_JGS_9</name>
           <model>japan\gun\secondary\JGS128_152mm50_Type41\JGS128_152mm50_Type41.model</model>
        </node>
        <node>
           <name>HP_JGS_10</name>
           <model>japan\gun\secondary\JGS128_152mm50_Type41\JGS128_152mm50_Type41.model</model>
        </node>
        <node>
           <name>MP_JM295_Fairled</name>
           <model>japan\misc\JM295\JM295.model</model>
        </node>
        <node>
           <name>MP_JM295_Fairled_INDEX_1</name>
           <model>japan\misc\JM295\JM295.model</model>
        </node>
        <node>
           <name>MP_JM141_Break_Handwheel_1</name>
           <model>japan\misc\JM141\JM141.model</model>
        </node>
        <node>
           <name>MP_JM295_Fairled_INDEX_2</name>
           <model>japan\misc\JM295\JM295.model</model>
        </node>
        <node>
           <name>MP_JM141_Break_Handwheel_1_INDEX_1</name>
           <model>japan\misc\JM141\JM141.model</model>
        </node>
        <node>
           <name>MP_JM286_Anchor_Capstan_big</name>
           <model>japan\misc\JM286\JM286.model</model>
        </node>
        <node>
           <name>MP_JM013_Reels_1</name>
           <model>japan\misc\JM013\JM013.model</model>
        </node>
        <node>
           <name>MP_JM013_Reels_1_INDEX_1</name>
           <model>japan\misc\JM013\JM013.model</model>
        </node>
        <node>
           <name>MP_JM022_Ventilators_6</name>
           <model>japan\misc\JM022\JM022.model</model>
        </node>
        <node>
           <name>MP_JM022_Ventilators_6_INDEX_1</name>
           <model>japan\misc\JM022\JM022.model</model>
        </node>
        <node>
           <name>MP_JM022_Ventilators_6_INDEX_2</name>
           <model>japan\misc\JM022\JM022.model</model>
        </node>
        <node>
           <name>MP_JM022_Ventilators_6_INDEX_3</name>
           <model>japan\misc\JM022\JM022.model</model>
        </node>
        <node>
           <name>MP_JM032_Electric_Deck_Winch</name>
           <model>japan\misc\JM032\JM032.model</model>
        </node>
        <node>
           <name>MP_JM032_Electric_Deck_Winch_INDEX_1</name>
           <model>japan\misc\JM032\JM032.model</model>
        </node>
        <node>
           <name>MP_JM032_Electric_Deck_Winch_INDEX_2</name>
           <model>japan\misc\JM032\JM032.model</model>
        </node>
        <node>
           <name>MP_JM089_Signal_Platform_1</name>
           <model>japan\misc\JM089\JM089.model</model>
        </node>
        <node>
           <name>MP_JM279_Running_Lights_Oil_R</name>
           <model>japan\misc\JM279\JM279.model</model>
        </node>
        <node>
           <name>MP_JM021_Ventilators_5</name>
           <model>japan\misc\JM021\JM021.model</model>
        </node>
        <node>
           <name>MP_JM124_Signal_Lamp_2</name>
           <model>japan\misc\JM124\JM124.model</model>
        </node>
        <node>
           <name>MP_JM141_Break_Handwheel_1_INDEX_2</name>
           <model>japan\misc\JM141\JM141.model</model>
        </node>
        <node>
           <name>MP_JM026_Bollards</name>
           <model>japan\misc\JM026\JM026.model</model>
        </node>
        <node>
           <name>MP_JM284_Anchor_Capstan</name>
           <model>japan\misc\JM284\JM284.model</model>
        </node>
        <node>
           <name>MP_JM284_Anchor_Capstan_INDEX_1</name>
           <model>japan\misc\JM284\JM284.model</model>
        </node>
        <node>
           <name>MP_JM021_Ventilators_5_INDEX_1</name>
           <model>japan\misc\JM021\JM021.model</model>
        </node>
        <node>
           <name>MP_JM026_Bollards_INDEX_1</name>
           <model>japan\misc\JM026\JM026.model</model>
        </node>
        <node>
           <name>MP_JM026_Bollards_INDEX_2</name>
           <model>japan\misc\JM026\JM026.model</model>
        </node>
        <node>
           <name>MP_JM026_Bollards_INDEX_3</name>
           <model>japan\misc\JM026\JM026.model</model>
        </node>
        <node>
           <name>MP_JM032_Electric_Deck_Winch_INDEX_3</name>
           <model>japan\misc\JM032\JM032.model</model>
        </node>
        <node>
           <name>MP_JM089_Signal_Platform_1_INDEX_1</name>
           <model>japan\misc\JM089\JM089.model</model>
        </node>
        <node>
           <name>MP_JM024_Ventilators_8</name>
           <model>japan\misc\JM024\JM024.model</model>
        </node>
        <node>
           <name>MP_JM287_Anchor_Capstan_third</name>
           <model>japan\misc\JM287\JM287.model</model>
        </node>
        <node>
           <name>MP_JM248_Electric_gauge_R</name>
           <model>japan\misc\JM248\JM248.model</model>
        </node>
        <node>
           <name>MP_JM278_Running_Lights_Oil_L</name>
           <model>japan\misc\JM278\JM278.model</model>
        </node>
        <node>
           <name>MP_JM249_Gauge_1</name>
           <model>japan\misc\JM249\JM249.model</model>
        </node>
        <node>
           <name>MP_JM057_Deck_Hatch_6</name>
           <model>japan\misc\JM057\JM057.model</model>
        </node>
        <node>
           <name>MP_JM158_Main_Wheel</name>
           <model>japan\misc\JM158\JM158.model</model>
        </node>
        <node>
           <name>MP_JM164_Turning_Indicator</name>
           <model>japan\misc\JM164\JM164.model</model>
        </node>
        <node>
           <name>MP_JM022_Ventilators_6_INDEX_4</name>
           <model>japan\misc\JM022\JM022.model</model>
        </node>
        <node>
           <name>MP_JM252_Gauge_4</name>
           <model>japan\misc\JM252\JM252.model</model>
        </node>
        <node>
           <name>MP_JM013_Reels_1_INDEX_2</name>
           <model>japan\misc\JM013\JM013.model</model>
        </node>
        <node>
           <name>MP_JM022_Ventilators_6_INDEX_5</name>
           <model>japan\misc\JM022\JM022.model</model>
        </node>
        <node>
           <name>MP_JM126_Signal_Lamp_4</name>
           <model>japan\misc\JM126\JM126.model</model>
        </node>
        <node>
           <name>MP_JM209_Searchlight_early</name>
           <model>japan\misc\JM209\JM209.model</model>
        </node>
        <node>
           <name>MP_JM209_Searchlight_early_INDEX_1</name>
           <model>japan\misc\JM209\JM209.model</model>
        </node>
        <node>
           <name>MP_JM209_Searchlight_early_INDEX_2</name>
           <model>japan\misc\JM209\JM209.model</model>
        </node>
        <node>
           <name>MP_JM062_Deck_Hatch_11</name>
           <model>japan\misc\JM062\JM062.model</model>
        </node>
        <node>
           <name>MP_JM062_Deck_Hatch_11_INDEX_1</name>
           <model>japan\misc\JM062\JM062.model</model>
        </node>
        <node>
           <name>MP_JM027_Fairlead_2</name>
           <model>japan\misc\JM027\JM027.model</model>
        </node>
        <node>
           <name>MP_JM027_Fairlead_2_INDEX_1</name>
           <model>japan\misc\JM027\JM027.model</model>
        </node>
        <node>
           <name>MP_JM061_Deck_Hatch_10</name>
           <model>japan\misc\JM061\JM061.model</model>
        </node>
        <node>
           <name>MP_JM061_Deck_Hatch_10_INDEX_1</name>
           <model>japan\misc\JM061\JM061.model</model>
        </node>
        <node>
           <name>MP_JM061_Deck_Hatch_10_INDEX_2</name>
           <model>japan\misc\JM061\JM061.model</model>
        </node>
        <node>
           <name>MP_JM061_Deck_Hatch_10_INDEX_3</name>
           <model>japan\misc\JM061\JM061.model</model>
        </node>
        <node>
           <name>MP_JM061_Deck_Hatch_10_INDEX_4</name>
           <model>japan\misc\JM061\JM061.model</model>
        </node>
        <node>
           <name>MP_JM107_Binocular_2</name>
           <model>japan\misc\JM107\JM107.model</model>
        </node>
        <node>
           <name>MP_JM107_Binocular_2_INDEX_1</name>
           <model>japan\misc\JM107\JM107.model</model>
        </node>
        <node>
           <name>MP_JM107_Binocular_2_INDEX_2</name>
           <model>japan\misc\JM107\JM107.model</model>
        </node>
        <node>
           <name>MP_JM107_Binocular_2_INDEX_3</name>
           <model>japan\misc\JM107\JM107.model</model>
        </node>
        <node>
           <name>MP_JM107_Binocular_2_INDEX_4</name>
           <model>japan\misc\JM107\JM107.model</model>
        </node>
        <node>
           <name>MP_JM107_Binocular_2_INDEX_5</name>
           <model>japan\misc\JM107\JM107.model</model>
        </node>
        <node>
           <name>MP_JM107_Binocular_2_INDEX_6</name>
           <model>japan\misc\JM107\JM107.model</model>
        </node>
        <node>
           <name>MP_JM107_Binocular_2_INDEX_7</name>
           <model>japan\misc\JM107\JM107.model</model>
        </node>
        <node>
           <name>MP_JM107_Binocular_2_INDEX_8</name>
           <model>japan\misc\JM107\JM107.model</model>
        </node>
        <node>
           <name>MP_JM107_Binocular_2_INDEX_9</name>
           <model>japan\misc\JM107\JM107.model</model>
        </node>
        <node>
           <name>MP_JM107_Binocular_2_INDEX_10</name>
           <model>japan\misc\JM107\JM107.model</model>
        </node>
        <node>
           <name>MP_JM107_Binocular_2_INDEX_11</name>
           <model>japan\misc\JM107\JM107.model</model>
        </node>
        <node>
           <name>MP_JM166_Voice_Tube</name>
           <model>japan\misc\JM166\JM166.model</model>
        </node>
        <node>
           <name>MP_JM166_Voice_Tube_INDEX_1</name>
           <model>japan\misc\JM166\JM166.model</model>
        </node>
        <node>
           <name>MP_JM166_Voice_Tube_INDEX_2</name>
           <model>japan\misc\JM166\JM166.model</model>
        </node>
        <node>
           <name>MP_JM166_Voice_Tube_INDEX_3</name>
           <model>japan\misc\JM166\JM166.model</model>
        </node>
        <node>
           <name>MP_JM166_Voice_Tube_INDEX_4</name>
           <model>japan\misc\JM166\JM166.model</model>
        </node>
        <node>
           <name>MP_JM166_Voice_Tube_INDEX_5</name>
           <model>japan\misc\JM166\JM166.model</model>
        </node>
        <node>
           <name>MP_JM166_Voice_Tube_INDEX_6</name>
           <model>japan\misc\JM166\JM166.model</model>
        </node>
        <node>
           <name>MP_JM166_Voice_Tube_INDEX_7</name>
           <model>japan\misc\JM166\JM166.model</model>
        </node>
        <node>
           <name>MP_JM166_Voice_Tube_INDEX_8</name>
           <model>japan\misc\JM166\JM166.model</model>
        </node>
        <node>
           <name>MP_JM166_Voice_Tube_INDEX_9</name>
           <model>japan\misc\JM166\JM166.model</model>
        </node>
        <node>
           <name>MP_JM166_Voice_Tube_INDEX_10</name>
           <model>japan\misc\JM166\JM166.model</model>
        </node>
        <node>
           <name>MP_JM166_Voice_Tube_INDEX_11</name>
           <model>japan\misc\JM166\JM166.model</model>
        </node>
        <node>
           <name>MP_JM166_Voice_Tube_INDEX_12</name>
           <model>japan\misc\JM166\JM166.model</model>
        </node>
        <node>
           <name>MP_JM166_Voice_Tube_INDEX_13</name>
           <model>japan\misc\JM166\JM166.model</model>
        </node>
        <node>
           <name>MP_JM166_Voice_Tube_INDEX_14</name>
           <model>japan\misc\JM166\JM166.model</model>
        </node>
        <node>
           <name>MP_JM009_Signal_Lamp</name>
           <model>japan\misc\JM009\JM009.model</model>
        </node>
        <node>
           <name>MP_JM009_Signal_Lamp_INDEX_1</name>
           <model>japan\misc\JM009\JM009.model</model>
        </node>
        <node>
           <name>MP_JM009_Signal_Lamp_INDEX_2</name>
           <model>japan\misc\JM009\JM009.model</model>
        </node>
        <node>
           <name>MP_JM030_Wind_Direction</name>
           <model>japan\misc\JM030\JM030.model</model>
        </node>
        <node>
           <name>MP_JM031_Wind_Intensity</name>
           <model>japan\misc\JM031\JM031.model</model>
        </node>
        <node>
           <name>MP_JM149_Ammunition_Box</name>
           <model>japan\misc\JM149\JM149.model</model>
        </node>
        <node>
           <name>MP_JM149_Ammunition_Box_INDEX_1</name>
           <model>japan\misc\JM149\JM149.model</model>
        </node>
        <node>
           <name>MP_JM060_Deck_Hatch_9</name>
           <model>japan\misc\JM060\JM060.model</model>
        </node>
        <node>
           <name>MP_JM060_Deck_Hatch_9_INDEX_1</name>
           <model>japan\misc\JM060\JM060.model</model>
        </node>
        <node>
           <name>MP_JM060_Deck_Hatch_9_INDEX_2</name>
           <model>japan\misc\JM060\JM060.model</model>
        </node>
        <node>
           <name>MP_JM060_Deck_Hatch_9_INDEX_3</name>
           <model>japan\misc\JM060\JM060.model</model>
        </node>
        <node>
           <name>MP_CM060_Flag_Box</name>
           <model>common\misc\CM060\CM060.model</model>
        </node>
        <node>
           <name>MP_CM060_Flag_Box_INDEX_1</name>
           <model>common\misc\CM060\CM060.model</model>
        </node>
        <node>
           <name>MP_JM190_Gyro_Repeater</name>
           <model>japan\misc\JM190\JM190.model</model>
        </node>
        <node>
           <name>MP_JM190_Gyro_Repeater_INDEX_1</name>
           <model>japan\misc\JM190\JM190.model</model>
        </node>
        <node>
           <name>MP_JM058_Deck_Hatch_7</name>
           <model>japan\misc\JM058\JM058.model</model>
        </node>
        <node>
           <name>MP_JM058_Deck_Hatch_7_INDEX_1</name>
           <model>japan\misc\JM058\JM058.model</model>
        </node>
        <node>
           <name>MP_JM054_Deck_Hatch_3</name>
           <model>japan\misc\JM054\JM054.model</model>
        </node>
        <node>
           <name>MP_JM054_Deck_Hatch_3_INDEX_1</name>
           <model>japan\misc\JM054\JM054.model</model>
        </node>
        <node>
           <name>MP_JM127_Ventilators_11</name>
           <model>japan\misc\JM127\JM127.model</model>
        </node>
        <node>
           <name>MP_JM127_Ventilators_11_INDEX_1</name>
           <model>japan\misc\JM127\JM127.model</model>
        </node>
        <node>
           <name>MP_JM127_Ventilators_11_INDEX_2</name>
           <model>japan\misc\JM127\JM127.model</model>
        </node>
        <node>
           <name>MP_JM052_Deck_Hatch_1</name>
           <model>japan\misc\JM052\JM052.model</model>
        </node>
        <node>
           <name>MP_JM052_Deck_Hatch_1_INDEX_1</name>
           <model>japan\misc\JM052\JM052.model</model>
        </node>
        <node>
           <name>MP_JM052_Deck_Hatch_1_INDEX_2</name>
           <model>japan\misc\JM052\JM052.model</model>
        </node>
        <node>
           <name>MP_JM052_Deck_Hatch_1_INDEX_3</name>
           <model>japan\misc\JM052\JM052.model</model>
        </node>
        <node>
           <name>MP_JM022_Ventilators_6_INDEX_6</name>
           <model>japan\misc\JM022\JM022.model</model>
        </node>
        <node>
           <name>MP_JM168_Ventilation</name>
           <model>japan\misc\JM168\JM168.model</model>
        </node>
        <node>
           <name>MP_JM168_Ventilation_INDEX_1</name>
           <model>japan\misc\JM168\JM168.model</model>
        </node>
        <node>
           <name>MP_JM022_Ventilators_6_INDEX_7</name>
           <model>japan\misc\JM022\JM022.model</model>
        </node>
        <node>
           <name>MP_JM022_Ventilators_6_INDEX_8</name>
           <model>japan\misc\JM022\JM022.model</model>
        </node>
        <node>
           <name>MP_JM021_Ventilators_5_INDEX_2</name>
           <model>japan\misc\JM021\JM021.model</model>
        </node>
        <node>
           <name>MP_JM021_Ventilators_5_INDEX_3</name>
           <model>japan\misc\JM021\JM021.model</model>
        </node>
        <node>
           <name>MP_JM021_Ventilators_5_INDEX_4</name>
           <model>japan\misc\JM021\JM021.model</model>
        </node>
        <node>
           <name>MP_JM022_Ventilators_6_INDEX_9</name>
           <model>japan\misc\JM022\JM022.model</model>
        </node>
        <node>
           <name>MP_JM022_Ventilators_6_INDEX_10</name>
           <model>japan\misc\JM022\JM022.model</model>
        </node>
        <node>
           <name>MP_JM052_Deck_Hatch_1_INDEX_4</name>
           <model>japan\misc\JM052\JM052.model</model>
        </node>
        <node>
           <name>MP_JM168_Ventilation_INDEX_2</name>
           <model>japan\misc\JM168\JM168.model</model>
        </node>
        <node>
           <name>MP_JM022_Ventilators_6_INDEX_11</name>
           <model>japan\misc\JM022\JM022.model</model>
        </node>
        <node>
           <name>MP_JM216_Board_Crane</name>
           <model>japan\misc\JM216\JM216.model</model>
        </node>
        <node>
           <name>MP_JM216_Board_Crane_INDEX_1</name>
           <model>japan\misc\JM216\JM216.model</model>
        </node>
        <node>
           <name>MP_JM021_Ventilators_5_INDEX_5</name>
           <model>japan\misc\JM021\JM021.model</model>
        </node>
        <node>
           <name>MP_JM078_Deck_Winch_2</name>
           <model>japan\misc\JM078\JM078.model</model>
        </node>
        <node>
           <name>MP_JM078_Deck_Winch_2_INDEX_1</name>
           <model>japan\misc\JM078\JM078.model</model>
        </node>
        <node>
           <name>MP_CM008_Life_Buoy_1</name>
           <model>common\misc\CM008\CM008.model</model>
        </node>
        <node>
           <name>MP_CM008_Life_Buoy_1_INDEX_1</name>
           <model>common\misc\CM008\CM008.model</model>
        </node>
        <node>
           <name>MP_CM008_Life_Buoy_1_INDEX_2</name>
           <model>common\misc\CM008\CM008.model</model>
        </node>
        <node>
           <name>MP_JM022_Ventilators_6_INDEX_12</name>
           <model>japan\misc\JM022\JM022.model</model>
        </node>
        <node>
           <name>MP_JM022_Ventilators_6_INDEX_13</name>
           <model>japan\misc\JM022\JM022.model</model>
        </node>
        <node>
           <name>MP_JM191_SanBox</name>
           <model>japan\misc\JM191\JM191.model</model>
        </node>
        <node>
           <name>MP_CM088_Swab_Rack</name>
           <model>common\misc\CM088\CM088.model</model>
        </node>
        <node>
           <name>MP_CM012_Fire_Hose_Rack_1</name>
           <model>common\misc\CM012\CM012.model</model>
        </node>
        <node>
           <name>MP_CM011_Fire_Fighting_Gear</name>
           <model>common\misc\CM011\CM011.model</model>
        </node>
        <node>
           <name>MP_JM202_Fender</name>
           <model>japan\misc\JM202\JM202.model</model>
        </node>
        <node>
           <name>MP_JM202_Fender_INDEX_1</name>
           <model>japan\misc\JM202\JM202.model</model>
        </node>
        <node>
           <name>MP_JM191_SanBox_INDEX_1</name>
           <model>japan\misc\JM191\JM191.model</model>
        </node>
        <node>
           <name>MP_JM191_SanBox_INDEX_2</name>
           <model>japan\misc\JM191\JM191.model</model>
        </node>
        <node>
           <name>MP_JM191_SanBox_INDEX_3</name>
           <model>japan\misc\JM191\JM191.model</model>
        </node>
        <node>
           <name>MP_JM055_Deck_Hatch_4</name>
           <model>japan\misc\JM055\JM055.model</model>
        </node>
        <node>
           <name>MP_JM055_Deck_Hatch_4_INDEX_1</name>
           <model>japan\misc\JM055\JM055.model</model>
        </node>
        <node>
           <name>MP_CM088_Swab_Rack_INDEX_1</name>
           <model>common\misc\CM088\CM088.model</model>
        </node>
        <node>
           <name>MP_CM012_Fire_Hose_Rack_1_INDEX_1</name>
           <model>common\misc\CM012\CM012.model</model>
        </node>
        <node>
           <name>MP_CM012_Fire_Hose_Rack_1_INDEX_2</name>
           <model>common\misc\CM012\CM012.model</model>
        </node>
        <node>
           <name>MP_CM012_Fire_Hose_Rack_1_INDEX_3</name>
           <model>common\misc\CM012\CM012.model</model>
        </node>
        <node>
           <name>MP_CM012_Fire_Hose_Rack_1_INDEX_4</name>
           <model>common\misc\CM012\CM012.model</model>
        </node>
        <node>
           <name>MP_CM012_Fire_Hose_Rack_1_INDEX_5</name>
           <model>common\misc\CM012\CM012.model</model>
        </node>
        <node>
           <name>MP_CM011_Fire_Fighting_Gear_INDEX_1</name>
           <model>common\misc\CM011\CM011.model</model>
        </node>
        <node>
           <name>MP_CM011_Fire_Fighting_Gear_INDEX_2</name>
           <model>common\misc\CM011\CM011.model</model>
        </node>
        <node>
           <name>MP_CM011_Fire_Fighting_Gear_INDEX_3</name>
           <model>common\misc\CM011\CM011.model</model>
        </node>
        <node>
           <name>MP_CM011_Fire_Fighting_Gear_INDEX_4</name>
           <model>common\misc\CM011\CM011.model</model>
        </node>
        <node>
           <name>MP_CM011_Fire_Fighting_Gear_INDEX_5</name>
           <model>common\misc\CM011\CM011.model</model>
        </node>
        <node>
           <name>MP_JM305_Running_Lights_F_old</name>
           <model>japan\misc\JM305\JM305.model</model>
        </node>
        <node>
           <name>MP_JM168_Ventilation_INDEX_3</name>
           <model>japan\misc\JM168\JM168.model</model>
        </node>
        <node>
           <name>MP_JM168_Ventilation_INDEX_4</name>
           <model>japan\misc\JM168\JM168.model</model>
        </node>
        <node>
           <name>MP_JM257_Clock</name>
           <model>japan\misc\JM257\JM257.model</model>
        </node>
        <node>
           <name>MP_JM166_Voice_Tube_INDEX_15</name>
           <model>japan\misc\JM166\JM166.model</model>
        </node>
        <node>
           <name>MP_JM166_Voice_Tube_INDEX_16</name>
           <model>japan\misc\JM166\JM166.model</model>
        </node>
        <node>
           <name>MP_JM022_Ventilators_6_INDEX_14</name>
           <model>japan\misc\JM022\JM022.model</model>
        </node>
        <node>
           <name>MP_JM281_Crane</name>
           <model>japan\misc\JM281\JM281.model</model>
        </node>
        <node>
           <name>MP_CM004_Barbette_Out</name>
           <model>common\misc\CM004\CM004.model</model>
        </node>
        <node>
           <name>MP_CM004_Barbette_Out_INDEX_1</name>
           <model>common\misc\CM004\CM004.model</model>
        </node>
        <node>
           <name>MP_CM004_Barbette_Out_INDEX_2</name>
           <model>common\misc\CM004\CM004.model</model>
        </node>
        <node>
           <name>MP_JM035_Dinghy_6m</name>
           <model>japan\misc\JM035\JM035.model</model>
        </node>
        <node>
           <name>MP_JM209_Searchlight_early_INDEX_3</name>
           <model>japan\misc\JM209\JM209.model</model>
        </node>
        <node>
           <name>MP_JM209_Searchlight_early_INDEX_4</name>
           <model>japan\misc\JM209\JM209.model</model>
        </node>
        <node>
           <name>MP_JM209_Searchlight_early_INDEX_5</name>
           <model>japan\misc\JM209\JM209.model</model>
        </node>
        <node>
           <name>MP_JM125_Signal_Lamp_3</name>
           <model>japan\misc\JM125\JM125.model</model>
        </node>
        <node>
           <name>MP_JM305_Running_Lights_F_old_INDEX_1</name>
           <model>japan\misc\JM305\JM305.model</model>
        </node>
        <node>
           <name>MP_JM277_Binocular</name>
           <model>japan\misc\JM277\JM277.model</model>
        </node>
        <node>
           <name>MP_JM111_Deck_Hatch_13</name>
           <model>japan\misc\JM111\JM111.model</model>
        </node>
        <node>
           <name>MP_CM008_Life_Buoy_1_INDEX_3</name>
           <model>common\misc\CM008\CM008.model</model>
        </node>
        <node>
           <name>MP_JM165_Telegraph_Engine</name>
           <model>japan\misc\JM165\JM165.model</model>
        </node>
        <node>
           <name>MP_JM165_Telegraph_Engine_INDEX_1</name>
           <model>japan\misc\JM165\JM165.model</model>
        </node>
        <node>
           <name>MP_JM189_Compass_Binnacle</name>
           <model>japan\misc\JM189\JM189.model</model>
        </node>
        <node>
           <name>MP_JM251_Gauge_3</name>
           <model>japan\misc\JM251\JM251.model</model>
        </node>
        <node>
           <name>MP_CM014_Fuel_Oil_Hose</name>
           <model>common\misc\CM014\CM014.model</model>
        </node>
        <node>
           <name>MP_CM014_Fuel_Oil_Hose_INDEX_1</name>
           <model>common\misc\CM014\CM014.model</model>
        </node>
        <node>
           <name>MP_JM058_Deck_Hatch_7_INDEX_2</name>
           <model>japan\misc\JM058\JM058.model</model>
        </node>
        <node>
           <name>MP_JM058_Deck_Hatch_7_INDEX_3</name>
           <model>japan\misc\JM058\JM058.model</model>
        </node>
        <node>
           <name>MP_JM015_Reels_3</name>
           <model>japan\misc\JM015\JM015.model</model>
        </node>
        <node>
           <name>MP_JM015_Reels_3_INDEX_1</name>
           <model>japan\misc\JM015\JM015.model</model>
        </node>
        <node>
           <name>MP_JM060_Deck_Hatch_9_INDEX_4</name>
           <model>japan\misc\JM060\JM060.model</model>
        </node>
        <node>
           <name>MP_JM060_Deck_Hatch_9_INDEX_5</name>
           <model>japan\misc\JM060\JM060.model</model>
        </node>
        <node>
           <name>MP_JM060_Deck_Hatch_9_INDEX_6</name>
           <model>japan\misc\JM060\JM060.model</model>
        </node>
        <node>
           <name>MP_JM149_Ammunition_Box_INDEX_2</name>
           <model>japan\misc\JM149\JM149.model</model>
        </node>
        <node>
           <name>MP_JM149_Ammunition_Box_INDEX_3</name>
           <model>japan\misc\JM149\JM149.model</model>
        </node>
        <node>
           <name>MP_JM313_Griping_Spar</name>
           <model>japan\misc\JM313\JM313.model</model>
        </node>
        <node>
           <name>MP_JM313_Griping_Spar_INDEX_1</name>
           <model>japan\misc\JM313\JM313.model</model>
        </node>
        <node>
           <name>MP_JM023_Ventilators_7</name>
           <model>japan\misc\JM023\JM023.model</model>
        </node>
        <node>
           <name>MP_JM023_Ventilators_7_INDEX_1</name>
           <model>japan\misc\JM023\JM023.model</model>
        </node>
        <node>
           <name>MP_JM023_Ventilators_7_INDEX_2</name>
           <model>japan\misc\JM023\JM023.model</model>
        </node>
        <node>
           <name>MP_JM023_Ventilators_7_INDEX_3</name>
           <model>japan\misc\JM023\JM023.model</model>
        </node>
        <node>
           <name>MP_JM023_Ventilators_7_INDEX_4</name>
           <model>japan\misc\JM023\JM023.model</model>
        </node>
        <node>
           <name>MP_JM023_Ventilators_7_INDEX_5</name>
           <model>japan\misc\JM023\JM023.model</model>
        </node>
        <node>
           <name>MP_JM023_Ventilators_7_INDEX_6</name>
           <model>japan\misc\JM023\JM023.model</model>
        </node>
        <node>
           <name>MP_JM023_Ventilators_7_INDEX_7</name>
           <model>japan\misc\JM023\JM023.model</model>
        </node>
        <node>
           <name>MP_JM023_Ventilators_7_INDEX_8</name>
           <model>japan\misc\JM023\JM023.model</model>
        </node>
        <node>
           <name>MP_JM023_Ventilators_7_INDEX_9</name>
           <model>japan\misc\JM023\JM023.model</model>
        </node>
        <node>
           <name>MP_JM023_Ventilators_7_INDEX_10</name>
           <model>japan\misc\JM023\JM023.model</model>
        </node>
        <node>
           <name>MP_JM023_Ventilators_7_INDEX_11</name>
           <model>japan\misc\JM023\JM023.model</model>
        </node>
        <node>
           <name>MP_JM023_Ventilators_7_INDEX_12</name>
           <model>japan\misc\JM023\JM023.model</model>
        </node>
        <node>
           <name>MP_JM023_Ventilators_7_INDEX_13</name>
           <model>japan\misc\JM023\JM023.model</model>
        </node>
        <node>
           <name>MP_JM023_Ventilators_7_INDEX_14</name>
           <model>japan\misc\JM023\JM023.model</model>
        </node>
        <node>
           <name>MP_JM023_Ventilators_7_INDEX_15</name>
           <model>japan\misc\JM023\JM023.model</model>
        </node>
        <node>
           <name>MP_JM023_Ventilators_7_INDEX_16</name>
           <model>japan\misc\JM023\JM023.model</model>
        </node>
        <node>
           <name>MP_JM023_Ventilators_7_INDEX_17</name>
           <model>japan\misc\JM023\JM023.model</model>
        </node>
        <node>
           <name>MP_JM023_Ventilators_7_INDEX_18</name>
           <model>japan\misc\JM023\JM023.model</model>
        </node>
        <node>
           <name>MP_JM023_Ventilators_7_INDEX_19</name>
           <model>japan\misc\JM023\JM023.model</model>
        </node>
        <node>
           <name>MP_JM023_Ventilators_7_INDEX_20</name>
           <model>japan\misc\JM023\JM023.model</model>
        </node>
        <node>
           <name>MP_JM023_Ventilators_7_INDEX_21</name>
           <model>japan\misc\JM023\JM023.model</model>
        </node>
        <node>
           <name>MP_JM023_Ventilators_7_INDEX_22</name>
           <model>japan\misc\JM023\JM023.model</model>
        </node>
        <node>
           <name>MP_JM023_Ventilators_7_INDEX_23</name>
           <model>japan\misc\JM023\JM023.model</model>
        </node>
        <node>
           <name>MP_JM023_Ventilators_7_INDEX_24</name>
           <model>japan\misc\JM023\JM023.model</model>
        </node>
        <node>
           <name>MP_JM023_Ventilators_7_INDEX_25</name>
           <model>japan\misc\JM023\JM023.model</model>
        </node>
        <node>
           <name>MP_JM023_Ventilators_7_INDEX_26</name>
           <model>japan\misc\JM023\JM023.model</model>
        </node>
        <node>
           <name>MP_JM023_Ventilators_7_INDEX_27</name>
           <model>japan\misc\JM023\JM023.model</model>
        </node>
        <node>
           <name>MP_JM023_Ventilators_7_INDEX_28</name>
           <model>japan\misc\JM023\JM023.model</model>
        </node>
        <node>
           <name>MP_JM023_Ventilators_7_INDEX_29</name>
           <model>japan\misc\JM023\JM023.model</model>
        </node>
        <node>
           <name>MP_JM023_Ventilators_7_INDEX_30</name>
           <model>japan\misc\JM023\JM023.model</model>
        </node>
        <node>
           <name>MP_JM023_Ventilators_7_INDEX_31</name>
           <model>japan\misc\JM023\JM023.model</model>
        </node>
        <node>
           <name>MP_JM023_Ventilators_7_INDEX_32</name>
           <model>japan\misc\JM023\JM023.model</model>
        </node>
        <node>
           <name>MP_JM281_Crane_INDEX_1</name>
           <model>japan\misc\JM281\JM281.model</model>
        </node>
        <node>
           <name>MP_JM281_Crane_INDEX_2</name>
           <model>japan\misc\JM281\JM281.model</model>
        </node>
        <node>
           <name>MP_JM281_Crane_INDEX_3</name>
           <model>japan\misc\JM281\JM281.model</model>
        </node>
        <node>
           <name>MP_JM281_Crane_INDEX_4</name>
           <model>japan\misc\JM281\JM281.model</model>
        </node>
        <node>
           <name>MP_JM281_Crane_INDEX_5</name>
           <model>japan\misc\JM281\JM281.model</model>
        </node>
        <node>
           <name>MP_JM059_Deck_Hatch_8</name>
           <model>japan\misc\JM059\JM059.model</model>
        </node>
        <node>
           <name>MP_JM059_Deck_Hatch_8_INDEX_1</name>
           <model>japan\misc\JM059\JM059.model</model>
        </node>
        <node>
           <name>MP_JM059_Deck_Hatch_8_INDEX_2</name>
           <model>japan\misc\JM059\JM059.model</model>
        </node>
        <node>
           <name>MP_JM059_Deck_Hatch_8_INDEX_3</name>
           <model>japan\misc\JM059\JM059.model</model>
        </node>
        <node>
           <name>MP_JM059_Deck_Hatch_8_INDEX_4</name>
           <model>japan\misc\JM059\JM059.model</model>
        </node>
        <node>
           <name>MP_JM059_Deck_Hatch_8_INDEX_5</name>
           <model>japan\misc\JM059\JM059.model</model>
        </node>
        <node>
           <name>MP_JM059_Deck_Hatch_8_INDEX_6</name>
           <model>japan\misc\JM059\JM059.model</model>
        </node>
        <node>
           <name>MP_CM084_Oars</name>
           <model>common\misc\CM084\CM084.model</model>
        </node>
        <node>
           <name>HP_flag_1</name>
           <model>japan\misc\JM001\JM001.model</model>
        </node>
        <node>
           <name>HP_flag_2</name>
           <model>japan\misc\JM001\JM001.model</model>
        </node>
        <node>
           <name>HP_flag_3</name>
           <model>japan\misc\JM001\JM001.model</model>
        </node>
        <node>
           <name>HP_flag_4</name>
           <model>japan\misc\JM001\JM001.model</model>
        </node>
        <node>
           <name>HP_Fire_Burn_2</name>
           <model>UNKNOWN_ITEM</model>
        </node>
        <node>
           <name>HP_Smoke_1</name>
           <model>UNKNOWN_ITEM</model>
        </node>
    </midfront>
    <midback>
      <model>japan\ship\battleship\JSB020_Fuso_1919\JSB020_Fuso_1919_MidBack_ports.model</model>
        <node>
           <name>HP_JGA_3</name>
           <model>japan\gun\secondary\JGS045_76mm40_Type3\JGS045_76mm40_Type3.model</model>
        </node>
        <node>
           <name>HP_JGA_4</name>
           <model>japan\gun\secondary\JGS045_76mm40_Type3\JGS045_76mm40_Type3.model</model>
        </node>
        <node>
           <name>HP_JGM_4</name>
           <model>japan\gun\main\JGM097_356mm45\JGM097_356mm45.model</model>
        </node>
        <node>
           <name>HP_JGM_5</name>
           <model>japan\gun\main\JGM097_356mm45\JGM097_356mm45.model</model>
        </node>
        <node>
           <name>HP_JGM_6</name>
           <model>japan\gun\main\JGM097_356mm45\JGM097_356mm45.model</model>
        </node>
        <node>
           <name>HP_JGS_11</name>
           <model>japan\gun\secondary\JGS128_152mm50_Type41\JGS128_152mm50_Type41.model</model>
        </node>
        <node>
           <name>HP_JGS_12</name>
           <model>japan\gun\secondary\JGS128_152mm50_Type41\JGS128_152mm50_Type41.model</model>
        </node>
        <node>
           <name>HP_JGS_13</name>
           <model>japan\gun\secondary\JGS128_152mm50_Type41\JGS128_152mm50_Type41.model</model>
        </node>
        <node>
           <name>HP_JGS_14</name>
           <model>japan\gun\secondary\JGS128_152mm50_Type41\JGS128_152mm50_Type41.model</model>
        </node>
        <node>
           <name>HP_JGS_15</name>
           <model>japan\gun\secondary\JGS128_152mm50_Type41\JGS128_152mm50_Type41.model</model>
        </node>
        <node>
           <name>HP_JGS_16</name>
           <model>japan\gun\secondary\JGS128_152mm50_Type41\JGS128_152mm50_Type41.model</model>
        </node>
        <node>
           <name>MP_JM032_Electric_Deck_Winch</name>
           <model>japan\misc\JM032\JM032.model</model>
        </node>
        <node>
           <name>MP_JM032_Electric_Deck_Winch_INDEX_1</name>
           <model>japan\misc\JM032\JM032.model</model>
        </node>
        <node>
           <name>MP_JM056_Deck_Hatch_5</name>
           <model>japan\misc\JM056\JM056.model</model>
        </node>
        <node>
           <name>MP_JM044_After_Capstan</name>
           <model>japan\misc\JM044\JM044.model</model>
        </node>
        <node>
           <name>MP_JM022_Ventilators_6</name>
           <model>japan\misc\JM022\JM022.model</model>
        </node>
        <node>
           <name>MP_JM022_Ventilators_6_INDEX_1</name>
           <model>japan\misc\JM022\JM022.model</model>
        </node>
        <node>
           <name>MP_JM022_Ventilators_6_INDEX_2</name>
           <model>japan\misc\JM022\JM022.model</model>
        </node>
        <node>
           <name>MP_JM015_Reels_3</name>
           <model>japan\misc\JM015\JM015.model</model>
        </node>
        <node>
           <name>MP_JM032_Electric_Deck_Winch_INDEX_2</name>
           <model>japan\misc\JM032\JM032.model</model>
        </node>
        <node>
           <name>MP_CM023_Accommodation_Ladder_Closed</name>
           <model>common\misc\CM023\CM023.model</model>
        </node>
        <node>
           <name>MP_JM026_Bollards</name>
           <model>japan\misc\JM026\JM026.model</model>
        </node>
        <node>
           <name>MP_JM022_Ventilators_6_INDEX_3</name>
           <model>japan\misc\JM022\JM022.model</model>
        </node>
        <node>
           <name>MP_JM015_Reels_3_INDEX_1</name>
           <model>japan\misc\JM015\JM015.model</model>
        </node>
        <node>
           <name>MP_JM297_Signal_platorm</name>
           <model>japan\misc\JM297\JM297.model</model>
        </node>
        <node>
           <name>MP_JM297_Signal_platorm_INDEX_1</name>
           <model>japan\misc\JM297\JM297.model</model>
        </node>
        <node>
           <name>MP_JM026_Bollards_INDEX_1</name>
           <model>japan\misc\JM026\JM026.model</model>
        </node>
        <node>
           <name>MP_CM035_Accommodation_Ladder_Closed_L</name>
           <model>common\misc\CM035\CM035.model</model>
        </node>
        <node>
           <name>MP_JM209_Searchlight_early</name>
           <model>japan\misc\JM209\JM209.model</model>
        </node>
        <node>
           <name>MP_JM209_Searchlight_early_INDEX_1</name>
           <model>japan\misc\JM209\JM209.model</model>
        </node>
        <node>
           <name>MP_JM209_Searchlight_early_INDEX_2</name>
           <model>japan\misc\JM209\JM209.model</model>
        </node>
        <node>
           <name>MP_JM209_Searchlight_early_INDEX_3</name>
           <model>japan\misc\JM209\JM209.model</model>
        </node>
        <node>
           <name>MP_JM209_Searchlight_early_INDEX_4</name>
           <model>japan\misc\JM209\JM209.model</model>
        </node>
        <node>
           <name>MP_JM062_Deck_Hatch_11</name>
           <model>japan\misc\JM062\JM062.model</model>
        </node>
        <node>
           <name>MP_JM062_Deck_Hatch_11_INDEX_1</name>
           <model>japan\misc\JM062\JM062.model</model>
        </node>
        <node>
           <name>MP_JM027_Fairlead_2</name>
           <model>japan\misc\JM027\JM027.model</model>
        </node>
        <node>
           <name>MP_JM027_Fairlead_2_INDEX_1</name>
           <model>japan\misc\JM027\JM027.model</model>
        </node>
        <node>
           <name>MP_JM061_Deck_Hatch_10</name>
           <model>japan\misc\JM061\JM061.model</model>
        </node>
        <node>
           <name>MP_JM061_Deck_Hatch_10_INDEX_1</name>
           <model>japan\misc\JM061\JM061.model</model>
        </node>
        <node>
           <name>MP_JM107_Binocular_2</name>
           <model>japan\misc\JM107\JM107.model</model>
        </node>
        <node>
           <name>MP_JM107_Binocular_2_INDEX_1</name>
           <model>japan\misc\JM107\JM107.model</model>
        </node>
        <node>
           <name>MP_JM166_Voice_Tube</name>
           <model>japan\misc\JM166\JM166.model</model>
        </node>
        <node>
           <name>MP_JM166_Voice_Tube_INDEX_1</name>
           <model>japan\misc\JM166\JM166.model</model>
        </node>
        <node>
           <name>MP_JM166_Voice_Tube_INDEX_2</name>
           <model>japan\misc\JM166\JM166.model</model>
        </node>
        <node>
           <name>MP_CM092_Siren</name>
           <model>common\misc\CM092\CM092.model</model>
        </node>
        <node>
           <name>MP_CM092_Siren_INDEX_1</name>
           <model>common\misc\CM092\CM092.model</model>
        </node>
        <node>
           <name>MP_CM032_Propeller3_R</name>
           <model>common\misc\CM032\CM032.model</model>
        </node>
        <node>
           <name>MP_CM001_Propeller3_L</name>
           <model>common\misc\CM001\CM001.model</model>
        </node>
        <node>
           <name>MP_JM149_Ammunition_Box</name>
           <model>japan\misc\JM149\JM149.model</model>
        </node>
        <node>
           <name>MP_JM149_Ammunition_Box_INDEX_1</name>
           <model>japan\misc\JM149\JM149.model</model>
        </node>
        <node>
           <name>MP_JM149_Ammunition_Box_INDEX_2</name>
           <model>japan\misc\JM149\JM149.model</model>
        </node>
        <node>
           <name>MP_JM149_Ammunition_Box_INDEX_3</name>
           <model>japan\misc\JM149\JM149.model</model>
        </node>
        <node>
           <name>MP_JM061_Deck_Hatch_10_INDEX_2</name>
           <model>japan\misc\JM061\JM061.model</model>
        </node>
        <node>
           <name>MP_JM058_Deck_Hatch_7</name>
           <model>japan\misc\JM058\JM058.model</model>
        </node>
        <node>
           <name>MP_JM058_Deck_Hatch_7_INDEX_1</name>
           <model>japan\misc\JM058\JM058.model</model>
        </node>
        <node>
           <name>MP_JM061_Deck_Hatch_10_INDEX_3</name>
           <model>japan\misc\JM061\JM061.model</model>
        </node>
        <node>
           <name>MP_JM161_Ventilation</name>
           <model>japan\misc\JM161\JM161.model</model>
        </node>
        <node>
           <name>MP_JM161_Ventilation_INDEX_1</name>
           <model>japan\misc\JM161\JM161.model</model>
        </node>
        <node>
           <name>MP_JM161_Ventilation_INDEX_2</name>
           <model>japan\misc\JM161\JM161.model</model>
        </node>
        <node>
           <name>MP_JM161_Ventilation_INDEX_3</name>
           <model>japan\misc\JM161\JM161.model</model>
        </node>
        <node>
           <name>MP_JM057_Deck_Hatch_6</name>
           <model>japan\misc\JM057\JM057.model</model>
        </node>
        <node>
           <name>MP_JM024_Ventilators_8</name>
           <model>japan\misc\JM024\JM024.model</model>
        </node>
        <node>
           <name>MP_JM168_Ventilation</name>
           <model>japan\misc\JM168\JM168.model</model>
        </node>
        <node>
           <name>MP_JM058_Deck_Hatch_7_INDEX_2</name>
           <model>japan\misc\JM058\JM058.model</model>
        </node>
        <node>
           <name>MP_JM058_Deck_Hatch_7_INDEX_3</name>
           <model>japan\misc\JM058\JM058.model</model>
        </node>
        <node>
           <name>MP_JM024_Ventilators_8_INDEX_1</name>
           <model>japan\misc\JM024\JM024.model</model>
        </node>
        <node>
           <name>MP_JM024_Ventilators_8_INDEX_2</name>
           <model>japan\misc\JM024\JM024.model</model>
        </node>
        <node>
           <name>MP_JM024_Ventilators_8_INDEX_3</name>
           <model>japan\misc\JM024\JM024.model</model>
        </node>
        <node>
           <name>MP_JM025_Fairled</name>
           <model>japan\misc\JM025\JM025.model</model>
        </node>
        <node>
           <name>MP_JM025_Fairled_INDEX_1</name>
           <model>japan\misc\JM025\JM025.model</model>
        </node>
        <node>
           <name>MP_CM008_Life_Buoy_1</name>
           <model>common\misc\CM008\CM008.model</model>
        </node>
        <node>
           <name>MP_JM061_Deck_Hatch_10_INDEX_4</name>
           <model>japan\misc\JM061\JM061.model</model>
        </node>
        <node>
           <name>MP_JM061_Deck_Hatch_10_INDEX_5</name>
           <model>japan\misc\JM061\JM061.model</model>
        </node>
        <node>
           <name>MP_JM168_Ventilation_INDEX_1</name>
           <model>japan\misc\JM168\JM168.model</model>
        </node>
        <node>
           <name>MP_JM168_Ventilation_INDEX_2</name>
           <model>japan\misc\JM168\JM168.model</model>
        </node>
        <node>
           <name>MP_JM168_Ventilation_INDEX_3</name>
           <model>japan\misc\JM168\JM168.model</model>
        </node>
        <node>
           <name>MP_JM168_Ventilation_INDEX_4</name>
           <model>japan\misc\JM168\JM168.model</model>
        </node>
        <node>
           <name>MP_JM052_Deck_Hatch_1</name>
           <model>japan\misc\JM052\JM052.model</model>
        </node>
        <node>
           <name>MP_JM052_Deck_Hatch_1_INDEX_1</name>
           <model>japan\misc\JM052\JM052.model</model>
        </node>
        <node>
           <name>MP_JM032_Electric_Deck_Winch_INDEX_3</name>
           <model>japan\misc\JM032\JM032.model</model>
        </node>
        <node>
           <name>MP_JM022_Ventilators_6_INDEX_4</name>
           <model>japan\misc\JM022\JM022.model</model>
        </node>
        <node>
           <name>MP_JM022_Ventilators_6_INDEX_5</name>
           <model>japan\misc\JM022\JM022.model</model>
        </node>
        <node>
           <name>MP_CM008_Life_Buoy_1_INDEX_1</name>
           <model>common\misc\CM008\CM008.model</model>
        </node>
        <node>
           <name>MP_JM078_Deck_Winch_2</name>
           <model>japan\misc\JM078\JM078.model</model>
        </node>
        <node>
           <name>MP_JM078_Deck_Winch_2_INDEX_1</name>
           <model>japan\misc\JM078\JM078.model</model>
        </node>
        <node>
           <name>MP_CM051_Fire_Fighting_Gear</name>
           <model>common\misc\CM051\CM051.model</model>
        </node>
        <node>
           <name>MP_CM013_Fire_Hose_Rack_2</name>
           <model>common\misc\CM013\CM013.model</model>
        </node>
        <node>
           <name>MP_JM202_Fender</name>
           <model>japan\misc\JM202\JM202.model</model>
        </node>
        <node>
           <name>MP_JM202_Fender_INDEX_1</name>
           <model>japan\misc\JM202\JM202.model</model>
        </node>
        <node>
           <name>MP_JM202_Fender_INDEX_2</name>
           <model>japan\misc\JM202\JM202.model</model>
        </node>
        <node>
           <name>MP_JM202_Fender_INDEX_3</name>
           <model>japan\misc\JM202\JM202.model</model>
        </node>
        <node>
           <name>MP_JM191_SanBox</name>
           <model>japan\misc\JM191\JM191.model</model>
        </node>
        <node>
           <name>MP_JM055_Deck_Hatch_4</name>
           <model>japan\misc\JM055\JM055.model</model>
        </node>
        <node>
           <name>MP_JM055_Deck_Hatch_4_INDEX_1</name>
           <model>japan\misc\JM055\JM055.model</model>
        </node>
        <node>
           <name>MP_JM191_SanBox_INDEX_1</name>
           <model>japan\misc\JM191\JM191.model</model>
        </node>
        <node>
           <name>MP_JM191_SanBox_INDEX_2</name>
           <model>japan\misc\JM191\JM191.model</model>
        </node>
        <node>
           <name>MP_JM191_SanBox_INDEX_3</name>
           <model>japan\misc\JM191\JM191.model</model>
        </node>
        <node>
           <name>MP_CM088_Swab_Rack</name>
           <model>common\misc\CM088\CM088.model</model>
        </node>
        <node>
           <name>MP_CM088_Swab_Rack_INDEX_1</name>
           <model>common\misc\CM088\CM088.model</model>
        </node>
        <node>
           <name>MP_CM088_Swab_Rack_INDEX_2</name>
           <model>common\misc\CM088\CM088.model</model>
        </node>
        <node>
           <name>MP_CM088_Swab_Rack_INDEX_3</name>
           <model>common\misc\CM088\CM088.model</model>
        </node>
        <node>
           <name>MP_CM051_Fire_Fighting_Gear_INDEX_1</name>
           <model>common\misc\CM051\CM051.model</model>
        </node>
        <node>
           <name>MP_CM013_Fire_Hose_Rack_2_INDEX_1</name>
           <model>common\misc\CM013\CM013.model</model>
        </node>
        <node>
           <name>MP_CM012_Fire_Hose_Rack_1</name>
           <model>common\misc\CM012\CM012.model</model>
        </node>
        <node>
           <name>MP_CM011_Fire_Fighting_Gear</name>
           <model>common\misc\CM011\CM011.model</model>
        </node>
        <node>
           <name>MP_CM011_Fire_Fighting_Gear_INDEX_1</name>
           <model>common\misc\CM011\CM011.model</model>
        </node>
        <node>
           <name>MP_CM011_Fire_Fighting_Gear_INDEX_2</name>
           <model>common\misc\CM011\CM011.model</model>
        </node>
        <node>
           <name>MP_CM012_Fire_Hose_Rack_1_INDEX_1</name>
           <model>common\misc\CM012\CM012.model</model>
        </node>
        <node>
           <name>MP_CM012_Fire_Hose_Rack_1_INDEX_2</name>
           <model>common\misc\CM012\CM012.model</model>
        </node>
        <node>
           <name>MP_JM281_Crane</name>
           <model>japan\misc\JM281\JM281.model</model>
        </node>
        <node>
           <name>MP_JM281_Crane_INDEX_1</name>
           <model>japan\misc\JM281\JM281.model</model>
        </node>
        <node>
           <name>MP_JM281_Crane_INDEX_2</name>
           <model>japan\misc\JM281\JM281.model</model>
        </node>
        <node>
           <name>MP_JM281_Crane_INDEX_3</name>
           <model>japan\misc\JM281\JM281.model</model>
        </node>
        <node>
           <name>MP_CM004_Barbette_Out</name>
           <model>common\misc\CM004\CM004.model</model>
        </node>
        <node>
           <name>MP_CM004_Barbette_Out_INDEX_1</name>
           <model>common\misc\CM004\CM004.model</model>
        </node>
        <node>
           <name>MP_CM004_Barbette_Out_INDEX_2</name>
           <model>common\misc\CM004\CM004.model</model>
        </node>
        <node>
           <name>MP_JM299_Steam_Boat</name>
           <model>japan\misc\JM299\JM299.model</model>
        </node>
        <node>
           <name>MP_JM229_Sailing_Launch_12_2m</name>
           <model>japan\misc\JM229\JM229.model</model>
        </node>
        <node>
           <name>MP_JM299_Steam_Boat_INDEX_1</name>
           <model>japan\misc\JM299\JM299.model</model>
        </node>
        <node>
           <name>MP_JM229_Sailing_Launch_12_2m_INDEX_1</name>
           <model>japan\misc\JM229\JM229.model</model>
        </node>
        <node>
           <name>MP_JM058_Deck_Hatch_7_INDEX_4</name>
           <model>japan\misc\JM058\JM058.model</model>
        </node>
        <node>
           <name>MP_JM058_Deck_Hatch_7_INDEX_5</name>
           <model>japan\misc\JM058\JM058.model</model>
        </node>
        <node>
           <name>MP_JM058_Deck_Hatch_7_INDEX_6</name>
           <model>japan\misc\JM058\JM058.model</model>
        </node>
        <node>
           <name>MP_JM166_Voice_Tube_INDEX_3</name>
           <model>japan\misc\JM166\JM166.model</model>
        </node>
        <node>
           <name>MP_JM107_Binocular_2_INDEX_2</name>
           <model>japan\misc\JM107\JM107.model</model>
        </node>
        <node>
           <name>MP_JM166_Voice_Tube_INDEX_4</name>
           <model>japan\misc\JM166\JM166.model</model>
        </node>
        <node>
           <name>MP_JM107_Binocular_2_INDEX_3</name>
           <model>japan\misc\JM107\JM107.model</model>
        </node>
        <node>
           <name>MP_JM061_Deck_Hatch_10_INDEX_6</name>
           <model>japan\misc\JM061\JM061.model</model>
        </node>
        <node>
           <name>MP_JM061_Deck_Hatch_10_INDEX_7</name>
           <model>japan\misc\JM061\JM061.model</model>
        </node>
        <node>
           <name>MP_JM061_Deck_Hatch_10_INDEX_8</name>
           <model>japan\misc\JM061\JM061.model</model>
        </node>
        <node>
           <name>MP_JM061_Deck_Hatch_10_INDEX_9</name>
           <model>japan\misc\JM061\JM061.model</model>
        </node>
        <node>
           <name>MP_JM054_Deck_Hatch_3</name>
           <model>japan\misc\JM054\JM054.model</model>
        </node>
        <node>
           <name>MP_JM026_Bollards_INDEX_2</name>
           <model>japan\misc\JM026\JM026.model</model>
        </node>
        <node>
           <name>MP_JM026_Bollards_INDEX_3</name>
           <model>japan\misc\JM026\JM026.model</model>
        </node>
        <node>
           <name>MP_CM008_Life_Buoy_1_INDEX_2</name>
           <model>common\misc\CM008\CM008.model</model>
        </node>
        <node>
           <name>MP_CM008_Life_Buoy_1_INDEX_3</name>
           <model>common\misc\CM008\CM008.model</model>
        </node>
        <node>
           <name>MP_CM008_Life_Buoy_1_INDEX_4</name>
           <model>common\misc\CM008\CM008.model</model>
        </node>
        <node>
           <name>MP_JM189_Compass_Binnacle</name>
           <model>japan\misc\JM189\JM189.model</model>
        </node>
        <node>
           <name>MP_CM014_Fuel_Oil_Hose</name>
           <model>common\misc\CM014\CM014.model</model>
        </node>
        <node>
           <name>MP_CM014_Fuel_Oil_Hose_INDEX_1</name>
           <model>common\misc\CM014\CM014.model</model>
        </node>
        <node>
           <name>MP_JM190_Gyro_Repeater</name>
           <model>japan\misc\JM190\JM190.model</model>
        </node>
        <node>
           <name>MP_JM166_Voice_Tube_INDEX_5</name>
           <model>japan\misc\JM166\JM166.model</model>
        </node>
        <node>
           <name>MP_JM113_Flag_Box</name>
           <model>japan\misc\JM113\JM113.model</model>
        </node>
        <node>
           <name>MP_JM190_Gyro_Repeater_INDEX_1</name>
           <model>japan\misc\JM190\JM190.model</model>
        </node>
        <node>
           <name>MP_JM166_Voice_Tube_INDEX_6</name>
           <model>japan\misc\JM166\JM166.model</model>
        </node>
        <node>
           <name>MP_JM113_Flag_Box_INDEX_1</name>
           <model>japan\misc\JM113\JM113.model</model>
        </node>
        <node>
           <name>MP_JM015_Reels_3_INDEX_2</name>
           <model>japan\misc\JM015\JM015.model</model>
        </node>
        <node>
           <name>MP_JM015_Reels_3_INDEX_3</name>
           <model>japan\misc\JM015\JM015.model</model>
        </node>
        <node>
           <name>MP_JM313_Griping_Spar</name>
           <model>japan\misc\JM313\JM313.model</model>
        </node>
        <node>
           <name>MP_JM313_Griping_Spar_INDEX_1</name>
           <model>japan\misc\JM313\JM313.model</model>
        </node>
        <node>
           <name>MP_JM313_Griping_Spar_INDEX_2</name>
           <model>japan\misc\JM313\JM313.model</model>
        </node>
        <node>
           <name>MP_JM313_Griping_Spar_INDEX_3</name>
           <model>japan\misc\JM313\JM313.model</model>
        </node>
        <node>
           <name>MP_JM023_Ventilators_7</name>
           <model>japan\misc\JM023\JM023.model</model>
        </node>
        <node>
           <name>MP_JM023_Ventilators_7_INDEX_1</name>
           <model>japan\misc\JM023\JM023.model</model>
        </node>
        <node>
           <name>MP_JM023_Ventilators_7_INDEX_2</name>
           <model>japan\misc\JM023\JM023.model</model>
        </node>
        <node>
           <name>MP_JM023_Ventilators_7_INDEX_3</name>
           <model>japan\misc\JM023\JM023.model</model>
        </node>
        <node>
           <name>MP_JM023_Ventilators_7_INDEX_4</name>
           <model>japan\misc\JM023\JM023.model</model>
        </node>
        <node>
           <name>MP_JM023_Ventilators_7_INDEX_5</name>
           <model>japan\misc\JM023\JM023.model</model>
        </node>
        <node>
           <name>MP_JM023_Ventilators_7_INDEX_6</name>
           <model>japan\misc\JM023\JM023.model</model>
        </node>
        <node>
           <name>MP_JM023_Ventilators_7_INDEX_7</name>
           <model>japan\misc\JM023\JM023.model</model>
        </node>
        <node>
           <name>MP_JM023_Ventilators_7_INDEX_8</name>
           <model>japan\misc\JM023\JM023.model</model>
        </node>
        <node>
           <name>MP_JM023_Ventilators_7_INDEX_9</name>
           <model>japan\misc\JM023\JM023.model</model>
        </node>
        <node>
           <name>MP_JM023_Ventilators_7_INDEX_10</name>
           <model>japan\misc\JM023\JM023.model</model>
        </node>
        <node>
           <name>MP_JM023_Ventilators_7_INDEX_11</name>
           <model>japan\misc\JM023\JM023.model</model>
        </node>
        <node>
           <name>MP_JM023_Ventilators_7_INDEX_12</name>
           <model>japan\misc\JM023\JM023.model</model>
        </node>
        <node>
           <name>MP_JM023_Ventilators_7_INDEX_13</name>
           <model>japan\misc\JM023\JM023.model</model>
        </node>
        <node>
           <name>MP_JM023_Ventilators_7_INDEX_14</name>
           <model>japan\misc\JM023\JM023.model</model>
        </node>
        <node>
           <name>MP_JM023_Ventilators_7_INDEX_15</name>
           <model>japan\misc\JM023\JM023.model</model>
        </node>
        <node>
           <name>MP_JM023_Ventilators_7_INDEX_16</name>
           <model>japan\misc\JM023\JM023.model</model>
        </node>
        <node>
           <name>MP_CM008_Life_Buoy_1_INDEX_5</name>
           <model>common\misc\CM008\CM008.model</model>
        </node>
        <node>
           <name>MP_JM125_Signal_Lamp_3</name>
           <model>japan\misc\JM125\JM125.model</model>
        </node>
        <node>
           <name>MP_JM059_Deck_Hatch_8</name>
           <model>japan\misc\JM059\JM059.model</model>
        </node>
        <node>
           <name>MP_JM059_Deck_Hatch_8_INDEX_1</name>
           <model>japan\misc\JM059\JM059.model</model>
        </node>
        <node>
           <name>MP_JM059_Deck_Hatch_8_INDEX_2</name>
           <model>japan\misc\JM059\JM059.model</model>
        </node>
        <node>
           <name>MP_JM059_Deck_Hatch_8_INDEX_3</name>
           <model>japan\misc\JM059\JM059.model</model>
        </node>
        <node>
           <name>MP_JM059_Deck_Hatch_8_INDEX_4</name>
           <model>japan\misc\JM059\JM059.model</model>
        </node>
        <node>
           <name>MP_CM083_Mast_Sailing</name>
           <model>common\misc\CM083\CM083.model</model>
        </node>
        <node>
           <name>MP_CM083_Mast_Sailing_INDEX_1</name>
           <model>common\misc\CM083\CM083.model</model>
        </node>
        <node>
           <name>MP_CM084_Oars</name>
           <model>common\misc\CM084\CM084.model</model>
        </node>
        <node>
           <name>MP_CM084_Oars_INDEX_1</name>
           <model>common\misc\CM084\CM084.model</model>
        </node>
        <node>
           <name>MP_CM084_Oars_INDEX_2</name>
           <model>common\misc\CM084\CM084.model</model>
        </node>
        <node>
           <name>MP_CM084_Oars_INDEX_3</name>
           <model>common\misc\CM084\CM084.model</model>
        </node>
        <node>
           <name>HP_Fire_Burn_3</name>
           <model>UNKNOWN_ITEM</model>
        </node>
        <node>
           <name>HP_Smoke_2</name>
           <model>UNKNOWN_ITEM</model>
        </node>
    </midback>
    <stern>
      <model>japan\ship\battleship\JSB020_Fuso_1919\JSB020_Fuso_1919_Stern_ports.model</model>
        <node>
           <name>MP_CM085_Anchor_Top</name>
           <model>common\misc\CM085\CM085.model</model>
        </node>
        <node>
           <name>MP_JM056_Deck_Hatch_5</name>
           <model>japan\misc\JM056\JM056.model</model>
        </node>
        <node>
           <name>MP_JM026_Bollards</name>
           <model>japan\misc\JM026\JM026.model</model>
        </node>
        <node>
           <name>MP_JM125_Signal_Lamp_3</name>
           <model>japan\misc\JM125\JM125.model</model>
        </node>
        <node>
           <name>MP_JM057_Deck_Hatch_6</name>
           <model>japan\misc\JM057\JM057.model</model>
        </node>
        <node>
           <name>MP_CM085_Anchor_Top_INDEX_1</name>
           <model>common\misc\CM085\CM085.model</model>
        </node>
        <node>
           <name>MP_JM062_Deck_Hatch_11</name>
           <model>japan\misc\JM062\JM062.model</model>
        </node>
        <node>
           <name>MP_JM027_Fairlead_2</name>
           <model>japan\misc\JM027\JM027.model</model>
        </node>
        <node>
           <name>MP_JM027_Fairlead_2_INDEX_1</name>
           <model>japan\misc\JM027\JM027.model</model>
        </node>
        <node>
           <name>MP_CM087_Anchor_down</name>
           <model>common\misc\CM087\CM087.model</model>
        </node>
        <node>
           <name>MP_CM087_Anchor_down_INDEX_1</name>
           <model>common\misc\CM087\CM087.model</model>
        </node>
        <node>
           <name>MP_CM032_Propeller3_R</name>
           <model>common\misc\CM032\CM032.model</model>
        </node>
        <node>
           <name>MP_CM001_Propeller3_L</name>
           <model>common\misc\CM001\CM001.model</model>
        </node>
        <node>
           <name>MP_JM300_Life_Buoy</name>
           <model>japan\misc\JM300\JM300.model</model>
        </node>
        <node>
           <name>MP_JM168_Ventilation</name>
           <model>japan\misc\JM168\JM168.model</model>
        </node>
        <node>
           <name>MP_JM024_Ventilators_8</name>
           <model>japan\misc\JM024\JM024.model</model>
        </node>
        <node>
           <name>MP_JM300_Life_Buoy_INDEX_1</name>
           <model>japan\misc\JM300\JM300.model</model>
        </node>
        <node>
           <name>MP_JM055_Deck_Hatch_4</name>
           <model>japan\misc\JM055\JM055.model</model>
        </node>
        <node>
           <name>MP_JM304_Running_Lights_B</name>
           <model>japan\misc\JM304\JM304.model</model>
        </node>
        <node>
           <name>MP_JM026_Bollards_INDEX_1</name>
           <model>japan\misc\JM026\JM026.model</model>
        </node>
        <node>
           <name>MP_JM023_Ventilators_7</name>
           <model>japan\misc\JM023\JM023.model</model>
        </node>
        <node>
           <name>MP_JM023_Ventilators_7_INDEX_1</name>
           <model>japan\misc\JM023\JM023.model</model>
        </node>
        <node>
           <name>MP_JM023_Ventilators_7_INDEX_2</name>
           <model>japan\misc\JM023\JM023.model</model>
        </node>
        <node>
           <name>MP_JM023_Ventilators_7_INDEX_3</name>
           <model>japan\misc\JM023\JM023.model</model>
        </node>
        <node>
           <name>HP_flag_nation</name>
           <model>japan\misc\JM001\JM001.model</model>
        </node>
        <node>
           <name>HP_Fire_Burn_4</name>
           <model>UNKNOWN_ITEM</model>
        </node>
    </stern>
  </sections>
</JSB020_Fuso_1919.xml>
