<ASB037_North_Carolina_1942.xml>
  <sections>
    <bow>
      <model>usa\ship\battleship\ASB037_North_Carolina_1942\ASB037_North_Carolina_1942_bow_ports.model</model>
        <node>
           <name>HP_AGA_5</name>
           <model>usa\gun\aaircraft\AGA003_20mm_Oerlikon_MK4\AGA003_20mm_Oerlikon_MK4.model</model>
        </node>
        <node>
           <name>HP_AGA_6</name>
           <model>usa\gun\aaircraft\AGA003_20mm_Oerlikon_MK4\AGA003_20mm_Oerlikon_MK4.model</model>
        </node>
        <node>
           <name>HP_AGA_7</name>
           <model>usa\gun\aaircraft\AGA003_20mm_Oerlikon_MK4\AGA003_20mm_Oerlikon_MK4.model</model>
        </node>
        <node>
           <name>HP_AGA_1</name>
           <model>usa\gun\aaircraft\AGA003_20mm_Oerlikon_MK4\AGA003_20mm_Oerlikon_MK4.model</model>
        </node>
        <node>
           <name>HP_AGA_8</name>
           <model>usa\gun\aaircraft\AGA003_20mm_Oerlikon_MK4\AGA003_20mm_Oerlikon_MK4.model</model>
        </node>
        <node>
           <name>HP_AGA_10</name>
           <model>usa\gun\aaircraft\AGA003_20mm_Oerlikon_MK4\AGA003_20mm_Oerlikon_MK4.model</model>
        </node>
        <node>
           <name>HP_AGA_9</name>
           <model>usa\gun\aaircraft\AGA003_20mm_Oerlikon_MK4\AGA003_20mm_Oerlikon_MK4.model</model>
        </node>
        <node>
           <name>HP_AGA_2</name>
           <model>usa\gun\aaircraft\AGA003_20mm_Oerlikon_MK4\AGA003_20mm_Oerlikon_MK4.model</model>
        </node>
        <node>
           <name>HP_AGA_3</name>
           <model>usa\gun\aaircraft\AGA003_20mm_Oerlikon_MK4\AGA003_20mm_Oerlikon_MK4.model</model>
        </node>
        <node>
           <name>HP_AGA_4</name>
           <model>usa\gun\aaircraft\AGA003_20mm_Oerlikon_MK4\AGA003_20mm_Oerlikon_MK4.model</model>
        </node>
        <node>
           <name>HP_AGM_1</name>
           <model>usa\gun\main\AGM012_16in45_Mk6\AGM012_16in45_Mk6.model</model>
        </node>
        <node>
           <name>MP_AM191_Ammunition_Box_11</name>
           <model>usa\misc\AM191\AM191.model</model>
        </node>
        <node>
           <name>MP_AM049_Signal_Lamp_1</name>
           <model>usa\misc\AM049\AM049.model</model>
        </node>
        <node>
           <name>MP_AM003_Fairlead_1</name>
           <model>usa\misc\AM003\AM003.model</model>
        </node>
        <node>
           <name>MP_AM024_Hatch_2</name>
           <model>usa\misc\AM024\AM024.model</model>
        </node>
        <node>
           <name>MP_AM026_Break_Handwheel_1</name>
           <model>usa\misc\AM026\AM026.model</model>
        </node>
        <node>
           <name>MP_AM191_Ammunition_Box_11_INDEX_1</name>
           <model>usa\misc\AM191\AM191.model</model>
        </node>
        <node>
           <name>MP_AM141_Hatch_6</name>
           <model>usa\misc\AM141\AM141.model</model>
        </node>
        <node>
           <name>MP_AM023_Hatch_1</name>
           <model>usa\misc\AM023\AM023.model</model>
        </node>
        <node>
           <name>MP_AM068_Hatch_3</name>
           <model>usa\misc\AM068\AM068.model</model>
        </node>
        <node>
           <name>MP_CM006_Anchor_2</name>
           <model>common\misc\CM006\CM006.model</model>
        </node>
        <node>
           <name>MP_CM010_Fire_Hose_Reel</name>
           <model>common\misc\CM010\CM010.model</model>
        </node>
        <node>
           <name>MP_AM129_Turtles_box</name>
           <model>usa\misc\AM129\AM129.model</model>
        </node>
        <node>
           <name>MP_AM129_Turtles_box_INDEX_1</name>
           <model>usa\misc\AM129\AM129.model</model>
        </node>
        <node>
           <name>MP_AM191_Ammunition_Box_11_INDEX_2</name>
           <model>usa\misc\AM191\AM191.model</model>
        </node>
        <node>
           <name>MP_AM003_Fairlead_1_INDEX_1</name>
           <model>usa\misc\AM003\AM003.model</model>
        </node>
        <node>
           <name>MP_AM191_Ammunition_Box_11_INDEX_3</name>
           <model>usa\misc\AM191\AM191.model</model>
        </node>
        <node>
           <name>MP_AM191_Ammunition_Box_11_INDEX_4</name>
           <model>usa\misc\AM191\AM191.model</model>
        </node>
        <node>
           <name>MP_AM088_Capstan_1</name>
           <model>usa\misc\AM088\AM088.model</model>
        </node>
        <node>
           <name>MP_AM191_Ammunition_Box_11_INDEX_5</name>
           <model>usa\misc\AM191\AM191.model</model>
        </node>
        <node>
           <name>MP_AM003_Fairlead_1_INDEX_2</name>
           <model>usa\misc\AM003\AM003.model</model>
        </node>
        <node>
           <name>MP_AM024_Hatch_2_INDEX_1</name>
           <model>usa\misc\AM024\AM024.model</model>
        </node>
        <node>
           <name>MP_AM005_Bollard_1</name>
           <model>usa\misc\AM005\AM005.model</model>
        </node>
        <node>
           <name>MP_AM191_Ammunition_Box_11_INDEX_6</name>
           <model>usa\misc\AM191\AM191.model</model>
        </node>
        <node>
           <name>MP_AM191_Ammunition_Box_11_INDEX_7</name>
           <model>usa\misc\AM191\AM191.model</model>
        </node>
        <node>
           <name>MP_AM191_Ammunition_Box_11_INDEX_8</name>
           <model>usa\misc\AM191\AM191.model</model>
        </node>
        <node>
           <name>MP_AM004_Fairlead_2</name>
           <model>usa\misc\AM004\AM004.model</model>
        </node>
        <node>
           <name>MP_AM129_Turtles_box_INDEX_2</name>
           <model>usa\misc\AM129\AM129.model</model>
        </node>
        <node>
           <name>MP_AM004_Fairlead_2_INDEX_1</name>
           <model>usa\misc\AM004\AM004.model</model>
        </node>
        <node>
           <name>MP_CM010_Fire_Hose_Reel_INDEX_1</name>
           <model>common\misc\CM010\CM010.model</model>
        </node>
        <node>
           <name>MP_AM129_Turtles_box_INDEX_3</name>
           <model>usa\misc\AM129\AM129.model</model>
        </node>
        <node>
           <name>MP_AM001_Bollard_2</name>
           <model>usa\misc\AM001\AM001.model</model>
        </node>
        <node>
           <name>MP_AM003_Fairlead_1_INDEX_3</name>
           <model>usa\misc\AM003\AM003.model</model>
        </node>
        <node>
           <name>MP_AM026_Break_Handwheel_1_INDEX_1</name>
           <model>usa\misc\AM026\AM026.model</model>
        </node>
        <node>
           <name>MP_AM006_Reels_1</name>
           <model>usa\misc\AM006\AM006.model</model>
        </node>
        <node>
           <name>MP_AM271_Crane_Beam</name>
           <model>usa\misc\AM271\AM271.model</model>
        </node>
        <node>
           <name>MP_AM191_Ammunition_Box_11_INDEX_9</name>
           <model>usa\misc\AM191\AM191.model</model>
        </node>
        <node>
           <name>MP_AM005_Bollard_1_INDEX_1</name>
           <model>usa\misc\AM005\AM005.model</model>
        </node>
        <node>
           <name>MP_AM191_Ammunition_Box_11_INDEX_10</name>
           <model>usa\misc\AM191\AM191.model</model>
        </node>
        <node>
           <name>MP_CM011_Fire_Fighting_Gear</name>
           <model>common\misc\CM011\CM011.model</model>
        </node>
        <node>
           <name>MP_AM006_Reels_1_INDEX_1</name>
           <model>usa\misc\AM006\AM006.model</model>
        </node>
        <node>
           <name>MP_AM191_Ammunition_Box_11_INDEX_11</name>
           <model>usa\misc\AM191\AM191.model</model>
        </node>
        <node>
           <name>MP_AM023_Hatch_1_INDEX_1</name>
           <model>usa\misc\AM023\AM023.model</model>
        </node>
        <node>
           <name>MP_AM026_Break_Handwheel_1_INDEX_2</name>
           <model>usa\misc\AM026\AM026.model</model>
        </node>
        <node>
           <name>MP_CM011_Fire_Fighting_Gear_INDEX_1</name>
           <model>common\misc\CM011\CM011.model</model>
        </node>
        <node>
           <name>MP_AM191_Ammunition_Box_11_INDEX_12</name>
           <model>usa\misc\AM191\AM191.model</model>
        </node>
        <node>
           <name>MP_AM191_Ammunition_Box_11_INDEX_13</name>
           <model>usa\misc\AM191\AM191.model</model>
        </node>
        <node>
           <name>MP_AM129_Turtles_box_INDEX_4</name>
           <model>usa\misc\AM129\AM129.model</model>
        </node>
        <node>
           <name>MP_AM271_Crane_Beam_INDEX_1</name>
           <model>usa\misc\AM271\AM271.model</model>
        </node>
        <node>
           <name>MP_AM191_Ammunition_Box_11_INDEX_14</name>
           <model>usa\misc\AM191\AM191.model</model>
        </node>
        <node>
           <name>MP_AM003_Fairlead_1_INDEX_4</name>
           <model>usa\misc\AM003\AM003.model</model>
        </node>
        <node>
           <name>MP_AM003_Fairlead_1_INDEX_5</name>
           <model>usa\misc\AM003\AM003.model</model>
        </node>
        <node>
           <name>MP_CM012_Fire_Hose_Rack_1</name>
           <model>common\misc\CM012\CM012.model</model>
        </node>
        <node>
           <name>MP_AM019_Ventilators_1</name>
           <model>usa\misc\AM019\AM019.model</model>
        </node>
        <node>
           <name>MP_AM004_Fairlead_2_INDEX_2</name>
           <model>usa\misc\AM004\AM004.model</model>
        </node>
        <node>
           <name>MP_AM019_Ventilators_1_INDEX_1</name>
           <model>usa\misc\AM019\AM019.model</model>
        </node>
        <node>
           <name>MP_AM001_Bollard_2_INDEX_1</name>
           <model>usa\misc\AM001\AM001.model</model>
        </node>
        <node>
           <name>MP_AM319_Hatch</name>
           <model>usa\misc\AM319\AM319.model</model>
        </node>
        <node>
           <name>MP_AM191_Ammunition_Box_11_INDEX_15</name>
           <model>usa\misc\AM191\AM191.model</model>
        </node>
        <node>
           <name>MP_AM005_Bollard_1_INDEX_2</name>
           <model>usa\misc\AM005\AM005.model</model>
        </node>
        <node>
           <name>MP_AM003_Fairlead_1_INDEX_6</name>
           <model>usa\misc\AM003\AM003.model</model>
        </node>
        <node>
           <name>MP_AM191_Ammunition_Box_11_INDEX_16</name>
           <model>usa\misc\AM191\AM191.model</model>
        </node>
        <node>
           <name>MP_AM068_Hatch_3_INDEX_1</name>
           <model>usa\misc\AM068\AM068.model</model>
        </node>
        <node>
           <name>MP_AM005_Bollard_1_INDEX_3</name>
           <model>usa\misc\AM005\AM005.model</model>
        </node>
        <node>
           <name>MP_AM077_Paravane</name>
           <model>usa\misc\AM077\AM077.model</model>
        </node>
        <node>
           <name>MP_AM004_Fairlead_2_INDEX_3</name>
           <model>usa\misc\AM004\AM004.model</model>
        </node>
        <node>
           <name>MP_AM191_Ammunition_Box_11_INDEX_17</name>
           <model>usa\misc\AM191\AM191.model</model>
        </node>
        <node>
           <name>MP_AM003_Fairlead_1_INDEX_7</name>
           <model>usa\misc\AM003\AM003.model</model>
        </node>
        <node>
           <name>MP_AM191_Ammunition_Box_11_INDEX_18</name>
           <model>usa\misc\AM191\AM191.model</model>
        </node>
        <node>
           <name>MP_AM077_Paravane_INDEX_1</name>
           <model>usa\misc\AM077\AM077.model</model>
        </node>
        <node>
           <name>MP_AM026_Break_Handwheel_1_INDEX_3</name>
           <model>usa\misc\AM026\AM026.model</model>
        </node>
        <node>
           <name>MP_CM006_Anchor_2_INDEX_1</name>
           <model>common\misc\CM006\CM006.model</model>
        </node>
        <node>
           <name>MP_AM088_Capstan_1_INDEX_1</name>
           <model>usa\misc\AM088\AM088.model</model>
        </node>
        <node>
           <name>MP_AM129_Turtles_box_INDEX_5</name>
           <model>usa\misc\AM129\AM129.model</model>
        </node>
        <node>
           <name>HP_Fire_Burn_1</name>
           <model>UNKNOWN_ITEM</model>
        </node>
    </bow>
    <midfront>
      <model>usa\ship\battleship\ASB037_North_Carolina_1942\ASB037_North_Carolina_1942_MidFront_ports.model</model>
        <node>
           <name>HP_AD_11</name>
           <model>usa\director\AD102_Director_Mk37_empty\AD102_Director_Mk37_empty.model</model>
        </node>
        <node>
           <name>HP_AD_12</name>
           <model>usa\director\AD102_Director_Mk37_empty\AD102_Director_Mk37_empty.model</model>
        </node>
        <node>
           <name>HP_AD_5</name>
           <model>usa\director\AD102_Director_Mk37_empty\AD102_Director_Mk37_empty.model</model>
        </node>
        <node>
           <name>HP_AD_6</name>
           <model>usa\director\AD027_Director_Mk57\AD027_Director_Mk57.model</model>
        </node>
        <node>
           <name>HP_AD_7</name>
           <model>usa\director\AD027_Director_Mk57\AD027_Director_Mk57.model</model>
        </node>
        <node>
           <name>HP_AD_3</name>
           <model>usa\director\AD003_Director_Mk51\AD003_Director_Mk51.model</model>
        </node>
        <node>
           <name>HP_AD_9</name>
           <model>usa\director\AD003_Director_Mk51\AD003_Director_Mk51.model</model>
        </node>
        <node>
           <name>HP_AD_13</name>
           <model>usa\director\AD003_Director_Mk51\AD003_Director_Mk51.model</model>
        </node>
        <node>
           <name>HP_AD_10</name>
           <model>usa\director\AD003_Director_Mk51\AD003_Director_Mk51.model</model>
        </node>
        <node>
           <name>HP_AD_14</name>
           <model>usa\director\AD003_Director_Mk51\AD003_Director_Mk51.model</model>
        </node>
        <node>
           <name>HP_AD_1</name>
           <model>usa\director\AD003_Director_Mk51\AD003_Director_Mk51.model</model>
        </node>
        <node>
           <name>HP_AD_2</name>
           <model>usa\director\AD003_Director_Mk51\AD003_Director_Mk51.model</model>
        </node>
        <node>
           <name>HP_AD_4</name>
           <model>usa\director\AD003_Director_Mk51\AD003_Director_Mk51.model</model>
        </node>
        <node>
           <name>HP_AD_8</name>
           <model>usa\director\AD018_Director_Mk38\AD018_Director_Mk38.model</model>
        </node>
        <node>
           <name>HP_AF_3</name>
           <model>usa\finder\AF029_Periscope_1\AF029_Periscope_1.model</model>
        </node>
        <node>
           <name>HP_AF_2</name>
           <model>usa\finder\AF029_Periscope_1\AF029_Periscope_1.model</model>
        </node>
        <node>
           <name>HP_AF_1</name>
           <model>usa\finder\AF030_Periscope_2\AF030_Periscope_2.model</model>
        </node>
        <node>
           <name>HP_AF_5</name>
           <model>usa\finder\AF091_Rangefinder\AF091_Rangefinder.model</model>
        </node>
        <node>
           <name>HP_AF_6</name>
           <model>usa\finder\AF091_Rangefinder\AF091_Rangefinder.model</model>
        </node>
        <node>
           <name>HP_AF_4</name>
           <model>usa\finder\AF097_Rangefinder_2_7m\AF097_Rangefinder_2_7m.model</model>
        </node>
        <node>
           <name>HP_AGA_36</name>
           <model>usa\gun\aaircraft\AGA003_20mm_Oerlikon_MK4\AGA003_20mm_Oerlikon_MK4.model</model>
        </node>
        <node>
           <name>HP_AGA_28</name>
           <model>usa\gun\aaircraft\AGA003_20mm_Oerlikon_MK4\AGA003_20mm_Oerlikon_MK4.model</model>
        </node>
        <node>
           <name>HP_AGA_27</name>
           <model>usa\gun\aaircraft\AGA003_20mm_Oerlikon_MK4\AGA003_20mm_Oerlikon_MK4.model</model>
        </node>
        <node>
           <name>HP_AGA_18</name>
           <model>usa\gun\aaircraft\AGA003_20mm_Oerlikon_MK4\AGA003_20mm_Oerlikon_MK4.model</model>
        </node>
        <node>
           <name>HP_AGA_21</name>
           <model>usa\gun\aaircraft\AGA003_20mm_Oerlikon_MK4\AGA003_20mm_Oerlikon_MK4.model</model>
        </node>
        <node>
           <name>HP_AGA_35</name>
           <model>usa\gun\aaircraft\AGA003_20mm_Oerlikon_MK4\AGA003_20mm_Oerlikon_MK4.model</model>
        </node>
        <node>
           <name>HP_AGA_20</name>
           <model>usa\gun\aaircraft\AGA003_20mm_Oerlikon_MK4\AGA003_20mm_Oerlikon_MK4.model</model>
        </node>
        <node>
           <name>HP_AGA_24</name>
           <model>usa\gun\aaircraft\AGA003_20mm_Oerlikon_MK4\AGA003_20mm_Oerlikon_MK4.model</model>
        </node>
        <node>
           <name>HP_AGA_17</name>
           <model>usa\gun\aaircraft\AGA003_20mm_Oerlikon_MK4\AGA003_20mm_Oerlikon_MK4.model</model>
        </node>
        <node>
           <name>HP_AGA_19</name>
           <model>usa\gun\aaircraft\AGA003_20mm_Oerlikon_MK4\AGA003_20mm_Oerlikon_MK4.model</model>
        </node>
        <node>
           <name>HP_AGA_22</name>
           <model>usa\gun\aaircraft\AGA003_20mm_Oerlikon_MK4\AGA003_20mm_Oerlikon_MK4.model</model>
        </node>
        <node>
           <name>HP_AGA_13</name>
           <model>usa\gun\aaircraft\AGA003_20mm_Oerlikon_MK4\AGA003_20mm_Oerlikon_MK4.model</model>
        </node>
        <node>
           <name>HP_AGA_31</name>
           <model>usa\gun\aaircraft\AGA003_20mm_Oerlikon_MK4\AGA003_20mm_Oerlikon_MK4.model</model>
        </node>
        <node>
           <name>HP_AGA_12</name>
           <model>usa\gun\aaircraft\AGA003_20mm_Oerlikon_MK4\AGA003_20mm_Oerlikon_MK4.model</model>
        </node>
        <node>
           <name>HP_AGA_32</name>
           <model>usa\gun\aaircraft\AGA003_20mm_Oerlikon_MK4\AGA003_20mm_Oerlikon_MK4.model</model>
        </node>
        <node>
           <name>HP_AGA_23</name>
           <model>usa\gun\aaircraft\AGA003_20mm_Oerlikon_MK4\AGA003_20mm_Oerlikon_MK4.model</model>
        </node>
        <node>
           <name>HP_AGA_26</name>
           <model>usa\gun\aaircraft\AGA003_20mm_Oerlikon_MK4\AGA003_20mm_Oerlikon_MK4.model</model>
        </node>
        <node>
           <name>HP_AGA_14</name>
           <model>usa\gun\aaircraft\AGA003_20mm_Oerlikon_MK4\AGA003_20mm_Oerlikon_MK4.model</model>
        </node>
        <node>
           <name>HP_AGA_11</name>
           <model>usa\gun\aaircraft\AGA003_20mm_Oerlikon_MK4\AGA003_20mm_Oerlikon_MK4.model</model>
        </node>
        <node>
           <name>HP_AGA_25</name>
           <model>usa\gun\aaircraft\AGA003_20mm_Oerlikon_MK4\AGA003_20mm_Oerlikon_MK4.model</model>
        </node>
        <node>
           <name>HP_AGA_34</name>
           <model>usa\gun\aaircraft\AGA002_40mm_Bofors_Mk1\AGA002_40mm_Bofors_Mk1.model</model>
        </node>
        <node>
           <name>HP_AGA_33</name>
           <model>usa\gun\aaircraft\AGA002_40mm_Bofors_Mk1\AGA002_40mm_Bofors_Mk1.model</model>
        </node>
        <node>
           <name>HP_AGA_29</name>
           <model>usa\gun\aaircraft\AGA008_40mm_Bofors_Mk2\AGA008_40mm_Bofors_Mk2.model</model>
        </node>
        <node>
           <name>HP_AGA_30</name>
           <model>usa\gun\aaircraft\AGA008_40mm_Bofors_Mk2\AGA008_40mm_Bofors_Mk2.model</model>
        </node>
        <node>
           <name>HP_AGA_15</name>
           <model>usa\gun\aaircraft\AGA008_40mm_Bofors_Mk2\AGA008_40mm_Bofors_Mk2.model</model>
        </node>
        <node>
           <name>HP_AGA_37</name>
           <model>usa\gun\aaircraft\AGA002_40mm_Bofors_Mk1\AGA002_40mm_Bofors_Mk1.model</model>
        </node>
        <node>
           <name>HP_AGA_16</name>
           <model>usa\gun\aaircraft\AGA008_40mm_Bofors_Mk2\AGA008_40mm_Bofors_Mk2.model</model>
        </node>
        <node>
           <name>HP_AGA_38</name>
           <model>usa\gun\aaircraft\AGA002_40mm_Bofors_Mk1\AGA002_40mm_Bofors_Mk1.model</model>
        </node>
        <node>
           <name>HP_AGM_2</name>
           <model>usa\gun\main\AGM012_16in45_Mk6\AGM012_16in45_Mk6.model</model>
        </node>
        <node>
           <name>HP_AGS_1</name>
           <model>usa\gun\secondary\AGS010_5in38_Mk32_Mod12\AGS010_5in38_Mk32_Mod12.model</model>
        </node>
        <node>
           <name>HP_AGS_7</name>
           <model>usa\gun\secondary\AGS010_5in38_Mk32_Mod12\AGS010_5in38_Mk32_Mod12.model</model>
        </node>
        <node>
           <name>HP_AGS_3</name>
           <model>usa\gun\secondary\AGS010_5in38_Mk32_Mod12\AGS010_5in38_Mk32_Mod12.model</model>
        </node>
        <node>
           <name>HP_AGS_5</name>
           <model>usa\gun\secondary\AGS010_5in38_Mk32_Mod12\AGS010_5in38_Mk32_Mod12.model</model>
        </node>
        <node>
           <name>HP_AGS_8</name>
           <model>usa\gun\secondary\AGS010_5in38_Mk32_Mod12\AGS010_5in38_Mk32_Mod12.model</model>
        </node>
        <node>
           <name>HP_AGS_6</name>
           <model>usa\gun\secondary\AGS010_5in38_Mk32_Mod12\AGS010_5in38_Mk32_Mod12.model</model>
        </node>
        <node>
           <name>HP_AGS_4</name>
           <model>usa\gun\secondary\AGS010_5in38_Mk32_Mod12\AGS010_5in38_Mk32_Mod12.model</model>
        </node>
        <node>
           <name>HP_AGS_2</name>
           <model>usa\gun\secondary\AGS010_5in38_Mk32_Mod12\AGS010_5in38_Mk32_Mod12.model</model>
        </node>
        <node>
           <name>HP_ARS_1</name>
           <model>usa\radar\search\ARS026_Radar_CXAM1\ARS026_Radar_CXAM1.model</model>
        </node>
        <node>
           <name>MP_AM074_Floater_Net_Basket_2</name>
           <model>usa\misc\AM074\AM074.model</model>
        </node>
        <node>
           <name>MP_AM535_Elec_Panel</name>
           <model>usa\misc\AM535\AM535.model</model>
        </node>
        <node>
           <name>MP_AM047_Running_Lights_R</name>
           <model>usa\misc\AM047\AM047.model</model>
        </node>
        <node>
           <name>MP_AM108_Reels_4</name>
           <model>usa\misc\AM108\AM108.model</model>
        </node>
        <node>
           <name>MP_AM010_Speaker_1</name>
           <model>usa\misc\AM010\AM010.model</model>
        </node>
        <node>
           <name>MP_AM028_Ammunition_Box2</name>
           <model>usa\misc\AM028\AM028.model</model>
        </node>
        <node>
           <name>MP_AM005_Bollard_1</name>
           <model>usa\misc\AM005\AM005.model</model>
        </node>
        <node>
           <name>MP_AM164_Signal_Lamp_4</name>
           <model>usa\misc\AM164\AM164.model</model>
        </node>
        <node>
           <name>MP_AM157_Telephone</name>
           <model>usa\misc\AM157\AM157.model</model>
        </node>
        <node>
           <name>MP_AM028_Ammunition_Box2_INDEX_1</name>
           <model>usa\misc\AM028\AM028.model</model>
        </node>
        <node>
           <name>MP_AM479_6_Fuel_at_sea_hose</name>
           <model>usa\misc\AM479\AM479.model</model>
        </node>
        <node>
           <name>MP_CM011_Fire_Fighting_Gear</name>
           <model>common\misc\CM011\CM011.model</model>
        </node>
        <node>
           <name>MP_AM177_Ammunition_Box_8</name>
           <model>usa\misc\AM177\AM177.model</model>
        </node>
        <node>
           <name>MP_AM157_Telephone_INDEX_1</name>
           <model>usa\misc\AM157\AM157.model</model>
        </node>
        <node>
           <name>MP_AM074_Floater_Net_Basket_2_INDEX_1</name>
           <model>usa\misc\AM074\AM074.model</model>
        </node>
        <node>
           <name>MP_AM132_Flag_Box</name>
           <model>usa\misc\AM132\AM132.model</model>
        </node>
        <node>
           <name>MP_AM549_Life_Buoy</name>
           <model>usa\misc\AM549\AM549.model</model>
        </node>
        <node>
           <name>MP_AM534_Insulator</name>
           <model>usa\misc\AM534\AM534.model</model>
        </node>
        <node>
           <name>MP_AM010_Speaker_1_INDEX_1</name>
           <model>usa\misc\AM010\AM010.model</model>
        </node>
        <node>
           <name>MP_AM191_Ammunition_Box_11</name>
           <model>usa\misc\AM191\AM191.model</model>
        </node>
        <node>
           <name>MP_AM063_Wind_Direction</name>
           <model>usa\misc\AM063\AM063.model</model>
        </node>
        <node>
           <name>MP_AM028_Ammunition_Box2_INDEX_2</name>
           <model>usa\misc\AM028\AM028.model</model>
        </node>
        <node>
           <name>MP_AM489_Franklin_Life_Buoy</name>
           <model>usa\misc\AM489\AM489.model</model>
        </node>
        <node>
           <name>MP_AM537_Elec_Panel</name>
           <model>usa\misc\AM537\AM537.model</model>
        </node>
        <node>
           <name>MP_AM177_Ammunition_Box_8_INDEX_1</name>
           <model>usa\misc\AM177\AM177.model</model>
        </node>
        <node>
           <name>MP_AM442_Multipole_Switch</name>
           <model>usa\misc\AM442\AM442.model</model>
        </node>
        <node>
           <name>MP_AM028_Ammunition_Box2_INDEX_3</name>
           <model>usa\misc\AM028\AM028.model</model>
        </node>
        <node>
           <name>MP_AM157_Telephone_INDEX_2</name>
           <model>usa\misc\AM157\AM157.model</model>
        </node>
        <node>
           <name>MP_AM537_Elec_Panel_INDEX_1</name>
           <model>usa\misc\AM537\AM537.model</model>
        </node>
        <node>
           <name>MP_AM003_Fairlead_1</name>
           <model>usa\misc\AM003\AM003.model</model>
        </node>
        <node>
           <name>MP_CM012_Fire_Hose_Rack_1</name>
           <model>common\misc\CM012\CM012.model</model>
        </node>
        <node>
           <name>MP_AM442_Multipole_Switch_INDEX_1</name>
           <model>usa\misc\AM442\AM442.model</model>
        </node>
        <node>
           <name>MP_AM157_Telephone_INDEX_3</name>
           <model>usa\misc\AM157\AM157.model</model>
        </node>
        <node>
           <name>MP_AM157_Telephone_INDEX_4</name>
           <model>usa\misc\AM157\AM157.model</model>
        </node>
        <node>
           <name>MP_AM509_Voice_Tube_2</name>
           <model>usa\misc\AM509\AM509.model</model>
        </node>
        <node>
           <name>MP_AM442_Multipole_Switch_INDEX_2</name>
           <model>usa\misc\AM442\AM442.model</model>
        </node>
        <node>
           <name>MP_AM442_Multipole_Switch_INDEX_3</name>
           <model>usa\misc\AM442\AM442.model</model>
        </node>
        <node>
           <name>MP_AM074_Floater_Net_Basket_2_INDEX_2</name>
           <model>usa\misc\AM074\AM074.model</model>
        </node>
        <node>
           <name>MP_AM074_Floater_Net_Basket_2_INDEX_3</name>
           <model>usa\misc\AM074\AM074.model</model>
        </node>
        <node>
           <name>MP_AM177_Ammunition_Box_8_INDEX_2</name>
           <model>usa\misc\AM177\AM177.model</model>
        </node>
        <node>
           <name>MP_AM074_Floater_Net_Basket_2_INDEX_4</name>
           <model>usa\misc\AM074\AM074.model</model>
        </node>
        <node>
           <name>MP_AM549_Life_Buoy_INDEX_1</name>
           <model>usa\misc\AM549\AM549.model</model>
        </node>
        <node>
           <name>MP_AM537_Elec_Panel_INDEX_2</name>
           <model>usa\misc\AM537\AM537.model</model>
        </node>
        <node>
           <name>MP_AM049_Signal_Lamp_1</name>
           <model>usa\misc\AM049\AM049.model</model>
        </node>
        <node>
           <name>MP_AM074_Floater_Net_Basket_2_INDEX_5</name>
           <model>usa\misc\AM074\AM074.model</model>
        </node>
        <node>
           <name>MP_AM182_Director_Deck_1</name>
           <model>usa\misc\AM182\AM182.model</model>
        </node>
        <node>
           <name>MP_AM157_Telephone_INDEX_5</name>
           <model>usa\misc\AM157\AM157.model</model>
        </node>
        <node>
           <name>MP_AM010_Speaker_1_INDEX_2</name>
           <model>usa\misc\AM010\AM010.model</model>
        </node>
        <node>
           <name>MP_CM030_Swab_Rack_2</name>
           <model>common\misc\CM030\CM030.model</model>
        </node>
        <node>
           <name>MP_AM534_Insulator_INDEX_1</name>
           <model>usa\misc\AM534\AM534.model</model>
        </node>
        <node>
           <name>MP_AM537_Elec_Panel_INDEX_3</name>
           <model>usa\misc\AM537\AM537.model</model>
        </node>
        <node>
           <name>MP_AM142_Running_Lights_FW</name>
           <model>usa\misc\AM142\AM142.model</model>
        </node>
        <node>
           <name>MP_AM157_Telephone_INDEX_6</name>
           <model>usa\misc\AM157\AM157.model</model>
        </node>
        <node>
           <name>MP_AM061_Sky_Lookout_1</name>
           <model>usa\misc\AM061\AM061.model</model>
        </node>
        <node>
           <name>MP_AM028_Ammunition_Box2_INDEX_4</name>
           <model>usa\misc\AM028\AM028.model</model>
        </node>
        <node>
           <name>MP_AM445_Switch_box_2</name>
           <model>usa\misc\AM445\AM445.model</model>
        </node>
        <node>
           <name>MP_CM014_Fuel_Oil_Hose</name>
           <model>common\misc\CM014\CM014.model</model>
        </node>
        <node>
           <name>MP_AM028_Ammunition_Box2_INDEX_5</name>
           <model>usa\misc\AM028\AM028.model</model>
        </node>
        <node>
           <name>MP_AM074_Floater_Net_Basket_2_INDEX_6</name>
           <model>usa\misc\AM074\AM074.model</model>
        </node>
        <node>
           <name>MP_AM191_Ammunition_Box_11_INDEX_1</name>
           <model>usa\misc\AM191\AM191.model</model>
        </node>
        <node>
           <name>MP_CM052_Fender</name>
           <model>common\misc\CM052\CM052.model</model>
        </node>
        <node>
           <name>MP_AM559_Alarm_Tool</name>
           <model>usa\misc\AM559\AM559.model</model>
        </node>
        <node>
           <name>MP_AM509_Voice_Tube_2_INDEX_1</name>
           <model>usa\misc\AM509\AM509.model</model>
        </node>
        <node>
           <name>MP_AM134_Boat_8</name>
           <model>usa\misc\AM134\AM134.model</model>
        </node>
        <node>
           <name>MP_CM012_Fire_Hose_Rack_1_INDEX_1</name>
           <model>common\misc\CM012\CM012.model</model>
        </node>
        <node>
           <name>MP_AM005_Bollard_1_INDEX_1</name>
           <model>usa\misc\AM005\AM005.model</model>
        </node>
        <node>
           <name>MP_AM534_Insulator_INDEX_2</name>
           <model>usa\misc\AM534\AM534.model</model>
        </node>
        <node>
           <name>MP_AM023_Hatch_1</name>
           <model>usa\misc\AM023\AM023.model</model>
        </node>
        <node>
           <name>MP_AM057_Boat_3</name>
           <model>usa\misc\AM057\AM057.model</model>
        </node>
        <node>
           <name>MP_AM010_Speaker_1_INDEX_3</name>
           <model>usa\misc\AM010\AM010.model</model>
        </node>
        <node>
           <name>MP_AM005_Bollard_1_INDEX_2</name>
           <model>usa\misc\AM005\AM005.model</model>
        </node>
        <node>
           <name>MP_AM350_Filling_connection</name>
           <model>usa\misc\AM350\AM350.model</model>
        </node>
        <node>
           <name>MP_AM003_Fairlead_1_INDEX_1</name>
           <model>usa\misc\AM003\AM003.model</model>
        </node>
        <node>
           <name>MP_AM019_Ventilators_1</name>
           <model>usa\misc\AM019\AM019.model</model>
        </node>
        <node>
           <name>MP_AM524_Telephone</name>
           <model>usa\misc\AM524\AM524.model</model>
        </node>
        <node>
           <name>MP_AM164_Signal_Lamp_4_INDEX_1</name>
           <model>usa\misc\AM164\AM164.model</model>
        </node>
        <node>
           <name>MP_AM061_Sky_Lookout_1_INDEX_1</name>
           <model>usa\misc\AM061\AM061.model</model>
        </node>
        <node>
           <name>MP_AM129_Turtles_box</name>
           <model>usa\misc\AM129\AM129.model</model>
        </node>
        <node>
           <name>MP_AM534_Insulator_INDEX_3</name>
           <model>usa\misc\AM534\AM534.model</model>
        </node>
        <node>
           <name>MP_AM191_Ammunition_Box_11_INDEX_2</name>
           <model>usa\misc\AM191\AM191.model</model>
        </node>
        <node>
           <name>MP_AM176_Target_Desingnator</name>
           <model>usa\misc\AM176\AM176.model</model>
        </node>
        <node>
           <name>MP_AM534_Insulator_INDEX_4</name>
           <model>usa\misc\AM534\AM534.model</model>
        </node>
        <node>
           <name>MP_AM028_Ammunition_Box2_INDEX_6</name>
           <model>usa\misc\AM028\AM028.model</model>
        </node>
        <node>
           <name>MP_AM151_Gyro_Repeater</name>
           <model>usa\misc\AM151\AM151.model</model>
        </node>
        <node>
           <name>MP_AM105_Signal_Lamp_3</name>
           <model>usa\misc\AM105\AM105.model</model>
        </node>
        <node>
           <name>MP_AM182_Director_Deck_1_INDEX_1</name>
           <model>usa\misc\AM182\AM182.model</model>
        </node>
        <node>
           <name>MP_AM509_Voice_Tube_2_INDEX_2</name>
           <model>usa\misc\AM509\AM509.model</model>
        </node>
        <node>
           <name>MP_AM055_Boat_1</name>
           <model>usa\misc\AM055\AM055.model</model>
        </node>
        <node>
           <name>MP_AM049_Signal_Lamp_1_INDEX_1</name>
           <model>usa\misc\AM049\AM049.model</model>
        </node>
        <node>
           <name>MP_AM098_Siren</name>
           <model>usa\misc\AM098\AM098.model</model>
        </node>
        <node>
           <name>MP_AM004_Fairlead_2</name>
           <model>usa\misc\AM004\AM004.model</model>
        </node>
        <node>
           <name>MP_AM537_Elec_Panel_INDEX_4</name>
           <model>usa\misc\AM537\AM537.model</model>
        </node>
        <node>
           <name>MP_AM445_Switch_box_2_INDEX_1</name>
           <model>usa\misc\AM445\AM445.model</model>
        </node>
        <node>
           <name>MP_AM048_Running_Lights_L</name>
           <model>usa\misc\AM048\AM048.model</model>
        </node>
        <node>
           <name>MP_CM011_Fire_Fighting_Gear_INDEX_1</name>
           <model>common\misc\CM011\CM011.model</model>
        </node>
        <node>
           <name>MP_AM176_Target_Desingnator_INDEX_1</name>
           <model>usa\misc\AM176\AM176.model</model>
        </node>
        <node>
           <name>MP_AM010_Speaker_1_INDEX_4</name>
           <model>usa\misc\AM010\AM010.model</model>
        </node>
        <node>
           <name>MP_AM534_Insulator_INDEX_5</name>
           <model>usa\misc\AM534\AM534.model</model>
        </node>
        <node>
           <name>MP_AM538_Loading_Machine_L</name>
           <model>usa\misc\AM538\AM538.model</model>
        </node>
        <node>
           <name>MP_AM111_Telescope_1</name>
           <model>usa\misc\AM111\AM111.model</model>
        </node>
        <node>
           <name>MP_AM108_Reels_4_INDEX_1</name>
           <model>usa\misc\AM108\AM108.model</model>
        </node>
        <node>
           <name>MP_AM105_Signal_Lamp_3_INDEX_1</name>
           <model>usa\misc\AM105\AM105.model</model>
        </node>
        <node>
           <name>MP_AM191_Ammunition_Box_11_INDEX_3</name>
           <model>usa\misc\AM191\AM191.model</model>
        </node>
        <node>
           <name>MP_AM442_Multipole_Switch_INDEX_4</name>
           <model>usa\misc\AM442\AM442.model</model>
        </node>
        <node>
           <name>MP_AM537_Elec_Panel_INDEX_5</name>
           <model>usa\misc\AM537\AM537.model</model>
        </node>
        <node>
           <name>MP_AM074_Floater_Net_Basket_2_INDEX_7</name>
           <model>usa\misc\AM074\AM074.model</model>
        </node>
        <node>
           <name>MP_AM028_Ammunition_Box2_INDEX_7</name>
           <model>usa\misc\AM028\AM028.model</model>
        </node>
        <node>
           <name>MP_AM442_Multipole_Switch_INDEX_5</name>
           <model>usa\misc\AM442\AM442.model</model>
        </node>
        <node>
           <name>MP_AM549_Life_Buoy_INDEX_2</name>
           <model>usa\misc\AM549\AM549.model</model>
        </node>
        <node>
           <name>MP_AM057_Boat_3_INDEX_1</name>
           <model>usa\misc\AM057\AM057.model</model>
        </node>
        <node>
           <name>MP_AM129_Turtles_box_INDEX_1</name>
           <model>usa\misc\AM129\AM129.model</model>
        </node>
        <node>
           <name>MP_CM014_Fuel_Oil_Hose_INDEX_1</name>
           <model>common\misc\CM014\CM014.model</model>
        </node>
        <node>
           <name>MP_AM111_Telescope_1_INDEX_1</name>
           <model>usa\misc\AM111\AM111.model</model>
        </node>
        <node>
           <name>MP_AM005_Bollard_1_INDEX_3</name>
           <model>usa\misc\AM005\AM005.model</model>
        </node>
        <node>
           <name>MP_AM129_Turtles_box_INDEX_2</name>
           <model>usa\misc\AM129\AM129.model</model>
        </node>
        <node>
           <name>MP_AM129_Turtles_box_INDEX_3</name>
           <model>usa\misc\AM129\AM129.model</model>
        </node>
        <node>
           <name>MP_AM074_Floater_Net_Basket_2_INDEX_8</name>
           <model>usa\misc\AM074\AM074.model</model>
        </node>
        <node>
           <name>MP_AM442_Multipole_Switch_INDEX_6</name>
           <model>usa\misc\AM442\AM442.model</model>
        </node>
        <node>
           <name>MP_AM111_Telescope_1_INDEX_2</name>
           <model>usa\misc\AM111\AM111.model</model>
        </node>
        <node>
           <name>MP_AM108_Reels_4_INDEX_2</name>
           <model>usa\misc\AM108\AM108.model</model>
        </node>
        <node>
           <name>MP_AM055_Boat_1_INDEX_1</name>
           <model>usa\misc\AM055\AM055.model</model>
        </node>
        <node>
           <name>MP_AM004_Fairlead_2_INDEX_1</name>
           <model>usa\misc\AM004\AM004.model</model>
        </node>
        <node>
           <name>MP_AM151_Gyro_Repeater_INDEX_1</name>
           <model>usa\misc\AM151\AM151.model</model>
        </node>
        <node>
           <name>MP_AM129_Turtles_box_INDEX_4</name>
           <model>usa\misc\AM129\AM129.model</model>
        </node>
        <node>
           <name>MP_AM050_Fightin_Light</name>
           <model>usa\misc\AM050\AM050.model</model>
        </node>
        <node>
           <name>MP_AM050_Fightin_Light_INDEX_1</name>
           <model>usa\misc\AM050\AM050.model</model>
        </node>
        <node>
           <name>MP_AM534_Insulator_INDEX_6</name>
           <model>usa\misc\AM534\AM534.model</model>
        </node>
        <node>
           <name>MP_AM129_Turtles_box_INDEX_5</name>
           <model>usa\misc\AM129\AM129.model</model>
        </node>
        <node>
           <name>MP_AM442_Multipole_Switch_INDEX_7</name>
           <model>usa\misc\AM442\AM442.model</model>
        </node>
        <node>
           <name>MP_AM074_Floater_Net_Basket_2_INDEX_9</name>
           <model>usa\misc\AM074\AM074.model</model>
        </node>
        <node>
           <name>MP_AM028_Ammunition_Box2_INDEX_8</name>
           <model>usa\misc\AM028\AM028.model</model>
        </node>
        <node>
           <name>MP_AM549_Life_Buoy_INDEX_3</name>
           <model>usa\misc\AM549\AM549.model</model>
        </node>
        <node>
           <name>MP_AM108_Reels_4_INDEX_3</name>
           <model>usa\misc\AM108\AM108.model</model>
        </node>
        <node>
           <name>MP_AM129_Turtles_box_INDEX_6</name>
           <model>usa\misc\AM129\AM129.model</model>
        </node>
        <node>
           <name>MP_AM442_Multipole_Switch_INDEX_8</name>
           <model>usa\misc\AM442\AM442.model</model>
        </node>
        <node>
           <name>MP_AM479_6_Fuel_at_sea_hose_INDEX_1</name>
           <model>usa\misc\AM479\AM479.model</model>
        </node>
        <node>
           <name>MP_AM233_Ammunition_Box</name>
           <model>usa\misc\AM233\AM233.model</model>
        </node>
        <node>
           <name>MP_AM055_Boat_1_INDEX_2</name>
           <model>usa\misc\AM055\AM055.model</model>
        </node>
        <node>
           <name>MP_AM074_Floater_Net_Basket_2_INDEX_10</name>
           <model>usa\misc\AM074\AM074.model</model>
        </node>
        <node>
           <name>MP_AM176_Target_Desingnator_INDEX_2</name>
           <model>usa\misc\AM176\AM176.model</model>
        </node>
        <node>
           <name>MP_AM191_Ammunition_Box_11_INDEX_4</name>
           <model>usa\misc\AM191\AM191.model</model>
        </node>
        <node>
           <name>MP_AM129_Turtles_box_INDEX_7</name>
           <model>usa\misc\AM129\AM129.model</model>
        </node>
        <node>
           <name>MP_AM038_Searchlight_600mm</name>
           <model>usa\misc\AM038\AM038.model</model>
        </node>
        <node>
           <name>MP_AM074_Floater_Net_Basket_2_INDEX_11</name>
           <model>usa\misc\AM074\AM074.model</model>
        </node>
        <node>
           <name>MP_AM068_Hatch_3</name>
           <model>usa\misc\AM068\AM068.model</model>
        </node>
        <node>
           <name>MP_CM052_Fender_INDEX_1</name>
           <model>common\misc\CM052\CM052.model</model>
        </node>
        <node>
           <name>MP_AM003_Fairlead_1_INDEX_2</name>
           <model>usa\misc\AM003\AM003.model</model>
        </node>
        <node>
           <name>MP_AM010_Speaker_1_INDEX_5</name>
           <model>usa\misc\AM010\AM010.model</model>
        </node>
        <node>
           <name>MP_AM537_Elec_Panel_INDEX_6</name>
           <model>usa\misc\AM537\AM537.model</model>
        </node>
        <node>
           <name>MP_AM191_Ammunition_Box_11_INDEX_5</name>
           <model>usa\misc\AM191\AM191.model</model>
        </node>
        <node>
           <name>MP_AM549_Life_Buoy_INDEX_4</name>
           <model>usa\misc\AM549\AM549.model</model>
        </node>
        <node>
           <name>MP_AM010_Speaker_1_INDEX_6</name>
           <model>usa\misc\AM010\AM010.model</model>
        </node>
        <node>
           <name>MP_AM549_Life_Buoy_INDEX_5</name>
           <model>usa\misc\AM549\AM549.model</model>
        </node>
        <node>
           <name>MP_AM142_Running_Lights_FW_INDEX_1</name>
           <model>usa\misc\AM142\AM142.model</model>
        </node>
        <node>
           <name>MP_CM011_Fire_Fighting_Gear_INDEX_2</name>
           <model>common\misc\CM011\CM011.model</model>
        </node>
        <node>
           <name>MP_AM055_Boat_1_INDEX_3</name>
           <model>usa\misc\AM055\AM055.model</model>
        </node>
        <node>
           <name>MP_AM064_Wind_Intensity</name>
           <model>usa\misc\AM064\AM064.model</model>
        </node>
        <node>
           <name>MP_AM020_Ventilators_2</name>
           <model>usa\misc\AM020\AM020.model</model>
        </node>
        <node>
           <name>MP_AM157_Telephone_INDEX_7</name>
           <model>usa\misc\AM157\AM157.model</model>
        </node>
        <node>
           <name>MP_AM061_Sky_Lookout_1_INDEX_2</name>
           <model>usa\misc\AM061\AM061.model</model>
        </node>
        <node>
           <name>MP_AM098_Siren_INDEX_1</name>
           <model>usa\misc\AM098\AM098.model</model>
        </node>
        <node>
           <name>MP_AM559_Alarm_Tool_INDEX_1</name>
           <model>usa\misc\AM559\AM559.model</model>
        </node>
        <node>
           <name>MP_AM028_Ammunition_Box2_INDEX_9</name>
           <model>usa\misc\AM028\AM028.model</model>
        </node>
        <node>
           <name>MP_AM445_Switch_box_2_INDEX_2</name>
           <model>usa\misc\AM445\AM445.model</model>
        </node>
        <node>
           <name>MP_AM445_Switch_box_2_INDEX_3</name>
           <model>usa\misc\AM445\AM445.model</model>
        </node>
        <node>
           <name>MP_CM011_Fire_Fighting_Gear_INDEX_3</name>
           <model>common\misc\CM011\CM011.model</model>
        </node>
        <node>
           <name>MP_AM018_Compass_Binnacle</name>
           <model>usa\misc\AM018\AM018.model</model>
        </node>
        <node>
           <name>MP_AM028_Ammunition_Box2_INDEX_10</name>
           <model>usa\misc\AM028\AM028.model</model>
        </node>
        <node>
           <name>MP_CM030_Swab_Rack_2_INDEX_1</name>
           <model>common\misc\CM030\CM030.model</model>
        </node>
        <node>
           <name>MP_CM012_Fire_Hose_Rack_1_INDEX_2</name>
           <model>common\misc\CM012\CM012.model</model>
        </node>
        <node>
           <name>MP_AM606_Floater_Net_Basket</name>
           <model>usa\misc\AM606\AM606.model</model>
        </node>
        <node>
           <name>MP_AM537_Elec_Panel_INDEX_7</name>
           <model>usa\misc\AM537\AM537.model</model>
        </node>
        <node>
           <name>MP_AM151_Gyro_Repeater_INDEX_2</name>
           <model>usa\misc\AM151\AM151.model</model>
        </node>
        <node>
           <name>MP_AM489_Franklin_Life_Buoy_INDEX_1</name>
           <model>usa\misc\AM489\AM489.model</model>
        </node>
        <node>
           <name>MP_AM157_Telephone_INDEX_8</name>
           <model>usa\misc\AM157\AM157.model</model>
        </node>
        <node>
           <name>MP_AM003_Fairlead_1_INDEX_3</name>
           <model>usa\misc\AM003\AM003.model</model>
        </node>
        <node>
           <name>MP_AM074_Floater_Net_Basket_2_INDEX_12</name>
           <model>usa\misc\AM074\AM074.model</model>
        </node>
        <node>
           <name>MP_AM074_Floater_Net_Basket_2_INDEX_13</name>
           <model>usa\misc\AM074\AM074.model</model>
        </node>
        <node>
           <name>MP_AM559_Alarm_Tool_INDEX_2</name>
           <model>usa\misc\AM559\AM559.model</model>
        </node>
        <node>
           <name>MP_AM020_Ventilators_2_INDEX_1</name>
           <model>usa\misc\AM020\AM020.model</model>
        </node>
        <node>
           <name>MP_AM028_Ammunition_Box2_INDEX_11</name>
           <model>usa\misc\AM028\AM028.model</model>
        </node>
        <node>
           <name>MP_AM177_Ammunition_Box_8_INDEX_3</name>
           <model>usa\misc\AM177\AM177.model</model>
        </node>
        <node>
           <name>MP_AM028_Ammunition_Box2_INDEX_12</name>
           <model>usa\misc\AM028\AM028.model</model>
        </node>
        <node>
           <name>MP_CM011_Fire_Fighting_Gear_INDEX_4</name>
           <model>common\misc\CM011\CM011.model</model>
        </node>
        <node>
           <name>MP_AM028_Ammunition_Box2_INDEX_13</name>
           <model>usa\misc\AM028\AM028.model</model>
        </node>
        <node>
           <name>MP_AM019_Ventilators_1_INDEX_1</name>
           <model>usa\misc\AM019\AM019.model</model>
        </node>
        <node>
           <name>MP_CM015_Bundle_1</name>
           <model>common\misc\CM015\CM015.model</model>
        </node>
        <node>
           <name>MP_CM014_Fuel_Oil_Hose_INDEX_2</name>
           <model>common\misc\CM014\CM014.model</model>
        </node>
        <node>
           <name>MP_AM028_Ammunition_Box2_INDEX_14</name>
           <model>usa\misc\AM028\AM028.model</model>
        </node>
        <node>
           <name>MP_AM191_Ammunition_Box_11_INDEX_6</name>
           <model>usa\misc\AM191\AM191.model</model>
        </node>
        <node>
           <name>MP_AM157_Telephone_INDEX_9</name>
           <model>usa\misc\AM157\AM157.model</model>
        </node>
        <node>
           <name>MP_AM191_Ammunition_Box_11_INDEX_7</name>
           <model>usa\misc\AM191\AM191.model</model>
        </node>
        <node>
           <name>MP_AM132_Flag_Box_INDEX_1</name>
           <model>usa\misc\AM132\AM132.model</model>
        </node>
        <node>
           <name>MP_AM028_Ammunition_Box2_INDEX_15</name>
           <model>usa\misc\AM028\AM028.model</model>
        </node>
        <node>
           <name>MP_AM535_Elec_Panel_INDEX_1</name>
           <model>usa\misc\AM535\AM535.model</model>
        </node>
        <node>
           <name>MP_AM038_Searchlight_600mm_INDEX_1</name>
           <model>usa\misc\AM038\AM038.model</model>
        </node>
        <node>
           <name>MP_AM111_Telescope_1_INDEX_3</name>
           <model>usa\misc\AM111\AM111.model</model>
        </node>
        <node>
           <name>MP_AM534_Insulator_INDEX_7</name>
           <model>usa\misc\AM534\AM534.model</model>
        </node>
        <node>
           <name>MP_AM074_Floater_Net_Basket_2_INDEX_14</name>
           <model>usa\misc\AM074\AM074.model</model>
        </node>
        <node>
           <name>MP_AM037_Searchlight_900mm</name>
           <model>usa\misc\AM037\AM037.model</model>
        </node>
        <node>
           <name>MP_AM038_Searchlight_600mm_INDEX_2</name>
           <model>usa\misc\AM038\AM038.model</model>
        </node>
        <node>
           <name>MP_AM061_Sky_Lookout_1_INDEX_3</name>
           <model>usa\misc\AM061\AM061.model</model>
        </node>
        <node>
           <name>MP_AM534_Insulator_INDEX_8</name>
           <model>usa\misc\AM534\AM534.model</model>
        </node>
        <node>
           <name>MP_CM052_Fender_INDEX_2</name>
           <model>common\misc\CM052\CM052.model</model>
        </node>
        <node>
           <name>MP_CM015_Bundle_1_INDEX_1</name>
           <model>common\misc\CM015\CM015.model</model>
        </node>
        <node>
           <name>MP_AM072_Ships_bell</name>
           <model>usa\misc\AM072\AM072.model</model>
        </node>
        <node>
           <name>MP_AM177_Ammunition_Box_8_INDEX_4</name>
           <model>usa\misc\AM177\AM177.model</model>
        </node>
        <node>
           <name>MP_AM061_Sky_Lookout_1_INDEX_4</name>
           <model>usa\misc\AM061\AM061.model</model>
        </node>
        <node>
           <name>MP_AM129_Turtles_box_INDEX_8</name>
           <model>usa\misc\AM129\AM129.model</model>
        </node>
        <node>
           <name>MP_AM151_Gyro_Repeater_INDEX_3</name>
           <model>usa\misc\AM151\AM151.model</model>
        </node>
        <node>
           <name>MP_AM177_Ammunition_Box_8_INDEX_5</name>
           <model>usa\misc\AM177\AM177.model</model>
        </node>
        <node>
           <name>MP_AM029_Ammunition_Box3</name>
           <model>usa\misc\AM029\AM029.model</model>
        </node>
        <node>
           <name>MP_AM055_Boat_1_INDEX_4</name>
           <model>usa\misc\AM055\AM055.model</model>
        </node>
        <node>
           <name>MP_AM177_Ammunition_Box_8_INDEX_6</name>
           <model>usa\misc\AM177\AM177.model</model>
        </node>
        <node>
           <name>MP_AM028_Ammunition_Box2_INDEX_16</name>
           <model>usa\misc\AM028\AM028.model</model>
        </node>
        <node>
           <name>MP_AM142_Running_Lights_FW_INDEX_2</name>
           <model>usa\misc\AM142\AM142.model</model>
        </node>
        <node>
           <name>MP_AM028_Ammunition_Box2_INDEX_17</name>
           <model>usa\misc\AM028\AM028.model</model>
        </node>
        <node>
           <name>MP_AM157_Telephone_INDEX_10</name>
           <model>usa\misc\AM157\AM157.model</model>
        </node>
        <node>
           <name>MP_AM191_Ammunition_Box_11_INDEX_8</name>
           <model>usa\misc\AM191\AM191.model</model>
        </node>
        <node>
           <name>MP_AM191_Ammunition_Box_11_INDEX_9</name>
           <model>usa\misc\AM191\AM191.model</model>
        </node>
        <node>
           <name>MP_AM028_Ammunition_Box2_INDEX_18</name>
           <model>usa\misc\AM028\AM028.model</model>
        </node>
        <node>
           <name>MP_AM129_Turtles_box_INDEX_9</name>
           <model>usa\misc\AM129\AM129.model</model>
        </node>
        <node>
           <name>MP_AM191_Ammunition_Box_11_INDEX_10</name>
           <model>usa\misc\AM191\AM191.model</model>
        </node>
        <node>
           <name>MP_AM038_Searchlight_600mm_INDEX_3</name>
           <model>usa\misc\AM038\AM038.model</model>
        </node>
        <node>
           <name>MP_CM014_Fuel_Oil_Hose_INDEX_3</name>
           <model>common\misc\CM014\CM014.model</model>
        </node>
        <node>
           <name>MP_AM028_Ammunition_Box2_INDEX_19</name>
           <model>usa\misc\AM028\AM028.model</model>
        </node>
        <node>
           <name>MP_AM534_Insulator_INDEX_9</name>
           <model>usa\misc\AM534\AM534.model</model>
        </node>
        <node>
           <name>MP_AM055_Boat_1_INDEX_5</name>
           <model>usa\misc\AM055\AM055.model</model>
        </node>
        <node>
           <name>MP_CM012_Fire_Hose_Rack_1_INDEX_3</name>
           <model>common\misc\CM012\CM012.model</model>
        </node>
        <node>
           <name>MP_CM012_Fire_Hose_Rack_1_INDEX_4</name>
           <model>common\misc\CM012\CM012.model</model>
        </node>
        <node>
           <name>MP_AM004_Fairlead_2_INDEX_2</name>
           <model>usa\misc\AM004\AM004.model</model>
        </node>
        <node>
           <name>MP_AM010_Speaker_1_INDEX_7</name>
           <model>usa\misc\AM010\AM010.model</model>
        </node>
        <node>
           <name>MP_AM037_Searchlight_900mm_INDEX_1</name>
           <model>usa\misc\AM037\AM037.model</model>
        </node>
        <node>
           <name>MP_CM013_Fire_Hose_Rack_2</name>
           <model>common\misc\CM013\CM013.model</model>
        </node>
        <node>
           <name>MP_AM537_Elec_Panel_INDEX_8</name>
           <model>usa\misc\AM537\AM537.model</model>
        </node>
        <node>
           <name>MP_AM019_Ventilators_1_INDEX_2</name>
           <model>usa\misc\AM019\AM019.model</model>
        </node>
        <node>
           <name>MP_AM061_Sky_Lookout_1_INDEX_5</name>
           <model>usa\misc\AM061\AM061.model</model>
        </node>
        <node>
           <name>MP_AM537_Elec_Panel_INDEX_9</name>
           <model>usa\misc\AM537\AM537.model</model>
        </node>
        <node>
           <name>MP_AM537_Elec_Panel_INDEX_10</name>
           <model>usa\misc\AM537\AM537.model</model>
        </node>
        <node>
           <name>MP_AM524_Telephone_INDEX_1</name>
           <model>usa\misc\AM524\AM524.model</model>
        </node>
        <node>
           <name>MP_CM052_Fender_INDEX_3</name>
           <model>common\misc\CM052\CM052.model</model>
        </node>
        <node>
           <name>MP_AM176_Target_Desingnator_INDEX_3</name>
           <model>usa\misc\AM176\AM176.model</model>
        </node>
        <node>
           <name>MP_AM191_Ammunition_Box_11_INDEX_11</name>
           <model>usa\misc\AM191\AM191.model</model>
        </node>
        <node>
           <name>MP_AM004_Fairlead_2_INDEX_3</name>
           <model>usa\misc\AM004\AM004.model</model>
        </node>
        <node>
           <name>MP_AM233_Ammunition_Box_INDEX_1</name>
           <model>usa\misc\AM233\AM233.model</model>
        </node>
        <node>
           <name>MP_AM442_Multipole_Switch_INDEX_9</name>
           <model>usa\misc\AM442\AM442.model</model>
        </node>
        <node>
           <name>MP_AM070_Loading_Machine</name>
           <model>usa\misc\AM070\AM070.model</model>
        </node>
        <node>
           <name>HP_flag_4</name>
           <model>usa\misc\AM032\AM032.model</model>
        </node>
        <node>
           <name>HP_flag_3</name>
           <model>usa\misc\AM032\AM032.model</model>
        </node>
        <node>
           <name>HP_flag_2</name>
           <model>usa\misc\AM032\AM032.model</model>
        </node>
        <node>
           <name>HP_flag_1</name>
           <model>usa\misc\AM032\AM032.model</model>
        </node>
        <node>
           <name>HP_Fire_Burn_2</name>
           <model>UNKNOWN_ITEM</model>
        </node>
        <node>
           <name>HP_NoseWave_Speed</name>
           <model>UNKNOWN_ITEM</model>
        </node>
    </midfront>
    <midback>
      <model>usa\ship\battleship\ASB037_North_Carolina_1942\ASB037_North_Carolina_1942_MidBack_ports.model</model>
        <node>
           <name>HP_AD_18</name>
           <model>usa\director\AD102_Director_Mk37_empty\AD102_Director_Mk37_empty.model</model>
        </node>
        <node>
           <name>HP_AD_16</name>
           <model>usa\director\AD027_Director_Mk57\AD027_Director_Mk57.model</model>
        </node>
        <node>
           <name>HP_AD_15</name>
           <model>usa\director\AD027_Director_Mk57\AD027_Director_Mk57.model</model>
        </node>
        <node>
           <name>HP_AD_17</name>
           <model>usa\director\AD018_Director_Mk38\AD018_Director_Mk38.model</model>
        </node>
        <node>
           <name>HP_AGA_46</name>
           <model>usa\gun\aaircraft\AGA003_20mm_Oerlikon_MK4\AGA003_20mm_Oerlikon_MK4.model</model>
        </node>
        <node>
           <name>HP_AGA_40</name>
           <model>usa\gun\aaircraft\AGA003_20mm_Oerlikon_MK4\AGA003_20mm_Oerlikon_MK4.model</model>
        </node>
        <node>
           <name>HP_AGA_45</name>
           <model>usa\gun\aaircraft\AGA003_20mm_Oerlikon_MK4\AGA003_20mm_Oerlikon_MK4.model</model>
        </node>
        <node>
           <name>HP_AGA_42</name>
           <model>usa\gun\aaircraft\AGA003_20mm_Oerlikon_MK4\AGA003_20mm_Oerlikon_MK4.model</model>
        </node>
        <node>
           <name>HP_AGA_39</name>
           <model>usa\gun\aaircraft\AGA003_20mm_Oerlikon_MK4\AGA003_20mm_Oerlikon_MK4.model</model>
        </node>
        <node>
           <name>HP_AGA_41</name>
           <model>usa\gun\aaircraft\AGA003_20mm_Oerlikon_MK4\AGA003_20mm_Oerlikon_MK4.model</model>
        </node>
        <node>
           <name>HP_AGA_43</name>
           <model>usa\gun\aaircraft\AGA002_40mm_Bofors_Mk1\AGA002_40mm_Bofors_Mk1.model</model>
        </node>
        <node>
           <name>HP_AGA_44</name>
           <model>usa\gun\aaircraft\AGA002_40mm_Bofors_Mk1\AGA002_40mm_Bofors_Mk1.model</model>
        </node>
        <node>
           <name>HP_AGS_9</name>
           <model>usa\gun\secondary\AGS010_5in38_Mk32_Mod12\AGS010_5in38_Mk32_Mod12.model</model>
        </node>
        <node>
           <name>HP_AGS_10</name>
           <model>usa\gun\secondary\AGS010_5in38_Mk32_Mod12\AGS010_5in38_Mk32_Mod12.model</model>
        </node>
        <node>
           <name>MP_CM052_Fender</name>
           <model>common\misc\CM052\CM052.model</model>
        </node>
        <node>
           <name>MP_AM191_Ammunition_Box_11</name>
           <model>usa\misc\AM191\AM191.model</model>
        </node>
        <node>
           <name>MP_AM537_Elec_Panel</name>
           <model>usa\misc\AM537\AM537.model</model>
        </node>
        <node>
           <name>MP_AM129_Turtles_box</name>
           <model>usa\misc\AM129\AM129.model</model>
        </node>
        <node>
           <name>MP_AM129_Turtles_box_INDEX_1</name>
           <model>usa\misc\AM129\AM129.model</model>
        </node>
        <node>
           <name>MP_AM010_Speaker_1</name>
           <model>usa\misc\AM010\AM010.model</model>
        </node>
        <node>
           <name>MP_AM230_Launch_40ft</name>
           <model>usa\misc\AM230\AM230.model</model>
        </node>
        <node>
           <name>MP_AM549_Life_Buoy</name>
           <model>usa\misc\AM549\AM549.model</model>
        </node>
        <node>
           <name>MP_AM074_Floater_Net_Basket_2</name>
           <model>usa\misc\AM074\AM074.model</model>
        </node>
        <node>
           <name>MP_CM017_Boat_Stowage_3</name>
           <model>common\misc\CM017\CM017.model</model>
        </node>
        <node>
           <name>MP_AM074_Floater_Net_Basket_2_INDEX_1</name>
           <model>usa\misc\AM074\AM074.model</model>
        </node>
        <node>
           <name>MP_AM177_Ammunition_Box_8</name>
           <model>usa\misc\AM177\AM177.model</model>
        </node>
        <node>
           <name>MP_AM350_Filling_connection</name>
           <model>usa\misc\AM350\AM350.model</model>
        </node>
        <node>
           <name>MP_AM537_Elec_Panel_INDEX_1</name>
           <model>usa\misc\AM537\AM537.model</model>
        </node>
        <node>
           <name>MP_AM129_Turtles_box_INDEX_2</name>
           <model>usa\misc\AM129\AM129.model</model>
        </node>
        <node>
           <name>MP_AM185_Signal_Lamp_O</name>
           <model>usa\misc\AM185\AM185.model</model>
        </node>
        <node>
           <name>MP_AM537_Elec_Panel_INDEX_2</name>
           <model>usa\misc\AM537\AM537.model</model>
        </node>
        <node>
           <name>MP_AM055_Boat_1</name>
           <model>usa\misc\AM055\AM055.model</model>
        </node>
        <node>
           <name>MP_AM029_Ammunition_Box3</name>
           <model>usa\misc\AM029\AM029.model</model>
        </node>
        <node>
           <name>MP_AM200_Screened_speed_light</name>
           <model>usa\misc\AM200\AM200.model</model>
        </node>
        <node>
           <name>MP_AM107_Aircraft_Cran_2</name>
           <model>usa\misc\AM107\AM107.model</model>
        </node>
        <node>
           <name>MP_CM017_Boat_Stowage_3_INDEX_1</name>
           <model>common\misc\CM017\CM017.model</model>
        </node>
        <node>
           <name>MP_AM191_Ammunition_Box_11_INDEX_1</name>
           <model>usa\misc\AM191\AM191.model</model>
        </node>
        <node>
           <name>MP_AM350_Filling_connection_INDEX_1</name>
           <model>usa\misc\AM350\AM350.model</model>
        </node>
        <node>
           <name>MP_AM480_4_Fuel_at_sea_hose</name>
           <model>usa\misc\AM480\AM480.model</model>
        </node>
        <node>
           <name>MP_AM191_Ammunition_Box_11_INDEX_2</name>
           <model>usa\misc\AM191\AM191.model</model>
        </node>
        <node>
           <name>MP_AM055_Boat_1_INDEX_1</name>
           <model>usa\misc\AM055\AM055.model</model>
        </node>
        <node>
           <name>MP_AM071_Signal_Lamp_2</name>
           <model>usa\misc\AM071\AM071.model</model>
        </node>
        <node>
           <name>MP_AM350_Filling_connection_INDEX_2</name>
           <model>usa\misc\AM350\AM350.model</model>
        </node>
        <node>
           <name>MP_AM129_Turtles_box_INDEX_3</name>
           <model>usa\misc\AM129\AM129.model</model>
        </node>
        <node>
           <name>MP_AM004_Fairlead_2</name>
           <model>usa\misc\AM004\AM004.model</model>
        </node>
        <node>
           <name>MP_AM055_Boat_1_INDEX_2</name>
           <model>usa\misc\AM055\AM055.model</model>
        </node>
        <node>
           <name>MP_AM054_Boat_6</name>
           <model>usa\misc\AM054\AM054.model</model>
        </node>
        <node>
           <name>MP_AM071_Signal_Lamp_2_INDEX_1</name>
           <model>usa\misc\AM071\AM071.model</model>
        </node>
        <node>
           <name>MP_AM054_Boat_6_INDEX_1</name>
           <model>usa\misc\AM054\AM054.model</model>
        </node>
        <node>
           <name>MP_AM037_Searchlight_900mm</name>
           <model>usa\misc\AM037\AM037.model</model>
        </node>
        <node>
           <name>MP_AM350_Filling_connection_INDEX_3</name>
           <model>usa\misc\AM350\AM350.model</model>
        </node>
        <node>
           <name>MP_AM185_Signal_Lamp_O_INDEX_1</name>
           <model>usa\misc\AM185\AM185.model</model>
        </node>
        <node>
           <name>MP_AM129_Turtles_box_INDEX_4</name>
           <model>usa\misc\AM129\AM129.model</model>
        </node>
        <node>
           <name>MP_AM005_Bollard_1</name>
           <model>usa\misc\AM005\AM005.model</model>
        </node>
        <node>
           <name>MP_CM052_Fender_INDEX_1</name>
           <model>common\misc\CM052\CM052.model</model>
        </node>
        <node>
           <name>MP_AM191_Ammunition_Box_11_INDEX_3</name>
           <model>usa\misc\AM191\AM191.model</model>
        </node>
        <node>
           <name>MP_CM025_Stairway_Big_R</name>
           <model>common\misc\CM025\CM025.model</model>
        </node>
        <node>
           <name>MP_AM049_Signal_Lamp_1</name>
           <model>usa\misc\AM049\AM049.model</model>
        </node>
        <node>
           <name>MP_AM549_Life_Buoy_INDEX_1</name>
           <model>usa\misc\AM549\AM549.model</model>
        </node>
        <node>
           <name>MP_AM010_Speaker_1_INDEX_1</name>
           <model>usa\misc\AM010\AM010.model</model>
        </node>
        <node>
           <name>MP_AM537_Elec_Panel_INDEX_3</name>
           <model>usa\misc\AM537\AM537.model</model>
        </node>
        <node>
           <name>MP_AM191_Ammunition_Box_11_INDEX_4</name>
           <model>usa\misc\AM191\AM191.model</model>
        </node>
        <node>
           <name>MP_CM017_Boat_Stowage_3_INDEX_2</name>
           <model>common\misc\CM017\CM017.model</model>
        </node>
        <node>
           <name>MP_CM017_Boat_Stowage_3_INDEX_3</name>
           <model>common\misc\CM017\CM017.model</model>
        </node>
        <node>
           <name>MP_AM191_Ammunition_Box_11_INDEX_5</name>
           <model>usa\misc\AM191\AM191.model</model>
        </node>
        <node>
           <name>MP_AM319_Hatch</name>
           <model>usa\misc\AM319\AM319.model</model>
        </node>
        <node>
           <name>MP_AM531_Stretcher</name>
           <model>usa\misc\AM531\AM531.model</model>
        </node>
        <node>
           <name>MP_AM537_Elec_Panel_INDEX_4</name>
           <model>usa\misc\AM537\AM537.model</model>
        </node>
        <node>
           <name>MP_AM531_Stretcher_INDEX_1</name>
           <model>usa\misc\AM531\AM531.model</model>
        </node>
        <node>
           <name>MP_CM017_Boat_Stowage_3_INDEX_4</name>
           <model>common\misc\CM017\CM017.model</model>
        </node>
        <node>
           <name>MP_AM191_Ammunition_Box_11_INDEX_6</name>
           <model>usa\misc\AM191\AM191.model</model>
        </node>
        <node>
           <name>MP_AM350_Filling_connection_INDEX_4</name>
           <model>usa\misc\AM350\AM350.model</model>
        </node>
        <node>
           <name>MP_AM072_Ships_bell</name>
           <model>usa\misc\AM072\AM072.model</model>
        </node>
        <node>
           <name>MP_AM005_Bollard_1_INDEX_1</name>
           <model>usa\misc\AM005\AM005.model</model>
        </node>
        <node>
           <name>MP_CM011_Fire_Fighting_Gear</name>
           <model>common\misc\CM011\CM011.model</model>
        </node>
        <node>
           <name>MP_AM055_Boat_1_INDEX_3</name>
           <model>usa\misc\AM055\AM055.model</model>
        </node>
        <node>
           <name>MP_AM177_Ammunition_Box_8_INDEX_1</name>
           <model>usa\misc\AM177\AM177.model</model>
        </node>
        <node>
           <name>MP_AM004_Fairlead_2_INDEX_1</name>
           <model>usa\misc\AM004\AM004.model</model>
        </node>
        <node>
           <name>MP_CM052_Fender_INDEX_2</name>
           <model>common\misc\CM052\CM052.model</model>
        </node>
        <node>
           <name>MP_AM010_Speaker_1_INDEX_2</name>
           <model>usa\misc\AM010\AM010.model</model>
        </node>
        <node>
           <name>MP_AM129_Turtles_box_INDEX_5</name>
           <model>usa\misc\AM129\AM129.model</model>
        </node>
        <node>
           <name>MP_CM017_Boat_Stowage_3_INDEX_5</name>
           <model>common\misc\CM017\CM017.model</model>
        </node>
        <node>
           <name>MP_AM037_Searchlight_900mm_INDEX_1</name>
           <model>usa\misc\AM037\AM037.model</model>
        </node>
        <node>
           <name>MP_AM093_Motor_boat_35ft</name>
           <model>usa\misc\AM093\AM093.model</model>
        </node>
        <node>
           <name>MP_AM049_Signal_Lamp_1_INDEX_1</name>
           <model>usa\misc\AM049\AM049.model</model>
        </node>
        <node>
           <name>MP_AM549_Life_Buoy_INDEX_2</name>
           <model>usa\misc\AM549\AM549.model</model>
        </node>
        <node>
           <name>MP_AM054_Boat_6_INDEX_2</name>
           <model>usa\misc\AM054\AM054.model</model>
        </node>
        <node>
           <name>MP_AM350_Filling_connection_INDEX_5</name>
           <model>usa\misc\AM350\AM350.model</model>
        </node>
        <node>
           <name>MP_AM129_Turtles_box_INDEX_6</name>
           <model>usa\misc\AM129\AM129.model</model>
        </node>
        <node>
           <name>MP_AM074_Floater_Net_Basket_2_INDEX_2</name>
           <model>usa\misc\AM074\AM074.model</model>
        </node>
        <node>
           <name>MP_AM049_Signal_Lamp_1_INDEX_2</name>
           <model>usa\misc\AM049\AM049.model</model>
        </node>
        <node>
           <name>MP_AM230_Launch_40ft_INDEX_1</name>
           <model>usa\misc\AM230\AM230.model</model>
        </node>
        <node>
           <name>MP_AM177_Ammunition_Box_8_INDEX_2</name>
           <model>usa\misc\AM177\AM177.model</model>
        </node>
        <node>
           <name>MP_AM019_Ventilators_1</name>
           <model>usa\misc\AM019\AM019.model</model>
        </node>
        <node>
           <name>MP_AM350_Filling_connection_INDEX_6</name>
           <model>usa\misc\AM350\AM350.model</model>
        </node>
        <node>
           <name>MP_AM074_Floater_Net_Basket_2_INDEX_3</name>
           <model>usa\misc\AM074\AM074.model</model>
        </node>
        <node>
           <name>MP_AM319_Hatch_INDEX_1</name>
           <model>usa\misc\AM319\AM319.model</model>
        </node>
        <node>
           <name>MP_CM052_Fender_INDEX_3</name>
           <model>common\misc\CM052\CM052.model</model>
        </node>
        <node>
           <name>MP_AM054_Boat_6_INDEX_3</name>
           <model>usa\misc\AM054\AM054.model</model>
        </node>
        <node>
           <name>MP_AM191_Ammunition_Box_11_INDEX_7</name>
           <model>usa\misc\AM191\AM191.model</model>
        </node>
        <node>
           <name>MP_AM071_Signal_Lamp_2_INDEX_2</name>
           <model>usa\misc\AM071\AM071.model</model>
        </node>
        <node>
           <name>MP_AM093_Motor_boat_35ft_INDEX_1</name>
           <model>usa\misc\AM093\AM093.model</model>
        </node>
        <node>
           <name>MP_AM191_Ammunition_Box_11_INDEX_8</name>
           <model>usa\misc\AM191\AM191.model</model>
        </node>
        <node>
           <name>MP_CM024_Stairway_Big_L</name>
           <model>common\misc\CM024\CM024.model</model>
        </node>
        <node>
           <name>MP_AM537_Elec_Panel_INDEX_5</name>
           <model>usa\misc\AM537\AM537.model</model>
        </node>
        <node>
           <name>MP_AM055_Boat_1_INDEX_4</name>
           <model>usa\misc\AM055\AM055.model</model>
        </node>
        <node>
           <name>MP_AM028_Ammunition_Box2</name>
           <model>usa\misc\AM028\AM028.model</model>
        </node>
        <node>
           <name>MP_AM074_Floater_Net_Basket_2_INDEX_4</name>
           <model>usa\misc\AM074\AM074.model</model>
        </node>
        <node>
           <name>MP_AM549_Life_Buoy_INDEX_3</name>
           <model>usa\misc\AM549\AM549.model</model>
        </node>
        <node>
           <name>MP_AM479_6_Fuel_at_sea_hose</name>
           <model>usa\misc\AM479\AM479.model</model>
        </node>
        <node>
           <name>MP_CM017_Boat_Stowage_3_INDEX_6</name>
           <model>common\misc\CM017\CM017.model</model>
        </node>
        <node>
           <name>MP_CM017_Boat_Stowage_3_INDEX_7</name>
           <model>common\misc\CM017\CM017.model</model>
        </node>
        <node>
           <name>MP_AM191_Ammunition_Box_11_INDEX_9</name>
           <model>usa\misc\AM191\AM191.model</model>
        </node>
        <node>
           <name>MP_AM107_Aircraft_Cran_2_INDEX_1</name>
           <model>usa\misc\AM107\AM107.model</model>
        </node>
        <node>
           <name>MP_AM055_Boat_1_INDEX_5</name>
           <model>usa\misc\AM055\AM055.model</model>
        </node>
        <node>
           <name>HP_flag_nation</name>
           <model>usa\misc\AM032\AM032.model</model>
        </node>
        <node>
           <name>HP_Fire_Burn_3</name>
           <model>UNKNOWN_ITEM</model>
        </node>
        <node>
           <name>HP_Smoke_2</name>
           <model>UNKNOWN_ITEM</model>
        </node>
        <node>
           <name>HP_Smoke_1</name>
           <model>UNKNOWN_ITEM</model>
        </node>
    </midback>
    <stern>
      <model>usa\ship\battleship\ASB037_North_Carolina_1942\ASB037_North_Carolina_1942_Stern_ports.model</model>
        <node>
           <name>HP_AC_1</name>
           <model>usa\catapult\AC002_Catapult_2\AC002_Catapult_2.model</model>
        </node>
        <node>
           <name>HP_AC_2</name>
           <model>usa\catapult\AC002_Catapult_2\AC002_Catapult_2.model</model>
        </node>
        <node>
           <name>HP_AGA_53</name>
           <model>usa\gun\aaircraft\AGA003_20mm_Oerlikon_MK4\AGA003_20mm_Oerlikon_MK4.model</model>
        </node>
        <node>
           <name>HP_AGA_47</name>
           <model>usa\gun\aaircraft\AGA003_20mm_Oerlikon_MK4\AGA003_20mm_Oerlikon_MK4.model</model>
        </node>
        <node>
           <name>HP_AGA_51</name>
           <model>usa\gun\aaircraft\AGA003_20mm_Oerlikon_MK4\AGA003_20mm_Oerlikon_MK4.model</model>
        </node>
        <node>
           <name>HP_AGA_49</name>
           <model>usa\gun\aaircraft\AGA003_20mm_Oerlikon_MK4\AGA003_20mm_Oerlikon_MK4.model</model>
        </node>
        <node>
           <name>HP_AGA_54</name>
           <model>usa\gun\aaircraft\AGA003_20mm_Oerlikon_MK4\AGA003_20mm_Oerlikon_MK4.model</model>
        </node>
        <node>
           <name>HP_AGA_50</name>
           <model>usa\gun\aaircraft\AGA003_20mm_Oerlikon_MK4\AGA003_20mm_Oerlikon_MK4.model</model>
        </node>
        <node>
           <name>HP_AGA_52</name>
           <model>usa\gun\aaircraft\AGA003_20mm_Oerlikon_MK4\AGA003_20mm_Oerlikon_MK4.model</model>
        </node>
        <node>
           <name>HP_AGA_55</name>
           <model>usa\gun\aaircraft\AGA003_20mm_Oerlikon_MK4\AGA003_20mm_Oerlikon_MK4.model</model>
        </node>
        <node>
           <name>HP_AGA_48</name>
           <model>usa\gun\aaircraft\AGA003_20mm_Oerlikon_MK4\AGA003_20mm_Oerlikon_MK4.model</model>
        </node>
        <node>
           <name>HP_AGA_56</name>
           <model>usa\gun\aaircraft\AGA003_20mm_Oerlikon_MK4\AGA003_20mm_Oerlikon_MK4.model</model>
        </node>
        <node>
           <name>HP_AGM_3</name>
           <model>usa\gun\main\AGM012_16in45_Mk6\AGM012_16in45_Mk6.model</model>
        </node>
        <node>
           <name>MP_CM032_Propeller3_R</name>
           <model>common\misc\CM032\CM032.model</model>
        </node>
        <node>
           <name>MP_AM043_Aircraft_Deck_Cradle</name>
           <model>usa\misc\AM043\AM043.model</model>
        </node>
        <node>
           <name>MP_AM003_Fairlead_1</name>
           <model>usa\misc\AM003\AM003.model</model>
        </node>
        <node>
           <name>MP_AM108_Reels_4</name>
           <model>usa\misc\AM108\AM108.model</model>
        </node>
        <node>
           <name>MP_CM001_Propeller3_L</name>
           <model>common\misc\CM001\CM001.model</model>
        </node>
        <node>
           <name>MP_AM191_Ammunition_Box_11</name>
           <model>usa\misc\AM191\AM191.model</model>
        </node>
        <node>
           <name>MP_AM108_Reels_4_INDEX_1</name>
           <model>usa\misc\AM108\AM108.model</model>
        </node>
        <node>
           <name>MP_AM003_Fairlead_1_INDEX_1</name>
           <model>usa\misc\AM003\AM003.model</model>
        </node>
        <node>
           <name>MP_AM078_Crane_Control_Wheel</name>
           <model>usa\misc\AM078\AM078.model</model>
        </node>
        <node>
           <name>MP_AM024_Hatch_2</name>
           <model>usa\misc\AM024\AM024.model</model>
        </node>
        <node>
           <name>MP_AM318_Hatch</name>
           <model>usa\misc\AM318\AM318.model</model>
        </node>
        <node>
           <name>MP_AM046_Running_Lights_B</name>
           <model>usa\misc\AM046\AM046.model</model>
        </node>
        <node>
           <name>MP_AM026_Break_Handwheel_1</name>
           <model>usa\misc\AM026\AM026.model</model>
        </node>
        <node>
           <name>MP_AM022_Ventilators_4</name>
           <model>usa\misc\AM022\AM022.model</model>
        </node>
        <node>
           <name>MP_AM006_Reels_1</name>
           <model>usa\misc\AM006\AM006.model</model>
        </node>
        <node>
           <name>MP_AM191_Ammunition_Box_11_INDEX_1</name>
           <model>usa\misc\AM191\AM191.model</model>
        </node>
        <node>
           <name>MP_AM129_Turtles_box</name>
           <model>usa\misc\AM129\AM129.model</model>
        </node>
        <node>
           <name>MP_AM006_Reels_1_INDEX_1</name>
           <model>usa\misc\AM006\AM006.model</model>
        </node>
        <node>
           <name>MP_AM031_Ammunition_Box5</name>
           <model>usa\misc\AM031\AM031.model</model>
        </node>
        <node>
           <name>MP_AM489_Franklin_Life_Buoy</name>
           <model>usa\misc\AM489\AM489.model</model>
        </node>
        <node>
           <name>MP_AM022_Ventilators_4_INDEX_1</name>
           <model>usa\misc\AM022\AM022.model</model>
        </node>
        <node>
           <name>MP_AM003_Fairlead_1_INDEX_2</name>
           <model>usa\misc\AM003\AM003.model</model>
        </node>
        <node>
           <name>MP_AM003_Fairlead_1_INDEX_3</name>
           <model>usa\misc\AM003\AM003.model</model>
        </node>
        <node>
           <name>MP_AM191_Ammunition_Box_11_INDEX_2</name>
           <model>usa\misc\AM191\AM191.model</model>
        </node>
        <node>
           <name>MP_AM003_Fairlead_1_INDEX_4</name>
           <model>usa\misc\AM003\AM003.model</model>
        </node>
        <node>
           <name>MP_AM004_Fairlead_2</name>
           <model>usa\misc\AM004\AM004.model</model>
        </node>
        <node>
           <name>MP_AM020_Ventilators_2</name>
           <model>usa\misc\AM020\AM020.model</model>
        </node>
        <node>
           <name>MP_AM023_Hatch_1</name>
           <model>usa\misc\AM023\AM023.model</model>
        </node>
        <node>
           <name>MP_AM088_Capstan_1</name>
           <model>usa\misc\AM088\AM088.model</model>
        </node>
        <node>
           <name>MP_AM006_Reels_1_INDEX_2</name>
           <model>usa\misc\AM006\AM006.model</model>
        </node>
        <node>
           <name>MP_AM022_Ventilators_4_INDEX_2</name>
           <model>usa\misc\AM022\AM022.model</model>
        </node>
        <node>
           <name>MP_AM191_Ammunition_Box_11_INDEX_3</name>
           <model>usa\misc\AM191\AM191.model</model>
        </node>
        <node>
           <name>MP_AM352_Stern_Light</name>
           <model>usa\misc\AM352\AM352.model</model>
        </node>
        <node>
           <name>MP_AM020_Ventilators_2_INDEX_1</name>
           <model>usa\misc\AM020\AM020.model</model>
        </node>
        <node>
           <name>MP_AM044_Boat_Winch</name>
           <model>usa\misc\AM044\AM044.model</model>
        </node>
        <node>
           <name>MP_AM026_Break_Handwheel_1_INDEX_1</name>
           <model>usa\misc\AM026\AM026.model</model>
        </node>
        <node>
           <name>MP_AM020_Ventilators_2_INDEX_2</name>
           <model>usa\misc\AM020\AM020.model</model>
        </node>
        <node>
           <name>MP_AM129_Turtles_box_INDEX_1</name>
           <model>usa\misc\AM129\AM129.model</model>
        </node>
        <node>
           <name>MP_AM191_Ammunition_Box_11_INDEX_4</name>
           <model>usa\misc\AM191\AM191.model</model>
        </node>
        <node>
           <name>MP_AM003_Fairlead_1_INDEX_5</name>
           <model>usa\misc\AM003\AM003.model</model>
        </node>
        <node>
           <name>MP_AM004_Fairlead_2_INDEX_1</name>
           <model>usa\misc\AM004\AM004.model</model>
        </node>
        <node>
           <name>MP_AM046_Running_Lights_B_INDEX_1</name>
           <model>usa\misc\AM046\AM046.model</model>
        </node>
        <node>
           <name>MP_AM003_Fairlead_1_INDEX_6</name>
           <model>usa\misc\AM003\AM003.model</model>
        </node>
        <node>
           <name>MP_AM005_Bollard_1</name>
           <model>usa\misc\AM005\AM005.model</model>
        </node>
        <node>
           <name>MP_AM191_Ammunition_Box_11_INDEX_5</name>
           <model>usa\misc\AM191\AM191.model</model>
        </node>
        <node>
           <name>MP_AM191_Ammunition_Box_11_INDEX_6</name>
           <model>usa\misc\AM191\AM191.model</model>
        </node>
        <node>
           <name>MP_AM024_Hatch_2_INDEX_1</name>
           <model>usa\misc\AM024\AM024.model</model>
        </node>
        <node>
           <name>MP_AM191_Ammunition_Box_11_INDEX_7</name>
           <model>usa\misc\AM191\AM191.model</model>
        </node>
        <node>
           <name>MP_AM076_Aircfaft_Crane_1</name>
           <model>usa\misc\AM076\AM076.model</model>
        </node>
        <node>
           <name>MP_AM066_Ammunition_Box_7</name>
           <model>usa\misc\AM066\AM066.model</model>
        </node>
        <node>
           <name>MP_AM003_Fairlead_1_INDEX_7</name>
           <model>usa\misc\AM003\AM003.model</model>
        </node>
        <node>
           <name>MP_AM043_Aircraft_Deck_Cradle_INDEX_1</name>
           <model>usa\misc\AM043\AM043.model</model>
        </node>
        <node>
           <name>MP_AM191_Ammunition_Box_11_INDEX_8</name>
           <model>usa\misc\AM191\AM191.model</model>
        </node>
        <node>
           <name>MP_AM005_Bollard_1_INDEX_1</name>
           <model>usa\misc\AM005\AM005.model</model>
        </node>
        <node>
           <name>MP_AM044_Boat_Winch_INDEX_1</name>
           <model>usa\misc\AM044\AM044.model</model>
        </node>
        <node>
           <name>MP_AM129_Turtles_box_INDEX_2</name>
           <model>usa\misc\AM129\AM129.model</model>
        </node>
        <node>
           <name>MP_AM191_Ammunition_Box_11_INDEX_9</name>
           <model>usa\misc\AM191\AM191.model</model>
        </node>
        <node>
           <name>MP_AM023_Hatch_1_INDEX_1</name>
           <model>usa\misc\AM023\AM023.model</model>
        </node>
        <node>
           <name>MP_AM020_Ventilators_2_INDEX_3</name>
           <model>usa\misc\AM020\AM020.model</model>
        </node>
        <node>
           <name>MP_AM023_Hatch_1_INDEX_2</name>
           <model>usa\misc\AM023\AM023.model</model>
        </node>
        <node>
           <name>MP_AM191_Ammunition_Box_11_INDEX_10</name>
           <model>usa\misc\AM191\AM191.model</model>
        </node>
        <node>
           <name>MP_AM005_Bollard_1_INDEX_2</name>
           <model>usa\misc\AM005\AM005.model</model>
        </node>
        <node>
           <name>MP_AM191_Ammunition_Box_11_INDEX_11</name>
           <model>usa\misc\AM191\AM191.model</model>
        </node>
        <node>
           <name>MP_AM005_Bollard_1_INDEX_3</name>
           <model>usa\misc\AM005\AM005.model</model>
        </node>
        <node>
           <name>MP_AM006_Reels_1_INDEX_3</name>
           <model>usa\misc\AM006\AM006.model</model>
        </node>
        <node>
           <name>MP_AM489_Franklin_Life_Buoy_INDEX_1</name>
           <model>usa\misc\AM489\AM489.model</model>
        </node>
        <node>
           <name>MP_CM002_Propeller4_L</name>
           <model>common\misc\CM002\CM002.model</model>
        </node>
        <node>
           <name>MP_CM033_Propeller4_R</name>
           <model>common\misc\CM033\CM033.model</model>
        </node>
        <node>
           <name>MP_AM005_Bollard_1_INDEX_4</name>
           <model>usa\misc\AM005\AM005.model</model>
        </node>
        <node>
           <name>MP_AM517_Hatch</name>
           <model>usa\misc\AM517\AM517.model</model>
        </node>
        <node>
           <name>MP_AM019_Ventilators_1</name>
           <model>usa\misc\AM019\AM019.model</model>
        </node>
        <node>
           <name>MP_AM350_Filling_connection</name>
           <model>usa\misc\AM350\AM350.model</model>
        </node>
        <node>
           <name>MP_AM350_Filling_connection_INDEX_1</name>
           <model>usa\misc\AM350\AM350.model</model>
        </node>
        <node>
           <name>MP_AM005_Bollard_1_INDEX_5</name>
           <model>usa\misc\AM005\AM005.model</model>
        </node>
        <node>
           <name>HP_Fire_Burn_4</name>
           <model>UNKNOWN_ITEM</model>
        </node>
    </stern>
  </sections>
</ASB037_North_Carolina_1942.xml>
