<JSA002_Hosho_1939.xml>
  <sections>
    <bow>
      <model>japan\ship\aircarrier\JSA002_Hosho_1939\JSA002_Hosho_1939_bow_ports.model</model>
        <node>
           <name>HP_LiftOffPoint</name>
           <model>japan\aircraft\bomber\JAB005_Mitsubishi_1MT\JAB005_Mitsubishi_1MT.model</model>
        </node>
        <node>
           <name>HP_JGS_1</name>
           <model>japan\gun\main\JGM035_140mm50_Type_3Year\JGM035_140mm50_Type_3Year.model</model>
        </node>
        <node>
           <name>HP_JGS_2</name>
           <model>japan\gun\main\JGM035_140mm50_Type_3Year\JGM035_140mm50_Type_3Year.model</model>
        </node>
        <node>
           <name>HP_flag_1</name>
           <model>japan\misc\JM001\JM001.model</model>
        </node>
        <node>
           <name>HP_flag_2</name>
           <model>japan\misc\JM001\JM001.model</model>
        </node>
        <node>
           <name>HP_flag_3</name>
           <model>japan\misc\JM001\JM001.model</model>
        </node>
        <node>
           <name>HP_flag_4</name>
           <model>japan\misc\JM001\JM001.model</model>
        </node>
        <node>
           <name>HP_flag_nation</name>
           <model>japan\misc\JM001\JM001.model</model>
        </node>
        <node>
           <name>MP_JM025_Fairled</name>
           <model>japan\misc\JM025\JM025.model</model>
        </node>
        <node>
           <name>MP_JM125_Signal_Lamp_3</name>
           <model>japan\misc\JM125\JM125.model</model>
        </node>
        <node>
           <name>MP_JM125_Signal_Lamp_3_INDEX_1</name>
           <model>japan\misc\JM125\JM125.model</model>
        </node>
        <node>
           <name>MP_JM099_Signal_Lamp_1</name>
           <model>japan\misc\JM099\JM099.model</model>
        </node>
        <node>
           <name>MP_JM165_Telegraph_Engine</name>
           <model>japan\misc\JM165\JM165.model</model>
        </node>
        <node>
           <name>MP_CM011_Fire_Fighting_Gear</name>
           <model>common\misc\CM011\CM011.model</model>
        </node>
        <node>
           <name>MP_JM183_Table</name>
           <model>japan\misc\JM183\JM183.model</model>
        </node>
        <node>
           <name>MP_JM125_Signal_Lamp_3_INDEX_2</name>
           <model>japan\misc\JM125\JM125.model</model>
        </node>
        <node>
           <name>MP_JM099_Signal_Lamp_1_INDEX_1</name>
           <model>japan\misc\JM099\JM099.model</model>
        </node>
        <node>
           <name>MP_JM125_Signal_Lamp_3_INDEX_3</name>
           <model>japan\misc\JM125\JM125.model</model>
        </node>
        <node>
           <name>MP_JM006_Binocular_1</name>
           <model>japan\misc\JM006\JM006.model</model>
        </node>
        <node>
           <name>MP_JM158_Main_Wheel</name>
           <model>japan\misc\JM158\JM158.model</model>
        </node>
        <node>
           <name>MP_CM011_Fire_Fighting_Gear_INDEX_1</name>
           <model>common\misc\CM011\CM011.model</model>
        </node>
        <node>
           <name>MP_JM014_Reels_2</name>
           <model>japan\misc\JM014\JM014.model</model>
        </node>
        <node>
           <name>MP_JM014_Reels_2_INDEX_1</name>
           <model>japan\misc\JM014\JM014.model</model>
        </node>
        <node>
           <name>MP_CM012_Fire_Hose_Rack_1</name>
           <model>common\misc\CM012\CM012.model</model>
        </node>
        <node>
           <name>MP_JM125_Signal_Lamp_3_INDEX_4</name>
           <model>japan\misc\JM125\JM125.model</model>
        </node>
        <node>
           <name>MP_JM099_Signal_Lamp_1_INDEX_2</name>
           <model>japan\misc\JM099\JM099.model</model>
        </node>
        <node>
           <name>MP_JM025_Fairled_INDEX_1</name>
           <model>japan\misc\JM025\JM025.model</model>
        </node>
        <node>
           <name>MP_CM009_Life_Buoy_2</name>
           <model>common\misc\CM009\CM009.model</model>
        </node>
        <node>
           <name>MP_CM029_Emergency_Box</name>
           <model>common\misc\CM029\CM029.model</model>
        </node>
        <node>
           <name>MP_JM059_Deck_Hatch_8</name>
           <model>japan\misc\JM059\JM059.model</model>
        </node>
        <node>
           <name>MP_JM164_Turning_Indicator</name>
           <model>japan\misc\JM164\JM164.model</model>
        </node>
        <node>
           <name>MP_JM059_Deck_Hatch_8_INDEX_1</name>
           <model>japan\misc\JM059\JM059.model</model>
        </node>
        <node>
           <name>MP_CM029_Emergency_Box_INDEX_1</name>
           <model>common\misc\CM029\CM029.model</model>
        </node>
        <node>
           <name>MP_JM044_After_Capstan</name>
           <model>japan\misc\JM044\JM044.model</model>
        </node>
        <node>
           <name>MP_CM010_Fire_Hose_Reel</name>
           <model>common\misc\CM010\CM010.model</model>
        </node>
        <node>
           <name>MP_CM030_Swab_Rack_2</name>
           <model>common\misc\CM030\CM030.model</model>
        </node>
        <node>
           <name>MP_JM190_Gyro_Repeater</name>
           <model>japan\misc\JM190\JM190.model</model>
        </node>
        <node>
           <name>MP_JM099_Signal_Lamp_1_INDEX_3</name>
           <model>japan\misc\JM099\JM099.model</model>
        </node>
        <node>
           <name>MP_JM008_Searchlight</name>
           <model>japan\misc\JM008\JM008.model</model>
        </node>
        <node>
           <name>MP_CM012_Fire_Hose_Rack_1_INDEX_1</name>
           <model>common\misc\CM012\CM012.model</model>
        </node>
        <node>
           <name>MP_JM093_Running_Lights_L</name>
           <model>japan\misc\JM093\JM093.model</model>
        </node>
        <node>
           <name>MP_JM113_Flag_Box</name>
           <model>japan\misc\JM113\JM113.model</model>
        </node>
        <node>
           <name>MP_CM015_Bundle_1</name>
           <model>common\misc\CM015\CM015.model</model>
        </node>
        <node>
           <name>MP_JM099_Signal_Lamp_1_INDEX_4</name>
           <model>japan\misc\JM099\JM099.model</model>
        </node>
        <node>
           <name>MP_JM099_Signal_Lamp_1_INDEX_5</name>
           <model>japan\misc\JM099\JM099.model</model>
        </node>
        <node>
           <name>MP_JM099_Signal_Lamp_1_INDEX_6</name>
           <model>japan\misc\JM099\JM099.model</model>
        </node>
        <node>
           <name>MP_JM099_Signal_Lamp_1_INDEX_7</name>
           <model>japan\misc\JM099\JM099.model</model>
        </node>
        <node>
           <name>MP_JM006_Binocular_1_INDEX_1</name>
           <model>japan\misc\JM006\JM006.model</model>
        </node>
        <node>
           <name>MP_JM099_Signal_Lamp_1_INDEX_8</name>
           <model>japan\misc\JM099\JM099.model</model>
        </node>
        <node>
           <name>MP_CM005_Anchor_1</name>
           <model>common\misc\CM005\CM005.model</model>
        </node>
        <node>
           <name>MP_JM059_Deck_Hatch_8_INDEX_2</name>
           <model>japan\misc\JM059\JM059.model</model>
        </node>
        <node>
           <name>MP_CM030_Swab_Rack_2_INDEX_1</name>
           <model>common\misc\CM030\CM030.model</model>
        </node>
        <node>
           <name>MP_JM026_Bollards</name>
           <model>japan\misc\JM026\JM026.model</model>
        </node>
        <node>
           <name>MP_JM121_Winch_1</name>
           <model>japan\misc\JM121\JM121.model</model>
        </node>
        <node>
           <name>MP_JM026_Bollards_INDEX_1</name>
           <model>japan\misc\JM026\JM026.model</model>
        </node>
        <node>
           <name>MP_CM005_Anchor_1_INDEX_1</name>
           <model>common\misc\CM005\CM005.model</model>
        </node>
        <node>
           <name>MP_JM092_Running_Lights_R</name>
           <model>japan\misc\JM092\JM092.model</model>
        </node>
        <node>
           <name>MP_CM010_Fire_Hose_Reel_INDEX_1</name>
           <model>common\misc\CM010\CM010.model</model>
        </node>
        <node>
           <name>MP_JM078_Deck_Winch_2</name>
           <model>japan\misc\JM078\JM078.model</model>
        </node>
        <node>
           <name>MP_JM059_Deck_Hatch_8_INDEX_3</name>
           <model>japan\misc\JM059\JM059.model</model>
        </node>
        <node>
           <name>MP_JM006_Binocular_1_INDEX_2</name>
           <model>japan\misc\JM006\JM006.model</model>
        </node>
        <node>
           <name>MP_JM307_Chrysanthemum_petal_1</name>
           <model>japan\misc\JM307\JM307.model</model>
        </node>
        <node>
           <name>MP_JM307_Chrysanthemum_petal_1_INDEX_1</name>
           <model>japan\misc\JM307\JM307.model</model>
        </node>
        <node>
           <name>MP_JM307_Chrysanthemum_petal_1_INDEX_2</name>
           <model>japan\misc\JM307\JM307.model</model>
        </node>
        <node>
           <name>MP_JM307_Chrysanthemum_petal_1_INDEX_3</name>
           <model>japan\misc\JM307\JM307.model</model>
        </node>
        <node>
           <name>MP_JM307_Chrysanthemum_petal_1_INDEX_4</name>
           <model>japan\misc\JM307\JM307.model</model>
        </node>
        <node>
           <name>MP_JM307_Chrysanthemum_petal_1_INDEX_5</name>
           <model>japan\misc\JM307\JM307.model</model>
        </node>
        <node>
           <name>MP_JM306_Chrysanthemum_mid</name>
           <model>japan\misc\JM306\JM306.model</model>
        </node>
        <node>
           <name>MP_JM307_Chrysanthemum_petal_1_INDEX_6</name>
           <model>japan\misc\JM307\JM307.model</model>
        </node>
        <node>
           <name>MP_JM307_Chrysanthemum_petal_1_INDEX_7</name>
           <model>japan\misc\JM307\JM307.model</model>
        </node>
        <node>
           <name>MP_JM307_Chrysanthemum_petal_1_INDEX_8</name>
           <model>japan\misc\JM307\JM307.model</model>
        </node>
        <node>
           <name>MP_JM307_Chrysanthemum_petal_1_INDEX_9</name>
           <model>japan\misc\JM307\JM307.model</model>
        </node>
        <node>
           <name>MP_JM307_Chrysanthemum_petal_1_INDEX_10</name>
           <model>japan\misc\JM307\JM307.model</model>
        </node>
        <node>
           <name>MP_JM307_Chrysanthemum_petal_1_INDEX_11</name>
           <model>japan\misc\JM307\JM307.model</model>
        </node>
        <node>
           <name>MP_JM307_Chrysanthemum_petal_1_INDEX_12</name>
           <model>japan\misc\JM307\JM307.model</model>
        </node>
        <node>
           <name>MP_JM307_Chrysanthemum_petal_1_INDEX_13</name>
           <model>japan\misc\JM307\JM307.model</model>
        </node>
        <node>
           <name>MP_JM307_Chrysanthemum_petal_1_INDEX_14</name>
           <model>japan\misc\JM307\JM307.model</model>
        </node>
        <node>
           <name>MP_JM307_Chrysanthemum_petal_1_INDEX_15</name>
           <model>japan\misc\JM307\JM307.model</model>
        </node>
        <node>
           <name>MP_JM116_Antenna_3</name>
           <model>japan\misc\JM116\JM116.model</model>
        </node>
        <node>
           <name>HP_Fire_Burn_1</name>
           <model>UNKNOWN_ITEM</model>
        </node>
    </bow>
    <midfront>
      <model>japan\ship\aircarrier\JSA002_Hosho_1939\JSA002_Hosho_1939_MidFront_ports.model</model>
        <node>
           <name>HP_DeckStart</name>
           <model>japan\aircraft\bomber\JAB005_Mitsubishi_1MT\JAB005_Mitsubishi_1MT.model</model>
        </node>
        <node>
           <name>HP_Deck_15</name>
           <model>japan\aircraft\bomber\JAB005_Mitsubishi_1MT\JAB005_Mitsubishi_1MT.model</model>
        </node>
        <node>
           <name>HP_Deck_16</name>
           <model>japan\aircraft\bomber\JAB005_Mitsubishi_1MT\JAB005_Mitsubishi_1MT.model</model>
        </node>
        <node>
           <name>HP_Deck_17</name>
           <model>japan\aircraft\bomber\JAB005_Mitsubishi_1MT\JAB005_Mitsubishi_1MT.model</model>
        </node>
        <node>
           <name>HP_Deck_18</name>
           <model>japan\aircraft\bomber\JAB005_Mitsubishi_1MT\JAB005_Mitsubishi_1MT.model</model>
        </node>
        <node>
           <name>HP_JF_2</name>
           <model>japan\finder\JF028_Rangefinder_2m\JF028_Rangefinder_2m.model</model>
        </node>
        <node>
           <name>HP_JGA_1</name>
           <model>japan\gun\aaircraft\JGA020_13mm76_Type93_double\JGA020_13mm76_Type93_double.model</model>
        </node>
        <node>
           <name>HP_JGA_2</name>
           <model>japan\gun\aaircraft\JGA020_13mm76_Type93_double\JGA020_13mm76_Type93_double.model</model>
        </node>
        <node>
           <name>HP_JF_1</name>
           <model>japan\finder\JF028_Rangefinder_2m\JF028_Rangefinder_2m.model</model>
        </node>
        <node>
           <name>MP_CM017_Boat_Stowage_3</name>
           <model>common\misc\CM017\CM017.model</model>
        </node>
        <node>
           <name>MP_JM037_Cutter_9m</name>
           <model>japan\misc\JM037\JM037.model</model>
        </node>
        <node>
           <name>MP_CM016_Boat_Stowage_2</name>
           <model>common\misc\CM016\CM016.model</model>
        </node>
        <node>
           <name>MP_CM017_Boat_Stowage_3_INDEX_1</name>
           <model>common\misc\CM017\CM017.model</model>
        </node>
        <node>
           <name>MP_CM016_Boat_Stowage_2_INDEX_1</name>
           <model>common\misc\CM016\CM016.model</model>
        </node>
        <node>
           <name>MP_JM025_Fairled</name>
           <model>japan\misc\JM025\JM025.model</model>
        </node>
        <node>
           <name>MP_JM040_Motor_Launch_Hangar_12m</name>
           <model>japan\misc\JM040\JM040.model</model>
        </node>
        <node>
           <name>MP_CM017_Boat_Stowage_3_INDEX_2</name>
           <model>common\misc\CM017\CM017.model</model>
        </node>
        <node>
           <name>MP_CM017_Boat_Stowage_3_INDEX_3</name>
           <model>common\misc\CM017\CM017.model</model>
        </node>
        <node>
           <name>MP_JM136_Deck_Light</name>
           <model>japan\misc\JM136\JM136.model</model>
        </node>
        <node>
           <name>MP_CM017_Boat_Stowage_3_INDEX_4</name>
           <model>common\misc\CM017\CM017.model</model>
        </node>
        <node>
           <name>MP_CM019_Wood_Box_2</name>
           <model>common\misc\CM019\CM019.model</model>
        </node>
        <node>
           <name>MP_CM019_Wood_Box_2_INDEX_1</name>
           <model>common\misc\CM019\CM019.model</model>
        </node>
        <node>
           <name>MP_JM059_Deck_Hatch_8</name>
           <model>japan\misc\JM059\JM059.model</model>
        </node>
        <node>
           <name>MP_JM036_Dinghy_8m</name>
           <model>japan\misc\JM036\JM036.model</model>
        </node>
        <node>
           <name>MP_JM002_Paravane</name>
           <model>japan\misc\JM002\JM002.model</model>
        </node>
        <node>
           <name>MP_JM059_Deck_Hatch_8_INDEX_1</name>
           <model>japan\misc\JM059\JM059.model</model>
        </node>
        <node>
           <name>MP_CM019_Wood_Box_2_INDEX_2</name>
           <model>common\misc\CM019\CM019.model</model>
        </node>
        <node>
           <name>MP_JM037_Cutter_9m_INDEX_1</name>
           <model>japan\misc\JM037\JM037.model</model>
        </node>
        <node>
           <name>MP_JM136_Deck_Light_INDEX_1</name>
           <model>japan\misc\JM136\JM136.model</model>
        </node>
        <node>
           <name>MP_CM017_Boat_Stowage_3_INDEX_5</name>
           <model>common\misc\CM017\CM017.model</model>
        </node>
        <node>
           <name>MP_JM006_Binocular_1</name>
           <model>japan\misc\JM006\JM006.model</model>
        </node>
        <node>
           <name>MP_CM016_Boat_Stowage_2_INDEX_2</name>
           <model>common\misc\CM016\CM016.model</model>
        </node>
        <node>
           <name>MP_JM136_Deck_Light_INDEX_2</name>
           <model>japan\misc\JM136\JM136.model</model>
        </node>
        <node>
           <name>MP_JM136_Deck_Light_INDEX_3</name>
           <model>japan\misc\JM136\JM136.model</model>
        </node>
        <node>
           <name>MP_JM136_Deck_Light_INDEX_4</name>
           <model>japan\misc\JM136\JM136.model</model>
        </node>
        <node>
           <name>MP_JM059_Deck_Hatch_8_INDEX_2</name>
           <model>japan\misc\JM059\JM059.model</model>
        </node>
        <node>
           <name>MP_CM016_Boat_Stowage_2_INDEX_3</name>
           <model>common\misc\CM016\CM016.model</model>
        </node>
        <node>
           <name>MP_JM058_Deck_Hatch_7</name>
           <model>japan\misc\JM058\JM058.model</model>
        </node>
        <node>
           <name>MP_JM036_Dinghy_8m_INDEX_1</name>
           <model>japan\misc\JM036\JM036.model</model>
        </node>
        <node>
           <name>MP_JM058_Deck_Hatch_7_INDEX_1</name>
           <model>japan\misc\JM058\JM058.model</model>
        </node>
        <node>
           <name>MP_CM019_Wood_Box_2_INDEX_3</name>
           <model>common\misc\CM019\CM019.model</model>
        </node>
        <node>
           <name>MP_JM059_Deck_Hatch_8_INDEX_3</name>
           <model>japan\misc\JM059\JM059.model</model>
        </node>
        <node>
           <name>MP_CM009_Life_Buoy_2</name>
           <model>common\misc\CM009\CM009.model</model>
        </node>
        <node>
           <name>MP_CM029_Emergency_Box</name>
           <model>common\misc\CM029\CM029.model</model>
        </node>
        <node>
           <name>MP_JM136_Deck_Light_INDEX_5</name>
           <model>japan\misc\JM136\JM136.model</model>
        </node>
        <node>
           <name>MP_JM040_Motor_Launch_Hangar_12m_INDEX_1</name>
           <model>japan\misc\JM040\JM040.model</model>
        </node>
        <node>
           <name>MP_JM136_Deck_Light_INDEX_6</name>
           <model>japan\misc\JM136\JM136.model</model>
        </node>
        <node>
           <name>MP_JM025_Fairled_INDEX_1</name>
           <model>japan\misc\JM025\JM025.model</model>
        </node>
        <node>
           <name>HP_Fire_Burn_2</name>
           <model>UNKNOWN_ITEM</model>
        </node>
        <node>
           <name>HP_NoseWave_Speed</name>
           <model>UNKNOWN_ITEM</model>
        </node>
        <node>
           <name>HP_Smoke_1</name>
           <model>UNKNOWN_ITEM</model>
        </node>
        <node>
           <name>HP_Smoke_2</name>
           <model>UNKNOWN_ITEM</model>
        </node>
        <node>
           <name>HP_Smoke_3</name>
           <model>UNKNOWN_ITEM</model>
        </node>
    </midfront>
    <midback>
      <model>japan\ship\aircarrier\JSA002_Hosho_1939\JSA002_Hosho_1939_MidBack_ports.model</model>
        <node>
           <name>HP_Deck_08</name>
           <model>japan\aircraft\bomber\JAB005_Mitsubishi_1MT\JAB005_Mitsubishi_1MT.model</model>
        </node>
        <node>
           <name>HP_Deck_09</name>
           <model>japan\aircraft\bomber\JAB005_Mitsubishi_1MT\JAB005_Mitsubishi_1MT.model</model>
        </node>
        <node>
           <name>HP_Deck_10</name>
           <model>japan\aircraft\bomber\JAB005_Mitsubishi_1MT\JAB005_Mitsubishi_1MT.model</model>
        </node>
        <node>
           <name>HP_Deck_11</name>
           <model>japan\aircraft\bomber\JAB005_Mitsubishi_1MT\JAB005_Mitsubishi_1MT.model</model>
        </node>
        <node>
           <name>HP_Deck_12</name>
           <model>japan\aircraft\bomber\JAB005_Mitsubishi_1MT\JAB005_Mitsubishi_1MT.model</model>
        </node>
        <node>
           <name>HP_Deck_13</name>
           <model>japan\aircraft\bomber\JAB005_Mitsubishi_1MT\JAB005_Mitsubishi_1MT.model</model>
        </node>
        <node>
           <name>HP_Deck_14</name>
           <model>japan\aircraft\bomber\JAB005_Mitsubishi_1MT\JAB005_Mitsubishi_1MT.model</model>
        </node>
        <node>
           <name>HP_JGS_3</name>
           <model>japan\gun\main\JGM035_140mm50_Type_3Year\JGM035_140mm50_Type_3Year.model</model>
        </node>
        <node>
           <name>HP_JGS_4</name>
           <model>japan\gun\main\JGM035_140mm50_Type_3Year\JGM035_140mm50_Type_3Year.model</model>
        </node>
        <node>
           <name>MP_JM040_Motor_Launch_Hangar_12m</name>
           <model>japan\misc\JM040\JM040.model</model>
        </node>
        <node>
           <name>MP_JM025_Fairled</name>
           <model>japan\misc\JM025\JM025.model</model>
        </node>
        <node>
           <name>MP_JM136_Deck_Light</name>
           <model>japan\misc\JM136\JM136.model</model>
        </node>
        <node>
           <name>MP_JM134_Runway_Light_B</name>
           <model>japan\misc\JM134\JM134.model</model>
        </node>
        <node>
           <name>MP_CM011_Fire_Fighting_Gear</name>
           <model>common\misc\CM011\CM011.model</model>
        </node>
        <node>
           <name>MP_JM040_Motor_Launch_Hangar_12m_INDEX_1</name>
           <model>japan\misc\JM040\JM040.model</model>
        </node>
        <node>
           <name>MP_JM136_Deck_Light_INDEX_1</name>
           <model>japan\misc\JM136\JM136.model</model>
        </node>
        <node>
           <name>MP_JM136_Deck_Light_INDEX_2</name>
           <model>japan\misc\JM136\JM136.model</model>
        </node>
        <node>
           <name>MP_CM017_Boat_Stowage_3</name>
           <model>common\misc\CM017\CM017.model</model>
        </node>
        <node>
           <name>MP_JM026_Bollards</name>
           <model>japan\misc\JM026\JM026.model</model>
        </node>
        <node>
           <name>MP_JM134_Runway_Light_B_INDEX_1</name>
           <model>japan\misc\JM134\JM134.model</model>
        </node>
        <node>
           <name>MP_JM134_Runway_Light_B_INDEX_2</name>
           <model>japan\misc\JM134\JM134.model</model>
        </node>
        <node>
           <name>MP_JM006_Binocular_1</name>
           <model>japan\misc\JM006\JM006.model</model>
        </node>
        <node>
           <name>MP_JM006_Binocular_1_INDEX_1</name>
           <model>japan\misc\JM006\JM006.model</model>
        </node>
        <node>
           <name>MP_CM019_Wood_Box_2</name>
           <model>common\misc\CM019\CM019.model</model>
        </node>
        <node>
           <name>MP_JM136_Deck_Light_INDEX_3</name>
           <model>japan\misc\JM136\JM136.model</model>
        </node>
        <node>
           <name>MP_JM136_Deck_Light_INDEX_4</name>
           <model>japan\misc\JM136\JM136.model</model>
        </node>
        <node>
           <name>MP_CM025_Stairway_Big_R</name>
           <model>common\misc\CM025\CM025.model</model>
        </node>
        <node>
           <name>MP_CM029_Emergency_Box</name>
           <model>common\misc\CM029\CM029.model</model>
        </node>
        <node>
           <name>MP_CM024_Stairway_Big_L</name>
           <model>common\misc\CM024\CM024.model</model>
        </node>
        <node>
           <name>MP_CM008_Life_Buoy_1</name>
           <model>common\misc\CM008\CM008.model</model>
        </node>
        <node>
           <name>MP_JM134_Runway_Light_B_INDEX_3</name>
           <model>japan\misc\JM134\JM134.model</model>
        </node>
        <node>
           <name>MP_JM006_Binocular_1_INDEX_2</name>
           <model>japan\misc\JM006\JM006.model</model>
        </node>
        <node>
           <name>MP_CM028_Swab_Rack</name>
           <model>common\misc\CM028\CM028.model</model>
        </node>
        <node>
           <name>MP_JM134_Runway_Light_B_INDEX_4</name>
           <model>japan\misc\JM134\JM134.model</model>
        </node>
        <node>
           <name>MP_JM006_Binocular_1_INDEX_3</name>
           <model>japan\misc\JM006\JM006.model</model>
        </node>
        <node>
           <name>MP_CM012_Fire_Hose_Rack_1</name>
           <model>common\misc\CM012\CM012.model</model>
        </node>
        <node>
           <name>MP_JM134_Runway_Light_B_INDEX_5</name>
           <model>japan\misc\JM134\JM134.model</model>
        </node>
        <node>
           <name>MP_JM040_Motor_Launch_Hangar_12m_INDEX_2</name>
           <model>japan\misc\JM040\JM040.model</model>
        </node>
        <node>
           <name>MP_CM030_Swab_Rack_2</name>
           <model>common\misc\CM030\CM030.model</model>
        </node>
        <node>
           <name>MP_CM019_Wood_Box_2_INDEX_1</name>
           <model>common\misc\CM019\CM019.model</model>
        </node>
        <node>
           <name>MP_JM134_Runway_Light_B_INDEX_6</name>
           <model>japan\misc\JM134\JM134.model</model>
        </node>
        <node>
           <name>MP_CM012_Fire_Hose_Rack_1_INDEX_1</name>
           <model>common\misc\CM012\CM012.model</model>
        </node>
        <node>
           <name>MP_JM025_Fairled_INDEX_1</name>
           <model>japan\misc\JM025\JM025.model</model>
        </node>
        <node>
           <name>MP_CM008_Life_Buoy_1_INDEX_1</name>
           <model>common\misc\CM008\CM008.model</model>
        </node>
        <node>
           <name>MP_JM040_Motor_Launch_Hangar_12m_INDEX_3</name>
           <model>japan\misc\JM040\JM040.model</model>
        </node>
        <node>
           <name>MP_JM134_Runway_Light_B_INDEX_7</name>
           <model>japan\misc\JM134\JM134.model</model>
        </node>
        <node>
           <name>MP_CM019_Wood_Box_2_INDEX_2</name>
           <model>common\misc\CM019\CM019.model</model>
        </node>
        <node>
           <name>MP_JM026_Bollards_INDEX_1</name>
           <model>japan\misc\JM026\JM026.model</model>
        </node>
        <node>
           <name>MP_CM011_Fire_Fighting_Gear_INDEX_1</name>
           <model>common\misc\CM011\CM011.model</model>
        </node>
        <node>
           <name>MP_CM017_Boat_Stowage_3_INDEX_1</name>
           <model>common\misc\CM017\CM017.model</model>
        </node>
        <node>
           <name>MP_CM019_Wood_Box_2_INDEX_3</name>
           <model>common\misc\CM019\CM019.model</model>
        </node>
        <node>
           <name>MP_CM017_Boat_Stowage_3_INDEX_2</name>
           <model>common\misc\CM017\CM017.model</model>
        </node>
        <node>
           <name>HP_Fire_Burn_3</name>
           <model>UNKNOWN_ITEM</model>
        </node>
    </midback>
    <stern>
      <model>japan\ship\aircarrier\JSA002_Hosho_1939\JSA002_Hosho_1939_Stern_ports.model</model>
        <node>
           <name>HP_DeckLand</name>
           <model>japan\aircraft\bomber\JAB005_Mitsubishi_1MT\JAB005_Mitsubishi_1MT.model</model>
        </node>
        <node>
           <name>HP_DisappearPoint</name>
           <model>japan\aircraft\bomber\JAB005_Mitsubishi_1MT\JAB005_Mitsubishi_1MT.model</model>
        </node>
        <node>
           <name>HP_Deck_00</name>
           <model>japan\aircraft\fighter\JAF014_Mitsubishi_1MF\JAF014_Mitsubishi_1MF.model</model>
        </node>
        <node>
           <name>HP_Deck_01</name>
           <model>japan\aircraft\fighter\JAF014_Mitsubishi_1MF\JAF014_Mitsubishi_1MF.model</model>
        </node>
        <node>
           <name>HP_Deck_02</name>
           <model>japan\aircraft\fighter\JAF014_Mitsubishi_1MF\JAF014_Mitsubishi_1MF.model</model>
        </node>
        <node>
           <name>HP_Deck_03</name>
           <model>japan\aircraft\fighter\JAF014_Mitsubishi_1MF\JAF014_Mitsubishi_1MF.model</model>
        </node>
        <node>
           <name>HP_Deck_04</name>
           <model>japan\aircraft\bomber\JAB005_Mitsubishi_1MT\JAB005_Mitsubishi_1MT.model</model>
        </node>
        <node>
           <name>HP_Deck_05</name>
           <model>japan\aircraft\bomber\JAB005_Mitsubishi_1MT\JAB005_Mitsubishi_1MT.model</model>
        </node>
        <node>
           <name>HP_Deck_06</name>
           <model>japan\aircraft\bomber\JAB005_Mitsubishi_1MT\JAB005_Mitsubishi_1MT.model</model>
        </node>
        <node>
           <name>HP_Deck_07</name>
           <model>japan\aircraft\bomber\JAB005_Mitsubishi_1MT\JAB005_Mitsubishi_1MT.model</model>
        </node>
        <node>
           <name>HP_JGA_3</name>
           <model>japan\gun\aaircraft\JGA020_13mm76_Type93_double\JGA020_13mm76_Type93_double.model</model>
        </node>
        <node>
           <name>HP_JGA_4</name>
           <model>japan\gun\aaircraft\JGA020_13mm76_Type93_double\JGA020_13mm76_Type93_double.model</model>
        </node>
        <node>
           <name>HP_JGA_5</name>
           <model>japan\gun\aaircraft\JGA020_13mm76_Type93_double\JGA020_13mm76_Type93_double.model</model>
        </node>
        <node>
           <name>HP_JGA_6</name>
           <model>japan\gun\aaircraft\JGA020_13mm76_Type93_double\JGA020_13mm76_Type93_double.model</model>
        </node>
        <node>
           <name>MP_JM037_Cutter_9m</name>
           <model>japan\misc\JM037\JM037.model</model>
        </node>
        <node>
           <name>MP_JM013_Reels_1</name>
           <model>japan\misc\JM013\JM013.model</model>
        </node>
        <node>
           <name>MP_JM014_Reels_2</name>
           <model>japan\misc\JM014\JM014.model</model>
        </node>
        <node>
           <name>MP_JM026_Bollards</name>
           <model>japan\misc\JM026\JM026.model</model>
        </node>
        <node>
           <name>MP_JM136_Deck_Light</name>
           <model>japan\misc\JM136\JM136.model</model>
        </node>
        <node>
           <name>MP_JM059_Deck_Hatch_8</name>
           <model>japan\misc\JM059\JM059.model</model>
        </node>
        <node>
           <name>MP_CM005_Anchor_1</name>
           <model>common\misc\CM005\CM005.model</model>
        </node>
        <node>
           <name>MP_JM132_Runway_Light_R</name>
           <model>japan\misc\JM132\JM132.model</model>
        </node>
        <node>
           <name>MP_JM099_Signal_Lamp_1</name>
           <model>japan\misc\JM099\JM099.model</model>
        </node>
        <node>
           <name>MP_JM136_Deck_Light_INDEX_1</name>
           <model>japan\misc\JM136\JM136.model</model>
        </node>
        <node>
           <name>MP_JM099_Signal_Lamp_1_INDEX_1</name>
           <model>japan\misc\JM099\JM099.model</model>
        </node>
        <node>
           <name>MP_CM010_Fire_Hose_Reel</name>
           <model>common\misc\CM010\CM010.model</model>
        </node>
        <node>
           <name>MP_JM132_Runway_Light_R_INDEX_1</name>
           <model>japan\misc\JM132\JM132.model</model>
        </node>
        <node>
           <name>MP_JM136_Deck_Light_INDEX_2</name>
           <model>japan\misc\JM136\JM136.model</model>
        </node>
        <node>
           <name>MP_JM099_Signal_Lamp_1_INDEX_2</name>
           <model>japan\misc\JM099\JM099.model</model>
        </node>
        <node>
           <name>MP_JM132_Runway_Light_R_INDEX_2</name>
           <model>japan\misc\JM132\JM132.model</model>
        </node>
        <node>
           <name>MP_CM029_Emergency_Box</name>
           <model>common\misc\CM029\CM029.model</model>
        </node>
        <node>
           <name>MP_JM136_Deck_Light_INDEX_3</name>
           <model>japan\misc\JM136\JM136.model</model>
        </node>
        <node>
           <name>MP_JM013_Reels_1_INDEX_1</name>
           <model>japan\misc\JM013\JM013.model</model>
        </node>
        <node>
           <name>MP_JM026_Bollards_INDEX_1</name>
           <model>japan\misc\JM026\JM026.model</model>
        </node>
        <node>
           <name>MP_CM008_Life_Buoy_1</name>
           <model>common\misc\CM008\CM008.model</model>
        </node>
        <node>
           <name>MP_JM034_Davit_4</name>
           <model>japan\misc\JM034\JM034.model</model>
        </node>
        <node>
           <name>MP_JM132_Runway_Light_R_INDEX_3</name>
           <model>japan\misc\JM132\JM132.model</model>
        </node>
        <node>
           <name>MP_JM099_Signal_Lamp_1_INDEX_3</name>
           <model>japan\misc\JM099\JM099.model</model>
        </node>
        <node>
           <name>MP_CM032_Propeller3_R</name>
           <model>common\misc\CM032\CM032.model</model>
        </node>
        <node>
           <name>MP_JM099_Signal_Lamp_1_INDEX_4</name>
           <model>japan\misc\JM099\JM099.model</model>
        </node>
        <node>
           <name>MP_JM099_Signal_Lamp_1_INDEX_5</name>
           <model>japan\misc\JM099\JM099.model</model>
        </node>
        <node>
           <name>MP_CM001_Propeller3_L</name>
           <model>common\misc\CM001\CM001.model</model>
        </node>
        <node>
           <name>MP_JM044_After_Capstan</name>
           <model>japan\misc\JM044\JM044.model</model>
        </node>
        <node>
           <name>MP_JM025_Fairled</name>
           <model>japan\misc\JM025\JM025.model</model>
        </node>
        <node>
           <name>MP_JM059_Deck_Hatch_8_INDEX_1</name>
           <model>japan\misc\JM059\JM059.model</model>
        </node>
        <node>
           <name>MP_JM099_Signal_Lamp_1_INDEX_6</name>
           <model>japan\misc\JM099\JM099.model</model>
        </node>
        <node>
           <name>MP_JM100_Bench</name>
           <model>japan\misc\JM100\JM100.model</model>
        </node>
        <node>
           <name>MP_CM005_Anchor_1_INDEX_1</name>
           <model>common\misc\CM005\CM005.model</model>
        </node>
        <node>
           <name>MP_JM099_Signal_Lamp_1_INDEX_7</name>
           <model>japan\misc\JM099\JM099.model</model>
        </node>
        <node>
           <name>MP_JM099_Signal_Lamp_1_INDEX_8</name>
           <model>japan\misc\JM099\JM099.model</model>
        </node>
        <node>
           <name>MP_JM059_Deck_Hatch_8_INDEX_2</name>
           <model>japan\misc\JM059\JM059.model</model>
        </node>
        <node>
           <name>MP_JM132_Runway_Light_R_INDEX_4</name>
           <model>japan\misc\JM132\JM132.model</model>
        </node>
        <node>
           <name>MP_JM025_Fairled_INDEX_1</name>
           <model>japan\misc\JM025\JM025.model</model>
        </node>
        <node>
           <name>MP_JM034_Davit_4_INDEX_1</name>
           <model>japan\misc\JM034\JM034.model</model>
        </node>
        <node>
           <name>MP_JM037_Cutter_9m_INDEX_1</name>
           <model>japan\misc\JM037\JM037.model</model>
        </node>
        <node>
           <name>MP_JM059_Deck_Hatch_8_INDEX_3</name>
           <model>japan\misc\JM059\JM059.model</model>
        </node>
        <node>
           <name>MP_CM008_Life_Buoy_1_INDEX_1</name>
           <model>common\misc\CM008\CM008.model</model>
        </node>
        <node>
           <name>MP_JM135_Runway_Lights_Back</name>
           <model>japan\misc\JM135\JM135.model</model>
        </node>
        <node>
           <name>MP_CM011_Fire_Fighting_Gear</name>
           <model>common\misc\CM011\CM011.model</model>
        </node>
        <node>
           <name>MP_CM030_Swab_Rack_2</name>
           <model>common\misc\CM030\CM030.model</model>
        </node>
        <node>
           <name>MP_JM099_Signal_Lamp_1_INDEX_9</name>
           <model>japan\misc\JM099\JM099.model</model>
        </node>
        <node>
           <name>MP_JM136_Deck_Light_INDEX_4</name>
           <model>japan\misc\JM136\JM136.model</model>
        </node>
        <node>
           <name>MP_JM132_Runway_Light_R_INDEX_5</name>
           <model>japan\misc\JM132\JM132.model</model>
        </node>
        <node>
           <name>MP_JM099_Signal_Lamp_1_INDEX_10</name>
           <model>japan\misc\JM099\JM099.model</model>
        </node>
        <node>
           <name>MP_CM010_Fire_Hose_Reel_INDEX_1</name>
           <model>common\misc\CM010\CM010.model</model>
        </node>
        <node>
           <name>MP_JM099_Signal_Lamp_1_INDEX_11</name>
           <model>japan\misc\JM099\JM099.model</model>
        </node>
        <node>
           <name>MP_JM014_Reels_2_INDEX_1</name>
           <model>japan\misc\JM014\JM014.model</model>
        </node>
        <node>
           <name>MP_JM136_Deck_Light_INDEX_5</name>
           <model>japan\misc\JM136\JM136.model</model>
        </node>
        <node>
           <name>MP_CM015_Bundle_1</name>
           <model>common\misc\CM015\CM015.model</model>
        </node>
        <node>
           <name>MP_JM099_Signal_Lamp_1_INDEX_12</name>
           <model>japan\misc\JM099\JM099.model</model>
        </node>
        <node>
           <name>MP_CM012_Fire_Hose_Rack_1</name>
           <model>common\misc\CM012\CM012.model</model>
        </node>
        <node>
           <name>MP_JM100_Bench_INDEX_1</name>
           <model>japan\misc\JM100\JM100.model</model>
        </node>
        <node>
           <name>MP_JM136_Deck_Light_INDEX_6</name>
           <model>japan\misc\JM136\JM136.model</model>
        </node>
        <node>
           <name>HP_Fire_Burn_4</name>
           <model>UNKNOWN_ITEM</model>
        </node>
    </stern>
  </sections>
</JSA002_Hosho_1939.xml>
