<JSC007_Aoba_1943.xml>
  <sections>
    <bow>
      <model>japan\ship\cruiser\JSC007_Aoba_1943\JSC007_Aoba_1943_bow_ports.model</model>
        <node>
           <name>MP_JM125_Signal_Lamp_3</name>
           <model>japan\misc\JM125\JM125.model</model>
        </node>
        <node>
           <name>MP_CM005JSC007Bow_0_0</name>
           <model>common\misc\CM005JSC007Bow\CM005JSC007Bow.model</model>
        </node>
        <node>
           <name>MP_JM141JSC007Bow_0_0</name>
           <model>japan\misc\JM141JSC007Bow\JM141JSC007Bow.model</model>
        </node>
        <node>
           <name>MP_JM019JSC007Bow_0_0</name>
           <model>japan\misc\JM019JSC007Bow\JM019JSC007Bow.model</model>
        </node>
        <node>
           <name>MP_JM033JSC007Bow_0_0</name>
           <model>japan\misc\JM033JSC007Bow\JM033JSC007Bow.model</model>
        </node>
        <node>
           <name>MP_JM029JSC007Bow_0_0</name>
           <model>japan\misc\JM029JSC007Bow\JM029JSC007Bow.model</model>
        </node>
        <node>
           <name>MP_JM061JSC007Bow_0_0</name>
           <model>japan\misc\JM061JSC007Bow\JM061JSC007Bow.model</model>
        </node>
        <node>
           <name>MP_JM168JSC007Bow_0_0</name>
           <model>japan\misc\JM168JSC007Bow\JM168JSC007Bow.model</model>
        </node>
        <node>
           <name>MP_CM016JSC007Bow_0_0</name>
           <model>common\misc\CM016JSC007Bow\CM016JSC007Bow.model</model>
        </node>
        <node>
           <name>MP_JM013_Reels_1</name>
           <model>japan\misc\JM013\JM013.model</model>
        </node>
        <node>
           <name>MP_JM026JSC007Bow_0_0</name>
           <model>japan\misc\JM026JSC007Bow\JM026JSC007Bow.model</model>
        </node>
        <node>
           <name>MP_JM063_Sky_Light</name>
           <model>japan\misc\JM063\JM063.model</model>
        </node>
        <node>
           <name>MP_JM036_Dinghy_8m</name>
           <model>japan\misc\JM036\JM036.model</model>
        </node>
        <node>
           <name>MP_JM310_Chrysanthemum_full</name>
           <model>japan\misc\JM310\JM310.model</model>
        </node>
        <node>
           <name>HP_Fire_Burn_1</name>
           <model>UNKNOWN_ITEM</model>
        </node>
    </bow>
    <midfront>
      <model>japan\ship\cruiser\JSC007_Aoba_1943\JSC007_Aoba_1943_MidFront_ports.model</model>
        <node>
           <name>HP_JD_1</name>
           <model>japan\director\JD025_Director_Type_94_Mod1\JD025_Director_Type_94_Mod1.model</model>
        </node>
        <node>
           <name>HP_JD_2</name>
           <model>japan\director\JD025_Director_Type_94_Mod1\JD025_Director_Type_94_Mod1.model</model>
        </node>
        <node>
           <name>HP_JD_3</name>
           <model>japan\director\JD045_Director_Type_94_14\JD045_Director_Type_94_14.model</model>
        </node>
        <node>
           <name>HP_JF_1</name>
           <model>japan\finder\JF012_Rangefinder_1_5m_Fuso\JF012_Rangefinder_1_5m_Fuso.model</model>
        </node>
        <node>
           <name>HP_JF_2</name>
           <model>japan\finder\JF012_Rangefinder_1_5m_Fuso\JF012_Rangefinder_1_5m_Fuso.model</model>
        </node>
        <node>
           <name>HP_JGA_3</name>
           <model>japan\gun\aaircraft\JGA020_13mm76_Type93_double\JGA020_13mm76_Type93_double.model</model>
        </node>
        <node>
           <name>HP_JGA_1</name>
           <model>japan\gun\aaircraft\JGA020_13mm76_Type93_double\JGA020_13mm76_Type93_double.model</model>
        </node>
        <node>
           <name>HP_JGA_2</name>
           <model>japan\gun\aaircraft\JGA020_13mm76_Type93_double\JGA020_13mm76_Type93_double.model</model>
        </node>
        <node>
           <name>HP_JGM_1</name>
           <model>japan\gun\main\JGM013_203mm50_Type_C\JGM013_203mm50_Type_C.model</model>
        </node>
        <node>
           <name>HP_JGM_2</name>
           <model>japan\gun\main\JGM014_203mm50_Type_C_RF\JGM014_203mm50_Type_C_RF.model</model>
        </node>
        <node>
           <name>HP_JGS_1</name>
           <model>japan\gun\secondary\JGS015_120mm45_Type_HaGun_10\JGS015_120mm45_Type_HaGun_10.model</model>
        </node>
        <node>
           <name>HP_JGS_2</name>
           <model>japan\gun\secondary\JGS015_120mm45_Type_HaGun_10\JGS015_120mm45_Type_HaGun_10.model</model>
        </node>
        <node>
           <name>HP_JRS_1</name>
           <model>japan\radar\search\JRS044_Radar_Type_A6\JRS044_Radar_Type_A6.model</model>
        </node>
        <node>
           <name>HP_JRS_2</name>
           <model>japan\radar\search\JRS007_Radar_Type_22\JRS007_Radar_Type_22.model</model>
        </node>
        <node>
           <name>HP_JRS_3</name>
           <model>japan\radar\search\JRS037_Radar_Type_22\JRS037_Radar_Type_22.model</model>
        </node>
        <node>
           <name>HP_JRS_4</name>
           <model>japan\radar\search\JRS067_Radar_Type21_Stand_1\JRS067_Radar_Type21_Stand_1.model</model>
        </node>
        <node>
           <name>HP_flag_1</name>
           <model>japan\misc\JM001\JM001.model</model>
        </node>
        <node>
           <name>HP_flag_2</name>
           <model>japan\misc\JM001\JM001.model</model>
        </node>
        <node>
           <name>HP_flag_3</name>
           <model>japan\misc\JM001\JM001.model</model>
        </node>
        <node>
           <name>HP_flag_4</name>
           <model>japan\misc\JM001\JM001.model</model>
        </node>
        <node>
           <name>MP_JM016JSC007MidFront_0_0</name>
           <model>japan\misc\JM016JSC007MidFront\JM016JSC007MidFront.model</model>
        </node>
        <node>
           <name>MP_JM010JSC007MidFront_0_0</name>
           <model>japan\misc\JM010JSC007MidFront\JM010JSC007MidFront.model</model>
        </node>
        <node>
           <name>MP_JM058JSC007MidFront_0_0</name>
           <model>japan\misc\JM058JSC007MidFront\JM058JSC007MidFront.model</model>
        </node>
        <node>
           <name>MP_JM128JSC007MidFront_0_0</name>
           <model>japan\misc\JM128JSC007MidFront\JM128JSC007MidFront.model</model>
        </node>
        <node>
           <name>MP_JM131JSC007MidFront_0_0</name>
           <model>japan\misc\JM131JSC007MidFront\JM131JSC007MidFront.model</model>
        </node>
        <node>
           <name>MP_JM093_Running_Lights_L</name>
           <model>japan\misc\JM093\JM093.model</model>
        </node>
        <node>
           <name>MP_JM092_Running_Lights_R</name>
           <model>japan\misc\JM092\JM092.model</model>
        </node>
        <node>
           <name>MP_JM037JSC007MidFront_0_0</name>
           <model>japan\misc\JM037JSC007MidFront\JM037JSC007MidFront.model</model>
        </node>
        <node>
           <name>MP_JM011JSC007MidFront_0_0</name>
           <model>japan\misc\JM011JSC007MidFront\JM011JSC007MidFront.model</model>
        </node>
        <node>
           <name>MP_JM014JSC007MidFront_0_0</name>
           <model>japan\misc\JM014JSC007MidFront\JM014JSC007MidFront.model</model>
        </node>
        <node>
           <name>MP_JM032JSC007MidFront_0_0</name>
           <model>japan\misc\JM032JSC007MidFront\JM032JSC007MidFront.model</model>
        </node>
        <node>
           <name>MP_JM027JSC007MidFront_0_0</name>
           <model>japan\misc\JM027JSC007MidFront\JM027JSC007MidFront.model</model>
        </node>
        <node>
           <name>MP_JM021JSC007MidFront_0_0</name>
           <model>japan\misc\JM021JSC007MidFront\JM021JSC007MidFront.model</model>
        </node>
        <node>
           <name>MP_JM017JSC007MidFront_0_0</name>
           <model>japan\misc\JM017JSC007MidFront\JM017JSC007MidFront.model</model>
        </node>
        <node>
           <name>MP_JM002JSC007MidFront_0_0</name>
           <model>japan\misc\JM002JSC007MidFront\JM002JSC007MidFront.model</model>
        </node>
        <node>
           <name>MP_JM055JSC007MidFront_0_0</name>
           <model>japan\misc\JM055JSC007MidFront\JM055JSC007MidFront.model</model>
        </node>
        <node>
           <name>MP_CM017JSC007MidFront_0_0</name>
           <model>common\misc\CM017JSC007MidFront\CM017JSC007MidFront.model</model>
        </node>
        <node>
           <name>MP_JM031_Wind_Intensity</name>
           <model>japan\misc\JM031\JM031.model</model>
        </node>
        <node>
           <name>MP_JM030_Wind_Direction</name>
           <model>japan\misc\JM030\JM030.model</model>
        </node>
        <node>
           <name>MP_JM019JSC007MidFront_0_0</name>
           <model>japan\misc\JM019JSC007MidFront\JM019JSC007MidFront.model</model>
        </node>
        <node>
           <name>MP_JM107JSC007MidFront_0_0</name>
           <model>japan\misc\JM107JSC007MidFront\JM107JSC007MidFront.model</model>
        </node>
        <node>
           <name>MP_JM063_Sky_Light</name>
           <model>japan\misc\JM063\JM063.model</model>
        </node>
        <node>
           <name>MP_CM009JSC007MidFront_0_0</name>
           <model>common\misc\CM009JSC007MidFront\CM009JSC007MidFront.model</model>
        </node>
        <node>
           <name>MP_CM011JSC007MidFront_0_0</name>
           <model>common\misc\CM011JSC007MidFront\CM011JSC007MidFront.model</model>
        </node>
        <node>
           <name>MP_CM012JSC007MidFront_0_0</name>
           <model>common\misc\CM012JSC007MidFront\CM012JSC007MidFront.model</model>
        </node>
        <node>
           <name>MP_CM028_Swab_Rack</name>
           <model>common\misc\CM028\CM028.model</model>
        </node>
        <node>
           <name>MP_CM030_Swab_Rack_2</name>
           <model>common\misc\CM030\CM030.model</model>
        </node>
        <node>
           <name>MP_CM059_Ladder_Cruiser</name>
           <model>common\misc\CM059\CM059.model</model>
        </node>
        <node>
           <name>MP_JM181JSC007MidFront_0_0</name>
           <model>japan\misc\JM181JSC007MidFront\JM181JSC007MidFront.model</model>
        </node>
        <node>
           <name>MP_JM113JSC007MidFront_0_0</name>
           <model>japan\misc\JM113JSC007MidFront\JM113JSC007MidFront.model</model>
        </node>
        <node>
           <name>HP_Smoke_1</name>
           <model>UNKNOWN_ITEM</model>
        </node>
        <node>
           <name>HP_Smoke_2</name>
           <model>UNKNOWN_ITEM</model>
        </node>
        <node>
           <name>HP_NoseWave_Speed</name>
           <model>UNKNOWN_ITEM</model>
        </node>
        <node>
           <name>HP_Fire_Burn_2</name>
           <model>UNKNOWN_ITEM</model>
        </node>
    </midfront>
    <midback>
      <model>japan\ship\cruiser\JSC007_Aoba_1943\JSC007_Aoba_1943_MidBack_ports.model</model>
        <node>
           <name>HP_JC_1</name>
           <model>japan\catapult\JC001_Catapult_Shiki2\JC001_Catapult_Shiki2.model</model>
        </node>
        <node>
           <name>HP_JD_4</name>
           <model>japan\director\JD011_Director_Type_95_Mod3\JD011_Director_Type_95_Mod3.model</model>
        </node>
        <node>
           <name>HP_JD_5</name>
           <model>japan\director\JD011_Director_Type_95_Mod3\JD011_Director_Type_95_Mod3.model</model>
        </node>
        <node>
           <name>HP_JGM_3</name>
           <model>japan\gun\main\JGM014_203mm50_Type_C_RF\JGM014_203mm50_Type_C_RF.model</model>
        </node>
        <node>
           <name>HP_JGS_3</name>
           <model>japan\gun\secondary\JGS015_120mm45_Type_HaGun_10\JGS015_120mm45_Type_HaGun_10.model</model>
        </node>
        <node>
           <name>HP_JGS_4</name>
           <model>japan\gun\secondary\JGS015_120mm45_Type_HaGun_10\JGS015_120mm45_Type_HaGun_10.model</model>
        </node>
        <node>
           <name>HP_JGT_1</name>
           <model>japan\gun\torpedo\JGT017_610mm4_Type_93L\JGT017_610mm4_Type_93L.model</model>
        </node>
        <node>
           <name>HP_JGT_2</name>
           <model>japan\gun\torpedo\JGT023_610mm4_Type_93R\JGT023_610mm4_Type_93R.model</model>
        </node>
        <node>
           <name>HP_JRS_5</name>
           <model>japan\radar\search\JRS010_Radar_Type_13\JRS010_Radar_Type_13.model</model>
        </node>
        <node>
           <name>HP_JGA_4</name>
           <model>japan\gun\aaircraft\JGA020_13mm76_Type93_double\JGA020_13mm76_Type93_double.model</model>
        </node>
        <node>
           <name>HP_JGA_5</name>
           <model>japan\gun\aaircraft\JGA020_13mm76_Type93_double\JGA020_13mm76_Type93_double.model</model>
        </node>
        <node>
           <name>HP_JGA_6</name>
           <model>japan\gun\aaircraft\JGA020_13mm76_Type93_double\JGA020_13mm76_Type93_double.model</model>
        </node>
        <node>
           <name>HP_JGA_7</name>
           <model>japan\gun\aaircraft\JGA020_13mm76_Type93_double\JGA020_13mm76_Type93_double.model</model>
        </node>
        <node>
           <name>HP_JGA_8</name>
           <model>japan\gun\aaircraft\JGA020_13mm76_Type93_double\JGA020_13mm76_Type93_double.model</model>
        </node>
        <node>
           <name>HP_JGA_9</name>
           <model>japan\gun\aaircraft\JGA020_13mm76_Type93_double\JGA020_13mm76_Type93_double.model</model>
        </node>
        <node>
           <name>HP_JGA_10</name>
           <model>japan\gun\aaircraft\JGA020_13mm76_Type93_double\JGA020_13mm76_Type93_double.model</model>
        </node>
        <node>
           <name>HP_JGA_11</name>
           <model>japan\gun\aaircraft\JGA020_13mm76_Type93_double\JGA020_13mm76_Type93_double.model</model>
        </node>
        <node>
           <name>HP_JGA_12</name>
           <model>japan\gun\aaircraft\JGA020_13mm76_Type93_double\JGA020_13mm76_Type93_double.model</model>
        </node>
        <node>
           <name>HP_JGA_13</name>
           <model>japan\gun\aaircraft\JGA020_13mm76_Type93_double\JGA020_13mm76_Type93_double.model</model>
        </node>
        <node>
           <name>HP_JGA_14</name>
           <model>japan\gun\aaircraft\JGA020_13mm76_Type93_double\JGA020_13mm76_Type93_double.model</model>
        </node>
        <node>
           <name>HP_JGA_15</name>
           <model>japan\gun\aaircraft\JGA020_13mm76_Type93_double\JGA020_13mm76_Type93_double.model</model>
        </node>
        <node>
           <name>MP_CM017JSC007MidBack_0_0</name>
           <model>common\misc\CM017JSC007MidBack\CM017JSC007MidBack.model</model>
        </node>
        <node>
           <name>MP_JM008JSC007MidBack_0_0</name>
           <model>japan\misc\JM008JSC007MidBack\JM008JSC007MidBack.model</model>
        </node>
        <node>
           <name>MP_JM058JSC007MidBack_0_0</name>
           <model>japan\misc\JM058JSC007MidBack\JM058JSC007MidBack.model</model>
        </node>
        <node>
           <name>MP_JM163JSC007MidBack_0_0</name>
           <model>japan\misc\JM163JSC007MidBack\JM163JSC007MidBack.model</model>
        </node>
        <node>
           <name>MP_JM061JSC007MidBack_0_0</name>
           <model>japan\misc\JM061JSC007MidBack\JM061JSC007MidBack.model</model>
        </node>
        <node>
           <name>MP_JM168_Ventilation</name>
           <model>japan\misc\JM168\JM168.model</model>
        </node>
        <node>
           <name>MP_JM026JSC007MidBack_0_0</name>
           <model>japan\misc\JM026JSC007MidBack\JM026JSC007MidBack.model</model>
        </node>
        <node>
           <name>MP_JM019JSC007MidBack_0_0</name>
           <model>japan\misc\JM019JSC007MidBack\JM019JSC007MidBack.model</model>
        </node>
        <node>
           <name>MP_JM032_Electric_Deck_Winch</name>
           <model>japan\misc\JM032\JM032.model</model>
        </node>
        <node>
           <name>MP_JM013_Reels_1</name>
           <model>japan\misc\JM013\JM013.model</model>
        </node>
        <node>
           <name>MP_JM014JSC007MidBack_0_0</name>
           <model>japan\misc\JM014JSC007MidBack\JM014JSC007MidBack.model</model>
        </node>
        <node>
           <name>MP_JM063_Sky_Light</name>
           <model>japan\misc\JM063\JM063.model</model>
        </node>
        <node>
           <name>MP_JM126JSC007MidBack_0_0</name>
           <model>japan\misc\JM126JSC007MidBack\JM126JSC007MidBack.model</model>
        </node>
        <node>
           <name>MP_JM124JSC007MidBack_0_0</name>
           <model>japan\misc\JM124JSC007MidBack\JM124JSC007MidBack.model</model>
        </node>
        <node>
           <name>MP_JM125_Signal_Lamp_3</name>
           <model>japan\misc\JM125\JM125.model</model>
        </node>
        <node>
           <name>MP_JM011_Day_Light</name>
           <model>japan\misc\JM011\JM011.model</model>
        </node>
        <node>
           <name>MP_CM009JSC007MidBack_0_0</name>
           <model>common\misc\CM009JSC007MidBack\CM009JSC007MidBack.model</model>
        </node>
        <node>
           <name>MP_CM011JSC007MidBack_0_0</name>
           <model>common\misc\CM011JSC007MidBack\CM011JSC007MidBack.model</model>
        </node>
        <node>
           <name>MP_CM013JSC007MidBack_0_0</name>
           <model>common\misc\CM013JSC007MidBack\CM013JSC007MidBack.model</model>
        </node>
        <node>
           <name>MP_CM012JSC007MidBack_0_0</name>
           <model>common\misc\CM012JSC007MidBack\CM012JSC007MidBack.model</model>
        </node>
        <node>
           <name>MP_CM028JSC007MidBack_0_0</name>
           <model>common\misc\CM028JSC007MidBack\CM028JSC007MidBack.model</model>
        </node>
        <node>
           <name>MP_JM040JSC007MidBack_0_0</name>
           <model>japan\misc\JM040JSC007MidBack\JM040JSC007MidBack.model</model>
        </node>
        <node>
           <name>MP_JM066_Aircraft_Deck_Rails</name>
           <model>japan\misc\JM066\JM066.model</model>
        </node>
        <node>
           <name>MP_JM219JSC007MidBack_0_0</name>
           <model>japan\misc\JM219JSC007MidBack\JM219JSC007MidBack.model</model>
        </node>
        <node>
           <name>HP_Fire_Burn_3</name>
           <model>UNKNOWN_ITEM</model>
        </node>
        <node>
           <name>HP_Smoke_3</name>
           <model>UNKNOWN_ITEM</model>
        </node>
    </midback>
    <stern>
      <model>japan\ship\cruiser\JSC007_Aoba_1943\JSC007_Aoba_1943_Stern_ports.model</model>
        <node>
           <name>HP_JGA_16</name>
           <model>japan\gun\aaircraft\JGA019_25mm_Type96_double\JGA019_25mm_Type96_double.model</model>
        </node>
        <node>
           <name>HP_JGA_17</name>
           <model>japan\gun\aaircraft\JGA019_25mm_Type96_double\JGA019_25mm_Type96_double.model</model>
        </node>
        <node>
           <name>HP_flag_nation</name>
           <model>japan\misc\JM001\JM001.model</model>
        </node>
        <node>
           <name>MP_JM027JSC007Stern_0_0</name>
           <model>japan\misc\JM027JSC007Stern\JM027JSC007Stern.model</model>
        </node>
        <node>
           <name>MP_CM001_Propeller3_L</name>
           <model>common\misc\CM001\CM001.model</model>
        </node>
        <node>
           <name>MP_CM001_Propeller3_L_INDEX_1</name>
           <model>common\misc\CM001\CM001.model</model>
        </node>
        <node>
           <name>MP_CM032_Propeller3_R</name>
           <model>common\misc\CM032\CM032.model</model>
        </node>
        <node>
           <name>MP_CM032_Propeller3_R_INDEX_1</name>
           <model>common\misc\CM032\CM032.model</model>
        </node>
        <node>
           <name>MP_JM061_Deck_Hatch_10</name>
           <model>japan\misc\JM061\JM061.model</model>
        </node>
        <node>
           <name>MP_JM026JSC007Stern_0_0</name>
           <model>japan\misc\JM026JSC007Stern\JM026JSC007Stern.model</model>
        </node>
        <node>
           <name>MP_JM044_After_Capstan</name>
           <model>japan\misc\JM044\JM044.model</model>
        </node>
        <node>
           <name>MP_JM085JSC007Stern_0_0</name>
           <model>japan\misc\JM085JSC007Stern\JM085JSC007Stern.model</model>
        </node>
        <node>
           <name>MP_CM005JSC007Stern_0_0</name>
           <model>common\misc\CM005JSC007Stern\CM005JSC007Stern.model</model>
        </node>
        <node>
           <name>MP_JM021JSC007Stern_0_0</name>
           <model>japan\misc\JM021JSC007Stern\JM021JSC007Stern.model</model>
        </node>
        <node>
           <name>MP_JM043JSC007Stern_0_0</name>
           <model>japan\misc\JM043JSC007Stern\JM043JSC007Stern.model</model>
        </node>
        <node>
           <name>MP_JM007JSC007Stern_0_0</name>
           <model>japan\misc\JM007JSC007Stern\JM007JSC007Stern.model</model>
        </node>
        <node>
           <name>MP_JM019JSC007Stern_0_0</name>
           <model>japan\misc\JM019JSC007Stern\JM019JSC007Stern.model</model>
        </node>
        <node>
           <name>MP_JM058JSC007Stern_0_0</name>
           <model>japan\misc\JM058JSC007Stern\JM058JSC007Stern.model</model>
        </node>
        <node>
           <name>MP_JM170_CraneL</name>
           <model>japan\misc\JM170\JM170.model</model>
        </node>
        <node>
           <name>MP_JM171_CraneR</name>
           <model>japan\misc\JM171\JM171.model</model>
        </node>
        <node>
           <name>MP_JM125_Signal_Lamp_3</name>
           <model>japan\misc\JM125\JM125.model</model>
        </node>
        <node>
           <name>HP_Fire_Burn_4</name>
           <model>UNKNOWN_ITEM</model>
        </node>
    </stern>
  </sections>
</JSC007_Aoba_1943.xml>
