﻿"Time of Day","Process Name","PID","Operation","Path","Result","Detail"
"0:30:11.7466135","ForzaHorizon5.exe","15648","CreateFile","C:\Program Files (x86)\DODI-Repacks\Forza Horizon 5\media\Audio\EngineSynth\G_I4TM_Asian_Street_2_Exh.zip","SUCCESS","Desired Access: Generic Read, Disposition: Open, Options: No Buffering, Non-Directory File, Attributes: n/a, ShareMode: Read, AllocationSize: n/a, OpenResult: Opened"
"0:30:11.7466457","ForzaHorizon5.exe","15648","QueryStandardInformationFile","C:\Program Files (x86)\DODI-Repacks\Forza Horizon 5\media\Audio\EngineSynth\G_I4TM_Asian_Street_2_Exh.zip","SUCCESS","AllocationSize: 1,048,576, EndOfFile: 1,044,920, NumberOfLinks: 1, DeletePending: False, Directory: False"
"0:30:11.7466589","ForzaHorizon5.exe","15648","QueryStandardInformationFile","C:\Program Files (x86)\DODI-Repacks\Forza Horizon 5\media\Audio\EngineSynth\G_I4TM_Asian_Street_2_Exh.zip","SUCCESS","AllocationSize: 1,048,576, EndOfFile: 1,044,920, NumberOfLinks: 1, DeletePending: False, Directory: False"
"0:30:11.7466675","ForzaHorizon5.exe","15648","ReadFile","C:\Program Files (x86)\DODI-Repacks\Forza Horizon 5\media\Audio\EngineSynth\G_I4TM_Asian_Street_2_Exh.zip","SUCCESS","Offset: 1,044,480, Length: 440, I/O Flags: Non-cached, Priority: Normal"
"0:30:11.7467820","ForzaHorizon5.exe","15648","QueryStandardInformationFile","C:\Program Files (x86)\DODI-Repacks\Forza Horizon 5\media\Audio\EngineSynth\G_I4TM_Asian_Street_2_Exh.zip","SUCCESS","AllocationSize: 1,048,576, EndOfFile: 1,044,920, NumberOfLinks: 1, DeletePending: False, Directory: False"
"0:30:11.7467931","ForzaHorizon5.exe","15648","ReadFile","C:\Program Files (x86)\DODI-Repacks\Forza Horizon 5\media\Audio\EngineSynth\G_I4TM_Asian_Street_2_Exh.zip","SUCCESS","Offset: 1,040,384, Length: 4,536, I/O Flags: Non-cached, Priority: Normal"
"0:30:12.5296041","ForzaHorizon5.exe","15648","ReadFile","C:\Program Files (x86)\DODI-Repacks\Forza Horizon 5\media\Audio\EngineSynth\G_I4TM_Asian_Street_2_Exh.zip","SUCCESS","Offset: 548,864, Length: 4,096, I/O Flags: Non-cached, Priority: Normal"
"0:30:12.5300542","ForzaHorizon5.exe","15648","ReadFile","C:\Program Files (x86)\DODI-Repacks\Forza Horizon 5\media\Audio\EngineSynth\G_I4TM_Asian_Street_2_Exh.zip","SUCCESS","Offset: 548,864, Length: 180,224, I/O Flags: Non-cached, Priority: Normal"
"0:30:12.5700730","ForzaHorizon5.exe","15648","ReadFile","C:\Program Files (x86)\DODI-Repacks\Forza Horizon 5\media\Audio\EngineSynth\G_I4TM_Asian_Street_2_Exh.zip","SUCCESS","Offset: 548,864, Length: 4,096, I/O Flags: Non-cached, Priority: Normal"
"0:30:12.5707000","ForzaHorizon5.exe","15648","ReadFile","C:\Program Files (x86)\DODI-Repacks\Forza Horizon 5\media\Audio\EngineSynth\G_I4TM_Asian_Street_2_Exh.zip","SUCCESS","Offset: 0, Length: 28,672, I/O Flags: Non-cached, Priority: Normal"
"0:30:12.5769896","ForzaHorizon5.exe","15648","ReadFile","C:\Program Files (x86)\DODI-Repacks\Forza Horizon 5\media\Audio\EngineSynth\G_I4TM_Asian_Street_2_Exh.zip","SUCCESS","Offset: 53,248, Length: 32,768, I/O Flags: Non-cached, Priority: Normal"
"0:30:12.5843431","ForzaHorizon5.exe","15648","ReadFile","C:\Program Files (x86)\DODI-Repacks\Forza Horizon 5\media\Audio\EngineSynth\G_I4TM_Asian_Street_2_Exh.zip","SUCCESS","Offset: 258,048, Length: 36,864, I/O Flags: Non-cached, Priority: Normal"
"0:30:12.5932540","ForzaHorizon5.exe","15648","ReadFile","C:\Program Files (x86)\DODI-Repacks\Forza Horizon 5\media\Audio\EngineSynth\G_I4TM_Asian_Street_2_Exh.zip","SUCCESS","Offset: 200,704, Length: 32,768, I/O Flags: Non-cached, Priority: Normal"
"0:30:12.6028853","ForzaHorizon5.exe","15648","ReadFile","C:\Program Files (x86)\DODI-Repacks\Forza Horizon 5\media\Audio\EngineSynth\G_I4TM_Asian_Street_2_Exh.zip","SUCCESS","Offset: 81,920, Length: 45,056, I/O Flags: Non-cached, Priority: Normal"
"0:30:12.6132785","ForzaHorizon5.exe","15648","ReadFile","C:\Program Files (x86)\DODI-Repacks\Forza Horizon 5\media\Audio\EngineSynth\G_I4TM_Asian_Street_2_Exh.zip","SUCCESS","Offset: 229,376, Length: 32,768, I/O Flags: Non-cached, Priority: Normal"
"0:30:12.6202288","ForzaHorizon5.exe","15648","ReadFile","C:\Program Files (x86)\DODI-Repacks\Forza Horizon 5\media\Audio\EngineSynth\G_I4TM_Asian_Street_2_Exh.zip","SUCCESS","Offset: 159,744, Length: 45,056, I/O Flags: Non-cached, Priority: Normal"
"0:30:12.6314460","ForzaHorizon5.exe","15648","ReadFile","C:\Program Files (x86)\DODI-Repacks\Forza Horizon 5\media\Audio\EngineSynth\G_I4TM_Asian_Street_2_Exh.zip","SUCCESS","Offset: 122,880, Length: 40,960, I/O Flags: Non-cached, Priority: Normal"
"0:30:12.6414132","ForzaHorizon5.exe","15648","ReadFile","C:\Program Files (x86)\DODI-Repacks\Forza Horizon 5\media\Audio\EngineSynth\G_I4TM_Asian_Street_2_Exh.zip","SUCCESS","Offset: 24,576, Length: 32,768, I/O Flags: Non-cached, Priority: Normal"
"0:30:12.6488289","ForzaHorizon5.exe","15648","ReadFile","C:\Program Files (x86)\DODI-Repacks\Forza Horizon 5\media\Audio\EngineSynth\G_I4TM_Asian_Street_2_Exh.zip","SUCCESS","Offset: 970,752, Length: 8,192, I/O Flags: Non-cached, Priority: Normal"
"0:30:12.6498877","ForzaHorizon5.exe","15648","ReadFile","C:\Program Files (x86)\DODI-Repacks\Forza Horizon 5\media\Audio\EngineSynth\G_I4TM_Asian_Street_2_Exh.zip","SUCCESS","Offset: 974,848, Length: 8,192, I/O Flags: Non-cached, Priority: Normal"
"0:30:12.6509897","ForzaHorizon5.exe","15648","ReadFile","C:\Program Files (x86)\DODI-Repacks\Forza Horizon 5\media\Audio\EngineSynth\G_I4TM_Asian_Street_2_Exh.zip","SUCCESS","Offset: 978,944, Length: 8,192, I/O Flags: Non-cached, Priority: Normal"
"0:30:12.6522930","ForzaHorizon5.exe","15648","ReadFile","C:\Program Files (x86)\DODI-Repacks\Forza Horizon 5\media\Audio\EngineSynth\G_I4TM_Asian_Street_2_Exh.zip","SUCCESS","Offset: 983,040, Length: 8,192, I/O Flags: Non-cached, Priority: Normal"
"0:30:12.6538147","ForzaHorizon5.exe","15648","ReadFile","C:\Program Files (x86)\DODI-Repacks\Forza Horizon 5\media\Audio\EngineSynth\G_I4TM_Asian_Street_2_Exh.zip","SUCCESS","Offset: 987,136, Length: 8,192, I/O Flags: Non-cached, Priority: Normal"
"0:30:12.6552174","ForzaHorizon5.exe","15648","ReadFile","C:\Program Files (x86)\DODI-Repacks\Forza Horizon 5\media\Audio\EngineSynth\G_I4TM_Asian_Street_2_Exh.zip","SUCCESS","Offset: 991,232, Length: 8,192, I/O Flags: Non-cached, Priority: Normal"
"0:30:12.6564412","ForzaHorizon5.exe","15648","ReadFile","C:\Program Files (x86)\DODI-Repacks\Forza Horizon 5\media\Audio\EngineSynth\G_I4TM_Asian_Street_2_Exh.zip","SUCCESS","Offset: 995,328, Length: 8,192, I/O Flags: Non-cached, Priority: Normal"
"0:30:12.6577508","ForzaHorizon5.exe","15648","ReadFile","C:\Program Files (x86)\DODI-Repacks\Forza Horizon 5\media\Audio\EngineSynth\G_I4TM_Asian_Street_2_Exh.zip","SUCCESS","Offset: 999,424, Length: 8,192, I/O Flags: Non-cached, Priority: Normal"
"0:30:12.6588839","ForzaHorizon5.exe","15648","ReadFile","C:\Program Files (x86)\DODI-Repacks\Forza Horizon 5\media\Audio\EngineSynth\G_I4TM_Asian_Street_2_Exh.zip","SUCCESS","Offset: 1,003,520, Length: 8,192, I/O Flags: Non-cached, Priority: Normal"
"0:30:12.6600278","ForzaHorizon5.exe","15648","ReadFile","C:\Program Files (x86)\DODI-Repacks\Forza Horizon 5\media\Audio\EngineSynth\G_I4TM_Asian_Street_2_Exh.zip","SUCCESS","Offset: 724,992, Length: 4,096, I/O Flags: Non-cached, Priority: Normal"
"0:30:12.6603659","ForzaHorizon5.exe","15648","ReadFile","C:\Program Files (x86)\DODI-Repacks\Forza Horizon 5\media\Audio\EngineSynth\G_I4TM_Asian_Street_2_Exh.zip","SUCCESS","Offset: 729,088, Length: 245,760, I/O Flags: Non-cached, Priority: Normal"
"0:30:12.7188238","ForzaHorizon5.exe","15648","ReadFile","C:\Program Files (x86)\DODI-Repacks\Forza Horizon 5\media\Audio\EngineSynth\G_I4TM_Asian_Street_2_Exh.zip","SUCCESS","Offset: 724,992, Length: 8,192, I/O Flags: Non-cached, Priority: Normal"
"0:30:12.7199690","ForzaHorizon5.exe","15648","ReadFile","C:\Program Files (x86)\DODI-Repacks\Forza Horizon 5\media\Audio\EngineSynth\G_I4TM_Asian_Street_2_Exh.zip","SUCCESS","Offset: 528,384, Length: 24,576, I/O Flags: Non-cached, Priority: Normal"
"0:30:12.7240126","ForzaHorizon5.exe","15648","ReadFile","C:\Program Files (x86)\DODI-Repacks\Forza Horizon 5\media\Audio\EngineSynth\G_I4TM_Asian_Street_2_Exh.zip","SUCCESS","Offset: 339,968, Length: 32,768, I/O Flags: Non-cached, Priority: Normal"
"0:30:12.7310122","ForzaHorizon5.exe","15648","ReadFile","C:\Program Files (x86)\DODI-Repacks\Forza Horizon 5\media\Audio\EngineSynth\G_I4TM_Asian_Street_2_Exh.zip","SUCCESS","Offset: 290,816, Length: 28,672, I/O Flags: Non-cached, Priority: Normal"
"0:30:12.7362769","ForzaHorizon5.exe","15648","ReadFile","C:\Program Files (x86)\DODI-Repacks\Forza Horizon 5\media\Audio\EngineSynth\G_I4TM_Asian_Street_2_Exh.zip","SUCCESS","Offset: 1,007,616, Length: 36,864, I/O Flags: Non-cached, Priority: Normal"
"0:30:12.7447876","ForzaHorizon5.exe","15648","ReadFile","C:\Program Files (x86)\DODI-Repacks\Forza Horizon 5\media\Audio\EngineSynth\G_I4TM_Asian_Street_2_Exh.zip","SUCCESS","Offset: 315,392, Length: 28,672, I/O Flags: Non-cached, Priority: Normal"
"0:30:12.7512144","ForzaHorizon5.exe","15648","ReadFile","C:\Program Files (x86)\DODI-Repacks\Forza Horizon 5\media\Audio\EngineSynth\G_I4TM_Asian_Street_2_Exh.zip","SUCCESS","Offset: 368,640, Length: 28,672, I/O Flags: Non-cached, Priority: Normal"
"0:30:12.7564351","ForzaHorizon5.exe","15648","ReadFile","C:\Program Files (x86)\DODI-Repacks\Forza Horizon 5\media\Audio\EngineSynth\G_I4TM_Asian_Street_2_Exh.zip","SUCCESS","Offset: 393,216, Length: 20,480, I/O Flags: Non-cached, Priority: Normal"
"0:30:12.7611388","ForzaHorizon5.exe","15648","ReadFile","C:\Program Files (x86)\DODI-Repacks\Forza Horizon 5\media\Audio\EngineSynth\G_I4TM_Asian_Street_2_Exh.zip","SUCCESS","Offset: 409,600, Length: 20,480, I/O Flags: Non-cached, Priority: Normal"
"0:30:12.7656219","ForzaHorizon5.exe","15648","ReadFile","C:\Program Files (x86)\DODI-Repacks\Forza Horizon 5\media\Audio\EngineSynth\G_I4TM_Asian_Street_2_Exh.zip","SUCCESS","Offset: 425,984, Length: 20,480, I/O Flags: Non-cached, Priority: Normal"
"0:30:12.7696683","ForzaHorizon5.exe","15648","ReadFile","C:\Program Files (x86)\DODI-Repacks\Forza Horizon 5\media\Audio\EngineSynth\G_I4TM_Asian_Street_2_Exh.zip","SUCCESS","Offset: 462,848, Length: 28,672, I/O Flags: Non-cached, Priority: Normal"
"0:30:12.7752173","ForzaHorizon5.exe","15648","ReadFile","C:\Program Files (x86)\DODI-Repacks\Forza Horizon 5\media\Audio\EngineSynth\G_I4TM_Asian_Street_2_Exh.zip","SUCCESS","Offset: 442,368, Length: 24,576, I/O Flags: Non-cached, Priority: Normal"
"0:30:12.7812874","ForzaHorizon5.exe","15648","ReadFile","C:\Program Files (x86)\DODI-Repacks\Forza Horizon 5\media\Audio\EngineSynth\G_I4TM_Asian_Street_2_Exh.zip","SUCCESS","Offset: 487,424, Length: 24,576, I/O Flags: Non-cached, Priority: Normal"
"0:30:12.7858974","ForzaHorizon5.exe","15648","ReadFile","C:\Program Files (x86)\DODI-Repacks\Forza Horizon 5\media\Audio\EngineSynth\G_I4TM_Asian_Street_2_Exh.zip","SUCCESS","Offset: 507,904, Length: 24,576, I/O Flags: Non-cached, Priority: Normal"
"0:30:16.5220267","ForzaHorizon5.exe","15648","CloseFile","C:\Program Files (x86)\DODI-Repacks\Forza Horizon 5\media\Audio\EngineSynth\G_I4TM_Asian_Street_2_Exh.zip","SUCCESS",""
