<ASC044_Marblehead_1924.xml>
  <sections>
    <bow>
      <model>usa\ship\cruiser\ASC044_Marblehead_1924\ASC044_Marblehead_1924_bow_ports.model</model>
        <node>
           <name>MP_AM049_Signal_Lamp_1</name>
           <model>usa\misc\AM049\AM049.model</model>
        </node>
        <node>
           <name>MP_AM347ASC044Bow_0_0</name>
           <model>usa\misc\AM347ASC044Bow\AM347ASC044Bow.model</model>
        </node>
        <node>
           <name>MP_AM219ASC044Bow_0_0</name>
           <model>usa\misc\AM219ASC044Bow\AM219ASC044Bow.model</model>
        </node>
        <node>
           <name>MP_AM217ASC044Bow_0_0</name>
           <model>usa\misc\AM217ASC044Bow\AM217ASC044Bow.model</model>
        </node>
        <node>
           <name>MP_AM088ASC044Bow_0_0</name>
           <model>usa\misc\AM088ASC044Bow\AM088ASC044Bow.model</model>
        </node>
        <node>
           <name>MP_AM543ASC044Bow_0_0</name>
           <model>usa\misc\AM543ASC044Bow\AM543ASC044Bow.model</model>
        </node>
        <node>
           <name>MP_CM051_Fire_Fighting_Gear</name>
           <model>common\misc\CM051\CM051.model</model>
        </node>
        <node>
           <name>HP_Fire_Burn_1</name>
           <model>UNKNOWN_ITEM</model>
        </node>
    </bow>
    <midfront>
      <model>usa\ship\cruiser\ASC044_Marblehead_1924\ASC044_Marblehead_1924_MidFront_ports.model</model>
        <node>
           <name>HP_AD_1</name>
           <model>usa\director\AD096_Director_Mk16\AD096_Director_Mk16.model</model>
        </node>
        <node>
           <name>HP_AD_2</name>
           <model>usa\director\AD056_Torpedo_director\AD056_Torpedo_director.model</model>
        </node>
        <node>
           <name>HP_AF_1</name>
           <model>usa\finder\AF090_Rangefinder_3_6m\AF090_Rangefinder_3_6m.model</model>
        </node>
        <node>
           <name>HP_AGM_1</name>
           <model>usa\gun\main\AGM031_6in53_Mk16_Twin\AGM031_6in53_Mk16_Twin.model</model>
        </node>
        <node>
           <name>HP_AGM_2</name>
           <model>usa\gun\main\AGM160_6in53_Mk13_Single\AGM160_6in53_Mk13_Single.model</model>
        </node>
        <node>
           <name>HP_AGM_3</name>
           <model>usa\gun\main\AGM160_6in53_Mk13_Single\AGM160_6in53_Mk13_Single.model</model>
        </node>
        <node>
           <name>HP_AGM_4</name>
           <model>usa\gun\main\AGM160_6in53_Mk13_Single\AGM160_6in53_Mk13_Single.model</model>
        </node>
        <node>
           <name>HP_AGM_5</name>
           <model>usa\gun\main\AGM160_6in53_Mk13_Single\AGM160_6in53_Mk13_Single.model</model>
        </node>
        <node>
           <name>HP_AGA_2</name>
           <model>usa\gun\aaircraft\AGA016_3in50_Mk22_Mod2\AGA016_3in50_Mk22_Mod2.model</model>
        </node>
        <node>
           <name>HP_AGA_1</name>
           <model>usa\gun\aaircraft\AGA016_3in50_Mk22_Mod2\AGA016_3in50_Mk22_Mod2.model</model>
        </node>
        <node>
           <name>HP_flag_1</name>
           <model>usa\misc\AM032\AM032.model</model>
        </node>
        <node>
           <name>HP_flag_2</name>
           <model>usa\misc\AM032\AM032.model</model>
        </node>
        <node>
           <name>HP_flag_3</name>
           <model>usa\misc\AM032\AM032.model</model>
        </node>
        <node>
           <name>HP_flag_4</name>
           <model>usa\misc\AM032\AM032.model</model>
        </node>
        <node>
           <name>MP_AM374ASC044MidFront_0_0</name>
           <model>usa\misc\AM374ASC044MidFront\AM374ASC044MidFront.model</model>
        </node>
        <node>
           <name>MP_AM224ASC044MidFront_0_0</name>
           <model>usa\misc\AM224ASC044MidFront\AM224ASC044MidFront.model</model>
        </node>
        <node>
           <name>MP_CM004_Barbette_Out</name>
           <model>common\misc\CM004\CM004.model</model>
        </node>
        <node>
           <name>MP_RM133ASC044MidFront_0_0</name>
           <model>russia\misc\RM133ASC044MidFront\RM133ASC044MidFront.model</model>
        </node>
        <node>
           <name>MP_CM029ASC044MidFront_0_0</name>
           <model>common\misc\CM029ASC044MidFront\CM029ASC044MidFront.model</model>
        </node>
        <node>
           <name>MP_AM465ASC044MidFront_0_0</name>
           <model>usa\misc\AM465ASC044MidFront\AM465ASC044MidFront.model</model>
        </node>
        <node>
           <name>MP_CM014ASC044MidFront_0_0</name>
           <model>common\misc\CM014ASC044MidFront\CM014ASC044MidFront.model</model>
        </node>
        <node>
           <name>MP_CM012ASC044MidFront_0_0</name>
           <model>common\misc\CM012ASC044MidFront\CM012ASC044MidFront.model</model>
        </node>
        <node>
           <name>MP_CM030_Swab_Rack_2</name>
           <model>common\misc\CM030\CM030.model</model>
        </node>
        <node>
           <name>MP_AM072_Ships_bell</name>
           <model>usa\misc\AM072\AM072.model</model>
        </node>
        <node>
           <name>MP_AM223_Boat_Winch</name>
           <model>usa\misc\AM223\AM223.model</model>
        </node>
        <node>
           <name>MP_AM467ASC044MidFront_0_0</name>
           <model>usa\misc\AM467ASC044MidFront\AM467ASC044MidFront.model</model>
        </node>
        <node>
           <name>MP_AM233_Ammunition_Box</name>
           <model>usa\misc\AM233\AM233.model</model>
        </node>
        <node>
           <name>MP_RM081_Compass_Binnacle</name>
           <model>russia\misc\RM081\RM081.model</model>
        </node>
        <node>
           <name>MP_CM011ASC044MidFront_0_0</name>
           <model>common\misc\CM011ASC044MidFront\CM011ASC044MidFront.model</model>
        </node>
        <node>
           <name>MP_AM132ASC044MidFront_0_0</name>
           <model>usa\misc\AM132ASC044MidFront\AM132ASC044MidFront.model</model>
        </node>
        <node>
           <name>MP_AM347ASC044MidFront_0_0</name>
           <model>usa\misc\AM347ASC044MidFront\AM347ASC044MidFront.model</model>
        </node>
        <node>
           <name>MP_AM242ASC044MidFront_0_0</name>
           <model>usa\misc\AM242ASC044MidFront\AM242ASC044MidFront.model</model>
        </node>
        <node>
           <name>MP_AM093ASC044MidFront_0_0</name>
           <model>usa\misc\AM093ASC044MidFront\AM093ASC044MidFront.model</model>
        </node>
        <node>
           <name>MP_AM094ASC044MidFront_0_0</name>
           <model>usa\misc\AM094ASC044MidFront\AM094ASC044MidFront.model</model>
        </node>
        <node>
           <name>MP_AM593ASC044MidFront_0_0</name>
           <model>usa\misc\AM593ASC044MidFront\AM593ASC044MidFront.model</model>
        </node>
        <node>
           <name>MP_AM340ASC044MidFront_0_0</name>
           <model>usa\misc\AM340ASC044MidFront\AM340ASC044MidFront.model</model>
        </node>
        <node>
           <name>MP_JM215_Day_Light_Wind_Intensity</name>
           <model>japan\misc\JM215\JM215.model</model>
        </node>
        <node>
           <name>MP_AM456_Insulator</name>
           <model>usa\misc\AM456\AM456.model</model>
        </node>
        <node>
           <name>MP_AM173ASC044MidFront_0_0</name>
           <model>usa\misc\AM173ASC044MidFront\AM173ASC044MidFront.model</model>
        </node>
        <node>
           <name>MP_CM010_Fire_Hose_Reel</name>
           <model>common\misc\CM010\CM010.model</model>
        </node>
        <node>
           <name>MP_AM332ASC044MidFront_0_0</name>
           <model>usa\misc\AM332ASC044MidFront\AM332ASC044MidFront.model</model>
        </node>
        <node>
           <name>MP_AM530_Loading_Machine_3in</name>
           <model>usa\misc\AM530\AM530.model</model>
        </node>
        <node>
           <name>MP_AM601ASC044MidFront_0_0</name>
           <model>usa\misc\AM601ASC044MidFront\AM601ASC044MidFront.model</model>
        </node>
        <node>
           <name>MP_AM247ASC044MidFront_0_0</name>
           <model>usa\misc\AM247ASC044MidFront\AM247ASC044MidFront.model</model>
        </node>
        <node>
           <name>MP_AM559ASC044MidFront_0_0</name>
           <model>usa\misc\AM559ASC044MidFront\AM559ASC044MidFront.model</model>
        </node>
        <node>
           <name>MP_AM442ASC044MidFront_0_0</name>
           <model>usa\misc\AM442ASC044MidFront\AM442ASC044MidFront.model</model>
        </node>
        <node>
           <name>MP_AM524ASC044MidFront_0_0</name>
           <model>usa\misc\AM524ASC044MidFront\AM524ASC044MidFront.model</model>
        </node>
        <node>
           <name>MP_AM510ASC044MidFront_0_0</name>
           <model>usa\misc\AM510ASC044MidFront\AM510ASC044MidFront.model</model>
        </node>
        <node>
           <name>MP_AM108ASC044MidFront_0_0</name>
           <model>usa\misc\AM108ASC044MidFront\AM108ASC044MidFront.model</model>
        </node>
        <node>
           <name>MP_AM219ASC044MidFront_0_0</name>
           <model>usa\misc\AM219ASC044MidFront\AM219ASC044MidFront.model</model>
        </node>
        <node>
           <name>MP_AM007ASC044MidFront_0_0</name>
           <model>usa\misc\AM007ASC044MidFront\AM007ASC044MidFront.model</model>
        </node>
        <node>
           <name>MP_AM543ASC044MidFront_0_0</name>
           <model>usa\misc\AM543ASC044MidFront\AM543ASC044MidFront.model</model>
        </node>
        <node>
           <name>MP_AM159ASC044MidFront_0_0</name>
           <model>usa\misc\AM159ASC044MidFront\AM159ASC044MidFront.model</model>
        </node>
        <node>
           <name>MP_AM546_Searchlight900mm</name>
           <model>usa\misc\AM546\AM546.model</model>
        </node>
        <node>
           <name>MP_AM077ASC044MidFront_0_0</name>
           <model>usa\misc\AM077ASC044MidFront\AM077ASC044MidFront.model</model>
        </node>
        <node>
           <name>MP_AM047ASC044MidFront_0_0</name>
           <model>usa\misc\AM047ASC044MidFront\AM047ASC044MidFront.model</model>
        </node>
        <node>
           <name>MP_AM048ASC044MidFront_0_0</name>
           <model>usa\misc\AM048ASC044MidFront\AM048ASC044MidFront.model</model>
        </node>
        <node>
           <name>MP_AM142_Running_Lights_FW</name>
           <model>usa\misc\AM142\AM142.model</model>
        </node>
        <node>
           <name>MP_AM156ASC044MidFront_0_0</name>
           <model>usa\misc\AM156ASC044MidFront\AM156ASC044MidFront.model</model>
        </node>
        <node>
           <name>MP_AM010_Speaker_1</name>
           <model>usa\misc\AM010\AM010.model</model>
        </node>
        <node>
           <name>MP_AM249ASC044MidFront_0_0</name>
           <model>usa\misc\AM249ASC044MidFront\AM249ASC044MidFront.model</model>
        </node>
        <node>
           <name>MP_AM540ASC044MidFront_0_0</name>
           <model>usa\misc\AM540ASC044MidFront\AM540ASC044MidFront.model</model>
        </node>
        <node>
           <name>MP_AM501_Anchor</name>
           <model>usa\misc\AM501\AM501.model</model>
        </node>
        <node>
           <name>MP_AM046_Running_Lights_B</name>
           <model>usa\misc\AM046\AM046.model</model>
        </node>
        <node>
           <name>MP_AM460ASC044MidFront_0_0</name>
           <model>usa\misc\AM460ASC044MidFront\AM460ASC044MidFront.model</model>
        </node>
        <node>
           <name>MP_AM049ASC044MidFront_0_0</name>
           <model>usa\misc\AM049ASC044MidFront\AM049ASC044MidFront.model</model>
        </node>
        <node>
           <name>MP_AM144ASC044MidFront_0_0</name>
           <model>usa\misc\AM144ASC044MidFront\AM144ASC044MidFront.model</model>
        </node>
        <node>
           <name>MP_AM143ASC044MidFront_0_0</name>
           <model>usa\misc\AM143ASC044MidFront\AM143ASC044MidFront.model</model>
        </node>
        <node>
           <name>MP_AM529ASC044MidFront_0_0</name>
           <model>usa\misc\AM529ASC044MidFront\AM529ASC044MidFront.model</model>
        </node>
        <node>
           <name>HP_Fire_Burn_2</name>
           <model>UNKNOWN_ITEM</model>
        </node>
        <node>
           <name>HP_Smoke_1</name>
           <model>UNKNOWN_ITEM</model>
        </node>
        <node>
           <name>HP_Smoke_2</name>
           <model>UNKNOWN_ITEM</model>
        </node>
        <node>
           <name>HP_Smoke_3</name>
           <model>UNKNOWN_ITEM</model>
        </node>
        <node>
           <name>HP_NoseWave_Speed</name>
           <model>UNKNOWN_ITEM</model>
        </node>
        <node>
           <name>HP_Smoke_4</name>
           <model>UNKNOWN_ITEM</model>
        </node>
    </midfront>
    <midback>
      <model>usa\ship\cruiser\ASC044_Marblehead_1924\ASC044_Marblehead_1924_MidBack_ports.model</model>
        <node>
           <name>HP_AC_1</name>
           <model>usa\catapult\AC001_Catapult_1\AC001_Catapult_1.model</model>
        </node>
        <node>
           <name>HP_AC_2</name>
           <model>usa\catapult\AC001_Catapult_1\AC001_Catapult_1.model</model>
        </node>
        <node>
           <name>HP_AD_3</name>
           <model>usa\director\AD054_Director_Mk7\AD054_Director_Mk7.model</model>
        </node>
        <node>
           <name>HP_AD_4</name>
           <model>usa\director\AD056_Torpedo_director\AD056_Torpedo_director.model</model>
        </node>
        <node>
           <name>HP_AF_2</name>
           <model>usa\finder\AF090_Rangefinder_3_6m\AF090_Rangefinder_3_6m.model</model>
        </node>
        <node>
           <name>HP_AGA_3</name>
           <model>usa\gun\aaircraft\AGA016_3in50_Mk22_Mod2\AGA016_3in50_Mk22_Mod2.model</model>
        </node>
        <node>
           <name>HP_AGA_4</name>
           <model>usa\gun\aaircraft\AGA016_3in50_Mk22_Mod2\AGA016_3in50_Mk22_Mod2.model</model>
        </node>
        <node>
           <name>HP_AGM_6</name>
           <model>usa\gun\main\AGM160_6in53_Mk13_Single\AGM160_6in53_Mk13_Single.model</model>
        </node>
        <node>
           <name>HP_AGM_7</name>
           <model>usa\gun\main\AGM160_6in53_Mk13_Single\AGM160_6in53_Mk13_Single.model</model>
        </node>
        <node>
           <name>HP_AGM_8</name>
           <model>usa\gun\main\AGM160_6in53_Mk13_Single\AGM160_6in53_Mk13_Single.model</model>
        </node>
        <node>
           <name>HP_AGM_9</name>
           <model>usa\gun\main\AGM160_6in53_Mk13_Single\AGM160_6in53_Mk13_Single.model</model>
        </node>
        <node>
           <name>HP_AGM_10</name>
           <model>usa\gun\main\AGM031_6in53_Mk16_Twin\AGM031_6in53_Mk16_Twin.model</model>
        </node>
        <node>
           <name>HP_AGT_1</name>
           <model>usa\gun\torpedo\AGT042_21in_Torpedo_Tubes_Triple\AGT042_21in_Torpedo_Tubes_Triple.model</model>
        </node>
        <node>
           <name>HP_AGT_2</name>
           <model>usa\gun\torpedo\AGT042_21in_Torpedo_Tubes_Triple\AGT042_21in_Torpedo_Tubes_Triple.model</model>
        </node>
        <node>
           <name>HP_flag_nation</name>
           <model>usa\misc\AM032\AM032.model</model>
        </node>
        <node>
           <name>MP_CM012ASC044MidBack_0_0</name>
           <model>common\misc\CM012ASC044MidBack\CM012ASC044MidBack.model</model>
        </node>
        <node>
           <name>MP_AM332ASC044MidBack_0_0</name>
           <model>usa\misc\AM332ASC044MidBack\AM332ASC044MidBack.model</model>
        </node>
        <node>
           <name>MP_CM004_Barbette_Out</name>
           <model>common\misc\CM004\CM004.model</model>
        </node>
        <node>
           <name>MP_CM029ASC044MidBack_0_0</name>
           <model>common\misc\CM029ASC044MidBack\CM029ASC044MidBack.model</model>
        </node>
        <node>
           <name>MP_AM223_Boat_Winch</name>
           <model>usa\misc\AM223\AM223.model</model>
        </node>
        <node>
           <name>MP_CM011ASC044MidBack_0_0</name>
           <model>common\misc\CM011ASC044MidBack\CM011ASC044MidBack.model</model>
        </node>
        <node>
           <name>MP_RM008ASC044MidBack_0_0</name>
           <model>russia\misc\RM008ASC044MidBack\RM008ASC044MidBack.model</model>
        </node>
        <node>
           <name>MP_AM601ASC044MidBack_0_0</name>
           <model>usa\misc\AM601ASC044MidBack\AM601ASC044MidBack.model</model>
        </node>
        <node>
           <name>MP_AM347ASC044MidBack_0_0</name>
           <model>usa\misc\AM347ASC044MidBack\AM347ASC044MidBack.model</model>
        </node>
        <node>
           <name>MP_CM051ASC044MidBack_0_0</name>
           <model>common\misc\CM051ASC044MidBack\CM051ASC044MidBack.model</model>
        </node>
        <node>
           <name>MP_AM200_Screened_speed_light</name>
           <model>usa\misc\AM200\AM200.model</model>
        </node>
        <node>
           <name>MP_CM025_Stairway_Big_R</name>
           <model>common\misc\CM025\CM025.model</model>
        </node>
        <node>
           <name>MP_CM024_Stairway_Big_L</name>
           <model>common\misc\CM024\CM024.model</model>
        </node>
        <node>
           <name>MP_AM108ASC044MidBack_0_0</name>
           <model>usa\misc\AM108ASC044MidBack\AM108ASC044MidBack.model</model>
        </node>
        <node>
           <name>MP_AM212ASC044MidBack_0_0</name>
           <model>usa\misc\AM212ASC044MidBack\AM212ASC044MidBack.model</model>
        </node>
        <node>
           <name>MP_AM247ASC044MidBack_0_0</name>
           <model>usa\misc\AM247ASC044MidBack\AM247ASC044MidBack.model</model>
        </node>
        <node>
           <name>MP_CM032_Propeller3_R</name>
           <model>common\misc\CM032\CM032.model</model>
        </node>
        <node>
           <name>MP_CM001_Propeller3_L</name>
           <model>common\misc\CM001\CM001.model</model>
        </node>
        <node>
           <name>MP_AM218ASC044MidBack_0_0</name>
           <model>usa\misc\AM218ASC044MidBack\AM218ASC044MidBack.model</model>
        </node>
        <node>
           <name>MP_CM030ASC044MidBack_0_0</name>
           <model>common\misc\CM030ASC044MidBack\CM030ASC044MidBack.model</model>
        </node>
        <node>
           <name>MP_AM055ASC044MidBack_0_0</name>
           <model>usa\misc\AM055ASC044MidBack\AM055ASC044MidBack.model</model>
        </node>
        <node>
           <name>MP_AM559_Alarm_Tool</name>
           <model>usa\misc\AM559\AM559.model</model>
        </node>
        <node>
           <name>MP_AM442ASC044MidBack_0_0</name>
           <model>usa\misc\AM442ASC044MidBack\AM442ASC044MidBack.model</model>
        </node>
        <node>
           <name>MP_AM224ASC044MidBack_0_0</name>
           <model>usa\misc\AM224ASC044MidBack\AM224ASC044MidBack.model</model>
        </node>
        <node>
           <name>MP_AM132ASC044MidBack_0_0</name>
           <model>usa\misc\AM132ASC044MidBack\AM132ASC044MidBack.model</model>
        </node>
        <node>
           <name>MP_AM219ASC044MidBack_0_0</name>
           <model>usa\misc\AM219ASC044MidBack\AM219ASC044MidBack.model</model>
        </node>
        <node>
           <name>MP_AM543ASC044MidBack_0_0</name>
           <model>usa\misc\AM543ASC044MidBack\AM543ASC044MidBack.model</model>
        </node>
        <node>
           <name>MP_AM159ASC044MidBack_0_0</name>
           <model>usa\misc\AM159ASC044MidBack\AM159ASC044MidBack.model</model>
        </node>
        <node>
           <name>MP_AM546ASC044MidBack_0_0</name>
           <model>usa\misc\AM546ASC044MidBack\AM546ASC044MidBack.model</model>
        </node>
        <node>
           <name>MP_AM010_Speaker_1</name>
           <model>usa\misc\AM010\AM010.model</model>
        </node>
        <node>
           <name>MP_AM151_Gyro_Repeater</name>
           <model>usa\misc\AM151\AM151.model</model>
        </node>
        <node>
           <name>MP_AM156_Switch_Panel_3</name>
           <model>usa\misc\AM156\AM156.model</model>
        </node>
        <node>
           <name>MP_RM133_Binoculars</name>
           <model>russia\misc\RM133\RM133.model</model>
        </node>
        <node>
           <name>MP_CM014ASC044MidBack_0_0</name>
           <model>common\misc\CM014ASC044MidBack\CM014ASC044MidBack.model</model>
        </node>
        <node>
           <name>MP_AM249ASC044MidBack_0_0</name>
           <model>usa\misc\AM249ASC044MidBack\AM249ASC044MidBack.model</model>
        </node>
        <node>
           <name>MP_AM600_Skylight_Hatch</name>
           <model>usa\misc\AM600\AM600.model</model>
        </node>
        <node>
           <name>MP_AM049ASC044MidBack_0_0</name>
           <model>usa\misc\AM049ASC044MidBack\AM049ASC044MidBack.model</model>
        </node>
        <node>
           <name>MP_AM529ASC044MidBack_0_0</name>
           <model>usa\misc\AM529ASC044MidBack\AM529ASC044MidBack.model</model>
        </node>
        <node>
           <name>HP_Fire_Burn_3</name>
           <model>UNKNOWN_ITEM</model>
        </node>
    </midback>
    <stern>
      <model>usa\ship\cruiser\ASC044_Marblehead_1924\ASC044_Marblehead_1924_Stern_ports.model</model>
        <node>
           <name>MP_AM347ASC044Stern_0_0</name>
           <model>usa\misc\AM347ASC044Stern\AM347ASC044Stern.model</model>
        </node>
        <node>
           <name>MP_CM032_Propeller3_R</name>
           <model>common\misc\CM032\CM032.model</model>
        </node>
        <node>
           <name>MP_CM001_Propeller3_L</name>
           <model>common\misc\CM001\CM001.model</model>
        </node>
        <node>
           <name>MP_AM219_Bollard</name>
           <model>usa\misc\AM219\AM219.model</model>
        </node>
        <node>
           <name>MP_AM046_Running_Lights_B</name>
           <model>usa\misc\AM046\AM046.model</model>
        </node>
        <node>
           <name>MP_AM352_Stern_Light</name>
           <model>usa\misc\AM352\AM352.model</model>
        </node>
        <node>
           <name>MP_AM608_Wake_Light</name>
           <model>usa\misc\AM608\AM608.model</model>
        </node>
        <node>
           <name>HP_Fire_Burn_4</name>
           <model>UNKNOWN_ITEM</model>
        </node>
    </stern>
  </sections>
</ASC044_Marblehead_1924.xml>
