<NotepadPlus>
    <UserLang name="quickbms" ext="bms">
        <Settings>
            <Global caseIgnored="yes" />
            <TreatAsSymbol comment="no" commentLine="yes" />
            <Prefix words1="no" words2="no" words3="no" words4="no" />
        </Settings>
        <KeywordLists>
            <Keywords name="Delimiters">000000</Keywords>
            <Keywords name="Folder+">StartFunction If For Do</Keywords>
            <Keywords name="Folder-">EndFunction Endif Next While</Keywords>
            <Keywords name="Operators">+ * / - ^ &amp; | % ! ~ &gt; &lt; = += *= /= -= ^= &amp;= |= %= != ~= &gt;= &lt;= == &lt;&gt; !=</Keywords>
            <Keywords name="Comment">1 2 0#</Keywords>
            <Keywords name="Words1">CLog Do Loop FindLoc FindFileID For Get Put GetLong GetInt GetByte GetString GetNullString GetDString PutDString GoTo IDString ID ImpType Log ExtractFile Math Add Subst Multiply Divide Up Down Next Open SavePos Set SETFILECNT SETBYTESREAD While EndLoop String CleanExit Case If Elif ElseIf Else EndIf GetCT PutCT ComType ReverseLong FlipLong PROMPTUSER EVENTS SEPPATH NOFILENAMES WriteLong StrCReplace StrEResizeC SeperateHeader Endian FileXOR Break Strlen GetVarChr PutVarChr Debug Padding Append Encryption Print GetArray PutArray StartFunction CallFunction EndFunction ScanDir CallDLL</Keywords>
            <Keywords name="Words2">BYTE SHORT THREEBYTE LONG LONGLONG STRING ASIZE FILENAME BASENAME EXTENSION UNICODE BINARY LINE FULLNAME MEMORY_FILE MEMORY_FILE1 MEMORY_FILE2 MEMORY_FILE3 MEMORY_FILE4 BIG LITTLE TEMPORARY_FILE EXTRCNT BytesRead NotEOF</Keywords>
            <Keywords name="Words3">zlib zlib1 deflate inflate lzo1 lzo1a lzo1b lzo1c lzo1f lzo1x lzo minilzo lzo1y lzo1z lzo2a lzss lzx gzip pkware blast explode implode lzma lzma86head lzma86dec lzma86dechead lzmaefs bzip2 XMemDecompress XMEMCODEC_DEFAULT XMEMCODEC_LZX xcompress hex hex2byte base64 uuencode ascii85 yenc COM_LZW_Decompress milestone_lzw lzxcab mslzx lzxchm rlew lzjb sfl_block sfl_rle sfl_nulls sfl_bits lzma2 lzma2_86head lzma2_86dec lzma2_86dechead NRV2b NRV2d NRV2e huffboh uncompress compress lzw dmc lzh lzhuf lha lzari tony rle7 rle0 rle rlea bpe quicklz q3huff unmeng lz2k darksector mszh un49g unthandor doomhuff aplib tzar_lzss lzf fastlz clz77 lzrw1 dhuff fin lzah lzh12 lzh13 grzip ckrle quad balz inflate64 deflate64 shrink ppmd ppmdi1 z-base-32 base32hex base32crockford base32nintendo base brieflz paq6 shcodec hstest_hs_unpack hstest_unpackc sixpack ashford jcalg jam lzhlib srank zzip scpack rle3 bpe2 bcl_huf bcl_lz bcl_rice bcl_rle bcl_sf scz szip ppmdi1_raw ppmdg ppmdg_raw ppmdj1 ppmdj1_raw sr3c huffman sfastpacker sfastpacker2 dk2 lz77wii lz77wii_raw darkstone SFL_BLOCK_CHUNKED yuke_bpe stalker_lza</Keywords>
            <Keywords name="Words4">des 3des2 3des-112 des_ede 3des 3des-168 des_ede3 desx rc4 arc4 idea rc2 blowfish cast5 aes Rijndael seed tea xtea xxtea xor rot rot13 charset chartable charset2 chartable2 twofish serpent icecrypt ice rotor ssc</Keywords>
        </KeywordLists>
        <Styles>
            <WordsStyle name="DEFAULT" styleID="11" fgColor="000000" bgColor="FFFFFF" fontName="" fontStyle="0" />
            <WordsStyle name="FOLDEROPEN" styleID="12" fgColor="0080FF" bgColor="FFFFFF" fontName="" fontStyle="0" />
            <WordsStyle name="FOLDERCLOSE" styleID="13" fgColor="0080FF" bgColor="FFFFFF" fontName="" fontStyle="0" />
            <WordsStyle name="KEYWORD1" styleID="5" fgColor="0080FF" bgColor="FFFFFF" fontName="" fontStyle="0" />
            <WordsStyle name="KEYWORD2" styleID="6" fgColor="FF0000" bgColor="FFFFFF" fontName="" fontStyle="0" />
            <WordsStyle name="KEYWORD3" styleID="7" fgColor="808000" bgColor="FFFFFF" fontName="" fontStyle="0" />
            <WordsStyle name="KEYWORD4" styleID="8" fgColor="800080" bgColor="FFFFFF" fontName="" fontStyle="0" />
            <WordsStyle name="COMMENT" styleID="1" fgColor="000000" bgColor="FFFFFF" fontName="" fontStyle="0" />
            <WordsStyle name="COMMENT LINE" styleID="2" fgColor="909090" bgColor="FFFFFF" fontName="" fontStyle="0" />
            <WordsStyle name="NUMBER" styleID="4" fgColor="000000" bgColor="FFFFFF" fontName="" fontStyle="0" />
            <WordsStyle name="OPERATOR" styleID="10" fgColor="00A000" bgColor="FFFFFF" fontName="" fontStyle="0" />
            <WordsStyle name="DELIMINER1" styleID="14" fgColor="000000" bgColor="FFFFFF" fontName="" fontStyle="0" />
            <WordsStyle name="DELIMINER2" styleID="15" fgColor="000000" bgColor="FFFFFF" fontName="" fontStyle="0" />
            <WordsStyle name="DELIMINER3" styleID="16" fgColor="000000" bgColor="FFFFFF" fontName="" fontStyle="0" />
        </Styles>
    </UserLang>
</NotepadPlus>
