<ASA024_Independence_1944.xml>
  <sections>
    <bow>
      <model>usa\ship\aircarrier\ASA024_Independence_1944\ASA024_Independence_1944_bow_ports.model</model>
        <node>
           <name>HP_AGS_1</name>
           <model>usa\gun\secondary\AGS022_5in38_Mk24\AGS022_5in38_Mk24.model</model>
        </node>
        <node>
           <name>HP_AGA_2</name>
           <model>usa\gun\aaircraft\AGA003_20mm_Oerlikon_MK4\AGA003_20mm_Oerlikon_MK4.model</model>
        </node>
        <node>
           <name>HP_AGA_3</name>
           <model>usa\gun\aaircraft\AGA003_20mm_Oerlikon_MK4\AGA003_20mm_Oerlikon_MK4.model</model>
        </node>
        <node>
           <name>HP_AGA_4</name>
           <model>usa\gun\aaircraft\AGA003_20mm_Oerlikon_MK4\AGA003_20mm_Oerlikon_MK4.model</model>
        </node>
        <node>
           <name>HP_AGA_5</name>
           <model>usa\gun\aaircraft\AGA003_20mm_Oerlikon_MK4\AGA003_20mm_Oerlikon_MK4.model</model>
        </node>
        <node>
           <name>HP_AGA_6</name>
           <model>usa\gun\aaircraft\AGA003_20mm_Oerlikon_MK4\AGA003_20mm_Oerlikon_MK4.model</model>
        </node>
        <node>
           <name>HP_AD_1</name>
           <model>usa\director\AD003_Director_Mk51\AD003_Director_Mk51.model</model>
        </node>
        <node>
           <name>HP_AD_2</name>
           <model>usa\director\AD003_Director_Mk51\AD003_Director_Mk51.model</model>
        </node>
        <node>
           <name>HP_AD_3</name>
           <model>usa\director\AD003_Director_Mk51\AD003_Director_Mk51.model</model>
        </node>
        <node>
           <name>HP_AD_4</name>
           <model>usa\director\AD003_Director_Mk51\AD003_Director_Mk51.model</model>
        </node>
        <node>
           <name>HP_AD_5</name>
           <model>usa\director\AD003_Director_Mk51\AD003_Director_Mk51.model</model>
        </node>
        <node>
           <name>HP_LiftOffPoint</name>
           <model>usa\aircraft\bomber\AAB005_Martin_T4M\AAB005_Martin_T4M.model</model>
        </node>
        <node>
           <name>MP_AM138_Boat_12</name>
           <model>usa\misc\AM138\AM138.model</model>
        </node>
        <node>
           <name>MP_CM006ASA024Bow_0_0</name>
           <model>common\misc\CM006ASA024Bow\CM006ASA024Bow.model</model>
        </node>
        <node>
           <name>MP_AM047_Running_Lights_R</name>
           <model>usa\misc\AM047\AM047.model</model>
        </node>
        <node>
           <name>MP_AM048_Running_Lights_L</name>
           <model>usa\misc\AM048\AM048.model</model>
        </node>
        <node>
           <name>MP_AM305ASA024Bow_0_0</name>
           <model>usa\misc\AM305ASA024Bow\AM305ASA024Bow.model</model>
        </node>
        <node>
           <name>MP_AM001ASA024Bow_0_0</name>
           <model>usa\misc\AM001ASA024Bow\AM001ASA024Bow.model</model>
        </node>
        <node>
           <name>MP_AM004ASA024Bow_0_0</name>
           <model>usa\misc\AM004ASA024Bow\AM004ASA024Bow.model</model>
        </node>
        <node>
           <name>MP_AM049_Signal_Lamp_1</name>
           <model>usa\misc\AM049\AM049.model</model>
        </node>
        <node>
           <name>MP_AM105_Signal_Lamp_3</name>
           <model>usa\misc\AM105\AM105.model</model>
        </node>
        <node>
           <name>MP_CM013_Fire_Hose_Rack_2</name>
           <model>common\misc\CM013\CM013.model</model>
        </node>
        <node>
           <name>MP_CM012ASA024Bow_0_0</name>
           <model>common\misc\CM012ASA024Bow\CM012ASA024Bow.model</model>
        </node>
        <node>
           <name>MP_AM023ASA024Bow_0_0</name>
           <model>usa\misc\AM023ASA024Bow\AM023ASA024Bow.model</model>
        </node>
        <node>
           <name>MP_AM065_Ammunition_Box_6</name>
           <model>usa\misc\AM065\AM065.model</model>
        </node>
        <node>
           <name>MP_AM077_Paravane</name>
           <model>usa\misc\AM077\AM077.model</model>
        </node>
        <node>
           <name>MP_AM026ASA024Bow_0_0</name>
           <model>usa\misc\AM026ASA024Bow\AM026ASA024Bow.model</model>
        </node>
        <node>
           <name>MP_AM361_TBS_antenna</name>
           <model>usa\misc\AM361\AM361.model</model>
        </node>
        <node>
           <name>MP_AM141_Hatch_6</name>
           <model>usa\misc\AM141\AM141.model</model>
        </node>
        <node>
           <name>MP_CM011ASA024Bow_0_0</name>
           <model>common\misc\CM011ASA024Bow\CM011ASA024Bow.model</model>
        </node>
        <node>
           <name>MP_AM002ASA024Bow_0_0</name>
           <model>usa\misc\AM002ASA024Bow\AM002ASA024Bow.model</model>
        </node>
        <node>
           <name>MP_AM189_Gasoline_Station</name>
           <model>usa\misc\AM189\AM189.model</model>
        </node>
        <node>
           <name>MP_CM058ASA024Bow_0_0</name>
           <model>common\misc\CM058ASA024Bow\CM058ASA024Bow.model</model>
        </node>
        <node>
           <name>MP_CM051ASA024Bow_0_0</name>
           <model>common\misc\CM051ASA024Bow\CM051ASA024Bow.model</model>
        </node>
        <node>
           <name>MP_CM029_Emergency_Box</name>
           <model>common\misc\CM029\CM029.model</model>
        </node>
        <node>
           <name>MP_AM549ASA024Bow_0_0</name>
           <model>usa\misc\AM549ASA024Bow\AM549ASA024Bow.model</model>
        </node>
        <node>
           <name>HP_Fire_Burn_1</name>
           <model>UNKNOWN_ITEM</model>
        </node>
    </bow>
    <midfront>
      <model>usa\ship\aircarrier\ASA024_Independence_1944\ASA024_Independence_1944_MidFront_ports.model</model>
        <node>
           <name>HP_AGA_9</name>
           <model>usa\gun\aaircraft\AGA015_40mm_Bofors_Mk3\AGA015_40mm_Bofors_Mk3.model</model>
        </node>
        <node>
           <name>HP_AGA_10</name>
           <model>usa\gun\aaircraft\AGA015_40mm_Bofors_Mk3\AGA015_40mm_Bofors_Mk3.model</model>
        </node>
        <node>
           <name>HP_ARS_1</name>
           <model>usa\radar\search\ARS065_Radar_SP\ARS065_Radar_SP.model</model>
        </node>
        <node>
           <name>HP_ARS_2</name>
           <model>usa\radar\search\ARS004_Radar_SG\ARS004_Radar_SG.model</model>
        </node>
        <node>
           <name>HP_AGA_7</name>
           <model>usa\gun\aaircraft\AGA015_40mm_Bofors_Mk3\AGA015_40mm_Bofors_Mk3.model</model>
        </node>
        <node>
           <name>HP_AGA_8</name>
           <model>usa\gun\aaircraft\AGA015_40mm_Bofors_Mk3\AGA015_40mm_Bofors_Mk3.model</model>
        </node>
        <node>
           <name>HP_AD_6</name>
           <model>usa\director\AD003_Director_Mk51\AD003_Director_Mk51.model</model>
        </node>
        <node>
           <name>HP_DeckStart</name>
           <model>usa\aircraft\bomber\AAB005_Martin_T4M\AAB005_Martin_T4M.model</model>
        </node>
        <node>
           <name>HP_Deck_20</name>
           <model>usa\aircraft\dive\AAD006_Vought_SBU\AAD006_Vought_SBU.model</model>
        </node>
        <node>
           <name>HP_Deck_21</name>
           <model>usa\aircraft\dive\AAD006_Vought_SBU\AAD006_Vought_SBU.model</model>
        </node>
        <node>
           <name>HP_Deck_22</name>
           <model>usa\aircraft\dive\AAD006_Vought_SBU\AAD006_Vought_SBU.model</model>
        </node>
        <node>
           <name>HP_Deck_23</name>
           <model>usa\aircraft\dive\AAD006_Vought_SBU\AAD006_Vought_SBU.model</model>
        </node>
        <node>
           <name>HP_Deck_16</name>
           <model>usa\aircraft\dive\AAD006_Vought_SBU\AAD006_Vought_SBU.model</model>
        </node>
        <node>
           <name>HP_Deck_18</name>
           <model>usa\aircraft\dive\AAD006_Vought_SBU\AAD006_Vought_SBU.model</model>
        </node>
        <node>
           <name>HP_Deck_19</name>
           <model>usa\aircraft\dive\AAD006_Vought_SBU\AAD006_Vought_SBU.model</model>
        </node>
        <node>
           <name>HP_flag_1</name>
           <model>usa\misc\AM032\AM032.model</model>
        </node>
        <node>
           <name>HP_flag_2</name>
           <model>usa\misc\AM032\AM032.model</model>
        </node>
        <node>
           <name>HP_flag_3</name>
           <model>usa\misc\AM032\AM032.model</model>
        </node>
        <node>
           <name>HP_flag_4</name>
           <model>usa\misc\AM032\AM032.model</model>
        </node>
        <node>
           <name>HP_flag_nation</name>
           <model>usa\misc\AM032\AM032.model</model>
        </node>
        <node>
           <name>MP_AM138ASA024MidFront_0_0</name>
           <model>usa\misc\AM138ASA024MidFront\AM138ASA024MidFront.model</model>
        </node>
        <node>
           <name>MP_AM080ASA024MidFront_0_0</name>
           <model>usa\misc\AM080ASA024MidFront\AM080ASA024MidFront.model</model>
        </node>
        <node>
           <name>MP_AM004_Fairlead_2</name>
           <model>usa\misc\AM004\AM004.model</model>
        </node>
        <node>
           <name>MP_AM049_Signal_Lamp_1</name>
           <model>usa\misc\AM049\AM049.model</model>
        </node>
        <node>
           <name>MP_AM142_Running_Lights_FW</name>
           <model>usa\misc\AM142\AM142.model</model>
        </node>
        <node>
           <name>MP_AM051_Fightin_Light_R</name>
           <model>usa\misc\AM051\AM051.model</model>
        </node>
        <node>
           <name>MP_AM052_Fightin_Light_L</name>
           <model>usa\misc\AM052\AM052.model</model>
        </node>
        <node>
           <name>MP_AM046_Running_Lights_B</name>
           <model>usa\misc\AM046\AM046.model</model>
        </node>
        <node>
           <name>MP_AM010ASA024MidFront_0_0</name>
           <model>usa\misc\AM010ASA024MidFront\AM010ASA024MidFront.model</model>
        </node>
        <node>
           <name>MP_AM132ASA024MidFront_0_0</name>
           <model>usa\misc\AM132ASA024MidFront\AM132ASA024MidFront.model</model>
        </node>
        <node>
           <name>MP_AM152_Log_Desk</name>
           <model>usa\misc\AM152\AM152.model</model>
        </node>
        <node>
           <name>MP_AM187_Switch_Panel_4</name>
           <model>usa\misc\AM187\AM187.model</model>
        </node>
        <node>
           <name>MP_AM018_Compass_Binnacle</name>
           <model>usa\misc\AM018\AM018.model</model>
        </node>
        <node>
           <name>MP_AM077ASA024MidFront_0_0</name>
           <model>usa\misc\AM077ASA024MidFront\AM077ASA024MidFront.model</model>
        </node>
        <node>
           <name>MP_AM038ASA024MidFront_0_0</name>
           <model>usa\misc\AM038ASA024MidFront\AM038ASA024MidFront.model</model>
        </node>
        <node>
           <name>MP_AM063ASA024MidFront_0_0</name>
           <model>usa\misc\AM063ASA024MidFront\AM063ASA024MidFront.model</model>
        </node>
        <node>
           <name>MP_AM064ASA024MidFront_0_0</name>
           <model>usa\misc\AM064ASA024MidFront\AM064ASA024MidFront.model</model>
        </node>
        <node>
           <name>MP_AM085_TBS_Antenna</name>
           <model>usa\misc\AM085\AM085.model</model>
        </node>
        <node>
           <name>MP_AM062ASA024MidFront_0_0</name>
           <model>usa\misc\AM062ASA024MidFront\AM062ASA024MidFront.model</model>
        </node>
        <node>
           <name>MP_AM074ASA024MidFront_0_0</name>
           <model>usa\misc\AM074ASA024MidFront\AM074ASA024MidFront.model</model>
        </node>
        <node>
           <name>MP_AM039_Signalling_Lamp_300mm</name>
           <model>usa\misc\AM039\AM039.model</model>
        </node>
        <node>
           <name>MP_AM050ASA024MidFront_0_0</name>
           <model>usa\misc\AM050ASA024MidFront\AM050ASA024MidFront.model</model>
        </node>
        <node>
           <name>MP_AM189ASA024MidFront_0_0</name>
           <model>usa\misc\AM189ASA024MidFront\AM189ASA024MidFront.model</model>
        </node>
        <node>
           <name>MP_AM098_Siren</name>
           <model>usa\misc\AM098\AM098.model</model>
        </node>
        <node>
           <name>MP_AM180_Siren_2</name>
           <model>usa\misc\AM180\AM180.model</model>
        </node>
        <node>
           <name>MP_AM159ASA024MidFront_0_0</name>
           <model>usa\misc\AM159ASA024MidFront\AM159ASA024MidFront.model</model>
        </node>
        <node>
           <name>MP_CM058ASA024MidFront_0_0</name>
           <model>common\misc\CM058ASA024MidFront\CM058ASA024MidFront.model</model>
        </node>
        <node>
           <name>MP_AM362_YE_Homing_Beacon</name>
           <model>usa\misc\AM362\AM362.model</model>
        </node>
        <node>
           <name>MP_AM360ASA024MidFront_0_0</name>
           <model>usa\misc\AM360ASA024MidFront\AM360ASA024MidFront.model</model>
        </node>
        <node>
           <name>MP_AM359_lube_oil_tank</name>
           <model>usa\misc\AM359\AM359.model</model>
        </node>
        <node>
           <name>MP_AM363_sound_reproducer</name>
           <model>usa\misc\AM363\AM363.model</model>
        </node>
        <node>
           <name>MP_CM012_Fire_Hose_Rack_1</name>
           <model>common\misc\CM012\CM012.model</model>
        </node>
        <node>
           <name>MP_CM051_Fire_Fighting_Gear</name>
           <model>common\misc\CM051\CM051.model</model>
        </node>
        <node>
           <name>MP_CM056_Ships_bell</name>
           <model>common\misc\CM056\CM056.model</model>
        </node>
        <node>
           <name>MP_AM153_Steering_Column</name>
           <model>usa\misc\AM153\AM153.model</model>
        </node>
        <node>
           <name>MP_AM150_Telegraph_Engine</name>
           <model>usa\misc\AM150\AM150.model</model>
        </node>
        <node>
           <name>MP_AM157_Telephone</name>
           <model>usa\misc\AM157\AM157.model</model>
        </node>
        <node>
           <name>MP_AM164ASA024MidFront_0_0</name>
           <model>usa\misc\AM164ASA024MidFront\AM164ASA024MidFront.model</model>
        </node>
        <node>
           <name>MP_AM111ASA024MidFront_0_0</name>
           <model>usa\misc\AM111ASA024MidFront\AM111ASA024MidFront.model</model>
        </node>
        <node>
           <name>MP_CM029_Emergency_Box</name>
           <model>common\misc\CM029\CM029.model</model>
        </node>
        <node>
           <name>MP_AM129_Turtles_box</name>
           <model>usa\misc\AM129\AM129.model</model>
        </node>
        <node>
           <name>MP_AM442ASA024MidFront_0_0</name>
           <model>usa\misc\AM442ASA024MidFront\AM442ASA024MidFront.model</model>
        </node>
        <node>
           <name>MP_AM446_Headphones_locker</name>
           <model>usa\misc\AM446\AM446.model</model>
        </node>
        <node>
           <name>MP_AM433_MC_Box</name>
           <model>usa\misc\AM433\AM433.model</model>
        </node>
        <node>
           <name>MP_AM447_Seat</name>
           <model>usa\misc\AM447\AM447.model</model>
        </node>
        <node>
           <name>MP_AM445_Switch_box_2</name>
           <model>usa\misc\AM445\AM445.model</model>
        </node>
        <node>
           <name>MP_AM440_Switch_Box</name>
           <model>usa\misc\AM440\AM440.model</model>
        </node>
        <node>
           <name>MP_AM025ASA024MidFront_0_0</name>
           <model>usa\misc\AM025ASA024MidFront\AM025ASA024MidFront.model</model>
        </node>
        <node>
           <name>MP_AM549ASA024MidFront_0_0</name>
           <model>usa\misc\AM549ASA024MidFront\AM549ASA024MidFront.model</model>
        </node>
        <node>
           <name>MP_AM364_crane</name>
           <model>usa\misc\AM364\AM364.model</model>
        </node>
        <node>
           <name>HP_Smoke_1</name>
           <model>UNKNOWN_ITEM</model>
        </node>
        <node>
           <name>HP_Smoke_2</name>
           <model>UNKNOWN_ITEM</model>
        </node>
        <node>
           <name>HP_Fire_Burn_2</name>
           <model>UNKNOWN_ITEM</model>
        </node>
        <node>
           <name>HP_NoseWave_Speed</name>
           <model>UNKNOWN_ITEM</model>
        </node>
    </midfront>
    <midback>
      <model>usa\ship\aircarrier\ASA024_Independence_1944\ASA024_Independence_1944_MidBack_ports.model</model>
        <node>
           <name>HP_AGA_11</name>
           <model>usa\gun\aaircraft\AGA015_40mm_Bofors_Mk3\AGA015_40mm_Bofors_Mk3.model</model>
        </node>
        <node>
           <name>HP_AGA_12</name>
           <model>usa\gun\aaircraft\AGA003_20mm_Oerlikon_MK4\AGA003_20mm_Oerlikon_MK4.model</model>
        </node>
        <node>
           <name>HP_AGA_13</name>
           <model>usa\gun\aaircraft\AGA003_20mm_Oerlikon_MK4\AGA003_20mm_Oerlikon_MK4.model</model>
        </node>
        <node>
           <name>HP_AGA_14</name>
           <model>usa\gun\aaircraft\AGA003_20mm_Oerlikon_MK4\AGA003_20mm_Oerlikon_MK4.model</model>
        </node>
        <node>
           <name>HP_AGA_15</name>
           <model>usa\gun\aaircraft\AGA015_40mm_Bofors_Mk3\AGA015_40mm_Bofors_Mk3.model</model>
        </node>
        <node>
           <name>HP_AGA_16</name>
           <model>usa\gun\aaircraft\AGA015_40mm_Bofors_Mk3\AGA015_40mm_Bofors_Mk3.model</model>
        </node>
        <node>
           <name>HP_AGA_17</name>
           <model>usa\gun\aaircraft\AGA003_20mm_Oerlikon_MK4\AGA003_20mm_Oerlikon_MK4.model</model>
        </node>
        <node>
           <name>HP_AGA_18</name>
           <model>usa\gun\aaircraft\AGA003_20mm_Oerlikon_MK4\AGA003_20mm_Oerlikon_MK4.model</model>
        </node>
        <node>
           <name>HP_AGA_19</name>
           <model>usa\gun\aaircraft\AGA003_20mm_Oerlikon_MK4\AGA003_20mm_Oerlikon_MK4.model</model>
        </node>
        <node>
           <name>HP_AGA_20</name>
           <model>usa\gun\aaircraft\AGA003_20mm_Oerlikon_MK4\AGA003_20mm_Oerlikon_MK4.model</model>
        </node>
        <node>
           <name>HP_ARS_3</name>
           <model>usa\radar\search\ARS006_Radar_SK\ARS006_Radar_SK.model</model>
        </node>
        <node>
           <name>HP_ARS_4</name>
           <model>usa\radar\search\ARS067_YG_Radar\ARS067_YG_Radar.model</model>
        </node>
        <node>
           <name>HP_AD_7</name>
           <model>usa\director\AD003_Director_Mk51\AD003_Director_Mk51.model</model>
        </node>
        <node>
           <name>HP_AD_8</name>
           <model>usa\director\AD003_Director_Mk51\AD003_Director_Mk51.model</model>
        </node>
        <node>
           <name>HP_Deck_06</name>
           <model>usa\aircraft\bomber\AAB005_Martin_T4M\AAB005_Martin_T4M.model</model>
        </node>
        <node>
           <name>HP_Deck_08</name>
           <model>usa\aircraft\bomber\AAB005_Martin_T4M\AAB005_Martin_T4M.model</model>
        </node>
        <node>
           <name>HP_Deck_07</name>
           <model>usa\aircraft\bomber\AAB005_Martin_T4M\AAB005_Martin_T4M.model</model>
        </node>
        <node>
           <name>HP_Deck_10</name>
           <model>usa\aircraft\bomber\AAB005_Martin_T4M\AAB005_Martin_T4M.model</model>
        </node>
        <node>
           <name>HP_Deck_09</name>
           <model>usa\aircraft\bomber\AAB005_Martin_T4M\AAB005_Martin_T4M.model</model>
        </node>
        <node>
           <name>HP_Deck_11</name>
           <model>usa\aircraft\bomber\AAB005_Martin_T4M\AAB005_Martin_T4M.model</model>
        </node>
        <node>
           <name>HP_Deck_12</name>
           <model>usa\aircraft\dive\AAD006_Vought_SBU\AAD006_Vought_SBU.model</model>
        </node>
        <node>
           <name>HP_Deck_14</name>
           <model>usa\aircraft\dive\AAD006_Vought_SBU\AAD006_Vought_SBU.model</model>
        </node>
        <node>
           <name>HP_Deck_15</name>
           <model>usa\aircraft\dive\AAD006_Vought_SBU\AAD006_Vought_SBU.model</model>
        </node>
        <node>
           <name>HP_Deck_13</name>
           <model>usa\aircraft\dive\AAD006_Vought_SBU\AAD006_Vought_SBU.model</model>
        </node>
        <node>
           <name>HP_Deck_17</name>
           <model>usa\aircraft\dive\AAD006_Vought_SBU\AAD006_Vought_SBU.model</model>
        </node>
        <node>
           <name>MP_CM002_Propeller4_L</name>
           <model>common\misc\CM002\CM002.model</model>
        </node>
        <node>
           <name>MP_CM033_Propeller4_R</name>
           <model>common\misc\CM033\CM033.model</model>
        </node>
        <node>
           <name>MP_AM138ASA024MidBack_0_0</name>
           <model>usa\misc\AM138ASA024MidBack\AM138ASA024MidBack.model</model>
        </node>
        <node>
           <name>MP_AM080_Whips_Antenna</name>
           <model>usa\misc\AM080\AM080.model</model>
        </node>
        <node>
           <name>MP_AM173ASA024MidBack_0_0</name>
           <model>usa\misc\AM173ASA024MidBack\AM173ASA024MidBack.model</model>
        </node>
        <node>
           <name>MP_AM001ASA024MidBack_0_0</name>
           <model>usa\misc\AM001ASA024MidBack\AM001ASA024MidBack.model</model>
        </node>
        <node>
           <name>MP_AM004ASA024MidBack_0_0</name>
           <model>usa\misc\AM004ASA024MidBack\AM004ASA024MidBack.model</model>
        </node>
        <node>
           <name>MP_CM026_Stairway_Small_L</name>
           <model>common\misc\CM026\CM026.model</model>
        </node>
        <node>
           <name>MP_CM027_Stairway_Small_R</name>
           <model>common\misc\CM027\CM027.model</model>
        </node>
        <node>
           <name>MP_AM074ASA024MidBack_0_0</name>
           <model>usa\misc\AM074ASA024MidBack\AM074ASA024MidBack.model</model>
        </node>
        <node>
           <name>MP_AM010ASA024MidBack_0_0</name>
           <model>usa\misc\AM010ASA024MidBack\AM010ASA024MidBack.model</model>
        </node>
        <node>
           <name>MP_AM189ASA024MidBack_0_0</name>
           <model>usa\misc\AM189ASA024MidBack\AM189ASA024MidBack.model</model>
        </node>
        <node>
           <name>MP_AM062_IFF_Antenna</name>
           <model>usa\misc\AM062\AM062.model</model>
        </node>
        <node>
           <name>MP_CM058ASA024MidBack_0_0</name>
           <model>common\misc\CM058ASA024MidBack\CM058ASA024MidBack.model</model>
        </node>
        <node>
           <name>MP_CM012ASA024MidBack_0_0</name>
           <model>common\misc\CM012ASA024MidBack\CM012ASA024MidBack.model</model>
        </node>
        <node>
           <name>MP_CM051ASA024MidBack_0_0</name>
           <model>common\misc\CM051ASA024MidBack\CM051ASA024MidBack.model</model>
        </node>
        <node>
           <name>MP_AM448_Antenna_CPN6</name>
           <model>usa\misc\AM448\AM448.model</model>
        </node>
        <node>
           <name>MP_AM549ASA024MidBack_0_0</name>
           <model>usa\misc\AM549ASA024MidBack\AM549ASA024MidBack.model</model>
        </node>
        <node>
           <name>HP_Smoke_3</name>
           <model>UNKNOWN_ITEM</model>
        </node>
        <node>
           <name>HP_Smoke_4</name>
           <model>UNKNOWN_ITEM</model>
        </node>
        <node>
           <name>HP_Fire_Burn_3</name>
           <model>UNKNOWN_ITEM</model>
        </node>
    </midback>
    <stern>
      <model>usa\ship\aircarrier\ASA024_Independence_1944\ASA024_Independence_1944_Stern_ports.model</model>
        <node>
           <name>HP_AGA_21</name>
           <model>usa\gun\aaircraft\AGA002_40mm_Bofors_Mk1\AGA002_40mm_Bofors_Mk1.model</model>
        </node>
        <node>
           <name>HP_AGA_22</name>
           <model>usa\gun\aaircraft\AGA015_40mm_Bofors_Mk3\AGA015_40mm_Bofors_Mk3.model</model>
        </node>
        <node>
           <name>HP_AGA_23</name>
           <model>usa\gun\aaircraft\AGA003_20mm_Oerlikon_MK4\AGA003_20mm_Oerlikon_MK4.model</model>
        </node>
        <node>
           <name>HP_AGA_24</name>
           <model>usa\gun\aaircraft\AGA003_20mm_Oerlikon_MK4\AGA003_20mm_Oerlikon_MK4.model</model>
        </node>
        <node>
           <name>HP_AGS_2</name>
           <model>usa\gun\secondary\AGS022_5in38_Mk24\AGS022_5in38_Mk24.model</model>
        </node>
        <node>
           <name>HP_AD_9</name>
           <model>usa\director\AD003_Director_Mk51\AD003_Director_Mk51.model</model>
        </node>
        <node>
           <name>HP_AD_10</name>
           <model>usa\director\AD003_Director_Mk51\AD003_Director_Mk51.model</model>
        </node>
        <node>
           <name>HP_AD_11</name>
           <model>usa\director\AD003_Director_Mk51\AD003_Director_Mk51.model</model>
        </node>
        <node>
           <name>HP_Deck_05</name>
           <model>usa\aircraft\fighter\AAF017_Boeing_F4B\AAF017_Boeing_F4B.model</model>
        </node>
        <node>
           <name>HP_DeckLand</name>
           <model>usa\aircraft\bomber\AAB005_Martin_T4M\AAB005_Martin_T4M.model</model>
        </node>
        <node>
           <name>HP_DisappearPoint</name>
           <model>usa\aircraft\bomber\AAB005_Martin_T4M\AAB005_Martin_T4M.model</model>
        </node>
        <node>
           <name>HP_Deck_01</name>
           <model>usa\aircraft\fighter\AAF017_Boeing_F4B\AAF017_Boeing_F4B.model</model>
        </node>
        <node>
           <name>HP_Deck_03</name>
           <model>usa\aircraft\fighter\AAF017_Boeing_F4B\AAF017_Boeing_F4B.model</model>
        </node>
        <node>
           <name>HP_Deck_02</name>
           <model>usa\aircraft\fighter\AAF017_Boeing_F4B\AAF017_Boeing_F4B.model</model>
        </node>
        <node>
           <name>HP_Deck_00</name>
           <model>usa\aircraft\fighter\AAF017_Boeing_F4B\AAF017_Boeing_F4B.model</model>
        </node>
        <node>
           <name>HP_Deck_04</name>
           <model>usa\aircraft\fighter\AAF017_Boeing_F4B\AAF017_Boeing_F4B.model</model>
        </node>
        <node>
           <name>MP_CM002_Propeller4_L</name>
           <model>common\misc\CM002\CM002.model</model>
        </node>
        <node>
           <name>MP_CM033_Propeller4_R</name>
           <model>common\misc\CM033\CM033.model</model>
        </node>
        <node>
           <name>MP_AM044ASA024Stern_0_0</name>
           <model>usa\misc\AM044ASA024Stern\AM044ASA024Stern.model</model>
        </node>
        <node>
           <name>MP_AM138ASA024Stern_0_0</name>
           <model>usa\misc\AM138ASA024Stern\AM138ASA024Stern.model</model>
        </node>
        <node>
           <name>MP_AM001ASA024Stern_0_0</name>
           <model>usa\misc\AM001ASA024Stern\AM001ASA024Stern.model</model>
        </node>
        <node>
           <name>MP_AM004ASA024Stern_0_0</name>
           <model>usa\misc\AM004ASA024Stern\AM004ASA024Stern.model</model>
        </node>
        <node>
           <name>MP_AM049_Signal_Lamp_1</name>
           <model>usa\misc\AM049\AM049.model</model>
        </node>
        <node>
           <name>MP_AM200ASA024Stern_0_0</name>
           <model>usa\misc\AM200ASA024Stern\AM200ASA024Stern.model</model>
        </node>
        <node>
           <name>MP_CM013ASA024Stern_0_0</name>
           <model>common\misc\CM013ASA024Stern\CM013ASA024Stern.model</model>
        </node>
        <node>
           <name>MP_AM108ASA024Stern_0_0</name>
           <model>usa\misc\AM108ASA024Stern\AM108ASA024Stern.model</model>
        </node>
        <node>
           <name>MP_AM066_Ammunition_Box_7</name>
           <model>usa\misc\AM066\AM066.model</model>
        </node>
        <node>
           <name>MP_AM091ASA024Stern_0_0</name>
           <model>usa\misc\AM091ASA024Stern\AM091ASA024Stern.model</model>
        </node>
        <node>
           <name>MP_AM114ASA024Stern_0_0</name>
           <model>usa\misc\AM114ASA024Stern\AM114ASA024Stern.model</model>
        </node>
        <node>
           <name>MP_AM352_Stern_Light</name>
           <model>usa\misc\AM352\AM352.model</model>
        </node>
        <node>
           <name>MP_CM010_Fire_Hose_Reel</name>
           <model>common\misc\CM010\CM010.model</model>
        </node>
        <node>
           <name>MP_CM011ASA024Stern_0_0</name>
           <model>common\misc\CM011ASA024Stern\CM011ASA024Stern.model</model>
        </node>
        <node>
           <name>MP_AM010_Speaker_1</name>
           <model>usa\misc\AM010\AM010.model</model>
        </node>
        <node>
           <name>MP_AM189ASA024Stern_0_0</name>
           <model>usa\misc\AM189ASA024Stern\AM189ASA024Stern.model</model>
        </node>
        <node>
           <name>MP_CM058ASA024Stern_0_0</name>
           <model>common\misc\CM058ASA024Stern\CM058ASA024Stern.model</model>
        </node>
        <node>
           <name>MP_CM012ASA024Stern_0_0</name>
           <model>common\misc\CM012ASA024Stern\CM012ASA024Stern.model</model>
        </node>
        <node>
           <name>MP_CM051ASA024Stern_0_0</name>
           <model>common\misc\CM051ASA024Stern\CM051ASA024Stern.model</model>
        </node>
        <node>
           <name>MP_CM029_Emergency_Box</name>
           <model>common\misc\CM029\CM029.model</model>
        </node>
        <node>
           <name>MP_AM030_Ammunition_Box4</name>
           <model>usa\misc\AM030\AM030.model</model>
        </node>
        <node>
           <name>MP_AM549ASA024Stern_0_0</name>
           <model>usa\misc\AM549ASA024Stern\AM549ASA024Stern.model</model>
        </node>
        <node>
           <name>HP_Fire_Burn_4</name>
           <model>UNKNOWN_ITEM</model>
        </node>
    </stern>
  </sections>
</ASA024_Independence_1944.xml>
