<ASB001_Michigan_1916.xml>
  <sections>
    <bow>
      <model>usa\ship\battleship\ASB001_Michigan_1916\ASB001_Michigan_1916_bow_ports.model</model>
        <node>
           <name>HP_AGM_1</name>
           <model>usa\gun\main\AGM052_12in45_Mk5\AGM052_12in45_Mk5.model</model>
        </node>
        <node>
           <name>MP_AM219_Bollard</name>
           <model>usa\misc\AM219\AM219.model</model>
        </node>
        <node>
           <name>MP_AM219_Bollard_INDEX_1</name>
           <model>usa\misc\AM219\AM219.model</model>
        </node>
        <node>
           <name>MP_AM219_Bollard_INDEX_2</name>
           <model>usa\misc\AM219\AM219.model</model>
        </node>
        <node>
           <name>MP_AM219_Bollard_INDEX_3</name>
           <model>usa\misc\AM219\AM219.model</model>
        </node>
        <node>
           <name>MP_AM216_Hatch</name>
           <model>usa\misc\AM216\AM216.model</model>
        </node>
        <node>
           <name>MP_AM218_Hatch</name>
           <model>usa\misc\AM218\AM218.model</model>
        </node>
        <node>
           <name>MP_AM218_Hatch_INDEX_1</name>
           <model>usa\misc\AM218\AM218.model</model>
        </node>
        <node>
           <name>MP_AM219_Bollard_INDEX_4</name>
           <model>usa\misc\AM219\AM219.model</model>
        </node>
        <node>
           <name>MP_AM207_Crane</name>
           <model>usa\misc\AM207\AM207.model</model>
        </node>
        <node>
           <name>MP_AM289_Ventilation</name>
           <model>usa\misc\AM289\AM289.model</model>
        </node>
        <node>
           <name>MP_CM004_Barbette_Out</name>
           <model>common\misc\CM004\CM004.model</model>
        </node>
        <node>
           <name>MP_AM347_Fairlead</name>
           <model>usa\misc\AM347\AM347.model</model>
        </node>
        <node>
           <name>MP_AM347_Fairlead_INDEX_1</name>
           <model>usa\misc\AM347\AM347.model</model>
        </node>
        <node>
           <name>MP_AM347_Fairlead_INDEX_2</name>
           <model>usa\misc\AM347\AM347.model</model>
        </node>
        <node>
           <name>MP_AM347_Fairlead_INDEX_3</name>
           <model>usa\misc\AM347\AM347.model</model>
        </node>
        <node>
           <name>MP_CM011_Fire_Fighting_Gear</name>
           <model>common\misc\CM011\CM011.model</model>
        </node>
        <node>
           <name>MP_CM011_Fire_Fighting_Gear_INDEX_1</name>
           <model>common\misc\CM011\CM011.model</model>
        </node>
        <node>
           <name>MP_CM080_Anchor</name>
           <model>common\misc\CM080\CM080.model</model>
        </node>
        <node>
           <name>MP_AM517_Hatch</name>
           <model>usa\misc\AM517\AM517.model</model>
        </node>
        <node>
           <name>MP_AM517_Hatch_INDEX_1</name>
           <model>usa\misc\AM517\AM517.model</model>
        </node>
        <node>
           <name>MP_AM517_Hatch_INDEX_2</name>
           <model>usa\misc\AM517\AM517.model</model>
        </node>
        <node>
           <name>MP_AM517_Hatch_INDEX_3</name>
           <model>usa\misc\AM517\AM517.model</model>
        </node>
        <node>
           <name>MP_AM003_Fairlead_1</name>
           <model>usa\misc\AM003\AM003.model</model>
        </node>
        <node>
           <name>MP_AM003_Fairlead_1_INDEX_1</name>
           <model>usa\misc\AM003\AM003.model</model>
        </node>
        <node>
           <name>MP_AM563_Hatch</name>
           <model>usa\misc\AM563\AM563.model</model>
        </node>
        <node>
           <name>HP_Fire_Burn_1</name>
           <model>UNKNOWN_ITEM</model>
        </node>
    </bow>
    <midfront>
      <model>usa\ship\battleship\ASB001_Michigan_1916\ASB001_Michigan_1916_MidFront_ports.model</model>
        <node>
           <name>HP_AF_1</name>
           <model>usa\finder\AF059_Rangefinder_3m\AF059_Rangefinder_3m.model</model>
        </node>
        <node>
           <name>HP_AGM_2</name>
           <model>usa\gun\main\AGM052_12in45_Mk5\AGM052_12in45_Mk5.model</model>
        </node>
        <node>
           <name>HP_AGS_1</name>
           <model>usa\gun\secondary\AGS045_3in50_Mk4\AGS045_3in50_Mk4.model</model>
        </node>
        <node>
           <name>HP_AGS_2</name>
           <model>usa\gun\secondary\AGS045_3in50_Mk4\AGS045_3in50_Mk4.model</model>
        </node>
        <node>
           <name>HP_AGS_3</name>
           <model>usa\gun\secondary\AGS045_3in50_Mk4\AGS045_3in50_Mk4.model</model>
        </node>
        <node>
           <name>HP_AGS_4</name>
           <model>usa\gun\secondary\AGS045_3in50_Mk4\AGS045_3in50_Mk4.model</model>
        </node>
        <node>
           <name>HP_AGS_5</name>
           <model>usa\gun\secondary\AGS045_3in50_Mk4\AGS045_3in50_Mk4.model</model>
        </node>
        <node>
           <name>HP_AGS_6</name>
           <model>usa\gun\secondary\AGS045_3in50_Mk4\AGS045_3in50_Mk4.model</model>
        </node>
        <node>
           <name>HP_AGS_7</name>
           <model>usa\gun\secondary\AGS045_3in50_Mk4\AGS045_3in50_Mk4.model</model>
        </node>
        <node>
           <name>HP_AGS_8</name>
           <model>usa\gun\secondary\AGS045_3in50_Mk4\AGS045_3in50_Mk4.model</model>
        </node>
        <node>
           <name>HP_flag_1</name>
           <model>usa\misc\AM032\AM032.model</model>
        </node>
        <node>
           <name>HP_flag_2</name>
           <model>usa\misc\AM032\AM032.model</model>
        </node>
        <node>
           <name>HP_flag_3</name>
           <model>usa\misc\AM032\AM032.model</model>
        </node>
        <node>
           <name>HP_flag_4</name>
           <model>usa\misc\AM032\AM032.model</model>
        </node>
        <node>
           <name>MP_AM219_Bollard</name>
           <model>usa\misc\AM219\AM219.model</model>
        </node>
        <node>
           <name>MP_AM219_Bollard_INDEX_1</name>
           <model>usa\misc\AM219\AM219.model</model>
        </node>
        <node>
           <name>MP_AM218_Hatch</name>
           <model>usa\misc\AM218\AM218.model</model>
        </node>
        <node>
           <name>MP_AM218_Hatch_INDEX_1</name>
           <model>usa\misc\AM218\AM218.model</model>
        </node>
        <node>
           <name>MP_AM254_Hatch</name>
           <model>usa\misc\AM254\AM254.model</model>
        </node>
        <node>
           <name>MP_AM254_Hatch_INDEX_1</name>
           <model>usa\misc\AM254\AM254.model</model>
        </node>
        <node>
           <name>MP_AM174_Insulator_2</name>
           <model>usa\misc\AM174\AM174.model</model>
        </node>
        <node>
           <name>MP_AM174_Insulator_2_INDEX_1</name>
           <model>usa\misc\AM174\AM174.model</model>
        </node>
        <node>
           <name>MP_AM174_Insulator_2_INDEX_2</name>
           <model>usa\misc\AM174\AM174.model</model>
        </node>
        <node>
           <name>MP_AM225_Searchlight_900mm</name>
           <model>usa\misc\AM225\AM225.model</model>
        </node>
        <node>
           <name>MP_AM225_Searchlight_900mm_INDEX_1</name>
           <model>usa\misc\AM225\AM225.model</model>
        </node>
        <node>
           <name>MP_AM254_Hatch_INDEX_2</name>
           <model>usa\misc\AM254\AM254.model</model>
        </node>
        <node>
           <name>MP_AM254_Hatch_INDEX_3</name>
           <model>usa\misc\AM254\AM254.model</model>
        </node>
        <node>
           <name>MP_AM258_Crane</name>
           <model>usa\misc\AM258\AM258.model</model>
        </node>
        <node>
           <name>MP_AM259_Crane_deck_1</name>
           <model>usa\misc\AM259\AM259.model</model>
        </node>
        <node>
           <name>MP_AM225_Searchlight_900mm_INDEX_2</name>
           <model>usa\misc\AM225\AM225.model</model>
        </node>
        <node>
           <name>MP_AM288_Franklin_Life_Buoy</name>
           <model>usa\misc\AM288\AM288.model</model>
        </node>
        <node>
           <name>MP_AM288_Franklin_Life_Buoy_INDEX_1</name>
           <model>usa\misc\AM288\AM288.model</model>
        </node>
        <node>
           <name>MP_AM289_Ventilation</name>
           <model>usa\misc\AM289\AM289.model</model>
        </node>
        <node>
           <name>MP_AM289_Ventilation_INDEX_1</name>
           <model>usa\misc\AM289\AM289.model</model>
        </node>
        <node>
           <name>MP_CM004_Barbette_Out</name>
           <model>common\misc\CM004\CM004.model</model>
        </node>
        <node>
           <name>MP_AM047_Running_Lights_R</name>
           <model>usa\misc\AM047\AM047.model</model>
        </node>
        <node>
           <name>MP_AM048_Running_Lights_L</name>
           <model>usa\misc\AM048\AM048.model</model>
        </node>
        <node>
           <name>MP_AM290_Flag_Box</name>
           <model>usa\misc\AM290\AM290.model</model>
        </node>
        <node>
           <name>MP_AM290_Flag_Box_INDEX_1</name>
           <model>usa\misc\AM290\AM290.model</model>
        </node>
        <node>
           <name>MP_AM235_Winch</name>
           <model>usa\misc\AM235\AM235.model</model>
        </node>
        <node>
           <name>MP_CM030_Swab_Rack_2</name>
           <model>common\misc\CM030\CM030.model</model>
        </node>
        <node>
           <name>MP_CM030_Swab_Rack_2_INDEX_1</name>
           <model>common\misc\CM030\CM030.model</model>
        </node>
        <node>
           <name>MP_AM256_Ammunition_Box</name>
           <model>usa\misc\AM256\AM256.model</model>
        </node>
        <node>
           <name>MP_AM256_Ammunition_Box_INDEX_1</name>
           <model>usa\misc\AM256\AM256.model</model>
        </node>
        <node>
           <name>MP_AM071_Signal_Lamp_2</name>
           <model>usa\misc\AM071\AM071.model</model>
        </node>
        <node>
           <name>MP_AM071_Signal_Lamp_2_INDEX_1</name>
           <model>usa\misc\AM071\AM071.model</model>
        </node>
        <node>
           <name>MP_AM358_Signal_Lamp</name>
           <model>usa\misc\AM358\AM358.model</model>
        </node>
        <node>
           <name>MP_AM253_Ventilation</name>
           <model>usa\misc\AM253\AM253.model</model>
        </node>
        <node>
           <name>MP_AM253_Ventilation_INDEX_1</name>
           <model>usa\misc\AM253\AM253.model</model>
        </node>
        <node>
           <name>MP_AM025_Pelorus_Mk7</name>
           <model>usa\misc\AM025\AM025.model</model>
        </node>
        <node>
           <name>MP_AM025_Pelorus_Mk7_INDEX_1</name>
           <model>usa\misc\AM025\AM025.model</model>
        </node>
        <node>
           <name>MP_AM256_Ammunition_Box_INDEX_2</name>
           <model>usa\misc\AM256\AM256.model</model>
        </node>
        <node>
           <name>MP_AM256_Ammunition_Box_INDEX_3</name>
           <model>usa\misc\AM256\AM256.model</model>
        </node>
        <node>
           <name>MP_AM256_Ammunition_Box_INDEX_4</name>
           <model>usa\misc\AM256\AM256.model</model>
        </node>
        <node>
           <name>MP_AM256_Ammunition_Box_INDEX_5</name>
           <model>usa\misc\AM256\AM256.model</model>
        </node>
        <node>
           <name>MP_AM347_Fairlead</name>
           <model>usa\misc\AM347\AM347.model</model>
        </node>
        <node>
           <name>MP_AM347_Fairlead_INDEX_1</name>
           <model>usa\misc\AM347\AM347.model</model>
        </node>
        <node>
           <name>MP_AM347_Fairlead_INDEX_2</name>
           <model>usa\misc\AM347\AM347.model</model>
        </node>
        <node>
           <name>MP_AM347_Fairlead_INDEX_3</name>
           <model>usa\misc\AM347\AM347.model</model>
        </node>
        <node>
           <name>MP_AM347_Fairlead_INDEX_4</name>
           <model>usa\misc\AM347\AM347.model</model>
        </node>
        <node>
           <name>MP_AM347_Fairlead_INDEX_5</name>
           <model>usa\misc\AM347\AM347.model</model>
        </node>
        <node>
           <name>MP_CM011_Fire_Fighting_Gear</name>
           <model>common\misc\CM011\CM011.model</model>
        </node>
        <node>
           <name>MP_CM011_Fire_Fighting_Gear_INDEX_1</name>
           <model>common\misc\CM011\CM011.model</model>
        </node>
        <node>
           <name>MP_CM012_Fire_Hose_Rack_1</name>
           <model>common\misc\CM012\CM012.model</model>
        </node>
        <node>
           <name>MP_CM012_Fire_Hose_Rack_1_INDEX_1</name>
           <model>common\misc\CM012\CM012.model</model>
        </node>
        <node>
           <name>MP_AM302_Semaphore</name>
           <model>usa\misc\AM302\AM302.model</model>
        </node>
        <node>
           <name>MP_AM302_Semaphore_INDEX_1</name>
           <model>usa\misc\AM302\AM302.model</model>
        </node>
        <node>
           <name>MP_CM056_Ships_bell</name>
           <model>common\misc\CM056\CM056.model</model>
        </node>
        <node>
           <name>MP_AM289_Ventilation_INDEX_2</name>
           <model>usa\misc\AM289\AM289.model</model>
        </node>
        <node>
           <name>MP_AM289_Ventilation_INDEX_3</name>
           <model>usa\misc\AM289\AM289.model</model>
        </node>
        <node>
           <name>MP_AM289_Ventilation_INDEX_4</name>
           <model>usa\misc\AM289\AM289.model</model>
        </node>
        <node>
           <name>MP_AM289_Ventilation_INDEX_5</name>
           <model>usa\misc\AM289\AM289.model</model>
        </node>
        <node>
           <name>MP_AM428_Ammunition_box</name>
           <model>usa\misc\AM428\AM428.model</model>
        </node>
        <node>
           <name>MP_AM428_Ammunition_box_INDEX_1</name>
           <model>usa\misc\AM428\AM428.model</model>
        </node>
        <node>
           <name>MP_AM218_Hatch_INDEX_2</name>
           <model>usa\misc\AM218\AM218.model</model>
        </node>
        <node>
           <name>MP_AM218_Hatch_INDEX_3</name>
           <model>usa\misc\AM218\AM218.model</model>
        </node>
        <node>
           <name>MP_CM040_Steering_Wheel</name>
           <model>common\misc\CM040\CM040.model</model>
        </node>
        <node>
           <name>MP_AM018_Compass_Binnacle</name>
           <model>usa\misc\AM018\AM018.model</model>
        </node>
        <node>
           <name>MP_CM053_Telegraph</name>
           <model>common\misc\CM053\CM053.model</model>
        </node>
        <node>
           <name>MP_CM053_Telegraph_INDEX_1</name>
           <model>common\misc\CM053\CM053.model</model>
        </node>
        <node>
           <name>MP_AM077_Paravane</name>
           <model>usa\misc\AM077\AM077.model</model>
        </node>
        <node>
           <name>MP_AM077_Paravane_INDEX_1</name>
           <model>usa\misc\AM077\AM077.model</model>
        </node>
        <node>
           <name>MP_AM476_Kingpost</name>
           <model>usa\misc\AM476\AM476.model</model>
        </node>
        <node>
           <name>MP_AM476_Kingpost_INDEX_1</name>
           <model>usa\misc\AM476\AM476.model</model>
        </node>
        <node>
           <name>MP_AM484_Ammo_hoist</name>
           <model>usa\misc\AM484\AM484.model</model>
        </node>
        <node>
           <name>MP_AM484_Ammo_hoist_INDEX_1</name>
           <model>usa\misc\AM484\AM484.model</model>
        </node>
        <node>
           <name>MP_AM151_Gyro_Repeater</name>
           <model>usa\misc\AM151\AM151.model</model>
        </node>
        <node>
           <name>MP_AM503_Ammunition_Box</name>
           <model>usa\misc\AM503\AM503.model</model>
        </node>
        <node>
           <name>MP_AM503_Ammunition_Box_INDEX_1</name>
           <model>usa\misc\AM503\AM503.model</model>
        </node>
        <node>
           <name>MP_AM503_Ammunition_Box_INDEX_2</name>
           <model>usa\misc\AM503\AM503.model</model>
        </node>
        <node>
           <name>MP_AM503_Ammunition_Box_INDEX_3</name>
           <model>usa\misc\AM503\AM503.model</model>
        </node>
        <node>
           <name>MP_AM503_Ammunition_Box_INDEX_4</name>
           <model>usa\misc\AM503\AM503.model</model>
        </node>
        <node>
           <name>MP_CM028_Swab_Rack</name>
           <model>common\misc\CM028\CM028.model</model>
        </node>
        <node>
           <name>MP_CM028_Swab_Rack_INDEX_1</name>
           <model>common\misc\CM028\CM028.model</model>
        </node>
        <node>
           <name>MP_AM108_Reels_4</name>
           <model>usa\misc\AM108\AM108.model</model>
        </node>
        <node>
           <name>MP_AM108_Reels_4_INDEX_1</name>
           <model>usa\misc\AM108\AM108.model</model>
        </node>
        <node>
           <name>MP_CM080_Anchor</name>
           <model>common\misc\CM080\CM080.model</model>
        </node>
        <node>
           <name>MP_AM522_Electric_Stand</name>
           <model>usa\misc\AM522\AM522.model</model>
        </node>
        <node>
           <name>MP_AM525_Rev_Ind</name>
           <model>usa\misc\AM525\AM525.model</model>
        </node>
        <node>
           <name>MP_AM525_Rev_Ind_INDEX_1</name>
           <model>usa\misc\AM525\AM525.model</model>
        </node>
        <node>
           <name>MP_AM523_Rudder_Ind</name>
           <model>usa\misc\AM523\AM523.model</model>
        </node>
        <node>
           <name>MP_AM517_Hatch</name>
           <model>usa\misc\AM517\AM517.model</model>
        </node>
        <node>
           <name>MP_AM517_Hatch_INDEX_1</name>
           <model>usa\misc\AM517\AM517.model</model>
        </node>
        <node>
           <name>MP_CM012_Fire_Hose_Rack_1_INDEX_2</name>
           <model>common\misc\CM012\CM012.model</model>
        </node>
        <node>
           <name>MP_CM012_Fire_Hose_Rack_1_INDEX_3</name>
           <model>common\misc\CM012\CM012.model</model>
        </node>
        <node>
           <name>MP_CM012_Fire_Hose_Rack_1_INDEX_4</name>
           <model>common\misc\CM012\CM012.model</model>
        </node>
        <node>
           <name>HP_Smoke_1</name>
           <model>UNKNOWN_ITEM</model>
        </node>
        <node>
           <name>HP_Smoke_2</name>
           <model>UNKNOWN_ITEM</model>
        </node>
        <node>
           <name>HP_Fire_Burn_2</name>
           <model>UNKNOWN_ITEM</model>
        </node>
        <node>
           <name>HP_NoseWave_Speed</name>
           <model>UNKNOWN_ITEM</model>
        </node>
    </midfront>
    <midback>
      <model>usa\ship\battleship\ASB001_Michigan_1916\ASB001_Michigan_1916_MidBack_ports.model</model>
        <node>
           <name>HP_AD_1</name>
           <model>usa\director\AD078_Directorscope_mk1\AD078_Directorscope_mk1.model</model>
        </node>
        <node>
           <name>HP_AD_2</name>
           <model>usa\director\AD078_Directorscope_mk1\AD078_Directorscope_mk1.model</model>
        </node>
        <node>
           <name>HP_AD_3</name>
           <model>usa\director\AD078_Directorscope_mk1\AD078_Directorscope_mk1.model</model>
        </node>
        <node>
           <name>HP_AD_4</name>
           <model>usa\director\AD078_Directorscope_mk1\AD078_Directorscope_mk1.model</model>
        </node>
        <node>
           <name>HP_AF_2</name>
           <model>usa\finder\AF059_Rangefinder_3m\AF059_Rangefinder_3m.model</model>
        </node>
        <node>
           <name>HP_AGM_3</name>
           <model>usa\gun\main\AGM052_12in45_Mk5\AGM052_12in45_Mk5.model</model>
        </node>
        <node>
           <name>HP_AGS_9</name>
           <model>usa\gun\secondary\AGS045_3in50_Mk4\AGS045_3in50_Mk4.model</model>
        </node>
        <node>
           <name>HP_AGS_10</name>
           <model>usa\gun\secondary\AGS045_3in50_Mk4\AGS045_3in50_Mk4.model</model>
        </node>
        <node>
           <name>HP_AGS_11</name>
           <model>usa\gun\secondary\AGS045_3in50_Mk4\AGS045_3in50_Mk4.model</model>
        </node>
        <node>
           <name>HP_AGS_12</name>
           <model>usa\gun\secondary\AGS045_3in50_Mk4\AGS045_3in50_Mk4.model</model>
        </node>
        <node>
           <name>HP_AGS_13</name>
           <model>usa\gun\secondary\AGS045_3in50_Mk4\AGS045_3in50_Mk4.model</model>
        </node>
        <node>
           <name>HP_AGS_14</name>
           <model>usa\gun\secondary\AGS045_3in50_Mk4\AGS045_3in50_Mk4.model</model>
        </node>
        <node>
           <name>HP_AGS_15</name>
           <model>usa\gun\secondary\AGS045_3in50_Mk4\AGS045_3in50_Mk4.model</model>
        </node>
        <node>
           <name>HP_AGS_16</name>
           <model>usa\gun\secondary\AGS045_3in50_Mk4\AGS045_3in50_Mk4.model</model>
        </node>
        <node>
           <name>HP_AGS_17</name>
           <model>usa\gun\secondary\AGS045_3in50_Mk4\AGS045_3in50_Mk4.model</model>
        </node>
        <node>
           <name>HP_AGS_18</name>
           <model>usa\gun\secondary\AGS045_3in50_Mk4\AGS045_3in50_Mk4.model</model>
        </node>
        <node>
           <name>HP_AGS_19</name>
           <model>usa\gun\secondary\AGS045_3in50_Mk4\AGS045_3in50_Mk4.model</model>
        </node>
        <node>
           <name>HP_AGS_20</name>
           <model>usa\gun\secondary\AGS045_3in50_Mk4\AGS045_3in50_Mk4.model</model>
        </node>
        <node>
           <name>HP_AGS_21</name>
           <model>usa\gun\secondary\AGS045_3in50_Mk4\AGS045_3in50_Mk4.model</model>
        </node>
        <node>
           <name>HP_AGS_22</name>
           <model>usa\gun\secondary\AGS045_3in50_Mk4\AGS045_3in50_Mk4.model</model>
        </node>
        <node>
           <name>HP_flag_nation</name>
           <model>usa\misc\AM032\AM032.model</model>
        </node>
        <node>
           <name>MP_AM219_Bollard</name>
           <model>usa\misc\AM219\AM219.model</model>
        </node>
        <node>
           <name>MP_AM219_Bollard_INDEX_1</name>
           <model>usa\misc\AM219\AM219.model</model>
        </node>
        <node>
           <name>MP_AM219_Bollard_INDEX_2</name>
           <model>usa\misc\AM219\AM219.model</model>
        </node>
        <node>
           <name>MP_AM219_Bollard_INDEX_3</name>
           <model>usa\misc\AM219\AM219.model</model>
        </node>
        <node>
           <name>MP_AM218_Hatch</name>
           <model>usa\misc\AM218\AM218.model</model>
        </node>
        <node>
           <name>MP_AM218_Hatch_INDEX_1</name>
           <model>usa\misc\AM218\AM218.model</model>
        </node>
        <node>
           <name>MP_AM254_Hatch</name>
           <model>usa\misc\AM254\AM254.model</model>
        </node>
        <node>
           <name>MP_AM254_Hatch_INDEX_1</name>
           <model>usa\misc\AM254\AM254.model</model>
        </node>
        <node>
           <name>MP_AM254_Hatch_INDEX_2</name>
           <model>usa\misc\AM254\AM254.model</model>
        </node>
        <node>
           <name>MP_AM254_Hatch_INDEX_3</name>
           <model>usa\misc\AM254\AM254.model</model>
        </node>
        <node>
           <name>MP_AM225_Searchlight_900mm</name>
           <model>usa\misc\AM225\AM225.model</model>
        </node>
        <node>
           <name>MP_AM225_Searchlight_900mm_INDEX_1</name>
           <model>usa\misc\AM225\AM225.model</model>
        </node>
        <node>
           <name>MP_AM209_Boat_Winch</name>
           <model>usa\misc\AM209\AM209.model</model>
        </node>
        <node>
           <name>MP_AM209_Boat_Winch_INDEX_1</name>
           <model>usa\misc\AM209\AM209.model</model>
        </node>
        <node>
           <name>MP_AM209_Boat_Winch_INDEX_2</name>
           <model>usa\misc\AM209\AM209.model</model>
        </node>
        <node>
           <name>MP_AM254_Hatch_INDEX_4</name>
           <model>usa\misc\AM254\AM254.model</model>
        </node>
        <node>
           <name>MP_AM254_Hatch_INDEX_5</name>
           <model>usa\misc\AM254\AM254.model</model>
        </node>
        <node>
           <name>MP_AM258_Crane</name>
           <model>usa\misc\AM258\AM258.model</model>
        </node>
        <node>
           <name>MP_AM259_Crane_deck_1</name>
           <model>usa\misc\AM259\AM259.model</model>
        </node>
        <node>
           <name>MP_AM261_Steam_Launch</name>
           <model>usa\misc\AM261\AM261.model</model>
        </node>
        <node>
           <name>MP_AM261_Steam_Launch_INDEX_1</name>
           <model>usa\misc\AM261\AM261.model</model>
        </node>
        <node>
           <name>MP_AM225_Searchlight_900mm_INDEX_2</name>
           <model>usa\misc\AM225\AM225.model</model>
        </node>
        <node>
           <name>MP_AM225_Searchlight_900mm_INDEX_3</name>
           <model>usa\misc\AM225\AM225.model</model>
        </node>
        <node>
           <name>MP_AM230_Launch_40ft</name>
           <model>usa\misc\AM230\AM230.model</model>
        </node>
        <node>
           <name>MP_AM230_Launch_40ft_INDEX_1</name>
           <model>usa\misc\AM230\AM230.model</model>
        </node>
        <node>
           <name>MP_CM007_Boat_Stowage_1</name>
           <model>common\misc\CM007\CM007.model</model>
        </node>
        <node>
           <name>MP_CM007_Boat_Stowage_1_INDEX_1</name>
           <model>common\misc\CM007\CM007.model</model>
        </node>
        <node>
           <name>MP_AM230_Launch_40ft_INDEX_2</name>
           <model>usa\misc\AM230\AM230.model</model>
        </node>
        <node>
           <name>MP_CM007_Boat_Stowage_1_INDEX_2</name>
           <model>common\misc\CM007\CM007.model</model>
        </node>
        <node>
           <name>MP_CM007_Boat_Stowage_1_INDEX_3</name>
           <model>common\misc\CM007\CM007.model</model>
        </node>
        <node>
           <name>MP_AM225_Searchlight_900mm_INDEX_4</name>
           <model>usa\misc\AM225\AM225.model</model>
        </node>
        <node>
           <name>MP_AM288_Franklin_Life_Buoy</name>
           <model>usa\misc\AM288\AM288.model</model>
        </node>
        <node>
           <name>MP_AM288_Franklin_Life_Buoy_INDEX_1</name>
           <model>usa\misc\AM288\AM288.model</model>
        </node>
        <node>
           <name>MP_CM004_Barbette_Out</name>
           <model>common\misc\CM004\CM004.model</model>
        </node>
        <node>
           <name>MP_CM011_Fire_Fighting_Gear</name>
           <model>common\misc\CM011\CM011.model</model>
        </node>
        <node>
           <name>MP_CM011_Fire_Fighting_Gear_INDEX_1</name>
           <model>common\misc\CM011\CM011.model</model>
        </node>
        <node>
           <name>MP_CM011_Fire_Fighting_Gear_INDEX_2</name>
           <model>common\misc\CM011\CM011.model</model>
        </node>
        <node>
           <name>MP_CM011_Fire_Fighting_Gear_INDEX_3</name>
           <model>common\misc\CM011\CM011.model</model>
        </node>
        <node>
           <name>MP_CM012_Fire_Hose_Rack_1</name>
           <model>common\misc\CM012\CM012.model</model>
        </node>
        <node>
           <name>MP_CM012_Fire_Hose_Rack_1_INDEX_1</name>
           <model>common\misc\CM012\CM012.model</model>
        </node>
        <node>
           <name>MP_CM012_Fire_Hose_Rack_1_INDEX_2</name>
           <model>common\misc\CM012\CM012.model</model>
        </node>
        <node>
           <name>MP_CM012_Fire_Hose_Rack_1_INDEX_3</name>
           <model>common\misc\CM012\CM012.model</model>
        </node>
        <node>
           <name>MP_AM235_Winch</name>
           <model>usa\misc\AM235\AM235.model</model>
        </node>
        <node>
           <name>MP_CM030_Swab_Rack_2</name>
           <model>common\misc\CM030\CM030.model</model>
        </node>
        <node>
           <name>MP_CM030_Swab_Rack_2_INDEX_1</name>
           <model>common\misc\CM030\CM030.model</model>
        </node>
        <node>
           <name>MP_AM256_Ammunition_Box</name>
           <model>usa\misc\AM256\AM256.model</model>
        </node>
        <node>
           <name>MP_AM256_Ammunition_Box_INDEX_1</name>
           <model>usa\misc\AM256\AM256.model</model>
        </node>
        <node>
           <name>MP_AM256_Ammunition_Box_INDEX_2</name>
           <model>usa\misc\AM256\AM256.model</model>
        </node>
        <node>
           <name>MP_AM256_Ammunition_Box_INDEX_3</name>
           <model>usa\misc\AM256\AM256.model</model>
        </node>
        <node>
           <name>MP_AM071_Signal_Lamp_2</name>
           <model>usa\misc\AM071\AM071.model</model>
        </node>
        <node>
           <name>MP_AM292_Davit</name>
           <model>usa\misc\AM292\AM292.model</model>
        </node>
        <node>
           <name>MP_AM292_Davit_INDEX_1</name>
           <model>usa\misc\AM292\AM292.model</model>
        </node>
        <node>
           <name>MP_AM292_Davit_INDEX_2</name>
           <model>usa\misc\AM292\AM292.model</model>
        </node>
        <node>
           <name>MP_AM292_Davit_INDEX_3</name>
           <model>usa\misc\AM292\AM292.model</model>
        </node>
        <node>
           <name>MP_AM358_Signal_Lamp</name>
           <model>usa\misc\AM358\AM358.model</model>
        </node>
        <node>
           <name>MP_AM253_Ventilation</name>
           <model>usa\misc\AM253\AM253.model</model>
        </node>
        <node>
           <name>MP_AM253_Ventilation_INDEX_1</name>
           <model>usa\misc\AM253\AM253.model</model>
        </node>
        <node>
           <name>MP_AM253_Ventilation_INDEX_2</name>
           <model>usa\misc\AM253\AM253.model</model>
        </node>
        <node>
           <name>MP_AM253_Ventilation_INDEX_3</name>
           <model>usa\misc\AM253\AM253.model</model>
        </node>
        <node>
           <name>MP_AM256_Ammunition_Box_INDEX_4</name>
           <model>usa\misc\AM256\AM256.model</model>
        </node>
        <node>
           <name>MP_AM256_Ammunition_Box_INDEX_5</name>
           <model>usa\misc\AM256\AM256.model</model>
        </node>
        <node>
           <name>MP_AM347_Fairlead</name>
           <model>usa\misc\AM347\AM347.model</model>
        </node>
        <node>
           <name>MP_AM347_Fairlead_INDEX_1</name>
           <model>usa\misc\AM347\AM347.model</model>
        </node>
        <node>
           <name>MP_AM290_Flag_Box</name>
           <model>usa\misc\AM290\AM290.model</model>
        </node>
        <node>
           <name>MP_AM290_Flag_Box_INDEX_1</name>
           <model>usa\misc\AM290\AM290.model</model>
        </node>
        <node>
           <name>MP_CM007_Boat_Stowage_1_INDEX_4</name>
           <model>common\misc\CM007\CM007.model</model>
        </node>
        <node>
           <name>MP_CM007_Boat_Stowage_1_INDEX_5</name>
           <model>common\misc\CM007\CM007.model</model>
        </node>
        <node>
           <name>MP_CM011_Fire_Fighting_Gear_INDEX_4</name>
           <model>common\misc\CM011\CM011.model</model>
        </node>
        <node>
           <name>MP_CM011_Fire_Fighting_Gear_INDEX_5</name>
           <model>common\misc\CM011\CM011.model</model>
        </node>
        <node>
           <name>MP_CM012_Fire_Hose_Rack_1_INDEX_4</name>
           <model>common\misc\CM012\CM012.model</model>
        </node>
        <node>
           <name>MP_CM012_Fire_Hose_Rack_1_INDEX_5</name>
           <model>common\misc\CM012\CM012.model</model>
        </node>
        <node>
           <name>MP_AM332_Davit</name>
           <model>usa\misc\AM332\AM332.model</model>
        </node>
        <node>
           <name>MP_AM332_Davit_INDEX_1</name>
           <model>usa\misc\AM332\AM332.model</model>
        </node>
        <node>
           <name>MP_AM347_Fairlead_INDEX_2</name>
           <model>usa\misc\AM347\AM347.model</model>
        </node>
        <node>
           <name>MP_AM347_Fairlead_INDEX_3</name>
           <model>usa\misc\AM347\AM347.model</model>
        </node>
        <node>
           <name>MP_AM347_Fairlead_INDEX_4</name>
           <model>usa\misc\AM347\AM347.model</model>
        </node>
        <node>
           <name>MP_AM347_Fairlead_INDEX_5</name>
           <model>usa\misc\AM347\AM347.model</model>
        </node>
        <node>
           <name>MP_AM427_Hatch</name>
           <model>usa\misc\AM427\AM427.model</model>
        </node>
        <node>
           <name>MP_AM426_Hatch</name>
           <model>usa\misc\AM426\AM426.model</model>
        </node>
        <node>
           <name>MP_AM427_Hatch_INDEX_1</name>
           <model>usa\misc\AM427\AM427.model</model>
        </node>
        <node>
           <name>MP_AM218_Hatch_INDEX_2</name>
           <model>usa\misc\AM218\AM218.model</model>
        </node>
        <node>
           <name>MP_AM427_Hatch_INDEX_2</name>
           <model>usa\misc\AM427\AM427.model</model>
        </node>
        <node>
           <name>MP_AM289_Ventilation</name>
           <model>usa\misc\AM289\AM289.model</model>
        </node>
        <node>
           <name>MP_AM425_Whaleboat_34ft</name>
           <model>usa\misc\AM425\AM425.model</model>
        </node>
        <node>
           <name>MP_AM459_Hatch</name>
           <model>usa\misc\AM459\AM459.model</model>
        </node>
        <node>
           <name>MP_AM459_Hatch_INDEX_1</name>
           <model>usa\misc\AM459\AM459.model</model>
        </node>
        <node>
           <name>MP_AM477_Ash_chute</name>
           <model>usa\misc\AM477\AM477.model</model>
        </node>
        <node>
           <name>MP_AM477_Ash_chute_INDEX_1</name>
           <model>usa\misc\AM477\AM477.model</model>
        </node>
        <node>
           <name>MP_AM476_Kingpost</name>
           <model>usa\misc\AM476\AM476.model</model>
        </node>
        <node>
           <name>MP_AM476_Kingpost_INDEX_1</name>
           <model>usa\misc\AM476\AM476.model</model>
        </node>
        <node>
           <name>MP_AM476_Kingpost_INDEX_2</name>
           <model>usa\misc\AM476\AM476.model</model>
        </node>
        <node>
           <name>MP_AM476_Kingpost_INDEX_3</name>
           <model>usa\misc\AM476\AM476.model</model>
        </node>
        <node>
           <name>MP_AM476_Kingpost_INDEX_4</name>
           <model>usa\misc\AM476\AM476.model</model>
        </node>
        <node>
           <name>MP_AM476_Kingpost_INDEX_5</name>
           <model>usa\misc\AM476\AM476.model</model>
        </node>
        <node>
           <name>MP_AM476_Kingpost_INDEX_6</name>
           <model>usa\misc\AM476\AM476.model</model>
        </node>
        <node>
           <name>MP_AM476_Kingpost_INDEX_7</name>
           <model>usa\misc\AM476\AM476.model</model>
        </node>
        <node>
           <name>MP_AM475_Coaling_booms</name>
           <model>usa\misc\AM475\AM475.model</model>
        </node>
        <node>
           <name>MP_AM475_Coaling_booms_INDEX_1</name>
           <model>usa\misc\AM475\AM475.model</model>
        </node>
        <node>
           <name>MP_AM474_Coaling_boom</name>
           <model>usa\misc\AM474\AM474.model</model>
        </node>
        <node>
           <name>MP_AM474_Coaling_boom_INDEX_1</name>
           <model>usa\misc\AM474\AM474.model</model>
        </node>
        <node>
           <name>MP_AM484_Ammo_hoist</name>
           <model>usa\misc\AM484\AM484.model</model>
        </node>
        <node>
           <name>MP_AM484_Ammo_hoist_INDEX_1</name>
           <model>usa\misc\AM484\AM484.model</model>
        </node>
        <node>
           <name>MP_AM428_Ammunition_box</name>
           <model>usa\misc\AM428\AM428.model</model>
        </node>
        <node>
           <name>MP_AM428_Ammunition_box_INDEX_1</name>
           <model>usa\misc\AM428\AM428.model</model>
        </node>
        <node>
           <name>MP_CM056_Ships_bell</name>
           <model>common\misc\CM056\CM056.model</model>
        </node>
        <node>
           <name>MP_CM056_Ships_bell_INDEX_1</name>
           <model>common\misc\CM056\CM056.model</model>
        </node>
        <node>
           <name>MP_AM503_Ammunition_Box</name>
           <model>usa\misc\AM503\AM503.model</model>
        </node>
        <node>
           <name>MP_AM503_Ammunition_Box_INDEX_1</name>
           <model>usa\misc\AM503\AM503.model</model>
        </node>
        <node>
           <name>MP_CM011_Fire_Fighting_Gear_INDEX_6</name>
           <model>common\misc\CM011\CM011.model</model>
        </node>
        <node>
           <name>MP_CM011_Fire_Fighting_Gear_INDEX_7</name>
           <model>common\misc\CM011\CM011.model</model>
        </node>
        <node>
           <name>MP_CM080_Anchor</name>
           <model>common\misc\CM080\CM080.model</model>
        </node>
        <node>
           <name>MP_AM529_Life_Buoy</name>
           <model>usa\misc\AM529\AM529.model</model>
        </node>
        <node>
           <name>MP_AM529_Life_Buoy_INDEX_1</name>
           <model>usa\misc\AM529\AM529.model</model>
        </node>
        <node>
           <name>MP_AM517_Hatch</name>
           <model>usa\misc\AM517\AM517.model</model>
        </node>
        <node>
           <name>MP_AM517_Hatch_INDEX_1</name>
           <model>usa\misc\AM517\AM517.model</model>
        </node>
        <node>
           <name>MP_CM012_Fire_Hose_Rack_1_INDEX_6</name>
           <model>common\misc\CM012\CM012.model</model>
        </node>
        <node>
           <name>MP_AM503_Ammunition_Box_INDEX_2</name>
           <model>usa\misc\AM503\AM503.model</model>
        </node>
        <node>
           <name>MP_AM108_Reels_4</name>
           <model>usa\misc\AM108\AM108.model</model>
        </node>
        <node>
           <name>MP_AM108_Reels_4_INDEX_1</name>
           <model>usa\misc\AM108\AM108.model</model>
        </node>
        <node>
           <name>MP_CM012_Fire_Hose_Rack_1_INDEX_7</name>
           <model>common\misc\CM012\CM012.model</model>
        </node>
        <node>
           <name>MP_CM012_Fire_Hose_Rack_1_INDEX_8</name>
           <model>common\misc\CM012\CM012.model</model>
        </node>
        <node>
           <name>MP_AM307_Hatch</name>
           <model>usa\misc\AM307\AM307.model</model>
        </node>
        <node>
           <name>HP_Fire_Burn_3</name>
           <model>UNKNOWN_ITEM</model>
        </node>
    </midback>
    <stern>
      <model>usa\ship\battleship\ASB001_Michigan_1916\ASB001_Michigan_1916_Stern_ports.model</model>
        <node>
           <name>HP_AGM_4</name>
           <model>usa\gun\main\AGM052_12in45_Mk5\AGM052_12in45_Mk5.model</model>
        </node>
        <node>
           <name>MP_AM219_Bollard</name>
           <model>usa\misc\AM219\AM219.model</model>
        </node>
        <node>
           <name>MP_AM219_Bollard_INDEX_1</name>
           <model>usa\misc\AM219\AM219.model</model>
        </node>
        <node>
           <name>MP_AM218_Hatch</name>
           <model>usa\misc\AM218\AM218.model</model>
        </node>
        <node>
           <name>MP_CM001_Propeller3_L</name>
           <model>common\misc\CM001\CM001.model</model>
        </node>
        <node>
           <name>MP_CM032_Propeller3_R</name>
           <model>common\misc\CM032\CM032.model</model>
        </node>
        <node>
           <name>MP_CM004_Barbette_Out</name>
           <model>common\misc\CM004\CM004.model</model>
        </node>
        <node>
           <name>MP_AM046_Running_Lights_B</name>
           <model>usa\misc\AM046\AM046.model</model>
        </node>
        <node>
           <name>MP_AM347_Fairlead</name>
           <model>usa\misc\AM347\AM347.model</model>
        </node>
        <node>
           <name>MP_AM347_Fairlead_INDEX_1</name>
           <model>usa\misc\AM347\AM347.model</model>
        </node>
        <node>
           <name>MP_AM347_Fairlead_INDEX_2</name>
           <model>usa\misc\AM347\AM347.model</model>
        </node>
        <node>
           <name>MP_AM347_Fairlead_INDEX_3</name>
           <model>usa\misc\AM347\AM347.model</model>
        </node>
        <node>
           <name>MP_AM347_Fairlead_INDEX_4</name>
           <model>usa\misc\AM347\AM347.model</model>
        </node>
        <node>
           <name>MP_AM347_Fairlead_INDEX_5</name>
           <model>usa\misc\AM347\AM347.model</model>
        </node>
        <node>
           <name>MP_AM529_Life_Buoy</name>
           <model>usa\misc\AM529\AM529.model</model>
        </node>
        <node>
           <name>MP_AM529_Life_Buoy_INDEX_1</name>
           <model>usa\misc\AM529\AM529.model</model>
        </node>
        <node>
           <name>MP_AM517_Hatch</name>
           <model>usa\misc\AM517\AM517.model</model>
        </node>
        <node>
           <name>MP_CM011_Fire_Fighting_Gear</name>
           <model>common\misc\CM011\CM011.model</model>
        </node>
        <node>
           <name>MP_AM307_Hatch</name>
           <model>usa\misc\AM307\AM307.model</model>
        </node>
        <node>
           <name>MP_AM307_Hatch_INDEX_1</name>
           <model>usa\misc\AM307\AM307.model</model>
        </node>
        <node>
           <name>MP_AM503_Ammunition_Box</name>
           <model>usa\misc\AM503\AM503.model</model>
        </node>
        <node>
           <name>HP_Fire_Burn_4</name>
           <model>UNKNOWN_ITEM</model>
        </node>
    </stern>
  </sections>
</ASB001_Michigan_1916.xml>
