<JSB037_Amagi_1926.xml>
  <sections>
    <bow>
      <model>japan\ship\battleship\JSB037_Amagi_1926\JSB037_Amagi_1926_bow_ports.model</model>
        <node>
           <name>MP_CM086_Anchor_top</name>
           <model>common\misc\CM086\CM086.model</model>
        </node>
        <node>
           <name>MP_CM087_Anchor_down</name>
           <model>common\misc\CM087\CM087.model</model>
        </node>
        <node>
           <name>MP_JM026_Bollards</name>
           <model>japan\misc\JM026\JM026.model</model>
        </node>
        <node>
           <name>MP_JM026_Bollards_INDEX_1</name>
           <model>japan\misc\JM026\JM026.model</model>
        </node>
        <node>
           <name>MP_JM295_Fairled</name>
           <model>japan\misc\JM295\JM295.model</model>
        </node>
        <node>
           <name>MP_CM086_Anchor_top_INDEX_1</name>
           <model>common\misc\CM086\CM086.model</model>
        </node>
        <node>
           <name>MP_JM029_Leadsman_Platform</name>
           <model>japan\misc\JM029\JM029.model</model>
        </node>
        <node>
           <name>MP_JM029_Leadsman_Platform_INDEX_1</name>
           <model>japan\misc\JM029\JM029.model</model>
        </node>
        <node>
           <name>MP_JM023_Ventilators_7</name>
           <model>japan\misc\JM023\JM023.model</model>
        </node>
        <node>
           <name>MP_JM023_Ventilators_7_INDEX_1</name>
           <model>japan\misc\JM023\JM023.model</model>
        </node>
        <node>
           <name>MP_JM018_Ventilators_2</name>
           <model>japan\misc\JM018\JM018.model</model>
        </node>
        <node>
           <name>MP_CM087_Anchor_down_INDEX_1</name>
           <model>common\misc\CM087\CM087.model</model>
        </node>
        <node>
           <name>MP_JM088_Crane_Small_2</name>
           <model>japan\misc\JM088\JM088.model</model>
        </node>
        <node>
           <name>MP_JM023_Ventilators_7_INDEX_2</name>
           <model>japan\misc\JM023\JM023.model</model>
        </node>
        <node>
           <name>MP_JM286_Anchor_Capstan_big</name>
           <model>japan\misc\JM286\JM286.model</model>
        </node>
        <node>
           <name>MP_JM061_Deck_Hatch_10</name>
           <model>japan\misc\JM061\JM061.model</model>
        </node>
        <node>
           <name>MP_JM029_Leadsman_Platform_INDEX_2</name>
           <model>japan\misc\JM029\JM029.model</model>
        </node>
        <node>
           <name>MP_CM086_Anchor_top_INDEX_2</name>
           <model>common\misc\CM086\CM086.model</model>
        </node>
        <node>
           <name>MP_JM284_Anchor_Capstan</name>
           <model>japan\misc\JM284\JM284.model</model>
        </node>
        <node>
           <name>MP_JM284_Anchor_Capstan_INDEX_1</name>
           <model>japan\misc\JM284\JM284.model</model>
        </node>
        <node>
           <name>MP_JM029_Leadsman_Platform_INDEX_3</name>
           <model>japan\misc\JM029\JM029.model</model>
        </node>
        <node>
           <name>MP_JM141_Break_Handwheel_1</name>
           <model>japan\misc\JM141\JM141.model</model>
        </node>
        <node>
           <name>MP_JM141_Break_Handwheel_1_INDEX_1</name>
           <model>japan\misc\JM141\JM141.model</model>
        </node>
        <node>
           <name>MP_JM026_Bollards_INDEX_2</name>
           <model>japan\misc\JM026\JM026.model</model>
        </node>
        <node>
           <name>MP_JM022_Ventilators_6</name>
           <model>japan\misc\JM022\JM022.model</model>
        </node>
        <node>
           <name>MP_CM087_Anchor_down_INDEX_2</name>
           <model>common\misc\CM087\CM087.model</model>
        </node>
        <node>
           <name>MP_JM027_Fairlead_2</name>
           <model>japan\misc\JM027\JM027.model</model>
        </node>
        <node>
           <name>MP_JM027_Fairlead_2_INDEX_1</name>
           <model>japan\misc\JM027\JM027.model</model>
        </node>
        <node>
           <name>MP_JM295_Fairled_INDEX_1</name>
           <model>japan\misc\JM295\JM295.model</model>
        </node>
        <node>
           <name>MP_JM307_Chrysanthemum_petal_1</name>
           <model>japan\misc\JM307\JM307.model</model>
        </node>
        <node>
           <name>MP_JM307_Chrysanthemum_petal_1_INDEX_1</name>
           <model>japan\misc\JM307\JM307.model</model>
        </node>
        <node>
           <name>MP_JM307_Chrysanthemum_petal_1_INDEX_2</name>
           <model>japan\misc\JM307\JM307.model</model>
        </node>
        <node>
           <name>MP_JM307_Chrysanthemum_petal_1_INDEX_3</name>
           <model>japan\misc\JM307\JM307.model</model>
        </node>
        <node>
           <name>MP_JM307_Chrysanthemum_petal_1_INDEX_4</name>
           <model>japan\misc\JM307\JM307.model</model>
        </node>
        <node>
           <name>MP_JM307_Chrysanthemum_petal_1_INDEX_5</name>
           <model>japan\misc\JM307\JM307.model</model>
        </node>
        <node>
           <name>MP_JM306_Chrysanthemum_mid</name>
           <model>japan\misc\JM306\JM306.model</model>
        </node>
        <node>
           <name>MP_JM307_Chrysanthemum_petal_1_INDEX_6</name>
           <model>japan\misc\JM307\JM307.model</model>
        </node>
        <node>
           <name>MP_JM307_Chrysanthemum_petal_1_INDEX_7</name>
           <model>japan\misc\JM307\JM307.model</model>
        </node>
        <node>
           <name>MP_JM307_Chrysanthemum_petal_1_INDEX_8</name>
           <model>japan\misc\JM307\JM307.model</model>
        </node>
        <node>
           <name>MP_JM307_Chrysanthemum_petal_1_INDEX_9</name>
           <model>japan\misc\JM307\JM307.model</model>
        </node>
        <node>
           <name>MP_JM307_Chrysanthemum_petal_1_INDEX_10</name>
           <model>japan\misc\JM307\JM307.model</model>
        </node>
        <node>
           <name>MP_JM307_Chrysanthemum_petal_1_INDEX_11</name>
           <model>japan\misc\JM307\JM307.model</model>
        </node>
        <node>
           <name>MP_JM307_Chrysanthemum_petal_1_INDEX_12</name>
           <model>japan\misc\JM307\JM307.model</model>
        </node>
        <node>
           <name>MP_JM307_Chrysanthemum_petal_1_INDEX_13</name>
           <model>japan\misc\JM307\JM307.model</model>
        </node>
        <node>
           <name>MP_JM307_Chrysanthemum_petal_1_INDEX_14</name>
           <model>japan\misc\JM307\JM307.model</model>
        </node>
        <node>
           <name>MP_JM307_Chrysanthemum_petal_1_INDEX_15</name>
           <model>japan\misc\JM307\JM307.model</model>
        </node>
        <node>
           <name>HP_Fire_Burn_1</name>
           <model>UNKNOWN_ITEM</model>
        </node>
    </bow>
    <midfront>
      <model>japan\ship\battleship\JSB037_Amagi_1926\JSB037_Amagi_1926_MidFront_ports.model</model>
        <node>
           <name>HP_JD_1</name>
           <model>japan\director\JD084_Director_Type_14\JD084_Director_Type_14.model</model>
        </node>
        <node>
           <name>HP_JF_6</name>
           <model>japan\finder\JF028_Rangefinder_2m\JF028_Rangefinder_2m.model</model>
        </node>
        <node>
           <name>HP_JF_5</name>
           <model>japan\finder\JF028_Rangefinder_2m\JF028_Rangefinder_2m.model</model>
        </node>
        <node>
           <name>HP_JF_3</name>
           <model>japan\finder\JF046_Rangefinder_10m\JF046_Rangefinder_10m.model</model>
        </node>
        <node>
           <name>HP_JF_4</name>
           <model>japan\finder\JF054_Rangefinder_2_5m\JF054_Rangefinder_2_5m.model</model>
        </node>
        <node>
           <name>HP_JF_7</name>
           <model>japan\finder\JF057_Rangefinder_1_5m\JF057_Rangefinder_1_5m.model</model>
        </node>
        <node>
           <name>HP_JF_8</name>
           <model>japan\finder\JF057_Rangefinder_1_5m\JF057_Rangefinder_1_5m.model</model>
        </node>
        <node>
           <name>HP_JF_9</name>
           <model>japan\finder\JF068_Rangefinder_3_5m\JF068_Rangefinder_3_5m.model</model>
        </node>
        <node>
           <name>HP_JF_1</name>
           <model>japan\finder\JF086_Rangefinder_3_5m\JF086_Rangefinder_3_5m.model</model>
        </node>
        <node>
           <name>HP_JF_2</name>
           <model>japan\finder\JF086_Rangefinder_3_5m\JF086_Rangefinder_3_5m.model</model>
        </node>
        <node>
           <name>HP_JGA_4</name>
           <model>japan\gun\aaircraft\JGA093_12mm62_HI\JGA093_12mm62_HI.model</model>
        </node>
        <node>
           <name>HP_JGA_5</name>
           <model>japan\gun\aaircraft\JGA093_12mm62_HI\JGA093_12mm62_HI.model</model>
        </node>
        <node>
           <name>HP_JGA_3</name>
           <model>japan\gun\aaircraft\JGA093_12mm62_HI\JGA093_12mm62_HI.model</model>
        </node>
        <node>
           <name>HP_JGA_6</name>
           <model>japan\gun\aaircraft\JGA093_12mm62_HI\JGA093_12mm62_HI.model</model>
        </node>
        <node>
           <name>HP_JGA_1</name>
           <model>japan\gun\aaircraft\JGA094_40mm_Vickers_double\JGA094_40mm_Vickers_double.model</model>
        </node>
        <node>
           <name>HP_JGA_2</name>
           <model>japan\gun\aaircraft\JGA094_40mm_Vickers_double\JGA094_40mm_Vickers_double.model</model>
        </node>
        <node>
           <name>HP_JGM_2</name>
           <model>japan\gun\main\JGM127_410mm45_Type3_RF_old\JGM127_410mm45_Type3_RF_old.model</model>
        </node>
        <node>
           <name>HP_JGM_1</name>
           <model>japan\gun\main\JGM127_410mm45_Type3_RF_old\JGM127_410mm45_Type3_RF_old.model</model>
        </node>
        <node>
           <name>HP_JGS_3</name>
           <model>japan\gun\secondary\JGS015_120mm45_Type_HaGun_10\JGS015_120mm45_Type_HaGun_10.model</model>
        </node>
        <node>
           <name>HP_JGS_9</name>
           <model>japan\gun\secondary\JGS015_120mm45_Type_HaGun_10\JGS015_120mm45_Type_HaGun_10.model</model>
        </node>
        <node>
           <name>HP_JGS_4</name>
           <model>japan\gun\secondary\JGS015_120mm45_Type_HaGun_10\JGS015_120mm45_Type_HaGun_10.model</model>
        </node>
        <node>
           <name>HP_JGS_10</name>
           <model>japan\gun\secondary\JGS015_120mm45_Type_HaGun_10\JGS015_120mm45_Type_HaGun_10.model</model>
        </node>
        <node>
           <name>HP_JGS_7</name>
           <model>japan\gun\secondary\JGS126_140mm\JGS126_140mm.model</model>
        </node>
        <node>
           <name>HP_JGS_5</name>
           <model>japan\gun\secondary\JGS126_140mm\JGS126_140mm.model</model>
        </node>
        <node>
           <name>HP_JGS_2</name>
           <model>japan\gun\secondary\JGS126_140mm\JGS126_140mm.model</model>
        </node>
        <node>
           <name>HP_JGS_1</name>
           <model>japan\gun\secondary\JGS126_140mm\JGS126_140mm.model</model>
        </node>
        <node>
           <name>HP_JGS_6</name>
           <model>japan\gun\secondary\JGS126_140mm\JGS126_140mm.model</model>
        </node>
        <node>
           <name>HP_JGS_8</name>
           <model>japan\gun\secondary\JGS126_140mm\JGS126_140mm.model</model>
        </node>
        <node>
           <name>MP_JM189_Compass_Binnacle</name>
           <model>japan\misc\JM189\JM189.model</model>
        </node>
        <node>
           <name>MP_JM158_Main_Wheel</name>
           <model>japan\misc\JM158\JM158.model</model>
        </node>
        <node>
           <name>MP_JM164_Turning_Indicator</name>
           <model>japan\misc\JM164\JM164.model</model>
        </node>
        <node>
           <name>MP_JM166_Voice_Tube</name>
           <model>japan\misc\JM166\JM166.model</model>
        </node>
        <node>
           <name>MP_JM166_Voice_Tube_INDEX_1</name>
           <model>japan\misc\JM166\JM166.model</model>
        </node>
        <node>
           <name>MP_JM166_Voice_Tube_INDEX_2</name>
           <model>japan\misc\JM166\JM166.model</model>
        </node>
        <node>
           <name>MP_JM166_Voice_Tube_INDEX_3</name>
           <model>japan\misc\JM166\JM166.model</model>
        </node>
        <node>
           <name>MP_JM011_Day_Light</name>
           <model>japan\misc\JM011\JM011.model</model>
        </node>
        <node>
           <name>MP_JM011_Day_Light_INDEX_1</name>
           <model>japan\misc\JM011\JM011.model</model>
        </node>
        <node>
           <name>MP_JM289_Bogie_Rangefinder_or_Searchlight</name>
           <model>japan\misc\JM289\JM289.model</model>
        </node>
        <node>
           <name>MP_JM289_Bogie_Rangefinder_or_Searchlight_INDEX_1</name>
           <model>japan\misc\JM289\JM289.model</model>
        </node>
        <node>
           <name>MP_JM166_Voice_Tube_INDEX_4</name>
           <model>japan\misc\JM166\JM166.model</model>
        </node>
        <node>
           <name>MP_JM166_Voice_Tube_INDEX_5</name>
           <model>japan\misc\JM166\JM166.model</model>
        </node>
        <node>
           <name>MP_JM183_Table</name>
           <model>japan\misc\JM183\JM183.model</model>
        </node>
        <node>
           <name>MP_JM190_Gyro_Repeater</name>
           <model>japan\misc\JM190\JM190.model</model>
        </node>
        <node>
           <name>MP_JM190_Gyro_Repeater_INDEX_1</name>
           <model>japan\misc\JM190\JM190.model</model>
        </node>
        <node>
           <name>MP_JM165_Telegraph_Engine</name>
           <model>japan\misc\JM165\JM165.model</model>
        </node>
        <node>
           <name>MP_JM166_Voice_Tube_INDEX_6</name>
           <model>japan\misc\JM166\JM166.model</model>
        </node>
        <node>
           <name>MP_JM297_Signal_platorm</name>
           <model>japan\misc\JM297\JM297.model</model>
        </node>
        <node>
           <name>MP_JM297_Signal_platorm_INDEX_1</name>
           <model>japan\misc\JM297\JM297.model</model>
        </node>
        <node>
           <name>MP_JM107_Binocular_2</name>
           <model>japan\misc\JM107\JM107.model</model>
        </node>
        <node>
           <name>MP_JM006_Binocular_1</name>
           <model>japan\misc\JM006\JM006.model</model>
        </node>
        <node>
           <name>MP_JM006_Binocular_1_INDEX_1</name>
           <model>japan\misc\JM006\JM006.model</model>
        </node>
        <node>
           <name>MP_JM006_Binocular_1_INDEX_2</name>
           <model>japan\misc\JM006\JM006.model</model>
        </node>
        <node>
           <name>MP_JM006_Binocular_1_INDEX_3</name>
           <model>japan\misc\JM006\JM006.model</model>
        </node>
        <node>
           <name>MP_JM006_Binocular_1_INDEX_4</name>
           <model>japan\misc\JM006\JM006.model</model>
        </node>
        <node>
           <name>MP_JM299_Steam_Boat</name>
           <model>japan\misc\JM299\JM299.model</model>
        </node>
        <node>
           <name>MP_JM299_Steam_Boat_INDEX_1</name>
           <model>japan\misc\JM299\JM299.model</model>
        </node>
        <node>
           <name>MP_JM231_Dinghy_9m</name>
           <model>japan\misc\JM231\JM231.model</model>
        </node>
        <node>
           <name>MP_JM035_Dinghy_6m</name>
           <model>japan\misc\JM035\JM035.model</model>
        </node>
        <node>
           <name>MP_JM026_Bollards</name>
           <model>japan\misc\JM026\JM026.model</model>
        </node>
        <node>
           <name>MP_JM002_Paravane</name>
           <model>japan\misc\JM002\JM002.model</model>
        </node>
        <node>
           <name>MP_JM023_Ventilators_7</name>
           <model>japan\misc\JM023\JM023.model</model>
        </node>
        <node>
           <name>MP_JM023_Ventilators_7_INDEX_1</name>
           <model>japan\misc\JM023\JM023.model</model>
        </node>
        <node>
           <name>MP_JM018_Ventilators_2</name>
           <model>japan\misc\JM018\JM018.model</model>
        </node>
        <node>
           <name>MP_JM019_Ventilators_3</name>
           <model>japan\misc\JM019\JM019.model</model>
        </node>
        <node>
           <name>MP_JM023_Ventilators_7_INDEX_2</name>
           <model>japan\misc\JM023\JM023.model</model>
        </node>
        <node>
           <name>MP_JM052_Deck_Hatch_1</name>
           <model>japan\misc\JM052\JM052.model</model>
        </node>
        <node>
           <name>MP_JM023_Ventilators_7_INDEX_3</name>
           <model>japan\misc\JM023\JM023.model</model>
        </node>
        <node>
           <name>MP_JM023_Ventilators_7_INDEX_4</name>
           <model>japan\misc\JM023\JM023.model</model>
        </node>
        <node>
           <name>MP_JM023_Ventilators_7_INDEX_5</name>
           <model>japan\misc\JM023\JM023.model</model>
        </node>
        <node>
           <name>MP_JM149_Ammunition_Box</name>
           <model>japan\misc\JM149\JM149.model</model>
        </node>
        <node>
           <name>MP_JM149_Ammunition_Box_INDEX_1</name>
           <model>japan\misc\JM149\JM149.model</model>
        </node>
        <node>
           <name>MP_JM023_Ventilators_7_INDEX_6</name>
           <model>japan\misc\JM023\JM023.model</model>
        </node>
        <node>
           <name>MP_JM023_Ventilators_7_INDEX_7</name>
           <model>japan\misc\JM023\JM023.model</model>
        </node>
        <node>
           <name>MP_JM023_Ventilators_7_INDEX_8</name>
           <model>japan\misc\JM023\JM023.model</model>
        </node>
        <node>
           <name>MP_JM023_Ventilators_7_INDEX_9</name>
           <model>japan\misc\JM023\JM023.model</model>
        </node>
        <node>
           <name>MP_JM023_Ventilators_7_INDEX_10</name>
           <model>japan\misc\JM023\JM023.model</model>
        </node>
        <node>
           <name>MP_JM023_Ventilators_7_INDEX_11</name>
           <model>japan\misc\JM023\JM023.model</model>
        </node>
        <node>
           <name>MP_CM030_Swab_Rack_2</name>
           <model>common\misc\CM030\CM030.model</model>
        </node>
        <node>
           <name>MP_JM018_Ventilators_2_INDEX_1</name>
           <model>japan\misc\JM018\JM018.model</model>
        </node>
        <node>
           <name>MP_JM023_Ventilators_7_INDEX_12</name>
           <model>japan\misc\JM023\JM023.model</model>
        </node>
        <node>
           <name>MP_JM023_Ventilators_7_INDEX_13</name>
           <model>japan\misc\JM023\JM023.model</model>
        </node>
        <node>
           <name>MP_JM022_Ventilators_6</name>
           <model>japan\misc\JM022\JM022.model</model>
        </node>
        <node>
           <name>MP_JM022_Ventilators_6_INDEX_1</name>
           <model>japan\misc\JM022\JM022.model</model>
        </node>
        <node>
           <name>MP_CM012_Fire_Hose_Rack_1</name>
           <model>common\misc\CM012\CM012.model</model>
        </node>
        <node>
           <name>MP_JM023_Ventilators_7_INDEX_14</name>
           <model>japan\misc\JM023\JM023.model</model>
        </node>
        <node>
           <name>MP_CM004_Barbette_Out</name>
           <model>common\misc\CM004\CM004.model</model>
        </node>
        <node>
           <name>MP_JM023_Ventilators_7_INDEX_15</name>
           <model>japan\misc\JM023\JM023.model</model>
        </node>
        <node>
           <name>MP_JM023_Ventilators_7_INDEX_16</name>
           <model>japan\misc\JM023\JM023.model</model>
        </node>
        <node>
           <name>MP_JM014_Reels_2</name>
           <model>japan\misc\JM014\JM014.model</model>
        </node>
        <node>
           <name>MP_JM014_Reels_2_INDEX_1</name>
           <model>japan\misc\JM014\JM014.model</model>
        </node>
        <node>
           <name>MP_JM023_Ventilators_7_INDEX_17</name>
           <model>japan\misc\JM023\JM023.model</model>
        </node>
        <node>
           <name>MP_CM012_Fire_Hose_Rack_1_INDEX_1</name>
           <model>common\misc\CM012\CM012.model</model>
        </node>
        <node>
           <name>MP_CM011_Fire_Fighting_Gear</name>
           <model>common\misc\CM011\CM011.model</model>
        </node>
        <node>
           <name>MP_CM011_Fire_Fighting_Gear_INDEX_1</name>
           <model>common\misc\CM011\CM011.model</model>
        </node>
        <node>
           <name>MP_CM011_Fire_Fighting_Gear_INDEX_2</name>
           <model>common\misc\CM011\CM011.model</model>
        </node>
        <node>
           <name>MP_JM061_Deck_Hatch_10</name>
           <model>japan\misc\JM061\JM061.model</model>
        </node>
        <node>
           <name>MP_JM061_Deck_Hatch_10_INDEX_1</name>
           <model>japan\misc\JM061\JM061.model</model>
        </node>
        <node>
           <name>MP_CM012_Fire_Hose_Rack_1_INDEX_2</name>
           <model>common\misc\CM012\CM012.model</model>
        </node>
        <node>
           <name>MP_JM006_Binocular_1_INDEX_5</name>
           <model>japan\misc\JM006\JM006.model</model>
        </node>
        <node>
           <name>MP_JM023_Ventilators_7_INDEX_18</name>
           <model>japan\misc\JM023\JM023.model</model>
        </node>
        <node>
           <name>MP_JM023_Ventilators_7_INDEX_19</name>
           <model>japan\misc\JM023\JM023.model</model>
        </node>
        <node>
           <name>MP_JM190_Gyro_Repeater_INDEX_2</name>
           <model>japan\misc\JM190\JM190.model</model>
        </node>
        <node>
           <name>MP_JM166_Voice_Tube_INDEX_7</name>
           <model>japan\misc\JM166\JM166.model</model>
        </node>
        <node>
           <name>MP_JM018_Ventilators_2_INDEX_2</name>
           <model>japan\misc\JM018\JM018.model</model>
        </node>
        <node>
           <name>MP_JM278_Running_Lights_Oil_L</name>
           <model>japan\misc\JM278\JM278.model</model>
        </node>
        <node>
           <name>MP_CM004_Barbette_Out_INDEX_1</name>
           <model>common\misc\CM004\CM004.model</model>
        </node>
        <node>
           <name>MP_JM279_Running_Lights_Oil_R</name>
           <model>japan\misc\JM279\JM279.model</model>
        </node>
        <node>
           <name>MP_JM107_Binocular_2_INDEX_1</name>
           <model>japan\misc\JM107\JM107.model</model>
        </node>
        <node>
           <name>MP_JM189_Compass_Binnacle_INDEX_1</name>
           <model>japan\misc\JM189\JM189.model</model>
        </node>
        <node>
           <name>MP_JM190_Gyro_Repeater_INDEX_3</name>
           <model>japan\misc\JM190\JM190.model</model>
        </node>
        <node>
           <name>MP_JM023_Ventilators_7_INDEX_20</name>
           <model>japan\misc\JM023\JM023.model</model>
        </node>
        <node>
           <name>MP_JM166_Voice_Tube_INDEX_8</name>
           <model>japan\misc\JM166\JM166.model</model>
        </node>
        <node>
           <name>MP_CM060_Flag_Box</name>
           <model>common\misc\CM060\CM060.model</model>
        </node>
        <node>
           <name>MP_JM078_Deck_Winch_2</name>
           <model>japan\misc\JM078\JM078.model</model>
        </node>
        <node>
           <name>MP_CM012_Fire_Hose_Rack_1_INDEX_3</name>
           <model>common\misc\CM012\CM012.model</model>
        </node>
        <node>
           <name>MP_CM011_Fire_Fighting_Gear_INDEX_3</name>
           <model>common\misc\CM011\CM011.model</model>
        </node>
        <node>
           <name>MP_CM060_Flag_Box_INDEX_1</name>
           <model>common\misc\CM060\CM060.model</model>
        </node>
        <node>
           <name>MP_JM107_Binocular_2_INDEX_2</name>
           <model>japan\misc\JM107\JM107.model</model>
        </node>
        <node>
           <name>MP_JM023_Ventilators_7_INDEX_21</name>
           <model>japan\misc\JM023\JM023.model</model>
        </node>
        <node>
           <name>MP_JM023_Ventilators_7_INDEX_22</name>
           <model>japan\misc\JM023\JM023.model</model>
        </node>
        <node>
           <name>MP_JM078_Deck_Winch_2_INDEX_1</name>
           <model>japan\misc\JM078\JM078.model</model>
        </node>
        <node>
           <name>MP_JM166_Voice_Tube_INDEX_9</name>
           <model>japan\misc\JM166\JM166.model</model>
        </node>
        <node>
           <name>MP_JM023_Ventilators_7_INDEX_23</name>
           <model>japan\misc\JM023\JM023.model</model>
        </node>
        <node>
           <name>MP_JM023_Ventilators_7_INDEX_24</name>
           <model>japan\misc\JM023\JM023.model</model>
        </node>
        <node>
           <name>MP_CM030_Swab_Rack_2_INDEX_1</name>
           <model>common\misc\CM030\CM030.model</model>
        </node>
        <node>
           <name>MP_JM023_Ventilators_7_INDEX_25</name>
           <model>japan\misc\JM023\JM023.model</model>
        </node>
        <node>
           <name>MP_JM107_Binocular_2_INDEX_3</name>
           <model>japan\misc\JM107\JM107.model</model>
        </node>
        <node>
           <name>MP_JM023_Ventilators_7_INDEX_26</name>
           <model>japan\misc\JM023\JM023.model</model>
        </node>
        <node>
           <name>MP_JM021_Ventilators_5</name>
           <model>japan\misc\JM021\JM021.model</model>
        </node>
        <node>
           <name>MP_JM021_Ventilators_5_INDEX_1</name>
           <model>japan\misc\JM021\JM021.model</model>
        </node>
        <node>
           <name>MP_JM021_Ventilators_5_INDEX_2</name>
           <model>japan\misc\JM021\JM021.model</model>
        </node>
        <node>
           <name>MP_JM021_Ventilators_5_INDEX_3</name>
           <model>japan\misc\JM021\JM021.model</model>
        </node>
        <node>
           <name>MP_JM119_Gun_Deck_3</name>
           <model>japan\misc\JM119\JM119.model</model>
        </node>
        <node>
           <name>MP_JM119_Gun_Deck_3_INDEX_1</name>
           <model>japan\misc\JM119\JM119.model</model>
        </node>
        <node>
           <name>MP_CM008_Life_Buoy_1</name>
           <model>common\misc\CM008\CM008.model</model>
        </node>
        <node>
           <name>MP_CM008_Life_Buoy_1_INDEX_1</name>
           <model>common\misc\CM008\CM008.model</model>
        </node>
        <node>
           <name>MP_CM008_Life_Buoy_1_INDEX_2</name>
           <model>common\misc\CM008\CM008.model</model>
        </node>
        <node>
           <name>MP_CM008_Life_Buoy_1_INDEX_3</name>
           <model>common\misc\CM008\CM008.model</model>
        </node>
        <node>
           <name>MP_CM008_Life_Buoy_1_INDEX_4</name>
           <model>common\misc\CM008\CM008.model</model>
        </node>
        <node>
           <name>MP_CM008_Life_Buoy_1_INDEX_5</name>
           <model>common\misc\CM008\CM008.model</model>
        </node>
        <node>
           <name>MP_CM008_Life_Buoy_1_INDEX_6</name>
           <model>common\misc\CM008\CM008.model</model>
        </node>
        <node>
           <name>MP_CM008_Life_Buoy_1_INDEX_7</name>
           <model>common\misc\CM008\CM008.model</model>
        </node>
        <node>
           <name>MP_JM058_Deck_Hatch_7</name>
           <model>japan\misc\JM058\JM058.model</model>
        </node>
        <node>
           <name>MP_JM058_Deck_Hatch_7_INDEX_1</name>
           <model>japan\misc\JM058\JM058.model</model>
        </node>
        <node>
           <name>MP_JM058_Deck_Hatch_7_INDEX_2</name>
           <model>japan\misc\JM058\JM058.model</model>
        </node>
        <node>
           <name>MP_JM058_Deck_Hatch_7_INDEX_3</name>
           <model>japan\misc\JM058\JM058.model</model>
        </node>
        <node>
           <name>MP_JM058_Deck_Hatch_7_INDEX_4</name>
           <model>japan\misc\JM058\JM058.model</model>
        </node>
        <node>
           <name>MP_JM058_Deck_Hatch_7_INDEX_5</name>
           <model>japan\misc\JM058\JM058.model</model>
        </node>
        <node>
           <name>MP_JM058_Deck_Hatch_7_INDEX_6</name>
           <model>japan\misc\JM058\JM058.model</model>
        </node>
        <node>
           <name>MP_JM058_Deck_Hatch_7_INDEX_7</name>
           <model>japan\misc\JM058\JM058.model</model>
        </node>
        <node>
           <name>MP_JM058_Deck_Hatch_7_INDEX_8</name>
           <model>japan\misc\JM058\JM058.model</model>
        </node>
        <node>
           <name>MP_JM058_Deck_Hatch_7_INDEX_9</name>
           <model>japan\misc\JM058\JM058.model</model>
        </node>
        <node>
           <name>MP_JM058_Deck_Hatch_7_INDEX_10</name>
           <model>japan\misc\JM058\JM058.model</model>
        </node>
        <node>
           <name>MP_JM058_Deck_Hatch_7_INDEX_11</name>
           <model>japan\misc\JM058\JM058.model</model>
        </node>
        <node>
           <name>MP_JM058_Deck_Hatch_7_INDEX_12</name>
           <model>japan\misc\JM058\JM058.model</model>
        </node>
        <node>
           <name>MP_JM058_Deck_Hatch_7_INDEX_13</name>
           <model>japan\misc\JM058\JM058.model</model>
        </node>
        <node>
           <name>MP_JM058_Deck_Hatch_7_INDEX_14</name>
           <model>japan\misc\JM058\JM058.model</model>
        </node>
        <node>
           <name>MP_JM058_Deck_Hatch_7_INDEX_15</name>
           <model>japan\misc\JM058\JM058.model</model>
        </node>
        <node>
           <name>MP_JM058_Deck_Hatch_7_INDEX_16</name>
           <model>japan\misc\JM058\JM058.model</model>
        </node>
        <node>
           <name>MP_JM058_Deck_Hatch_7_INDEX_17</name>
           <model>japan\misc\JM058\JM058.model</model>
        </node>
        <node>
           <name>MP_JM058_Deck_Hatch_7_INDEX_18</name>
           <model>japan\misc\JM058\JM058.model</model>
        </node>
        <node>
           <name>MP_JM058_Deck_Hatch_7_INDEX_19</name>
           <model>japan\misc\JM058\JM058.model</model>
        </node>
        <node>
           <name>MP_CM019_Wood_Box_2</name>
           <model>common\misc\CM019\CM019.model</model>
        </node>
        <node>
           <name>MP_CM019_Wood_Box_2_INDEX_1</name>
           <model>common\misc\CM019\CM019.model</model>
        </node>
        <node>
           <name>MP_JM010_Deck_Lamp</name>
           <model>japan\misc\JM010\JM010.model</model>
        </node>
        <node>
           <name>MP_JM183_Table_INDEX_1</name>
           <model>japan\misc\JM183\JM183.model</model>
        </node>
        <node>
           <name>MP_JM006_Binocular_1_INDEX_6</name>
           <model>japan\misc\JM006\JM006.model</model>
        </node>
        <node>
           <name>MP_JM166_Voice_Tube_INDEX_10</name>
           <model>japan\misc\JM166\JM166.model</model>
        </node>
        <node>
           <name>MP_JM166_Voice_Tube_INDEX_11</name>
           <model>japan\misc\JM166\JM166.model</model>
        </node>
        <node>
           <name>MP_JM006_Binocular_1_INDEX_7</name>
           <model>japan\misc\JM006\JM006.model</model>
        </node>
        <node>
           <name>MP_JM166_Voice_Tube_INDEX_12</name>
           <model>japan\misc\JM166\JM166.model</model>
        </node>
        <node>
           <name>MP_JM107_Binocular_2_INDEX_4</name>
           <model>japan\misc\JM107\JM107.model</model>
        </node>
        <node>
           <name>MP_JM006_Binocular_1_INDEX_8</name>
           <model>japan\misc\JM006\JM006.model</model>
        </node>
        <node>
           <name>MP_JM166_Voice_Tube_INDEX_13</name>
           <model>japan\misc\JM166\JM166.model</model>
        </node>
        <node>
           <name>MP_JM166_Voice_Tube_INDEX_14</name>
           <model>japan\misc\JM166\JM166.model</model>
        </node>
        <node>
           <name>MP_JM107_Binocular_2_INDEX_5</name>
           <model>japan\misc\JM107\JM107.model</model>
        </node>
        <node>
           <name>MP_JM006_Binocular_1_INDEX_9</name>
           <model>japan\misc\JM006\JM006.model</model>
        </node>
        <node>
           <name>MP_JM166_Voice_Tube_INDEX_15</name>
           <model>japan\misc\JM166\JM166.model</model>
        </node>
        <node>
           <name>MP_JM166_Voice_Tube_INDEX_16</name>
           <model>japan\misc\JM166\JM166.model</model>
        </node>
        <node>
           <name>MP_JM166_Voice_Tube_INDEX_17</name>
           <model>japan\misc\JM166\JM166.model</model>
        </node>
        <node>
           <name>MP_JM166_Voice_Tube_INDEX_18</name>
           <model>japan\misc\JM166\JM166.model</model>
        </node>
        <node>
           <name>MP_JM166_Voice_Tube_INDEX_19</name>
           <model>japan\misc\JM166\JM166.model</model>
        </node>
        <node>
           <name>MP_JM166_Voice_Tube_INDEX_20</name>
           <model>japan\misc\JM166\JM166.model</model>
        </node>
        <node>
           <name>MP_JM166_Voice_Tube_INDEX_21</name>
           <model>japan\misc\JM166\JM166.model</model>
        </node>
        <node>
           <name>MP_JM231_Dinghy_9m_INDEX_1</name>
           <model>japan\misc\JM231\JM231.model</model>
        </node>
        <node>
           <name>MP_JM010_Deck_Lamp_INDEX_1</name>
           <model>japan\misc\JM010\JM010.model</model>
        </node>
        <node>
           <name>MP_JM010_Deck_Lamp_INDEX_2</name>
           <model>japan\misc\JM010\JM010.model</model>
        </node>
        <node>
           <name>MP_JM002_Paravane_INDEX_1</name>
           <model>japan\misc\JM002\JM002.model</model>
        </node>
        <node>
           <name>MP_JM078_Deck_Winch_2_INDEX_2</name>
           <model>japan\misc\JM078\JM078.model</model>
        </node>
        <node>
           <name>MP_JM031_Wind_Intensity</name>
           <model>japan\misc\JM031\JM031.model</model>
        </node>
        <node>
           <name>MP_JM030_Wind_Direction</name>
           <model>japan\misc\JM030\JM030.model</model>
        </node>
        <node>
           <name>MP_JM052_Deck_Hatch_1_INDEX_1</name>
           <model>japan\misc\JM052\JM052.model</model>
        </node>
        <node>
           <name>MP_JM063_Sky_Light</name>
           <model>japan\misc\JM063\JM063.model</model>
        </node>
        <node>
           <name>MP_JM054_Deck_Hatch_3</name>
           <model>japan\misc\JM054\JM054.model</model>
        </node>
        <node>
           <name>MP_JM054_Deck_Hatch_3_INDEX_1</name>
           <model>japan\misc\JM054\JM054.model</model>
        </node>
        <node>
           <name>MP_JM054_Deck_Hatch_3_INDEX_2</name>
           <model>japan\misc\JM054\JM054.model</model>
        </node>
        <node>
           <name>MP_JM054_Deck_Hatch_3_INDEX_3</name>
           <model>japan\misc\JM054\JM054.model</model>
        </node>
        <node>
           <name>MP_JM057_Deck_Hatch_6</name>
           <model>japan\misc\JM057\JM057.model</model>
        </node>
        <node>
           <name>MP_JM052_Deck_Hatch_1_INDEX_2</name>
           <model>japan\misc\JM052\JM052.model</model>
        </node>
        <node>
           <name>MP_JM052_Deck_Hatch_1_INDEX_3</name>
           <model>japan\misc\JM052\JM052.model</model>
        </node>
        <node>
           <name>MP_JM052_Deck_Hatch_1_INDEX_4</name>
           <model>japan\misc\JM052\JM052.model</model>
        </node>
        <node>
           <name>MP_JM057_Deck_Hatch_6_INDEX_1</name>
           <model>japan\misc\JM057\JM057.model</model>
        </node>
        <node>
           <name>MP_JM061_Deck_Hatch_10_INDEX_2</name>
           <model>japan\misc\JM061\JM061.model</model>
        </node>
        <node>
           <name>MP_JM052_Deck_Hatch_1_INDEX_5</name>
           <model>japan\misc\JM052\JM052.model</model>
        </node>
        <node>
           <name>MP_JM026_Bollards_INDEX_1</name>
           <model>japan\misc\JM026\JM026.model</model>
        </node>
        <node>
           <name>MP_JM202_Fender</name>
           <model>japan\misc\JM202\JM202.model</model>
        </node>
        <node>
           <name>MP_JM202_Fender_INDEX_1</name>
           <model>japan\misc\JM202\JM202.model</model>
        </node>
        <node>
           <name>MP_JM202_Fender_INDEX_2</name>
           <model>japan\misc\JM202\JM202.model</model>
        </node>
        <node>
           <name>MP_JM202_Fender_INDEX_3</name>
           <model>japan\misc\JM202\JM202.model</model>
        </node>
        <node>
           <name>MP_JM202_Fender_INDEX_4</name>
           <model>japan\misc\JM202\JM202.model</model>
        </node>
        <node>
           <name>MP_JM202_Fender_INDEX_5</name>
           <model>japan\misc\JM202\JM202.model</model>
        </node>
        <node>
           <name>MP_CM011_Fire_Fighting_Gear_INDEX_4</name>
           <model>common\misc\CM011\CM011.model</model>
        </node>
        <node>
           <name>MP_CM012_Fire_Hose_Rack_1_INDEX_4</name>
           <model>common\misc\CM012\CM012.model</model>
        </node>
        <node>
           <name>MP_CM011_Fire_Fighting_Gear_INDEX_5</name>
           <model>common\misc\CM011\CM011.model</model>
        </node>
        <node>
           <name>MP_CM012_Fire_Hose_Rack_1_INDEX_5</name>
           <model>common\misc\CM012\CM012.model</model>
        </node>
        <node>
           <name>MP_JM191_SanBox</name>
           <model>japan\misc\JM191\JM191.model</model>
        </node>
        <node>
           <name>MP_JM191_SanBox_INDEX_1</name>
           <model>japan\misc\JM191\JM191.model</model>
        </node>
        <node>
           <name>MP_JM191_SanBox_INDEX_2</name>
           <model>japan\misc\JM191\JM191.model</model>
        </node>
        <node>
           <name>MP_JM191_SanBox_INDEX_3</name>
           <model>japan\misc\JM191\JM191.model</model>
        </node>
        <node>
           <name>MP_JM191_SanBox_INDEX_4</name>
           <model>japan\misc\JM191\JM191.model</model>
        </node>
        <node>
           <name>MP_JM191_SanBox_INDEX_5</name>
           <model>japan\misc\JM191\JM191.model</model>
        </node>
        <node>
           <name>MP_JM261_Fuse_box_1</name>
           <model>japan\misc\JM261\JM261.model</model>
        </node>
        <node>
           <name>MP_JM262_Fuse_Box_2</name>
           <model>japan\misc\JM262\JM262.model</model>
        </node>
        <node>
           <name>MP_JM261_Fuse_box_1_INDEX_1</name>
           <model>japan\misc\JM261\JM261.model</model>
        </node>
        <node>
           <name>MP_JM252_Gauge_4</name>
           <model>japan\misc\JM252\JM252.model</model>
        </node>
        <node>
           <name>MP_JM253_Gauge_5</name>
           <model>japan\misc\JM253\JM253.model</model>
        </node>
        <node>
           <name>MP_JM256_Gauge_7</name>
           <model>japan\misc\JM256\JM256.model</model>
        </node>
        <node>
           <name>MP_JM261_Fuse_box_1_INDEX_2</name>
           <model>japan\misc\JM261\JM261.model</model>
        </node>
        <node>
           <name>MP_JM261_Fuse_box_1_INDEX_3</name>
           <model>japan\misc\JM261\JM261.model</model>
        </node>
        <node>
           <name>MP_JM261_Fuse_box_1_INDEX_4</name>
           <model>japan\misc\JM261\JM261.model</model>
        </node>
        <node>
           <name>MP_JM259_Gauge_8</name>
           <model>japan\misc\JM259\JM259.model</model>
        </node>
        <node>
           <name>MP_JM262_Fuse_Box_2_INDEX_1</name>
           <model>japan\misc\JM262\JM262.model</model>
        </node>
        <node>
           <name>MP_JM261_Fuse_box_1_INDEX_5</name>
           <model>japan\misc\JM261\JM261.model</model>
        </node>
        <node>
           <name>MP_JM257_Clock</name>
           <model>japan\misc\JM257\JM257.model</model>
        </node>
        <node>
           <name>MP_JM258_Double_Gauge_2</name>
           <model>japan\misc\JM258\JM258.model</model>
        </node>
        <node>
           <name>MP_JM255_Double_Gauge</name>
           <model>japan\misc\JM255\JM255.model</model>
        </node>
        <node>
           <name>MP_JM251_Gauge_3</name>
           <model>japan\misc\JM251\JM251.model</model>
        </node>
        <node>
           <name>MP_JM250_Gauge_2</name>
           <model>japan\misc\JM250\JM250.model</model>
        </node>
        <node>
           <name>MP_JM248_Electric_gauge_R</name>
           <model>japan\misc\JM248\JM248.model</model>
        </node>
        <node>
           <name>MP_JM247_Electric_gauge_L</name>
           <model>japan\misc\JM247\JM247.model</model>
        </node>
        <node>
           <name>MP_JM262_Fuse_Box_2_INDEX_2</name>
           <model>japan\misc\JM262\JM262.model</model>
        </node>
        <node>
           <name>MP_JM265_Wall_trigger_2</name>
           <model>japan\misc\JM265\JM265.model</model>
        </node>
        <node>
           <name>MP_JM265_Wall_trigger_2_INDEX_1</name>
           <model>japan\misc\JM265\JM265.model</model>
        </node>
        <node>
           <name>MP_JM058_Deck_Hatch_7_INDEX_20</name>
           <model>japan\misc\JM058\JM058.model</model>
        </node>
        <node>
           <name>MP_JM078_Deck_Winch_2_INDEX_3</name>
           <model>japan\misc\JM078\JM078.model</model>
        </node>
        <node>
           <name>MP_CM014_Fuel_Oil_Hose</name>
           <model>common\misc\CM014\CM014.model</model>
        </node>
        <node>
           <name>MP_CM014_Fuel_Oil_Hose_INDEX_1</name>
           <model>common\misc\CM014\CM014.model</model>
        </node>
        <node>
           <name>MP_JM209_Searchlight_early</name>
           <model>japan\misc\JM209\JM209.model</model>
        </node>
        <node>
           <name>MP_JM209_Searchlight_early_INDEX_1</name>
           <model>japan\misc\JM209\JM209.model</model>
        </node>
        <node>
           <name>MP_JM209_Searchlight_early_INDEX_2</name>
           <model>japan\misc\JM209\JM209.model</model>
        </node>
        <node>
           <name>MP_JM209_Searchlight_early_INDEX_3</name>
           <model>japan\misc\JM209\JM209.model</model>
        </node>
        <node>
           <name>MP_JM209_Searchlight_early_INDEX_4</name>
           <model>japan\misc\JM209\JM209.model</model>
        </node>
        <node>
           <name>MP_JM209_Searchlight_early_INDEX_5</name>
           <model>japan\misc\JM209\JM209.model</model>
        </node>
        <node>
           <name>MP_JM032_Electric_Deck_Winch</name>
           <model>japan\misc\JM032\JM032.model</model>
        </node>
        <node>
           <name>MP_JM027_Fairlead_2</name>
           <model>japan\misc\JM027\JM027.model</model>
        </node>
        <node>
           <name>MP_JM027_Fairlead_2_INDEX_1</name>
           <model>japan\misc\JM027\JM027.model</model>
        </node>
        <node>
           <name>MP_JM023_Ventilators_7_INDEX_27</name>
           <model>japan\misc\JM023\JM023.model</model>
        </node>
        <node>
           <name>MP_JM166_Voice_Tube_INDEX_22</name>
           <model>japan\misc\JM166\JM166.model</model>
        </node>
        <node>
           <name>MP_JM165_Telegraph_Engine_INDEX_1</name>
           <model>japan\misc\JM165\JM165.model</model>
        </node>
        <node>
           <name>MP_JM164_Turning_Indicator_INDEX_1</name>
           <model>japan\misc\JM164\JM164.model</model>
        </node>
        <node>
           <name>MP_JM166_Voice_Tube_INDEX_23</name>
           <model>japan\misc\JM166\JM166.model</model>
        </node>
        <node>
           <name>MP_JM166_Voice_Tube_INDEX_24</name>
           <model>japan\misc\JM166\JM166.model</model>
        </node>
        <node>
           <name>MP_CM014_Fuel_Oil_Hose_INDEX_2</name>
           <model>common\misc\CM014\CM014.model</model>
        </node>
        <node>
           <name>MP_CM014_Fuel_Oil_Hose_INDEX_3</name>
           <model>common\misc\CM014\CM014.model</model>
        </node>
        <node>
           <name>MP_CM014_Fuel_Oil_Hose_INDEX_4</name>
           <model>common\misc\CM014\CM014.model</model>
        </node>
        <node>
           <name>MP_CM014_Fuel_Oil_Hose_INDEX_5</name>
           <model>common\misc\CM014\CM014.model</model>
        </node>
        <node>
           <name>MP_CM014_Fuel_Oil_Hose_INDEX_6</name>
           <model>common\misc\CM014\CM014.model</model>
        </node>
        <node>
           <name>MP_CM014_Fuel_Oil_Hose_INDEX_7</name>
           <model>common\misc\CM014\CM014.model</model>
        </node>
        <node>
           <name>MP_CM014_Fuel_Oil_Hose_INDEX_8</name>
           <model>common\misc\CM014\CM014.model</model>
        </node>
        <node>
           <name>MP_CM014_Fuel_Oil_Hose_INDEX_9</name>
           <model>common\misc\CM014\CM014.model</model>
        </node>
        <node>
           <name>MP_CM014_Fuel_Oil_Hose_INDEX_10</name>
           <model>common\misc\CM014\CM014.model</model>
        </node>
        <node>
           <name>MP_CM014_Fuel_Oil_Hose_INDEX_11</name>
           <model>common\misc\CM014\CM014.model</model>
        </node>
        <node>
           <name>MP_JM221_Aircraft_float</name>
           <model>japan\misc\JM221\JM221.model</model>
        </node>
        <node>
           <name>MP_JM290_Plane_wings</name>
           <model>japan\misc\JM290\JM290.model</model>
        </node>
        <node>
           <name>MP_JM110_Deck_Hatch_12</name>
           <model>japan\misc\JM110\JM110.model</model>
        </node>
        <node>
           <name>MP_JM281_Crane</name>
           <model>japan\misc\JM281\JM281.model</model>
        </node>
        <node>
           <name>MP_JM110_Deck_Hatch_12_INDEX_1</name>
           <model>japan\misc\JM110\JM110.model</model>
        </node>
        <node>
           <name>MP_JM281_Crane_INDEX_1</name>
           <model>japan\misc\JM281\JM281.model</model>
        </node>
        <node>
           <name>MP_JM305_Running_Lights_F_old</name>
           <model>japan\misc\JM305\JM305.model</model>
        </node>
        <node>
           <name>MP_JM305_Running_Lights_F_old_INDEX_1</name>
           <model>japan\misc\JM305\JM305.model</model>
        </node>
        <node>
           <name>MP_JM117_Crew_Exercise_Machine</name>
           <model>japan\misc\JM117\JM117.model</model>
        </node>
        <node>
           <name>MP_JM117_Crew_Exercise_Machine_INDEX_1</name>
           <model>japan\misc\JM117\JM117.model</model>
        </node>
        <node>
           <name>MP_CM092_Siren</name>
           <model>common\misc\CM092\CM092.model</model>
        </node>
        <node>
           <name>MP_CM092_Siren_INDEX_1</name>
           <model>common\misc\CM092\CM092.model</model>
        </node>
        <node>
           <name>HP_flag_1</name>
           <model>japan\misc\JM001\JM001.model</model>
        </node>
        <node>
           <name>HP_flag_2</name>
           <model>japan\misc\JM001\JM001.model</model>
        </node>
        <node>
           <name>HP_flag_3</name>
           <model>japan\misc\JM001\JM001.model</model>
        </node>
        <node>
           <name>HP_flag_4</name>
           <model>japan\misc\JM001\JM001.model</model>
        </node>
        <node>
           <name>HP_Fire_Burn_2</name>
           <model>UNKNOWN_ITEM</model>
        </node>
        <node>
           <name>HP_Smoke_1</name>
           <model>UNKNOWN_ITEM</model>
        </node>
        <node>
           <name>HP_NoseWave_Speed</name>
           <model>UNKNOWN_ITEM</model>
        </node>
        <node>
           <name>HP_Smoke_2</name>
           <model>UNKNOWN_ITEM</model>
        </node>
    </midfront>
    <midback>
      <model>japan\ship\battleship\JSB037_Amagi_1926\JSB037_Amagi_1926_MidBack_ports.model</model>
        <node>
           <name>HP_JF_10</name>
           <model>japan\finder\JF028_Rangefinder_2m\JF028_Rangefinder_2m.model</model>
        </node>
        <node>
           <name>HP_JF_11</name>
           <model>japan\finder\JF028_Rangefinder_2m\JF028_Rangefinder_2m.model</model>
        </node>
        <node>
           <name>HP_JF_12</name>
           <model>japan\finder\JF054_Rangefinder_2_5m\JF054_Rangefinder_2_5m.model</model>
        </node>
        <node>
           <name>HP_JGA_7</name>
           <model>japan\gun\aaircraft\JGA094_40mm_Vickers_double\JGA094_40mm_Vickers_double.model</model>
        </node>
        <node>
           <name>HP_JGA_8</name>
           <model>japan\gun\aaircraft\JGA094_40mm_Vickers_double\JGA094_40mm_Vickers_double.model</model>
        </node>
        <node>
           <name>HP_JGM_4</name>
           <model>japan\gun\main\JGM127_410mm45_Type3_RF_old\JGM127_410mm45_Type3_RF_old.model</model>
        </node>
        <node>
           <name>HP_JGM_3</name>
           <model>japan\gun\main\JGM127_410mm45_Type3_RF_old\JGM127_410mm45_Type3_RF_old.model</model>
        </node>
        <node>
           <name>HP_JGM_5</name>
           <model>japan\gun\main\JGM127_410mm45_Type3_RF_old\JGM127_410mm45_Type3_RF_old.model</model>
        </node>
        <node>
           <name>HP_JGS_19</name>
           <model>japan\gun\secondary\JGS126_140mm\JGS126_140mm.model</model>
        </node>
        <node>
           <name>HP_JGS_17</name>
           <model>japan\gun\secondary\JGS126_140mm\JGS126_140mm.model</model>
        </node>
        <node>
           <name>HP_JGS_15</name>
           <model>japan\gun\secondary\JGS126_140mm\JGS126_140mm.model</model>
        </node>
        <node>
           <name>HP_JGS_13</name>
           <model>japan\gun\secondary\JGS126_140mm\JGS126_140mm.model</model>
        </node>
        <node>
           <name>HP_JGS_11</name>
           <model>japan\gun\secondary\JGS126_140mm\JGS126_140mm.model</model>
        </node>
        <node>
           <name>HP_JGS_12</name>
           <model>japan\gun\secondary\JGS126_140mm\JGS126_140mm.model</model>
        </node>
        <node>
           <name>HP_JGS_14</name>
           <model>japan\gun\secondary\JGS126_140mm\JGS126_140mm.model</model>
        </node>
        <node>
           <name>HP_JGS_16</name>
           <model>japan\gun\secondary\JGS126_140mm\JGS126_140mm.model</model>
        </node>
        <node>
           <name>HP_JGS_18</name>
           <model>japan\gun\secondary\JGS126_140mm\JGS126_140mm.model</model>
        </node>
        <node>
           <name>HP_JGS_20</name>
           <model>japan\gun\secondary\JGS126_140mm\JGS126_140mm.model</model>
        </node>
        <node>
           <name>MP_JM166_Voice_Tube</name>
           <model>japan\misc\JM166\JM166.model</model>
        </node>
        <node>
           <name>MP_JM166_Voice_Tube_INDEX_1</name>
           <model>japan\misc\JM166\JM166.model</model>
        </node>
        <node>
           <name>MP_JM166_Voice_Tube_INDEX_2</name>
           <model>japan\misc\JM166\JM166.model</model>
        </node>
        <node>
           <name>MP_JM006_Binocular_1</name>
           <model>japan\misc\JM006\JM006.model</model>
        </node>
        <node>
           <name>MP_JM228_Steam_Launch_12_8m</name>
           <model>japan\misc\JM228\JM228.model</model>
        </node>
        <node>
           <name>MP_JM229_Sailing_Launch_12_2m</name>
           <model>japan\misc\JM229\JM229.model</model>
        </node>
        <node>
           <name>MP_JM037_Cutter_9m</name>
           <model>japan\misc\JM037\JM037.model</model>
        </node>
        <node>
           <name>MP_JM184_Dial_Plate</name>
           <model>japan\misc\JM184\JM184.model</model>
        </node>
        <node>
           <name>MP_CM035_Accommodation_Ladder_Closed_L</name>
           <model>common\misc\CM035\CM035.model</model>
        </node>
        <node>
           <name>MP_CM023_Accommodation_Ladder_Closed</name>
           <model>common\misc\CM023\CM023.model</model>
        </node>
        <node>
           <name>MP_JM037_Cutter_9m_INDEX_1</name>
           <model>japan\misc\JM037\JM037.model</model>
        </node>
        <node>
           <name>MP_JM037_Cutter_9m_INDEX_2</name>
           <model>japan\misc\JM037\JM037.model</model>
        </node>
        <node>
           <name>MP_JM037_Cutter_9m_INDEX_3</name>
           <model>japan\misc\JM037\JM037.model</model>
        </node>
        <node>
           <name>MP_JM297_Signal_platorm</name>
           <model>japan\misc\JM297\JM297.model</model>
        </node>
        <node>
           <name>MP_CM060_Flag_Box</name>
           <model>common\misc\CM060\CM060.model</model>
        </node>
        <node>
           <name>MP_CM060_Flag_Box_INDEX_1</name>
           <model>common\misc\CM060\CM060.model</model>
        </node>
        <node>
           <name>MP_JM006_Binocular_1_INDEX_1</name>
           <model>japan\misc\JM006\JM006.model</model>
        </node>
        <node>
           <name>MP_CM030_Swab_Rack_2</name>
           <model>common\misc\CM030\CM030.model</model>
        </node>
        <node>
           <name>MP_JM023_Ventilators_7</name>
           <model>japan\misc\JM023\JM023.model</model>
        </node>
        <node>
           <name>MP_JM023_Ventilators_7_INDEX_1</name>
           <model>japan\misc\JM023\JM023.model</model>
        </node>
        <node>
           <name>MP_JM018_Ventilators_2</name>
           <model>japan\misc\JM018\JM018.model</model>
        </node>
        <node>
           <name>MP_JM023_Ventilators_7_INDEX_2</name>
           <model>japan\misc\JM023\JM023.model</model>
        </node>
        <node>
           <name>MP_JM078_Deck_Winch_2</name>
           <model>japan\misc\JM078\JM078.model</model>
        </node>
        <node>
           <name>MP_JM078_Deck_Winch_2_INDEX_1</name>
           <model>japan\misc\JM078\JM078.model</model>
        </node>
        <node>
           <name>MP_JM023_Ventilators_7_INDEX_3</name>
           <model>japan\misc\JM023\JM023.model</model>
        </node>
        <node>
           <name>MP_JM149_Ammunition_Box</name>
           <model>japan\misc\JM149\JM149.model</model>
        </node>
        <node>
           <name>MP_JM023_Ventilators_7_INDEX_4</name>
           <model>japan\misc\JM023\JM023.model</model>
        </node>
        <node>
           <name>MP_JM023_Ventilators_7_INDEX_5</name>
           <model>japan\misc\JM023\JM023.model</model>
        </node>
        <node>
           <name>MP_JM023_Ventilators_7_INDEX_6</name>
           <model>japan\misc\JM023\JM023.model</model>
        </node>
        <node>
           <name>MP_JM022_Ventilators_6</name>
           <model>japan\misc\JM022\JM022.model</model>
        </node>
        <node>
           <name>MP_CM012_Fire_Hose_Rack_1</name>
           <model>common\misc\CM012\CM012.model</model>
        </node>
        <node>
           <name>MP_CM012_Fire_Hose_Rack_1_INDEX_1</name>
           <model>common\misc\CM012\CM012.model</model>
        </node>
        <node>
           <name>MP_CM012_Fire_Hose_Rack_1_INDEX_2</name>
           <model>common\misc\CM012\CM012.model</model>
        </node>
        <node>
           <name>MP_CM029_Emergency_Box</name>
           <model>common\misc\CM029\CM029.model</model>
        </node>
        <node>
           <name>MP_CM029_Emergency_Box_INDEX_1</name>
           <model>common\misc\CM029\CM029.model</model>
        </node>
        <node>
           <name>MP_CM004_Barbette_Out</name>
           <model>common\misc\CM004\CM004.model</model>
        </node>
        <node>
           <name>MP_JM023_Ventilators_7_INDEX_7</name>
           <model>japan\misc\JM023\JM023.model</model>
        </node>
        <node>
           <name>MP_JM023_Ventilators_7_INDEX_8</name>
           <model>japan\misc\JM023\JM023.model</model>
        </node>
        <node>
           <name>MP_CM012_Fire_Hose_Rack_1_INDEX_3</name>
           <model>common\misc\CM012\CM012.model</model>
        </node>
        <node>
           <name>MP_CM011_Fire_Fighting_Gear</name>
           <model>common\misc\CM011\CM011.model</model>
        </node>
        <node>
           <name>MP_CM011_Fire_Fighting_Gear_INDEX_1</name>
           <model>common\misc\CM011\CM011.model</model>
        </node>
        <node>
           <name>MP_CM011_Fire_Fighting_Gear_INDEX_2</name>
           <model>common\misc\CM011\CM011.model</model>
        </node>
        <node>
           <name>MP_CM011_Fire_Fighting_Gear_INDEX_3</name>
           <model>common\misc\CM011\CM011.model</model>
        </node>
        <node>
           <name>MP_JM061_Deck_Hatch_10</name>
           <model>japan\misc\JM061\JM061.model</model>
        </node>
        <node>
           <name>MP_JM215_Day_Light_Wind_Intensity</name>
           <model>japan\misc\JM215\JM215.model</model>
        </node>
        <node>
           <name>MP_JM023_Ventilators_7_INDEX_9</name>
           <model>japan\misc\JM023\JM023.model</model>
        </node>
        <node>
           <name>MP_JM023_Ventilators_7_INDEX_10</name>
           <model>japan\misc\JM023\JM023.model</model>
        </node>
        <node>
           <name>MP_JM289_Bogie_Rangefinder_or_Searchlight</name>
           <model>japan\misc\JM289\JM289.model</model>
        </node>
        <node>
           <name>MP_JM026_Bollards</name>
           <model>japan\misc\JM026\JM026.model</model>
        </node>
        <node>
           <name>MP_CM012_Fire_Hose_Rack_1_INDEX_4</name>
           <model>common\misc\CM012\CM012.model</model>
        </node>
        <node>
           <name>MP_JM022_Ventilators_6_INDEX_1</name>
           <model>japan\misc\JM022\JM022.model</model>
        </node>
        <node>
           <name>MP_CM004_Barbette_Out_INDEX_1</name>
           <model>common\misc\CM004\CM004.model</model>
        </node>
        <node>
           <name>MP_JM018_Ventilators_2_INDEX_1</name>
           <model>japan\misc\JM018\JM018.model</model>
        </node>
        <node>
           <name>MP_JM023_Ventilators_7_INDEX_11</name>
           <model>japan\misc\JM023\JM023.model</model>
        </node>
        <node>
           <name>MP_JM229_Sailing_Launch_12_2m_INDEX_1</name>
           <model>japan\misc\JM229\JM229.model</model>
        </node>
        <node>
           <name>MP_JM018_Ventilators_2_INDEX_2</name>
           <model>japan\misc\JM018\JM018.model</model>
        </node>
        <node>
           <name>MP_JM023_Ventilators_7_INDEX_12</name>
           <model>japan\misc\JM023\JM023.model</model>
        </node>
        <node>
           <name>MP_CM004_Barbette_Out_INDEX_2</name>
           <model>common\misc\CM004\CM004.model</model>
        </node>
        <node>
           <name>MP_JM023_Ventilators_7_INDEX_13</name>
           <model>japan\misc\JM023\JM023.model</model>
        </node>
        <node>
           <name>MP_JM023_Ventilators_7_INDEX_14</name>
           <model>japan\misc\JM023\JM023.model</model>
        </node>
        <node>
           <name>MP_JM037_Cutter_9m_INDEX_4</name>
           <model>japan\misc\JM037\JM037.model</model>
        </node>
        <node>
           <name>MP_CM011_Fire_Fighting_Gear_INDEX_4</name>
           <model>common\misc\CM011\CM011.model</model>
        </node>
        <node>
           <name>MP_JM055_Deck_Hatch_4</name>
           <model>japan\misc\JM055\JM055.model</model>
        </node>
        <node>
           <name>MP_JM021_Ventilators_5</name>
           <model>japan\misc\JM021\JM021.model</model>
        </node>
        <node>
           <name>MP_JM021_Ventilators_5_INDEX_1</name>
           <model>japan\misc\JM021\JM021.model</model>
        </node>
        <node>
           <name>MP_JM021_Ventilators_5_INDEX_2</name>
           <model>japan\misc\JM021\JM021.model</model>
        </node>
        <node>
           <name>MP_JM021_Ventilators_5_INDEX_3</name>
           <model>japan\misc\JM021\JM021.model</model>
        </node>
        <node>
           <name>MP_JM021_Ventilators_5_INDEX_4</name>
           <model>japan\misc\JM021\JM021.model</model>
        </node>
        <node>
           <name>MP_JM119_Gun_Deck_3</name>
           <model>japan\misc\JM119\JM119.model</model>
        </node>
        <node>
           <name>MP_JM119_Gun_Deck_3_INDEX_1</name>
           <model>japan\misc\JM119\JM119.model</model>
        </node>
        <node>
           <name>MP_CM008_Life_Buoy_1</name>
           <model>common\misc\CM008\CM008.model</model>
        </node>
        <node>
           <name>MP_CM008_Life_Buoy_1_INDEX_1</name>
           <model>common\misc\CM008\CM008.model</model>
        </node>
        <node>
           <name>MP_CM008_Life_Buoy_1_INDEX_2</name>
           <model>common\misc\CM008\CM008.model</model>
        </node>
        <node>
           <name>MP_CM008_Life_Buoy_1_INDEX_3</name>
           <model>common\misc\CM008\CM008.model</model>
        </node>
        <node>
           <name>MP_JM058_Deck_Hatch_7</name>
           <model>japan\misc\JM058\JM058.model</model>
        </node>
        <node>
           <name>MP_JM058_Deck_Hatch_7_INDEX_1</name>
           <model>japan\misc\JM058\JM058.model</model>
        </node>
        <node>
           <name>MP_JM058_Deck_Hatch_7_INDEX_2</name>
           <model>japan\misc\JM058\JM058.model</model>
        </node>
        <node>
           <name>MP_JM058_Deck_Hatch_7_INDEX_3</name>
           <model>japan\misc\JM058\JM058.model</model>
        </node>
        <node>
           <name>MP_JM059_Deck_Hatch_8</name>
           <model>japan\misc\JM059\JM059.model</model>
        </node>
        <node>
           <name>MP_JM059_Deck_Hatch_8_INDEX_1</name>
           <model>japan\misc\JM059\JM059.model</model>
        </node>
        <node>
           <name>MP_JM178_Winch</name>
           <model>japan\misc\JM178\JM178.model</model>
        </node>
        <node>
           <name>MP_JM178_Winch_INDEX_1</name>
           <model>japan\misc\JM178\JM178.model</model>
        </node>
        <node>
           <name>MP_JM166_Voice_Tube_INDEX_3</name>
           <model>japan\misc\JM166\JM166.model</model>
        </node>
        <node>
           <name>MP_JM166_Voice_Tube_INDEX_4</name>
           <model>japan\misc\JM166\JM166.model</model>
        </node>
        <node>
           <name>MP_JM166_Voice_Tube_INDEX_5</name>
           <model>japan\misc\JM166\JM166.model</model>
        </node>
        <node>
           <name>MP_JM059_Deck_Hatch_8_INDEX_2</name>
           <model>japan\misc\JM059\JM059.model</model>
        </node>
        <node>
           <name>MP_JM037_Cutter_9m_INDEX_5</name>
           <model>japan\misc\JM037\JM037.model</model>
        </node>
        <node>
           <name>MP_JM078_Deck_Winch_2_INDEX_2</name>
           <model>japan\misc\JM078\JM078.model</model>
        </node>
        <node>
           <name>MP_JM055_Deck_Hatch_4_INDEX_1</name>
           <model>japan\misc\JM055\JM055.model</model>
        </node>
        <node>
           <name>MP_JM055_Deck_Hatch_4_INDEX_2</name>
           <model>japan\misc\JM055\JM055.model</model>
        </node>
        <node>
           <name>MP_JM052_Deck_Hatch_1</name>
           <model>japan\misc\JM052\JM052.model</model>
        </node>
        <node>
           <name>MP_JM062_Deck_Hatch_11</name>
           <model>japan\misc\JM062\JM062.model</model>
        </node>
        <node>
           <name>MP_JM032_Electric_Deck_Winch</name>
           <model>japan\misc\JM032\JM032.model</model>
        </node>
        <node>
           <name>MP_JM052_Deck_Hatch_1_INDEX_1</name>
           <model>japan\misc\JM052\JM052.model</model>
        </node>
        <node>
           <name>MP_JM052_Deck_Hatch_1_INDEX_2</name>
           <model>japan\misc\JM052\JM052.model</model>
        </node>
        <node>
           <name>MP_JM057_Deck_Hatch_6</name>
           <model>japan\misc\JM057\JM057.model</model>
        </node>
        <node>
           <name>MP_JM052_Deck_Hatch_1_INDEX_3</name>
           <model>japan\misc\JM052\JM052.model</model>
        </node>
        <node>
           <name>MP_JM061_Deck_Hatch_10_INDEX_1</name>
           <model>japan\misc\JM061\JM061.model</model>
        </node>
        <node>
           <name>MP_JM052_Deck_Hatch_1_INDEX_4</name>
           <model>japan\misc\JM052\JM052.model</model>
        </node>
        <node>
           <name>MP_JM057_Deck_Hatch_6_INDEX_1</name>
           <model>japan\misc\JM057\JM057.model</model>
        </node>
        <node>
           <name>MP_JM026_Bollards_INDEX_1</name>
           <model>japan\misc\JM026\JM026.model</model>
        </node>
        <node>
           <name>MP_JM202_Fender</name>
           <model>japan\misc\JM202\JM202.model</model>
        </node>
        <node>
           <name>MP_JM202_Fender_INDEX_1</name>
           <model>japan\misc\JM202\JM202.model</model>
        </node>
        <node>
           <name>MP_JM202_Fender_INDEX_2</name>
           <model>japan\misc\JM202\JM202.model</model>
        </node>
        <node>
           <name>MP_JM202_Fender_INDEX_3</name>
           <model>japan\misc\JM202\JM202.model</model>
        </node>
        <node>
           <name>MP_JM202_Fender_INDEX_4</name>
           <model>japan\misc\JM202\JM202.model</model>
        </node>
        <node>
           <name>MP_JM191_SanBox</name>
           <model>japan\misc\JM191\JM191.model</model>
        </node>
        <node>
           <name>MP_JM191_SanBox_INDEX_1</name>
           <model>japan\misc\JM191\JM191.model</model>
        </node>
        <node>
           <name>MP_JM191_SanBox_INDEX_2</name>
           <model>japan\misc\JM191\JM191.model</model>
        </node>
        <node>
           <name>MP_JM191_SanBox_INDEX_3</name>
           <model>japan\misc\JM191\JM191.model</model>
        </node>
        <node>
           <name>MP_JM191_SanBox_INDEX_4</name>
           <model>japan\misc\JM191\JM191.model</model>
        </node>
        <node>
           <name>MP_JM078_Deck_Winch_2_INDEX_3</name>
           <model>japan\misc\JM078\JM078.model</model>
        </node>
        <node>
           <name>MP_CM014_Fuel_Oil_Hose</name>
           <model>common\misc\CM014\CM014.model</model>
        </node>
        <node>
           <name>MP_CM014_Fuel_Oil_Hose_INDEX_1</name>
           <model>common\misc\CM014\CM014.model</model>
        </node>
        <node>
           <name>MP_JM297_Signal_platorm_INDEX_1</name>
           <model>japan\misc\JM297\JM297.model</model>
        </node>
        <node>
           <name>MP_JM209_Searchlight_early</name>
           <model>japan\misc\JM209\JM209.model</model>
        </node>
        <node>
           <name>MP_JM209_Searchlight_early_INDEX_1</name>
           <model>japan\misc\JM209\JM209.model</model>
        </node>
        <node>
           <name>MP_JM209_Searchlight_early_INDEX_2</name>
           <model>japan\misc\JM209\JM209.model</model>
        </node>
        <node>
           <name>MP_JM209_Searchlight_early_INDEX_3</name>
           <model>japan\misc\JM209\JM209.model</model>
        </node>
        <node>
           <name>MP_CM014_Fuel_Oil_Hose_INDEX_2</name>
           <model>common\misc\CM014\CM014.model</model>
        </node>
        <node>
           <name>MP_CM014_Fuel_Oil_Hose_INDEX_3</name>
           <model>common\misc\CM014\CM014.model</model>
        </node>
        <node>
           <name>MP_CM014_Fuel_Oil_Hose_INDEX_4</name>
           <model>common\misc\CM014\CM014.model</model>
        </node>
        <node>
           <name>MP_CM014_Fuel_Oil_Hose_INDEX_5</name>
           <model>common\misc\CM014\CM014.model</model>
        </node>
        <node>
           <name>MP_CM014_Fuel_Oil_Hose_INDEX_6</name>
           <model>common\misc\CM014\CM014.model</model>
        </node>
        <node>
           <name>MP_CM014_Fuel_Oil_Hose_INDEX_7</name>
           <model>common\misc\CM014\CM014.model</model>
        </node>
        <node>
           <name>MP_JM202_Fender_INDEX_5</name>
           <model>japan\misc\JM202\JM202.model</model>
        </node>
        <node>
           <name>MP_CM029_Emergency_Box_INDEX_2</name>
           <model>common\misc\CM029\CM029.model</model>
        </node>
        <node>
           <name>MP_JM191_SanBox_INDEX_5</name>
           <model>japan\misc\JM191\JM191.model</model>
        </node>
        <node>
           <name>MP_CM012_Fire_Hose_Rack_1_INDEX_5</name>
           <model>common\misc\CM012\CM012.model</model>
        </node>
        <node>
           <name>MP_CM011_Fire_Fighting_Gear_INDEX_5</name>
           <model>common\misc\CM011\CM011.model</model>
        </node>
        <node>
           <name>MP_JM191_SanBox_INDEX_6</name>
           <model>japan\misc\JM191\JM191.model</model>
        </node>
        <node>
           <name>MP_CM012_Fire_Hose_Rack_1_INDEX_6</name>
           <model>common\misc\CM012\CM012.model</model>
        </node>
        <node>
           <name>MP_CM011_Fire_Fighting_Gear_INDEX_6</name>
           <model>common\misc\CM011\CM011.model</model>
        </node>
        <node>
           <name>MP_CM011_Fire_Fighting_Gear_INDEX_7</name>
           <model>common\misc\CM011\CM011.model</model>
        </node>
        <node>
           <name>MP_CM012_Fire_Hose_Rack_1_INDEX_7</name>
           <model>common\misc\CM012\CM012.model</model>
        </node>
        <node>
           <name>MP_JM191_SanBox_INDEX_7</name>
           <model>japan\misc\JM191\JM191.model</model>
        </node>
        <node>
           <name>MP_JM110_Deck_Hatch_12</name>
           <model>japan\misc\JM110\JM110.model</model>
        </node>
        <node>
           <name>MP_JM110_Deck_Hatch_12_INDEX_1</name>
           <model>japan\misc\JM110\JM110.model</model>
        </node>
        <node>
           <name>MP_JM281_Crane</name>
           <model>japan\misc\JM281\JM281.model</model>
        </node>
        <node>
           <name>MP_JM110_Deck_Hatch_12_INDEX_2</name>
           <model>japan\misc\JM110\JM110.model</model>
        </node>
        <node>
           <name>MP_JM281_Crane_INDEX_1</name>
           <model>japan\misc\JM281\JM281.model</model>
        </node>
        <node>
           <name>MP_JM027_Fairlead_2</name>
           <model>japan\misc\JM027\JM027.model</model>
        </node>
        <node>
           <name>MP_JM027_Fairlead_2_INDEX_1</name>
           <model>japan\misc\JM027\JM027.model</model>
        </node>
        <node>
           <name>MP_JM281_Crane_INDEX_2</name>
           <model>japan\misc\JM281\JM281.model</model>
        </node>
        <node>
           <name>HP_Fire_Burn_3</name>
           <model>UNKNOWN_ITEM</model>
        </node>
    </midback>
    <stern>
      <model>japan\ship\battleship\JSB037_Amagi_1926\JSB037_Amagi_1926_Stern_ports.model</model>
        <node>
           <name>HP_JC_1</name>
           <model>japan\catapult\JC001_Catapult_Shiki2\JC001_Catapult_Shiki2.model</model>
        </node>
        <node>
           <name>MP_JM026_Bollards</name>
           <model>japan\misc\JM026\JM026.model</model>
        </node>
        <node>
           <name>MP_JM044_After_Capstan</name>
           <model>japan\misc\JM044\JM044.model</model>
        </node>
        <node>
           <name>MP_JM125_Signal_Lamp_3</name>
           <model>japan\misc\JM125\JM125.model</model>
        </node>
        <node>
           <name>MP_CM085_Anchor_Top</name>
           <model>common\misc\CM085\CM085.model</model>
        </node>
        <node>
           <name>MP_CM085_Anchor_Top_INDEX_1</name>
           <model>common\misc\CM085\CM085.model</model>
        </node>
        <node>
           <name>MP_CM087_Anchor_down</name>
           <model>common\misc\CM087\CM087.model</model>
        </node>
        <node>
           <name>MP_JM023_Ventilators_7</name>
           <model>japan\misc\JM023\JM023.model</model>
        </node>
        <node>
           <name>MP_JM018_Ventilators_2</name>
           <model>japan\misc\JM018\JM018.model</model>
        </node>
        <node>
           <name>MP_JM018_Ventilators_2_INDEX_1</name>
           <model>japan\misc\JM018\JM018.model</model>
        </node>
        <node>
           <name>MP_JM057_Deck_Hatch_6</name>
           <model>japan\misc\JM057\JM057.model</model>
        </node>
        <node>
           <name>MP_JM023_Ventilators_7_INDEX_1</name>
           <model>japan\misc\JM023\JM023.model</model>
        </node>
        <node>
           <name>MP_JM216_Board_Crane</name>
           <model>japan\misc\JM216\JM216.model</model>
        </node>
        <node>
           <name>MP_JM061_Deck_Hatch_10</name>
           <model>japan\misc\JM061\JM061.model</model>
        </node>
        <node>
           <name>MP_JM168_Ventilation</name>
           <model>japan\misc\JM168\JM168.model</model>
        </node>
        <node>
           <name>MP_CM087_Anchor_down_INDEX_1</name>
           <model>common\misc\CM087\CM087.model</model>
        </node>
        <node>
           <name>MP_JM061_Deck_Hatch_10_INDEX_1</name>
           <model>japan\misc\JM061\JM061.model</model>
        </node>
        <node>
           <name>MP_JM023_Ventilators_7_INDEX_2</name>
           <model>japan\misc\JM023\JM023.model</model>
        </node>
        <node>
           <name>MP_JM216_Board_Crane_INDEX_1</name>
           <model>japan\misc\JM216\JM216.model</model>
        </node>
        <node>
           <name>MP_JM018_Ventilators_2_INDEX_2</name>
           <model>japan\misc\JM018\JM018.model</model>
        </node>
        <node>
           <name>MP_JM021_Ventilators_5</name>
           <model>japan\misc\JM021\JM021.model</model>
        </node>
        <node>
           <name>MP_JM021_Ventilators_5_INDEX_1</name>
           <model>japan\misc\JM021\JM021.model</model>
        </node>
        <node>
           <name>MP_JM021_Ventilators_5_INDEX_2</name>
           <model>japan\misc\JM021\JM021.model</model>
        </node>
        <node>
           <name>MP_JM021_Ventilators_5_INDEX_3</name>
           <model>japan\misc\JM021\JM021.model</model>
        </node>
        <node>
           <name>MP_JM021_Ventilators_5_INDEX_4</name>
           <model>japan\misc\JM021\JM021.model</model>
        </node>
        <node>
           <name>MP_CM001_Propeller3_L</name>
           <model>common\misc\CM001\CM001.model</model>
        </node>
        <node>
           <name>MP_CM001_Propeller3_L_INDEX_1</name>
           <model>common\misc\CM001\CM001.model</model>
        </node>
        <node>
           <name>MP_CM032_Propeller3_R</name>
           <model>common\misc\CM032\CM032.model</model>
        </node>
        <node>
           <name>MP_CM032_Propeller3_R_INDEX_1</name>
           <model>common\misc\CM032\CM032.model</model>
        </node>
        <node>
           <name>MP_JM057_Deck_Hatch_6_INDEX_1</name>
           <model>japan\misc\JM057\JM057.model</model>
        </node>
        <node>
           <name>MP_JM026_Bollards_INDEX_1</name>
           <model>japan\misc\JM026\JM026.model</model>
        </node>
        <node>
           <name>MP_JM300_Life_Buoy</name>
           <model>japan\misc\JM300\JM300.model</model>
        </node>
        <node>
           <name>MP_JM300_Life_Buoy_INDEX_1</name>
           <model>japan\misc\JM300\JM300.model</model>
        </node>
        <node>
           <name>MP_JM027_Fairlead_2</name>
           <model>japan\misc\JM027\JM027.model</model>
        </node>
        <node>
           <name>MP_JM027_Fairlead_2_INDEX_1</name>
           <model>japan\misc\JM027\JM027.model</model>
        </node>
        <node>
           <name>MP_JM027_Fairlead_2_INDEX_2</name>
           <model>japan\misc\JM027\JM027.model</model>
        </node>
        <node>
           <name>MP_JM027_Fairlead_2_INDEX_3</name>
           <model>japan\misc\JM027\JM027.model</model>
        </node>
        <node>
           <name>MP_JM304_Running_Lights_B</name>
           <model>japan\misc\JM304\JM304.model</model>
        </node>
        <node>
           <name>MP_JM059_Deck_Hatch_8</name>
           <model>japan\misc\JM059\JM059.model</model>
        </node>
        <node>
           <name>HP_flag_nation</name>
           <model>japan\misc\JM001\JM001.model</model>
        </node>
        <node>
           <name>HP_Fire_Burn_4</name>
           <model>UNKNOWN_ITEM</model>
        </node>
    </stern>
  </sections>
</JSB037_Amagi_1926.xml>
