<?xml version="1.0" encoding="Windows-1251"?>
<?xml-stylesheet type='text/xsl' href='R:\.doc\xsl\package.xsl'?>

  <package id='f:\sh5.demo.fr\000\texture3d.pak' version='0' size='7608115'>
    <file src='r:\.shared\texture3d\debug\dbg_grid_texture.dds' size='2872' offset='0' version='0' package='3'/>
    <file src='r:\.shared\texture3d\debug\debug_bricks.dds' size='312' offset='2872' version='0' package='3'/>
    <file src='r:\.shared\texture3d\water\cubemap\default_reflection.dds' size='2097440' offset='3184' version='0' package='3'/>
    <file src='r:\.shared\texture3d\sky\sky_clouds.dds' size='1398228' offset='2100624' version='0' package='3'/>
    <file src='r:\.shared\texture3d\sky\sky_fog.dds' size='1398228' offset='3498852' version='0' package='3'/>
    <file src='r:\.shared\texture3d\sky\sky_main.dds' size='1398228' offset='4897080' version='0' package='3'/>
    <file src='r:\.shared\texture3d\sky\sky_rain.dds' size='1048703' offset='6295308' version='0' package='3'/>
    <file src='r:\.shared\texture3d\water\water20_normal.dds' size='87536' offset='7344011' version='0' package='3'/>
    <file src='r:\.shared\texture3d\water\water20_wave.dds' size='87536' offset='7431547' version='0' package='3'/>
    <file src='r:\.shared\texture3d\water\animated\water_ls_x0000.dds' size='2872' offset='7519083' version='0' package='3'/>
    <file src='r:\.shared\texture3d\water\animated\water_ls_x0001.dds' size='2872' offset='7521955' version='0' package='3'/>
    <file src='r:\.shared\texture3d\water\animated\water_ls_x0002.dds' size='2872' offset='7524827' version='0' package='3'/>
    <file src='r:\.shared\texture3d\water\animated\water_ls_x0003.dds' size='2872' offset='7527699' version='0' package='3'/>
    <file src='r:\.shared\texture3d\water\animated\water_ls_x0004.dds' size='2872' offset='7530571' version='0' package='3'/>
    <file src='r:\.shared\texture3d\water\animated\water_ls_x0005.dds' size='2872' offset='7533443' version='0' package='3'/>
    <file src='r:\.shared\texture3d\water\animated\water_ls_x0006.dds' size='2872' offset='7536315' version='0' package='3'/>
    <file src='r:\.shared\texture3d\water\animated\water_ls_x0007.dds' size='2872' offset='7539187' version='0' package='3'/>
    <file src='r:\.shared\texture3d\water\animated\water_ls_x0008.dds' size='2872' offset='7542059' version='0' package='3'/>
    <file src='r:\.shared\texture3d\water\animated\water_ls_x0009.dds' size='2872' offset='7544931' version='0' package='3'/>
    <file src='r:\.shared\texture3d\water\animated\water_ls_x0010.dds' size='2872' offset='7547803' version='0' package='3'/>
    <file src='r:\.shared\texture3d\water\animated\water_ls_x0011.dds' size='2872' offset='7550675' version='0' package='3'/>
    <file src='r:\.shared\texture3d\water\animated\water_ls_x0012.dds' size='2872' offset='7553547' version='0' package='3'/>
    <file src='r:\.shared\texture3d\water\animated\water_ls_x0013.dds' size='2872' offset='7556419' version='0' package='3'/>
    <file src='r:\.shared\texture3d\water\animated\water_ls_x0014.dds' size='2872' offset='7559291' version='0' package='3'/>
    <file src='r:\.shared\texture3d\water\animated\water_ls_x0015.dds' size='2872' offset='7562163' version='0' package='3'/>
    <file src='r:\.shared\texture3d\water\animated\water_ls_x0016.dds' size='2872' offset='7565035' version='0' package='3'/>
    <file src='r:\.shared\texture3d\water\animated\water_ls_x0017.dds' size='2872' offset='7567907' version='0' package='3'/>
    <file src='r:\.shared\texture3d\water\animated\water_ls_x0018.dds' size='2872' offset='7570779' version='0' package='3'/>
    <file src='r:\.shared\texture3d\water\animated\water_ls_x0019.dds' size='2872' offset='7573651' version='0' package='3'/>
    <file src='r:\.shared\texture3d\water\animated\water_ls_x0020.dds' size='2872' offset='7576523' version='0' package='3'/>
    <file src='r:\.shared\texture3d\water\animated\water_ls_x0021.dds' size='2872' offset='7579395' version='0' package='3'/>
    <file src='r:\.shared\texture3d\water\animated\water_ls_x0022.dds' size='2872' offset='7582267' version='0' package='3'/>
    <file src='r:\.shared\texture3d\water\animated\water_ls_x0023.dds' size='2872' offset='7585139' version='0' package='3'/>
    <file src='r:\.shared\texture3d\water\animated\water_ls_x0024.dds' size='2872' offset='7588011' version='0' package='3'/>
    <file src='r:\.shared\texture3d\water\animated\water_ls_x0025.dds' size='2872' offset='7590883' version='0' package='3'/>
    <file src='r:\.shared\texture3d\water\animated\water_ls_x0026.dds' size='2872' offset='7593755' version='0' package='3'/>
    <file src='r:\.shared\texture3d\water\animated\water_ls_x0027.dds' size='2872' offset='7596627' version='0' package='3'/>
    <file src='r:\.shared\texture3d\water\animated\water_ls_x0028.dds' size='2872' offset='7599499' version='0' package='3'/>
    <file src='r:\.shared\texture3d\water\animated\water_ls_x0029.dds' size='2872' offset='7602371' version='0' package='3'/>
    <file src='r:\.shared\texture3d\water\animated\water_ls_x0030.dds' size='2872' offset='7605243' version='0' package='3'/>
  </package>