<ASB037_North_Carolina_1942.xml>
  <sections>
    <bow>
      <model>usa\ship\battleship\ASB037_North_Carolina_1942\ASB037_North_Carolina_1942_bow_ports.model</model>
        <node>
           <name>HP_AGA_5</name>
           <model>usa\gun\aaircraft\UNKNOWN_ITEM</model>
        </node>
        <node>
           <name>HP_AGA_6</name>
           <model>usa\gun\aaircraft\UNKNOWN_ITEM</model>
        </node>
        <node>
           <name>HP_AGA_7</name>
           <model>usa\gun\aaircraft\UNKNOWN_ITEM</model>
        </node>
        <node>
           <name>HP_AGA_1</name>
           <model>usa\gun\aaircraft\UNKNOWN_ITEM</model>
        </node>
        <node>
           <name>HP_AGA_8</name>
           <model>usa\gun\aaircraft\UNKNOWN_ITEM</model>
        </node>
        <node>
           <name>HP_AGA_10</name>
           <model>usa\gun\aaircraft\UNKNOWN_ITEM</model>
        </node>
        <node>
           <name>HP_AGA_9</name>
           <model>usa\gun\aaircraft\UNKNOWN_ITEM</model>
        </node>
        <node>
           <name>HP_AGA_2</name>
           <model>usa\gun\aaircraft\UNKNOWN_ITEM</model>
        </node>
        <node>
           <name>HP_AGA_3</name>
           <model>usa\gun\aaircraft\UNKNOWN_ITEM</model>
        </node>
        <node>
           <name>HP_AGA_4</name>
           <model>usa\gun\aaircraft\UNKNOWN_ITEM</model>
        </node>
        <node>
           <name>HP_AGM_1</name>
           <model>usa\gun\main\UNKNOWN_ITEM</model>
        </node>
        <node>
           <name>MP_AM191ASB037Bow_0_0</name>
           <model>usa\misc\AM191ASB037Bow\AM191ASB037Bow.model</model>
        </node>
        <node>
           <name>MP_AM049_Signal_Lamp_1</name>
           <model>usa\misc\AM049\AM049.model</model>
        </node>
        <node>
           <name>MP_AM003ASB037Bow_0_0</name>
           <model>usa\misc\AM003ASB037Bow\AM003ASB037Bow.model</model>
        </node>
        <node>
           <name>MP_AM024ASB037Bow_0_0</name>
           <model>usa\misc\AM024ASB037Bow\AM024ASB037Bow.model</model>
        </node>
        <node>
           <name>MP_AM026ASB037Bow_0_0</name>
           <model>usa\misc\AM026ASB037Bow\AM026ASB037Bow.model</model>
        </node>
        <node>
           <name>MP_AM141_Hatch_6</name>
           <model>usa\misc\AM141\AM141.model</model>
        </node>
        <node>
           <name>MP_AM023ASB037Bow_0_0</name>
           <model>usa\misc\AM023ASB037Bow\AM023ASB037Bow.model</model>
        </node>
        <node>
           <name>MP_AM068ASB037Bow_0_0</name>
           <model>usa\misc\AM068ASB037Bow\AM068ASB037Bow.model</model>
        </node>
        <node>
           <name>MP_CM006ASB037Bow_0_0</name>
           <model>common\misc\CM006ASB037Bow\CM006ASB037Bow.model</model>
        </node>
        <node>
           <name>MP_CM010ASB037Bow_0_0</name>
           <model>common\misc\CM010ASB037Bow\CM010ASB037Bow.model</model>
        </node>
        <node>
           <name>MP_AM129ASB037Bow_0_0</name>
           <model>usa\misc\AM129ASB037Bow\AM129ASB037Bow.model</model>
        </node>
        <node>
           <name>MP_AM088ASB037Bow_0_0</name>
           <model>usa\misc\AM088ASB037Bow\AM088ASB037Bow.model</model>
        </node>
        <node>
           <name>MP_AM005ASB037Bow_0_0</name>
           <model>usa\misc\AM005ASB037Bow\AM005ASB037Bow.model</model>
        </node>
        <node>
           <name>MP_AM004ASB037Bow_0_0</name>
           <model>usa\misc\AM004ASB037Bow\AM004ASB037Bow.model</model>
        </node>
        <node>
           <name>MP_AM001ASB037Bow_0_0</name>
           <model>usa\misc\AM001ASB037Bow\AM001ASB037Bow.model</model>
        </node>
        <node>
           <name>MP_AM006ASB037Bow_0_0</name>
           <model>usa\misc\AM006ASB037Bow\AM006ASB037Bow.model</model>
        </node>
        <node>
           <name>MP_AM271ASB037Bow_0_0</name>
           <model>usa\misc\AM271ASB037Bow\AM271ASB037Bow.model</model>
        </node>
        <node>
           <name>MP_CM011ASB037Bow_0_0</name>
           <model>common\misc\CM011ASB037Bow\CM011ASB037Bow.model</model>
        </node>
        <node>
           <name>MP_CM012_Fire_Hose_Rack_1</name>
           <model>common\misc\CM012\CM012.model</model>
        </node>
        <node>
           <name>MP_AM019ASB037Bow_0_0</name>
           <model>usa\misc\AM019ASB037Bow\AM019ASB037Bow.model</model>
        </node>
        <node>
           <name>MP_AM319_Hatch</name>
           <model>usa\misc\AM319\AM319.model</model>
        </node>
        <node>
           <name>MP_AM077ASB037Bow_0_0</name>
           <model>usa\misc\AM077ASB037Bow\AM077ASB037Bow.model</model>
        </node>
        <node>
           <name>HP_Fire_Burn_1</name>
           <model>UNKNOWN_ITEM</model>
        </node>
    </bow>
    <midfront>
      <model>usa\ship\battleship\ASB037_North_Carolina_1942\ASB037_North_Carolina_1942_MidFront_ports.model</model>
        <node>
           <name>HP_AD_11</name>
           <model>usa\director\UNKNOWN_ITEM</model>
        </node>
        <node>
           <name>HP_AD_12</name>
           <model>usa\director\UNKNOWN_ITEM</model>
        </node>
        <node>
           <name>HP_AD_5</name>
           <model>usa\director\UNKNOWN_ITEM</model>
        </node>
        <node>
           <name>HP_AD_6</name>
           <model>usa\director\UNKNOWN_ITEM</model>
        </node>
        <node>
           <name>HP_AD_7</name>
           <model>usa\director\UNKNOWN_ITEM</model>
        </node>
        <node>
           <name>HP_AD_3</name>
           <model>usa\director\UNKNOWN_ITEM</model>
        </node>
        <node>
           <name>HP_AD_9</name>
           <model>usa\director\UNKNOWN_ITEM</model>
        </node>
        <node>
           <name>HP_AD_13</name>
           <model>usa\director\UNKNOWN_ITEM</model>
        </node>
        <node>
           <name>HP_AD_10</name>
           <model>usa\director\UNKNOWN_ITEM</model>
        </node>
        <node>
           <name>HP_AD_14</name>
           <model>usa\director\UNKNOWN_ITEM</model>
        </node>
        <node>
           <name>HP_AD_1</name>
           <model>usa\director\UNKNOWN_ITEM</model>
        </node>
        <node>
           <name>HP_AD_2</name>
           <model>usa\director\UNKNOWN_ITEM</model>
        </node>
        <node>
           <name>HP_AD_4</name>
           <model>usa\director\UNKNOWN_ITEM</model>
        </node>
        <node>
           <name>HP_AD_8</name>
           <model>usa\director\UNKNOWN_ITEM</model>
        </node>
        <node>
           <name>HP_AF_3</name>
           <model>usa\finder\UNKNOWN_ITEM</model>
        </node>
        <node>
           <name>HP_AF_2</name>
           <model>usa\finder\UNKNOWN_ITEM</model>
        </node>
        <node>
           <name>HP_AF_1</name>
           <model>usa\finder\UNKNOWN_ITEM</model>
        </node>
        <node>
           <name>HP_AF_5</name>
           <model>usa\finder\UNKNOWN_ITEM</model>
        </node>
        <node>
           <name>HP_AF_6</name>
           <model>usa\finder\UNKNOWN_ITEM</model>
        </node>
        <node>
           <name>HP_AF_4</name>
           <model>usa\finder\UNKNOWN_ITEM</model>
        </node>
        <node>
           <name>HP_AGA_36</name>
           <model>usa\gun\aaircraft\UNKNOWN_ITEM</model>
        </node>
        <node>
           <name>HP_AGA_28</name>
           <model>usa\gun\aaircraft\UNKNOWN_ITEM</model>
        </node>
        <node>
           <name>HP_AGA_27</name>
           <model>usa\gun\aaircraft\UNKNOWN_ITEM</model>
        </node>
        <node>
           <name>HP_AGA_18</name>
           <model>usa\gun\aaircraft\UNKNOWN_ITEM</model>
        </node>
        <node>
           <name>HP_AGA_21</name>
           <model>usa\gun\aaircraft\UNKNOWN_ITEM</model>
        </node>
        <node>
           <name>HP_AGA_35</name>
           <model>usa\gun\aaircraft\UNKNOWN_ITEM</model>
        </node>
        <node>
           <name>HP_AGA_20</name>
           <model>usa\gun\aaircraft\UNKNOWN_ITEM</model>
        </node>
        <node>
           <name>HP_AGA_24</name>
           <model>usa\gun\aaircraft\UNKNOWN_ITEM</model>
        </node>
        <node>
           <name>HP_AGA_17</name>
           <model>usa\gun\aaircraft\UNKNOWN_ITEM</model>
        </node>
        <node>
           <name>HP_AGA_19</name>
           <model>usa\gun\aaircraft\UNKNOWN_ITEM</model>
        </node>
        <node>
           <name>HP_AGA_22</name>
           <model>usa\gun\aaircraft\UNKNOWN_ITEM</model>
        </node>
        <node>
           <name>HP_AGA_13</name>
           <model>usa\gun\aaircraft\UNKNOWN_ITEM</model>
        </node>
        <node>
           <name>HP_AGA_31</name>
           <model>usa\gun\aaircraft\UNKNOWN_ITEM</model>
        </node>
        <node>
           <name>HP_AGA_12</name>
           <model>usa\gun\aaircraft\UNKNOWN_ITEM</model>
        </node>
        <node>
           <name>HP_AGA_32</name>
           <model>usa\gun\aaircraft\UNKNOWN_ITEM</model>
        </node>
        <node>
           <name>HP_AGA_23</name>
           <model>usa\gun\aaircraft\UNKNOWN_ITEM</model>
        </node>
        <node>
           <name>HP_AGA_26</name>
           <model>usa\gun\aaircraft\UNKNOWN_ITEM</model>
        </node>
        <node>
           <name>HP_AGA_14</name>
           <model>usa\gun\aaircraft\UNKNOWN_ITEM</model>
        </node>
        <node>
           <name>HP_AGA_11</name>
           <model>usa\gun\aaircraft\UNKNOWN_ITEM</model>
        </node>
        <node>
           <name>HP_AGA_25</name>
           <model>usa\gun\aaircraft\UNKNOWN_ITEM</model>
        </node>
        <node>
           <name>HP_AGA_34</name>
           <model>usa\gun\aaircraft\UNKNOWN_ITEM</model>
        </node>
        <node>
           <name>HP_AGA_33</name>
           <model>usa\gun\aaircraft\UNKNOWN_ITEM</model>
        </node>
        <node>
           <name>HP_AGA_29</name>
           <model>usa\gun\aaircraft\UNKNOWN_ITEM</model>
        </node>
        <node>
           <name>HP_AGA_30</name>
           <model>usa\gun\aaircraft\UNKNOWN_ITEM</model>
        </node>
        <node>
           <name>HP_AGA_15</name>
           <model>usa\gun\aaircraft\UNKNOWN_ITEM</model>
        </node>
        <node>
           <name>HP_AGA_37</name>
           <model>usa\gun\aaircraft\UNKNOWN_ITEM</model>
        </node>
        <node>
           <name>HP_AGA_16</name>
           <model>usa\gun\aaircraft\UNKNOWN_ITEM</model>
        </node>
        <node>
           <name>HP_AGA_38</name>
           <model>usa\gun\aaircraft\UNKNOWN_ITEM</model>
        </node>
        <node>
           <name>HP_AGM_2</name>
           <model>usa\gun\main\UNKNOWN_ITEM</model>
        </node>
        <node>
           <name>HP_AGS_1</name>
           <model>usa\gun\secondary\UNKNOWN_ITEM</model>
        </node>
        <node>
           <name>HP_AGS_7</name>
           <model>usa\gun\secondary\UNKNOWN_ITEM</model>
        </node>
        <node>
           <name>HP_AGS_3</name>
           <model>usa\gun\secondary\UNKNOWN_ITEM</model>
        </node>
        <node>
           <name>HP_AGS_5</name>
           <model>usa\gun\secondary\UNKNOWN_ITEM</model>
        </node>
        <node>
           <name>HP_AGS_8</name>
           <model>usa\gun\secondary\UNKNOWN_ITEM</model>
        </node>
        <node>
           <name>HP_AGS_6</name>
           <model>usa\gun\secondary\UNKNOWN_ITEM</model>
        </node>
        <node>
           <name>HP_AGS_4</name>
           <model>usa\gun\secondary\UNKNOWN_ITEM</model>
        </node>
        <node>
           <name>HP_AGS_2</name>
           <model>usa\gun\secondary\UNKNOWN_ITEM</model>
        </node>
        <node>
           <name>HP_ARS_1</name>
           <model>usa\radar\search\UNKNOWN_ITEM</model>
        </node>
        <node>
           <name>MP_AM074ASB037MidFront_0_0</name>
           <model>usa\misc\AM074ASB037MidFront\AM074ASB037MidFront.model</model>
        </node>
        <node>
           <name>MP_AM535ASB037MidFront_0_0</name>
           <model>usa\misc\AM535ASB037MidFront\AM535ASB037MidFront.model</model>
        </node>
        <node>
           <name>MP_AM047_Running_Lights_R</name>
           <model>usa\misc\AM047\AM047.model</model>
        </node>
        <node>
           <name>MP_AM108ASB037MidFront_0_0</name>
           <model>usa\misc\AM108ASB037MidFront\AM108ASB037MidFront.model</model>
        </node>
        <node>
           <name>MP_AM010ASB037MidFront_0_0</name>
           <model>usa\misc\AM010ASB037MidFront\AM010ASB037MidFront.model</model>
        </node>
        <node>
           <name>MP_AM028ASB037MidFront_0_0</name>
           <model>usa\misc\AM028ASB037MidFront\AM028ASB037MidFront.model</model>
        </node>
        <node>
           <name>MP_AM005ASB037MidFront_0_0</name>
           <model>usa\misc\AM005ASB037MidFront\AM005ASB037MidFront.model</model>
        </node>
        <node>
           <name>MP_AM164ASB037MidFront_0_0</name>
           <model>usa\misc\AM164ASB037MidFront\AM164ASB037MidFront.model</model>
        </node>
        <node>
           <name>MP_AM157ASB037MidFront_0_0</name>
           <model>usa\misc\AM157ASB037MidFront\AM157ASB037MidFront.model</model>
        </node>
        <node>
           <name>MP_AM479ASB037MidFront_0_0</name>
           <model>usa\misc\AM479ASB037MidFront\AM479ASB037MidFront.model</model>
        </node>
        <node>
           <name>MP_CM011ASB037MidFront_0_0</name>
           <model>common\misc\CM011ASB037MidFront\CM011ASB037MidFront.model</model>
        </node>
        <node>
           <name>MP_AM177ASB037MidFront_0_0</name>
           <model>usa\misc\AM177ASB037MidFront\AM177ASB037MidFront.model</model>
        </node>
        <node>
           <name>MP_AM132ASB037MidFront_0_0</name>
           <model>usa\misc\AM132ASB037MidFront\AM132ASB037MidFront.model</model>
        </node>
        <node>
           <name>MP_AM549ASB037MidFront_0_0</name>
           <model>usa\misc\AM549ASB037MidFront\AM549ASB037MidFront.model</model>
        </node>
        <node>
           <name>MP_AM534ASB037MidFront_0_0</name>
           <model>usa\misc\AM534ASB037MidFront\AM534ASB037MidFront.model</model>
        </node>
        <node>
           <name>MP_AM191ASB037MidFront_0_0</name>
           <model>usa\misc\AM191ASB037MidFront\AM191ASB037MidFront.model</model>
        </node>
        <node>
           <name>MP_AM063_Wind_Direction</name>
           <model>usa\misc\AM063\AM063.model</model>
        </node>
        <node>
           <name>MP_AM489ASB037MidFront_0_0</name>
           <model>usa\misc\AM489ASB037MidFront\AM489ASB037MidFront.model</model>
        </node>
        <node>
           <name>MP_AM537ASB037MidFront_0_0</name>
           <model>usa\misc\AM537ASB037MidFront\AM537ASB037MidFront.model</model>
        </node>
        <node>
           <name>MP_AM442ASB037MidFront_0_0</name>
           <model>usa\misc\AM442ASB037MidFront\AM442ASB037MidFront.model</model>
        </node>
        <node>
           <name>MP_AM003ASB037MidFront_0_0</name>
           <model>usa\misc\AM003ASB037MidFront\AM003ASB037MidFront.model</model>
        </node>
        <node>
           <name>MP_CM012ASB037MidFront_0_0</name>
           <model>common\misc\CM012ASB037MidFront\CM012ASB037MidFront.model</model>
        </node>
        <node>
           <name>MP_AM509ASB037MidFront_0_0</name>
           <model>usa\misc\AM509ASB037MidFront\AM509ASB037MidFront.model</model>
        </node>
        <node>
           <name>MP_AM049ASB037MidFront_0_0</name>
           <model>usa\misc\AM049ASB037MidFront\AM049ASB037MidFront.model</model>
        </node>
        <node>
           <name>MP_AM182ASB037MidFront_0_0</name>
           <model>usa\misc\AM182ASB037MidFront\AM182ASB037MidFront.model</model>
        </node>
        <node>
           <name>MP_CM030ASB037MidFront_0_0</name>
           <model>common\misc\CM030ASB037MidFront\CM030ASB037MidFront.model</model>
        </node>
        <node>
           <name>MP_AM142ASB037MidFront_0_0</name>
           <model>usa\misc\AM142ASB037MidFront\AM142ASB037MidFront.model</model>
        </node>
        <node>
           <name>MP_AM061ASB037MidFront_0_0</name>
           <model>usa\misc\AM061ASB037MidFront\AM061ASB037MidFront.model</model>
        </node>
        <node>
           <name>MP_AM445ASB037MidFront_0_0</name>
           <model>usa\misc\AM445ASB037MidFront\AM445ASB037MidFront.model</model>
        </node>
        <node>
           <name>MP_CM014ASB037MidFront_0_0</name>
           <model>common\misc\CM014ASB037MidFront\CM014ASB037MidFront.model</model>
        </node>
        <node>
           <name>MP_CM052ASB037MidFront_0_0</name>
           <model>common\misc\CM052ASB037MidFront\CM052ASB037MidFront.model</model>
        </node>
        <node>
           <name>MP_AM559ASB037MidFront_0_0</name>
           <model>usa\misc\AM559ASB037MidFront\AM559ASB037MidFront.model</model>
        </node>
        <node>
           <name>MP_AM134_Boat_8</name>
           <model>usa\misc\AM134\AM134.model</model>
        </node>
        <node>
           <name>MP_AM023_Hatch_1</name>
           <model>usa\misc\AM023\AM023.model</model>
        </node>
        <node>
           <name>MP_AM057ASB037MidFront_0_0</name>
           <model>usa\misc\AM057ASB037MidFront\AM057ASB037MidFront.model</model>
        </node>
        <node>
           <name>MP_AM350_Filling_connection</name>
           <model>usa\misc\AM350\AM350.model</model>
        </node>
        <node>
           <name>MP_AM019ASB037MidFront_0_0</name>
           <model>usa\misc\AM019ASB037MidFront\AM019ASB037MidFront.model</model>
        </node>
        <node>
           <name>MP_AM524ASB037MidFront_0_0</name>
           <model>usa\misc\AM524ASB037MidFront\AM524ASB037MidFront.model</model>
        </node>
        <node>
           <name>MP_AM129ASB037MidFront_0_0</name>
           <model>usa\misc\AM129ASB037MidFront\AM129ASB037MidFront.model</model>
        </node>
        <node>
           <name>MP_AM176ASB037MidFront_0_0</name>
           <model>usa\misc\AM176ASB037MidFront\AM176ASB037MidFront.model</model>
        </node>
        <node>
           <name>MP_AM151ASB037MidFront_0_0</name>
           <model>usa\misc\AM151ASB037MidFront\AM151ASB037MidFront.model</model>
        </node>
        <node>
           <name>MP_AM105ASB037MidFront_0_0</name>
           <model>usa\misc\AM105ASB037MidFront\AM105ASB037MidFront.model</model>
        </node>
        <node>
           <name>MP_AM055ASB037MidFront_0_0</name>
           <model>usa\misc\AM055ASB037MidFront\AM055ASB037MidFront.model</model>
        </node>
        <node>
           <name>MP_AM098ASB037MidFront_0_0</name>
           <model>usa\misc\AM098ASB037MidFront\AM098ASB037MidFront.model</model>
        </node>
        <node>
           <name>MP_AM004ASB037MidFront_0_0</name>
           <model>usa\misc\AM004ASB037MidFront\AM004ASB037MidFront.model</model>
        </node>
        <node>
           <name>MP_AM048_Running_Lights_L</name>
           <model>usa\misc\AM048\AM048.model</model>
        </node>
        <node>
           <name>MP_AM538_Loading_Machine_L</name>
           <model>usa\misc\AM538\AM538.model</model>
        </node>
        <node>
           <name>MP_AM111ASB037MidFront_0_0</name>
           <model>usa\misc\AM111ASB037MidFront\AM111ASB037MidFront.model</model>
        </node>
        <node>
           <name>MP_AM050ASB037MidFront_0_0</name>
           <model>usa\misc\AM050ASB037MidFront\AM050ASB037MidFront.model</model>
        </node>
        <node>
           <name>MP_AM233ASB037MidFront_0_0</name>
           <model>usa\misc\AM233ASB037MidFront\AM233ASB037MidFront.model</model>
        </node>
        <node>
           <name>MP_AM038ASB037MidFront_0_0</name>
           <model>usa\misc\AM038ASB037MidFront\AM038ASB037MidFront.model</model>
        </node>
        <node>
           <name>MP_AM068_Hatch_3</name>
           <model>usa\misc\AM068\AM068.model</model>
        </node>
        <node>
           <name>MP_AM064_Wind_Intensity</name>
           <model>usa\misc\AM064\AM064.model</model>
        </node>
        <node>
           <name>MP_AM020ASB037MidFront_0_0</name>
           <model>usa\misc\AM020ASB037MidFront\AM020ASB037MidFront.model</model>
        </node>
        <node>
           <name>MP_AM018_Compass_Binnacle</name>
           <model>usa\misc\AM018\AM018.model</model>
        </node>
        <node>
           <name>MP_AM606_Floater_Net_Basket</name>
           <model>usa\misc\AM606\AM606.model</model>
        </node>
        <node>
           <name>MP_CM015ASB037MidFront_0_0</name>
           <model>common\misc\CM015ASB037MidFront\CM015ASB037MidFront.model</model>
        </node>
        <node>
           <name>MP_AM037ASB037MidFront_0_0</name>
           <model>usa\misc\AM037ASB037MidFront\AM037ASB037MidFront.model</model>
        </node>
        <node>
           <name>MP_AM072_Ships_bell</name>
           <model>usa\misc\AM072\AM072.model</model>
        </node>
        <node>
           <name>MP_AM029_Ammunition_Box3</name>
           <model>usa\misc\AM029\AM029.model</model>
        </node>
        <node>
           <name>MP_CM013_Fire_Hose_Rack_2</name>
           <model>common\misc\CM013\CM013.model</model>
        </node>
        <node>
           <name>MP_AM070_Loading_Machine</name>
           <model>usa\misc\AM070\AM070.model</model>
        </node>
        <node>
           <name>HP_flag_4</name>
           <model>usa\misc\AM032\AM032.model</model>
        </node>
        <node>
           <name>HP_flag_3</name>
           <model>usa\misc\AM032\AM032.model</model>
        </node>
        <node>
           <name>HP_flag_2</name>
           <model>usa\misc\AM032\AM032.model</model>
        </node>
        <node>
           <name>HP_flag_1</name>
           <model>usa\misc\AM032\AM032.model</model>
        </node>
        <node>
           <name>HP_Fire_Burn_2</name>
           <model>UNKNOWN_ITEM</model>
        </node>
        <node>
           <name>HP_NoseWave_Speed</name>
           <model>UNKNOWN_ITEM</model>
        </node>
    </midfront>
    <midback>
      <model>usa\ship\battleship\ASB037_North_Carolina_1942\ASB037_North_Carolina_1942_MidBack_ports.model</model>
        <node>
           <name>HP_AD_18</name>
           <model>usa\director\UNKNOWN_ITEM</model>
        </node>
        <node>
           <name>HP_AD_16</name>
           <model>usa\director\UNKNOWN_ITEM</model>
        </node>
        <node>
           <name>HP_AD_15</name>
           <model>usa\director\UNKNOWN_ITEM</model>
        </node>
        <node>
           <name>HP_AD_17</name>
           <model>usa\director\UNKNOWN_ITEM</model>
        </node>
        <node>
           <name>HP_AGA_46</name>
           <model>usa\gun\aaircraft\UNKNOWN_ITEM</model>
        </node>
        <node>
           <name>HP_AGA_40</name>
           <model>usa\gun\aaircraft\UNKNOWN_ITEM</model>
        </node>
        <node>
           <name>HP_AGA_45</name>
           <model>usa\gun\aaircraft\UNKNOWN_ITEM</model>
        </node>
        <node>
           <name>HP_AGA_42</name>
           <model>usa\gun\aaircraft\UNKNOWN_ITEM</model>
        </node>
        <node>
           <name>HP_AGA_39</name>
           <model>usa\gun\aaircraft\UNKNOWN_ITEM</model>
        </node>
        <node>
           <name>HP_AGA_41</name>
           <model>usa\gun\aaircraft\UNKNOWN_ITEM</model>
        </node>
        <node>
           <name>HP_AGA_43</name>
           <model>usa\gun\aaircraft\UNKNOWN_ITEM</model>
        </node>
        <node>
           <name>HP_AGA_44</name>
           <model>usa\gun\aaircraft\UNKNOWN_ITEM</model>
        </node>
        <node>
           <name>HP_AGS_9</name>
           <model>usa\gun\secondary\UNKNOWN_ITEM</model>
        </node>
        <node>
           <name>HP_AGS_10</name>
           <model>usa\gun\secondary\UNKNOWN_ITEM</model>
        </node>
        <node>
           <name>MP_CM052ASB037MidBack_0_0</name>
           <model>common\misc\CM052ASB037MidBack\CM052ASB037MidBack.model</model>
        </node>
        <node>
           <name>MP_AM191ASB037MidBack_0_0</name>
           <model>usa\misc\AM191ASB037MidBack\AM191ASB037MidBack.model</model>
        </node>
        <node>
           <name>MP_AM537ASB037MidBack_0_0</name>
           <model>usa\misc\AM537ASB037MidBack\AM537ASB037MidBack.model</model>
        </node>
        <node>
           <name>MP_AM129ASB037MidBack_0_0</name>
           <model>usa\misc\AM129ASB037MidBack\AM129ASB037MidBack.model</model>
        </node>
        <node>
           <name>MP_AM010ASB037MidBack_0_0</name>
           <model>usa\misc\AM010ASB037MidBack\AM010ASB037MidBack.model</model>
        </node>
        <node>
           <name>MP_AM230ASB037MidBack_0_0</name>
           <model>usa\misc\AM230ASB037MidBack\AM230ASB037MidBack.model</model>
        </node>
        <node>
           <name>MP_AM549ASB037MidBack_0_0</name>
           <model>usa\misc\AM549ASB037MidBack\AM549ASB037MidBack.model</model>
        </node>
        <node>
           <name>MP_AM074ASB037MidBack_0_0</name>
           <model>usa\misc\AM074ASB037MidBack\AM074ASB037MidBack.model</model>
        </node>
        <node>
           <name>MP_CM017ASB037MidBack_0_0</name>
           <model>common\misc\CM017ASB037MidBack\CM017ASB037MidBack.model</model>
        </node>
        <node>
           <name>MP_AM177ASB037MidBack_0_0</name>
           <model>usa\misc\AM177ASB037MidBack\AM177ASB037MidBack.model</model>
        </node>
        <node>
           <name>MP_AM350ASB037MidBack_0_0</name>
           <model>usa\misc\AM350ASB037MidBack\AM350ASB037MidBack.model</model>
        </node>
        <node>
           <name>MP_AM185ASB037MidBack_0_0</name>
           <model>usa\misc\AM185ASB037MidBack\AM185ASB037MidBack.model</model>
        </node>
        <node>
           <name>MP_AM055ASB037MidBack_0_0</name>
           <model>usa\misc\AM055ASB037MidBack\AM055ASB037MidBack.model</model>
        </node>
        <node>
           <name>MP_AM029_Ammunition_Box3</name>
           <model>usa\misc\AM029\AM029.model</model>
        </node>
        <node>
           <name>MP_AM200_Screened_speed_light</name>
           <model>usa\misc\AM200\AM200.model</model>
        </node>
        <node>
           <name>MP_AM107ASB037MidBack_0_0</name>
           <model>usa\misc\AM107ASB037MidBack\AM107ASB037MidBack.model</model>
        </node>
        <node>
           <name>MP_AM480_4_Fuel_at_sea_hose</name>
           <model>usa\misc\AM480\AM480.model</model>
        </node>
        <node>
           <name>MP_AM071ASB037MidBack_0_0</name>
           <model>usa\misc\AM071ASB037MidBack\AM071ASB037MidBack.model</model>
        </node>
        <node>
           <name>MP_AM004ASB037MidBack_0_0</name>
           <model>usa\misc\AM004ASB037MidBack\AM004ASB037MidBack.model</model>
        </node>
        <node>
           <name>MP_AM054ASB037MidBack_0_0</name>
           <model>usa\misc\AM054ASB037MidBack\AM054ASB037MidBack.model</model>
        </node>
        <node>
           <name>MP_AM037ASB037MidBack_0_0</name>
           <model>usa\misc\AM037ASB037MidBack\AM037ASB037MidBack.model</model>
        </node>
        <node>
           <name>MP_AM005ASB037MidBack_0_0</name>
           <model>usa\misc\AM005ASB037MidBack\AM005ASB037MidBack.model</model>
        </node>
        <node>
           <name>MP_CM025_Stairway_Big_R</name>
           <model>common\misc\CM025\CM025.model</model>
        </node>
        <node>
           <name>MP_AM049ASB037MidBack_0_0</name>
           <model>usa\misc\AM049ASB037MidBack\AM049ASB037MidBack.model</model>
        </node>
        <node>
           <name>MP_AM319ASB037MidBack_0_0</name>
           <model>usa\misc\AM319ASB037MidBack\AM319ASB037MidBack.model</model>
        </node>
        <node>
           <name>MP_AM531ASB037MidBack_0_0</name>
           <model>usa\misc\AM531ASB037MidBack\AM531ASB037MidBack.model</model>
        </node>
        <node>
           <name>MP_AM072_Ships_bell</name>
           <model>usa\misc\AM072\AM072.model</model>
        </node>
        <node>
           <name>MP_CM011_Fire_Fighting_Gear</name>
           <model>common\misc\CM011\CM011.model</model>
        </node>
        <node>
           <name>MP_AM093ASB037MidBack_0_0</name>
           <model>usa\misc\AM093ASB037MidBack\AM093ASB037MidBack.model</model>
        </node>
        <node>
           <name>MP_AM019_Ventilators_1</name>
           <model>usa\misc\AM019\AM019.model</model>
        </node>
        <node>
           <name>MP_CM024_Stairway_Big_L</name>
           <model>common\misc\CM024\CM024.model</model>
        </node>
        <node>
           <name>MP_AM028_Ammunition_Box2</name>
           <model>usa\misc\AM028\AM028.model</model>
        </node>
        <node>
           <name>MP_AM479_6_Fuel_at_sea_hose</name>
           <model>usa\misc\AM479\AM479.model</model>
        </node>
        <node>
           <name>HP_flag_nation</name>
           <model>usa\misc\AM032\AM032.model</model>
        </node>
        <node>
           <name>HP_Fire_Burn_3</name>
           <model>UNKNOWN_ITEM</model>
        </node>
        <node>
           <name>HP_Smoke_2</name>
           <model>UNKNOWN_ITEM</model>
        </node>
        <node>
           <name>HP_Smoke_1</name>
           <model>UNKNOWN_ITEM</model>
        </node>
    </midback>
    <stern>
      <model>usa\ship\battleship\ASB037_North_Carolina_1942\ASB037_North_Carolina_1942_Stern_ports.model</model>
        <node>
           <name>HP_AC_1</name>
           <model>usa\catapult\UNKNOWN_ITEM</model>
        </node>
        <node>
           <name>HP_AC_2</name>
           <model>usa\catapult\UNKNOWN_ITEM</model>
        </node>
        <node>
           <name>HP_AGA_53</name>
           <model>usa\gun\aaircraft\UNKNOWN_ITEM</model>
        </node>
        <node>
           <name>HP_AGA_47</name>
           <model>usa\gun\aaircraft\UNKNOWN_ITEM</model>
        </node>
        <node>
           <name>HP_AGA_51</name>
           <model>usa\gun\aaircraft\UNKNOWN_ITEM</model>
        </node>
        <node>
           <name>HP_AGA_49</name>
           <model>usa\gun\aaircraft\UNKNOWN_ITEM</model>
        </node>
        <node>
           <name>HP_AGA_54</name>
           <model>usa\gun\aaircraft\UNKNOWN_ITEM</model>
        </node>
        <node>
           <name>HP_AGA_50</name>
           <model>usa\gun\aaircraft\UNKNOWN_ITEM</model>
        </node>
        <node>
           <name>HP_AGA_52</name>
           <model>usa\gun\aaircraft\UNKNOWN_ITEM</model>
        </node>
        <node>
           <name>HP_AGA_55</name>
           <model>usa\gun\aaircraft\UNKNOWN_ITEM</model>
        </node>
        <node>
           <name>HP_AGA_48</name>
           <model>usa\gun\aaircraft\UNKNOWN_ITEM</model>
        </node>
        <node>
           <name>HP_AGA_56</name>
           <model>usa\gun\aaircraft\UNKNOWN_ITEM</model>
        </node>
        <node>
           <name>HP_AGM_3</name>
           <model>usa\gun\main\UNKNOWN_ITEM</model>
        </node>
        <node>
           <name>MP_CM032_Propeller3_R</name>
           <model>common\misc\CM032\CM032.model</model>
        </node>
        <node>
           <name>MP_AM043ASB037Stern_0_0</name>
           <model>usa\misc\AM043ASB037Stern\AM043ASB037Stern.model</model>
        </node>
        <node>
           <name>MP_AM003ASB037Stern_0_0</name>
           <model>usa\misc\AM003ASB037Stern\AM003ASB037Stern.model</model>
        </node>
        <node>
           <name>MP_AM108ASB037Stern_0_0</name>
           <model>usa\misc\AM108ASB037Stern\AM108ASB037Stern.model</model>
        </node>
        <node>
           <name>MP_CM001_Propeller3_L</name>
           <model>common\misc\CM001\CM001.model</model>
        </node>
        <node>
           <name>MP_AM191ASB037Stern_0_0</name>
           <model>usa\misc\AM191ASB037Stern\AM191ASB037Stern.model</model>
        </node>
        <node>
           <name>MP_AM078_Crane_Control_Wheel</name>
           <model>usa\misc\AM078\AM078.model</model>
        </node>
        <node>
           <name>MP_AM024ASB037Stern_0_0</name>
           <model>usa\misc\AM024ASB037Stern\AM024ASB037Stern.model</model>
        </node>
        <node>
           <name>MP_AM318_Hatch</name>
           <model>usa\misc\AM318\AM318.model</model>
        </node>
        <node>
           <name>MP_AM046ASB037Stern_0_0</name>
           <model>usa\misc\AM046ASB037Stern\AM046ASB037Stern.model</model>
        </node>
        <node>
           <name>MP_AM026ASB037Stern_0_0</name>
           <model>usa\misc\AM026ASB037Stern\AM026ASB037Stern.model</model>
        </node>
        <node>
           <name>MP_AM022ASB037Stern_0_0</name>
           <model>usa\misc\AM022ASB037Stern\AM022ASB037Stern.model</model>
        </node>
        <node>
           <name>MP_AM006ASB037Stern_0_0</name>
           <model>usa\misc\AM006ASB037Stern\AM006ASB037Stern.model</model>
        </node>
        <node>
           <name>MP_AM129ASB037Stern_0_0</name>
           <model>usa\misc\AM129ASB037Stern\AM129ASB037Stern.model</model>
        </node>
        <node>
           <name>MP_AM031_Ammunition_Box5</name>
           <model>usa\misc\AM031\AM031.model</model>
        </node>
        <node>
           <name>MP_AM489ASB037Stern_0_0</name>
           <model>usa\misc\AM489ASB037Stern\AM489ASB037Stern.model</model>
        </node>
        <node>
           <name>MP_AM004ASB037Stern_0_0</name>
           <model>usa\misc\AM004ASB037Stern\AM004ASB037Stern.model</model>
        </node>
        <node>
           <name>MP_AM020ASB037Stern_0_0</name>
           <model>usa\misc\AM020ASB037Stern\AM020ASB037Stern.model</model>
        </node>
        <node>
           <name>MP_AM023ASB037Stern_0_0</name>
           <model>usa\misc\AM023ASB037Stern\AM023ASB037Stern.model</model>
        </node>
        <node>
           <name>MP_AM088_Capstan_1</name>
           <model>usa\misc\AM088\AM088.model</model>
        </node>
        <node>
           <name>MP_AM352_Stern_Light</name>
           <model>usa\misc\AM352\AM352.model</model>
        </node>
        <node>
           <name>MP_AM044ASB037Stern_0_0</name>
           <model>usa\misc\AM044ASB037Stern\AM044ASB037Stern.model</model>
        </node>
        <node>
           <name>MP_AM005ASB037Stern_0_0</name>
           <model>usa\misc\AM005ASB037Stern\AM005ASB037Stern.model</model>
        </node>
        <node>
           <name>MP_AM076_Aircfaft_Crane_1</name>
           <model>usa\misc\AM076\AM076.model</model>
        </node>
        <node>
           <name>MP_AM066_Ammunition_Box_7</name>
           <model>usa\misc\AM066\AM066.model</model>
        </node>
        <node>
           <name>MP_CM002_Propeller4_L</name>
           <model>common\misc\CM002\CM002.model</model>
        </node>
        <node>
           <name>MP_CM033_Propeller4_R</name>
           <model>common\misc\CM033\CM033.model</model>
        </node>
        <node>
           <name>MP_AM517_Hatch</name>
           <model>usa\misc\AM517\AM517.model</model>
        </node>
        <node>
           <name>MP_AM019_Ventilators_1</name>
           <model>usa\misc\AM019\AM019.model</model>
        </node>
        <node>
           <name>MP_AM350ASB037Stern_0_0</name>
           <model>usa\misc\AM350ASB037Stern\AM350ASB037Stern.model</model>
        </node>
        <node>
           <name>HP_Fire_Burn_4</name>
           <model>UNKNOWN_ITEM</model>
        </node>
    </stern>
  </sections>
</ASB037_North_Carolina_1942.xml>
