Code,Skeleton
ad1\,advisor01
ap1\,ape01
ba1\,bat01
bc1\,bigcat01
bc2\,bigcat02
bc2b\,bigcat02b
bc3\,bigcat03
bc4\,bigcat04
bch1\,burningchariot01
bi1\,bird01
bi1b\,bird01b
bi2\,bird02
bi3\,bird03
bi4\,bird04
bo1\,boar01
br1\,bear01
cc1\,cowcarcass01
ce1\,centaur01
ce2\,centaur02
ce3\,centaur03
cr1\,crab01
dr1\,dragon01
dr1b\,dragon01b
dr2\,dragon02
dr4\,dragon04
drh1\,cth_dragon_iron_talon01
drt1\,cth_dragon_iron_talon01
et1\,elfteam01
fh1\,fish01
gh1\,ghost01
gh3\,ghost03
gh4\,ghost04
gi1\,giant01
gi1b\,giant01b
gi2\,giant02
grail01\,grail01
gt01\,goblinteam01
hc02\,hybridcreature02
hc1\,hybridcreature01
hc3\,hybridcreature03
hc5\,hybridcreature05
hc7\,hybridcreature07
hc8\,hybridcreature08
hc9\,hybridcreature09
hq1\,heavyquadruped01
hq2\,heavyquadruped02
hq3\,heavyquadruped03
hq3b\,heavyquadruped03b
hq4\,heavyquadruped04
hr1\,horse01
hu1\,humanoid01
hu10\,humanoid10
hu10b\,humanoid10b
hu10c\,humanoid10c
hu10d\,humanoid10d
hu10e\,humanoid10e
hu10f\,humanoid10f
hu11\,humanoid11
hu11b\,humanoid11b
hu12\,humanoid12
hu13\,humanoid13
hu13d\,humanoid13d
hu14\,humanoid14
hu16\,humanoid16
hu16b\,humanoid16b
hu17\,humanoid17
hu18\,humanoid18
hu18b\,humanoid18b
hu1_t1\,hu1_team01
hu1b\,humanoid01b
hu1c\,humanoid01c
hu1d\,humanoid01d
hu1e\,humanoid01e
hu1e_t1\,hu1e_team01
hu1f\,humanoid01f
hu2\,humanoid02
hu20\,humanoid20
hu21\,humanoid21
hu3\,humanoid03
hu4\,humanoid04
hu4b\,humanoid04b
hu4c\,humanoid04c
hu4d\,humanoid04d
hu4e\,humanoid04e
hu4f\,humanoid04f
hu5\,humanoid05
hu5b\,humanoid05b
hu6\,humanoid06
hu6b\,humanoid06b
hu6c\,humanoid06c
hu6e\,humanoid06e
hu6f\,humanoid06f
hu7\,humanoid07
hu7b\,humanoid07b
hu7c\,humanoid07c
hu7d\,humanoid07d
hu8\,humanoid08
hu8b\,humanoid08b
hu8c\,humanoid08c
hu8d\,humanoid08d
hu9\,humanoid09
hu9b\,humanoid09b
in1\,insect01
lz1\,lizard01
md1\,mound01
mt1\,mortar01
ng1\,nurgling01
ngsw1\,nurglingswarm01
ox1\,oxen01
pl1\,palanquin01
ra1\,rat01
ra1b\,rat01b
rp1\,raptor01
rp2\,raptor02
rp3\,raptor03
rp3b\,raptor03b
rp4\,raptor04
sc1\,scorpion01
sk1\,skarsnik01
skvt1\,skaventeam01
skvt2\,skaventeam02
sm1\,seamonster01
sn1\,snake01
sn2\,snake02
sp1\,spider01
spt1\,spellteeth01
st1\,stag01
swarm01\,swarm01
throne01\,throne01
to1\,toad01
wf1\,wolf01