<root>

	<!-- movement -->
	<CMD_MOVE_FORWARD>
		<fireKey>	KEY_W	</fireKey>
		<satelliteKeys>	</satelliteKeys>
	</CMD_MOVE_FORWARD>
	<CMD_MOVE_FORWARD_SPEC>
		<fireKey>	KEY_MIDDLEMOUSE	</fireKey>
		<satelliteKeys>	</satelliteKeys>
	</CMD_MOVE_FORWARD_SPEC>
	<CMD_MOVE_BACKWARD>
		<fireKey>	KEY_S	</fireKey>
		<satelliteKeys>	</satelliteKeys>
	</CMD_MOVE_BACKWARD>
	<CMD_ROTATE_LEFT>
		<fireKey>	KEY_A </fireKey>
		<satelliteKeys>	</satelliteKeys>
	</CMD_ROTATE_LEFT>
	<CMD_ROTATE_RIGHT>
		<fireKey>	KEY_D	</fireKey>
		<satelliteKeys>	</satelliteKeys>
	</CMD_ROTATE_RIGHT>
	<CMD_INCREMENT_CRUISE_MODE>
		<fireKey>	KEY_R	</fireKey>
		<satelliteKeys>	</satelliteKeys>
	</CMD_INCREMENT_CRUISE_MODE>
	<CMD_DECREMENT_CRUISE_MODE>
		<fireKey>	KEY_F	</fireKey>
		<satelliteKeys>	</satelliteKeys>
	</CMD_DECREMENT_CRUISE_MODE>
	<CMD_STOP_UNTIL_FIRE>
		<fireKey>	KEY_SPACE	</fireKey>
		<satelliteKeys>	</satelliteKeys>
	</CMD_STOP_UNTIL_FIRE>

	<!-- server marker -->
	<CMD_SWITCH_SERVER_MARKER>
		<fireKey>	KEY_0	</fireKey>
		<satelliteKeys>	KEY_CAPSLOCK	</satelliteKeys>
	</CMD_SWITCH_SERVER_MARKER>

	<!-- ammo choices -->
	<CMD_AMMO_CHOICE_1>
		<fireKey>	KEY_1	</fireKey>
		<satelliteKeys>	</satelliteKeys>
	</CMD_AMMO_CHOICE_1>
	<CMD_AMMO_CHOICE_2>
		<fireKey>	KEY_2	</fireKey>
		<satelliteKeys>	</satelliteKeys>
	</CMD_AMMO_CHOICE_2>
	<CMD_AMMO_CHOICE_3>
		<fireKey>	KEY_3	</fireKey>
		<satelliteKeys>	</satelliteKeys>
	</CMD_AMMO_CHOICE_3>
	<CMD_AMMO_CHOICE_4>
		<fireKey>	KEY_4	</fireKey>
		<satelliteKeys>	</satelliteKeys>
	</CMD_AMMO_CHOICE_4>
	<CMD_AMMO_CHOICE_5>
		<fireKey>	KEY_5	</fireKey>
		<satelliteKeys>	</satelliteKeys>
	</CMD_AMMO_CHOICE_5>
	<CMD_AMMO_CHOICE_6>
		<fireKey>	KEY_6	</fireKey>
		<satelliteKeys>	</satelliteKeys>
	</CMD_AMMO_CHOICE_6>
	<CMD_AMMO_CHOICE_7>
		<fireKey>	KEY_7	</fireKey>
		<satelliteKeys>	</satelliteKeys>
	</CMD_AMMO_CHOICE_7>
	<CMD_AMMO_CHOICE_8>
		<fireKey>	KEY_8	</fireKey>
		<satelliteKeys>	</satelliteKeys>
	</CMD_AMMO_CHOICE_8>
	<CMD_AMMO_CHOICE_9>
		<fireKey>	KEY_9	</fireKey>
		<satelliteKeys>	</satelliteKeys>
	</CMD_AMMO_CHOICE_9>
	<CMD_AMMO_CHOICE_0>
		<fireKey>	KEY_0	</fireKey>
		<satelliteKeys>	</satelliteKeys>
	</CMD_AMMO_CHOICE_0>

	<!-- chat shortcuts -->
	<CMD_CHAT_SHORTCAT_ATTACK_MY_TARGET>
		<fireKey>	KEY_T	</fireKey>
		<satelliteKeys>	</satelliteKeys>
	</CMD_CHAT_SHORTCAT_ATTACK_MY_TARGET>
	<CMD_CHAT_SHORTCAT_ATTACK>
		<fireKey>	KEY_F2	</fireKey>
		<satelliteKeys>	</satelliteKeys>
	</CMD_CHAT_SHORTCAT_ATTACK>
	<CMD_CHAT_SHORTCAT_BACKTOBASE>
		<fireKey>	KEY_F3	</fireKey>
		<satelliteKeys>	</satelliteKeys>
	</CMD_CHAT_SHORTCAT_BACKTOBASE>
	<CMD_CHAT_SHORTCAT_FOLLOWME>
		<fireKey>	KEY_F4	</fireKey>
		<satelliteKeys>	</satelliteKeys>
	</CMD_CHAT_SHORTCAT_FOLLOWME>
	<CMD_CHAT_SHORTCAT_POSITIVE>
		<fireKey>	KEY_F5	</fireKey>
		<satelliteKeys>	</satelliteKeys>
	</CMD_CHAT_SHORTCAT_POSITIVE>
	<CMD_CHAT_SHORTCAT_NEGATIVE>
		<fireKey>	KEY_F6	</fireKey>
		<satelliteKeys>	</satelliteKeys>
	</CMD_CHAT_SHORTCAT_NEGATIVE>
	<CMD_CHAT_SHORTCAT_HELPME>
		<fireKey>	KEY_F7	</fireKey>
		<satelliteKeys>	</satelliteKeys>
	</CMD_CHAT_SHORTCAT_HELPME>

	<!-- control modes -->
	<CMD_CM_SHOOT>
		<fireKey>	KEY_LEFTMOUSE	</fireKey>
		<satelliteKeys>	</satelliteKeys>
	</CMD_CM_SHOOT>
	<CMD_CM_LOCK_TARGET>
		<fireKey>	KEY_RIGHTMOUSE	</fireKey>
		<satelliteKeys>	</satelliteKeys>
	</CMD_CM_LOCK_TARGET>
	<CMD_CM_LOCK_TARGET_OFF>
		<fireKey>	KEY_E	</fireKey>
		<satelliteKeys>	</satelliteKeys>
	</CMD_CM_LOCK_TARGET_OFF>
	<CMD_CM_CAMERA_ROTATE_LEFT>
		<fireKey>	KEY_LEFTARROW		</fireKey>
		<satelliteKeys>	</satelliteKeys>
	</CMD_CM_CAMERA_ROTATE_LEFT>
	<CMD_CM_CAMERA_ROTATE_RIGHT>
		<fireKey>	KEY_RIGHTARROW	</fireKey>
		<satelliteKeys>	</satelliteKeys>
	</CMD_CM_CAMERA_ROTATE_RIGHT>
	<CMD_CM_CAMERA_ROTATE_UP>
		<fireKey>	KEY_UPARROW	</fireKey>
		<satelliteKeys>	</satelliteKeys>
	</CMD_CM_CAMERA_ROTATE_UP>
	<CMD_CM_CAMERA_ROTATE_DOWN>
		<fireKey>	KEY_DOWNARROW	</fireKey>
		<satelliteKeys>	</satelliteKeys>
	</CMD_CM_CAMERA_ROTATE_DOWN>
	<CMD_CM_INCREASE_ZOOM>
		<fireKey>	KEY_PGDN	</fireKey>
		<satelliteKeys>	</satelliteKeys>
	</CMD_CM_INCREASE_ZOOM>
	<CMD_CM_DECREASE_ZOOM>
		<fireKey>	KEY_PGUP	</fireKey>
		<satelliteKeys>	</satelliteKeys>
	</CMD_CM_DECREASE_ZOOM>
	<CMD_CM_ALTERNATE_MODE>
		<fireKey>	KEY_SHIFT	</fireKey>
		<satelliteKeys>	</satelliteKeys>
	</CMD_CM_ALTERNATE_MODE>
	<CMD_CM_CAMERA_RESTORE_DEFAULT>
		<fireKey>	KEY_HOME	</fireKey>
		<satelliteKeys>	</satelliteKeys>
	</CMD_CM_CAMERA_RESTORE_DEFAULT>
	<CMD_CM_POSTMORTEM_NEXT_VEHICLE>
		<fireKey>	KEY_LEFTMOUSE	</fireKey>
		<satelliteKeys>	</satelliteKeys>
	</CMD_CM_POSTMORTEM_NEXT_VEHICLE>
	<CMD_CM_POSTMORTEM_SELF_VEHICLE>
		<fireKey>	KEY_RIGHTMOUSE	</fireKey>
		<satelliteKeys>	</satelliteKeys>
	</CMD_CM_POSTMORTEM_SELF_VEHICLE>
	<CMD_VEHICLE_MARKERS_SHOW_INFO>
		<fireKey>	KEY_LALT	</fireKey>
		<satelliteKeys>	</satelliteKeys>
	</CMD_VEHICLE_MARKERS_SHOW_INFO>

	<!-- ammo panel -->
	<CMD_AMMO_PANEL_SELECT>
		<fireKey>	KEY_LEFTMOUSE	</fireKey>
		<satelliteKeys>	</satelliteKeys>
	</CMD_AMMO_PANEL_SELECT>

	<!-- minimap -->
	<CMD_MINIMAP_HIGHLIGHT_CELL>
		<fireKey>	KEY_LEFTMOUSE	</fireKey>
		<satelliteKeys>	</satelliteKeys>
	</CMD_MINIMAP_HIGHLIGHT_CELL>
	<CMD_MINIMAP_VEHICLE_SPECIFIC>
		<fireKey>	KEY_RIGHTMOUSE	</fireKey>
		<satelliteKeys>	</satelliteKeys>
	</CMD_MINIMAP_VEHICLE_SPECIFIC>

</root>
