<JSB001_Kawachi_1912.xml>
  <sections>
    <bow>
      <model>japan\ship\battleship\JSB001_Kawachi_1912\JSB001_Kawachi_1912_bow_ports.model</model>
        <node>
           <name>HP_JGM_1</name>
           <model>japan\gun\main\JGM068_305mm45_double\JGM068_305mm45_double.model</model>
        </node>
        <node>
           <name>HP_JGS_1</name>
           <model>japan\gun\secondary\JGS080_120mm40\JGS080_120mm40.model</model>
        </node>
        <node>
           <name>HP_JGS_2</name>
           <model>japan\gun\secondary\JGS080_120mm40\JGS080_120mm40.model</model>
        </node>
        <node>
           <name>MP_JM026JSB001Bow_0_0</name>
           <model>japan\misc\JM026JSB001Bow\JM026JSB001Bow.model</model>
        </node>
        <node>
           <name>MP_CM004_Barbette_Out</name>
           <model>common\misc\CM004\CM004.model</model>
        </node>
        <node>
           <name>MP_JM044_After_Capstan</name>
           <model>japan\misc\JM044\JM044.model</model>
        </node>
        <node>
           <name>MP_JM125_Signal_Lamp_3</name>
           <model>japan\misc\JM125\JM125.model</model>
        </node>
        <node>
           <name>MP_CM008JSB001Bow_0_0</name>
           <model>common\misc\CM008JSB001Bow\CM008JSB001Bow.model</model>
        </node>
        <node>
           <name>MP_JM111JSB001Bow_0_0</name>
           <model>japan\misc\JM111JSB001Bow\JM111JSB001Bow.model</model>
        </node>
        <node>
           <name>MP_JM141JSB001Bow_0_0</name>
           <model>japan\misc\JM141JSB001Bow\JM141JSB001Bow.model</model>
        </node>
        <node>
           <name>MP_CM019_Wood_Box_2</name>
           <model>common\misc\CM019\CM019.model</model>
        </node>
        <node>
           <name>MP_JM061_Deck_Hatch_10</name>
           <model>japan\misc\JM061\JM061.model</model>
        </node>
        <node>
           <name>MP_JM024_Ventilators_8</name>
           <model>japan\misc\JM024\JM024.model</model>
        </node>
        <node>
           <name>MP_JM013JSB001Bow_0_0</name>
           <model>japan\misc\JM013JSB001Bow\JM013JSB001Bow.model</model>
        </node>
        <node>
           <name>MP_JM309JSB001Bow_0_0</name>
           <model>japan\misc\JM309JSB001Bow\JM309JSB001Bow.model</model>
        </node>
        <node>
           <name>MP_JM308JSB001Bow_0_0</name>
           <model>japan\misc\JM308JSB001Bow\JM308JSB001Bow.model</model>
        </node>
        <node>
           <name>MP_JM307JSB001Bow_0_0</name>
           <model>japan\misc\JM307JSB001Bow\JM307JSB001Bow.model</model>
        </node>
        <node>
           <name>MP_JM306_Chrysanthemum_mid</name>
           <model>japan\misc\JM306\JM306.model</model>
        </node>
        <node>
           <name>HP_Fire_Burn_1</name>
           <model>UNKNOWN_ITEM</model>
        </node>
    </bow>
    <midfront>
      <model>japan\ship\battleship\JSB001_Kawachi_1912\JSB001_Kawachi_1912_MidFront_ports.model</model>
        <node>
           <name>HP_JF_1</name>
           <model>japan\finder\JF057_Rangefinder_1_5m\JF057_Rangefinder_1_5m.model</model>
        </node>
        <node>
           <name>HP_JF_2</name>
           <model>japan\finder\JF057_Rangefinder_1_5m\JF057_Rangefinder_1_5m.model</model>
        </node>
        <node>
           <name>HP_JGM_2</name>
           <model>japan\gun\main\JGM068_305mm45_double\JGM068_305mm45_double.model</model>
        </node>
        <node>
           <name>HP_JGM_3</name>
           <model>japan\gun\main\JGM068_305mm45_double\JGM068_305mm45_double.model</model>
        </node>
        <node>
           <name>HP_JGS_3</name>
           <model>japan\gun\secondary\JGS086_120mm40\JGS086_120mm40.model</model>
        </node>
        <node>
           <name>HP_JGS_4</name>
           <model>japan\gun\secondary\JGS086_120mm40\JGS086_120mm40.model</model>
        </node>
        <node>
           <name>HP_JGS_5</name>
           <model>japan\gun\secondary\JGS079_76mm40\JGS079_76mm40.model</model>
        </node>
        <node>
           <name>HP_JGS_6</name>
           <model>japan\gun\secondary\JGS079_76mm40\JGS079_76mm40.model</model>
        </node>
        <node>
           <name>HP_JGS_7</name>
           <model>japan\gun\secondary\JGS070_152mm45_mask\JGS070_152mm45_mask.model</model>
        </node>
        <node>
           <name>HP_JGS_8</name>
           <model>japan\gun\secondary\JGS070_152mm45_mask\JGS070_152mm45_mask.model</model>
        </node>
        <node>
           <name>HP_JGS_9</name>
           <model>japan\gun\secondary\JGS070_152mm45_mask\JGS070_152mm45_mask.model</model>
        </node>
        <node>
           <name>HP_JGS_10</name>
           <model>japan\gun\secondary\JGS070_152mm45_mask\JGS070_152mm45_mask.model</model>
        </node>
        <node>
           <name>HP_flag_1</name>
           <model>japan\misc\JM001\JM001.model</model>
        </node>
        <node>
           <name>HP_flag_2</name>
           <model>japan\misc\JM001\JM001.model</model>
        </node>
        <node>
           <name>HP_flag_3</name>
           <model>japan\misc\JM001\JM001.model</model>
        </node>
        <node>
           <name>HP_flag_4</name>
           <model>japan\misc\JM001\JM001.model</model>
        </node>
        <node>
           <name>MP_JM026JSB001MidFront_0_0</name>
           <model>japan\misc\JM026JSB001MidFront\JM026JSB001MidFront.model</model>
        </node>
        <node>
           <name>MP_CM004JSB001MidFront_0_0</name>
           <model>common\misc\CM004JSB001MidFront\CM004JSB001MidFront.model</model>
        </node>
        <node>
           <name>MP_JM090JSB001MidFront_0_0</name>
           <model>japan\misc\JM090JSB001MidFront\JM090JSB001MidFront.model</model>
        </node>
        <node>
           <name>MP_JM092_Running_Lights_R</name>
           <model>japan\misc\JM092\JM092.model</model>
        </node>
        <node>
           <name>MP_CM008JSB001MidFront_0_0</name>
           <model>common\misc\CM008JSB001MidFront\CM008JSB001MidFront.model</model>
        </node>
        <node>
           <name>MP_CM011JSB001MidFront_0_0</name>
           <model>common\misc\CM011JSB001MidFront\CM011JSB001MidFront.model</model>
        </node>
        <node>
           <name>MP_CM012JSB001MidFront_0_0</name>
           <model>common\misc\CM012JSB001MidFront\CM012JSB001MidFront.model</model>
        </node>
        <node>
           <name>MP_JM111JSB001MidFront_0_0</name>
           <model>japan\misc\JM111JSB001MidFront\JM111JSB001MidFront.model</model>
        </node>
        <node>
           <name>MP_JM062JSB001MidFront_0_0</name>
           <model>japan\misc\JM062JSB001MidFront\JM062JSB001MidFront.model</model>
        </node>
        <node>
           <name>MP_JM189_Compass_Binnacle</name>
           <model>japan\misc\JM189\JM189.model</model>
        </node>
        <node>
           <name>MP_JM024JSB001MidFront_0_0</name>
           <model>japan\misc\JM024JSB001MidFront\JM024JSB001MidFront.model</model>
        </node>
        <node>
           <name>MP_JM059JSB001MidFront_0_0</name>
           <model>japan\misc\JM059JSB001MidFront\JM059JSB001MidFront.model</model>
        </node>
        <node>
           <name>MP_JM058JSB001MidFront_0_0</name>
           <model>japan\misc\JM058JSB001MidFront\JM058JSB001MidFront.model</model>
        </node>
        <node>
           <name>MP_JM209JSB001MidFront_0_0</name>
           <model>japan\misc\JM209JSB001MidFront\JM209JSB001MidFront.model</model>
        </node>
        <node>
           <name>MP_JM125JSB001MidFront_0_0</name>
           <model>japan\misc\JM125JSB001MidFront\JM125JSB001MidFront.model</model>
        </node>
        <node>
           <name>MP_JM190JSB001MidFront_0_0</name>
           <model>japan\misc\JM190JSB001MidFront\JM190JSB001MidFront.model</model>
        </node>
        <node>
           <name>MP_JM107JSB001MidFront_0_0</name>
           <model>japan\misc\JM107JSB001MidFront\JM107JSB001MidFront.model</model>
        </node>
        <node>
           <name>MP_JM166JSB001MidFront_0_0</name>
           <model>japan\misc\JM166JSB001MidFront\JM166JSB001MidFront.model</model>
        </node>
        <node>
           <name>MP_JM030_Wind_Direction</name>
           <model>japan\misc\JM030\JM030.model</model>
        </node>
        <node>
           <name>MP_JM022JSB001MidFront_0_0</name>
           <model>japan\misc\JM022JSB001MidFront\JM022JSB001MidFront.model</model>
        </node>
        <node>
           <name>MP_JM216JSB001MidFront_0_0</name>
           <model>japan\misc\JM216JSB001MidFront\JM216JSB001MidFront.model</model>
        </node>
        <node>
           <name>MP_CM030JSB001MidFront_0_0</name>
           <model>common\misc\CM030JSB001MidFront\CM030JSB001MidFront.model</model>
        </node>
        <node>
           <name>MP_JM202JSB001MidFront_0_0</name>
           <model>japan\misc\JM202JSB001MidFront\JM202JSB001MidFront.model</model>
        </node>
        <node>
           <name>MP_JM222JSB001MidFront_0_0</name>
           <model>japan\misc\JM222JSB001MidFront\JM222JSB001MidFront.model</model>
        </node>
        <node>
           <name>MP_CM060JSB001MidFront_0_0</name>
           <model>common\misc\CM060JSB001MidFront\CM060JSB001MidFront.model</model>
        </node>
        <node>
           <name>MP_JM037JSB001MidFront_0_0</name>
           <model>japan\misc\JM037JSB001MidFront\JM037JSB001MidFront.model</model>
        </node>
        <node>
           <name>MP_JM120_Cutter_6m</name>
           <model>japan\misc\JM120\JM120.model</model>
        </node>
        <node>
           <name>MP_CM056_Ships_bell</name>
           <model>common\misc\CM056\CM056.model</model>
        </node>
        <node>
           <name>MP_JM171_CraneR</name>
           <model>japan\misc\JM171\JM171.model</model>
        </node>
        <node>
           <name>MP_JM170_CraneL</name>
           <model>japan\misc\JM170\JM170.model</model>
        </node>
        <node>
           <name>MP_JM272JSB001MidFront_0_0</name>
           <model>japan\misc\JM272JSB001MidFront\JM272JSB001MidFront.model</model>
        </node>
        <node>
           <name>MP_JM273JSB001MidFront_0_0</name>
           <model>japan\misc\JM273JSB001MidFront\JM273JSB001MidFront.model</model>
        </node>
        <node>
           <name>MP_JM093_Running_Lights_L</name>
           <model>japan\misc\JM093\JM093.model</model>
        </node>
        <node>
           <name>HP_Smoke_1</name>
           <model>UNKNOWN_ITEM</model>
        </node>
        <node>
           <name>HP_Smoke_2</name>
           <model>UNKNOWN_ITEM</model>
        </node>
        <node>
           <name>HP_Smoke_3</name>
           <model>UNKNOWN_ITEM</model>
        </node>
        <node>
           <name>HP_Fire_Burn_2</name>
           <model>UNKNOWN_ITEM</model>
        </node>
        <node>
           <name>HP_NoseWave_Speed</name>
           <model>UNKNOWN_ITEM</model>
        </node>
    </midfront>
    <midback>
      <model>japan\ship\battleship\JSB001_Kawachi_1912\JSB001_Kawachi_1912_MidBack_ports.model</model>
        <node>
           <name>HP_JF_3</name>
           <model>japan\finder\JF057_Rangefinder_1_5m\JF057_Rangefinder_1_5m.model</model>
        </node>
        <node>
           <name>HP_JGM_4</name>
           <model>japan\gun\main\JGM068_305mm45_double\JGM068_305mm45_double.model</model>
        </node>
        <node>
           <name>HP_JGM_5</name>
           <model>japan\gun\main\JGM068_305mm45_double\JGM068_305mm45_double.model</model>
        </node>
        <node>
           <name>HP_JGS_11</name>
           <model>japan\gun\secondary\JGS070_152mm45_mask\JGS070_152mm45_mask.model</model>
        </node>
        <node>
           <name>HP_JGS_12</name>
           <model>japan\gun\secondary\JGS070_152mm45_mask\JGS070_152mm45_mask.model</model>
        </node>
        <node>
           <name>HP_JGS_13</name>
           <model>japan\gun\secondary\JGS070_152mm45_mask\JGS070_152mm45_mask.model</model>
        </node>
        <node>
           <name>HP_JGS_14</name>
           <model>japan\gun\secondary\JGS070_152mm45_mask\JGS070_152mm45_mask.model</model>
        </node>
        <node>
           <name>HP_JGS_15</name>
           <model>japan\gun\secondary\JGS070_152mm45_mask\JGS070_152mm45_mask.model</model>
        </node>
        <node>
           <name>HP_JGS_16</name>
           <model>japan\gun\secondary\JGS070_152mm45_mask\JGS070_152mm45_mask.model</model>
        </node>
        <node>
           <name>HP_JGS_17</name>
           <model>japan\gun\secondary\JGS079_76mm40\JGS079_76mm40.model</model>
        </node>
        <node>
           <name>HP_JGS_18</name>
           <model>japan\gun\secondary\JGS079_76mm40\JGS079_76mm40.model</model>
        </node>
        <node>
           <name>HP_JGS_19</name>
           <model>japan\gun\secondary\JGS086_120mm40\JGS086_120mm40.model</model>
        </node>
        <node>
           <name>HP_JGS_20</name>
           <model>japan\gun\secondary\JGS086_120mm40\JGS086_120mm40.model</model>
        </node>
        <node>
           <name>MP_JM026JSB001MidBack_0_0</name>
           <model>japan\misc\JM026JSB001MidBack\JM026JSB001MidBack.model</model>
        </node>
        <node>
           <name>MP_CM004JSB001MidBack_0_0</name>
           <model>common\misc\CM004JSB001MidBack\CM004JSB001MidBack.model</model>
        </node>
        <node>
           <name>MP_CM008JSB001MidBack_0_0</name>
           <model>common\misc\CM008JSB001MidBack\CM008JSB001MidBack.model</model>
        </node>
        <node>
           <name>MP_CM011JSB001MidBack_0_0</name>
           <model>common\misc\CM011JSB001MidBack\CM011JSB001MidBack.model</model>
        </node>
        <node>
           <name>MP_CM012JSB001MidBack_0_0</name>
           <model>common\misc\CM012JSB001MidBack\CM012JSB001MidBack.model</model>
        </node>
        <node>
           <name>MP_JM042_Motor_Boats_17m</name>
           <model>japan\misc\JM042\JM042.model</model>
        </node>
        <node>
           <name>MP_JM039JSB001MidBack_0_0</name>
           <model>japan\misc\JM039JSB001MidBack\JM039JSB001MidBack.model</model>
        </node>
        <node>
           <name>MP_JM014JSB001MidBack_0_0</name>
           <model>japan\misc\JM014JSB001MidBack\JM014JSB001MidBack.model</model>
        </node>
        <node>
           <name>MP_JM111JSB001MidBack_0_0</name>
           <model>japan\misc\JM111JSB001MidBack\JM111JSB001MidBack.model</model>
        </node>
        <node>
           <name>MP_JM002_Paravane</name>
           <model>japan\misc\JM002\JM002.model</model>
        </node>
        <node>
           <name>MP_JM024JSB001MidBack_0_0</name>
           <model>japan\misc\JM024JSB001MidBack\JM024JSB001MidBack.model</model>
        </node>
        <node>
           <name>MP_CM060JSB001MidBack_0_0</name>
           <model>common\misc\CM060JSB001MidBack\CM060JSB001MidBack.model</model>
        </node>
        <node>
           <name>MP_JM178JSB001MidBack_0_0</name>
           <model>japan\misc\JM178JSB001MidBack\JM178JSB001MidBack.model</model>
        </node>
        <node>
           <name>MP_JM059JSB001MidBack_0_0</name>
           <model>japan\misc\JM059JSB001MidBack\JM059JSB001MidBack.model</model>
        </node>
        <node>
           <name>MP_JM058JSB001MidBack_0_0</name>
           <model>japan\misc\JM058JSB001MidBack\JM058JSB001MidBack.model</model>
        </node>
        <node>
           <name>MP_JM189_Compass_Binnacle</name>
           <model>japan\misc\JM189\JM189.model</model>
        </node>
        <node>
           <name>MP_JM209JSB001MidBack_0_0</name>
           <model>japan\misc\JM209JSB001MidBack\JM209JSB001MidBack.model</model>
        </node>
        <node>
           <name>MP_JM125JSB001MidBack_0_0</name>
           <model>japan\misc\JM125JSB001MidBack\JM125JSB001MidBack.model</model>
        </node>
        <node>
           <name>MP_JM107JSB001MidBack_0_0</name>
           <model>japan\misc\JM107JSB001MidBack\JM107JSB001MidBack.model</model>
        </node>
        <node>
           <name>MP_JM166JSB001MidBack_0_0</name>
           <model>japan\misc\JM166JSB001MidBack\JM166JSB001MidBack.model</model>
        </node>
        <node>
           <name>MP_JM031_Wind_Intensity</name>
           <model>japan\misc\JM031\JM031.model</model>
        </node>
        <node>
           <name>MP_JM022JSB001MidBack_0_0</name>
           <model>japan\misc\JM022JSB001MidBack\JM022JSB001MidBack.model</model>
        </node>
        <node>
           <name>MP_CM030JSB001MidBack_0_0</name>
           <model>common\misc\CM030JSB001MidBack\CM030JSB001MidBack.model</model>
        </node>
        <node>
           <name>MP_JM202JSB001MidBack_0_0</name>
           <model>japan\misc\JM202JSB001MidBack\JM202JSB001MidBack.model</model>
        </node>
        <node>
           <name>MP_JM222JSB001MidBack_0_0</name>
           <model>japan\misc\JM222JSB001MidBack\JM222JSB001MidBack.model</model>
        </node>
        <node>
           <name>MP_JM156JSB001MidBack_0_0</name>
           <model>japan\misc\JM156JSB001MidBack\JM156JSB001MidBack.model</model>
        </node>
        <node>
           <name>MP_JM037_Cutter_9m</name>
           <model>japan\misc\JM037\JM037.model</model>
        </node>
        <node>
           <name>MP_CM056_Ships_bell</name>
           <model>common\misc\CM056\CM056.model</model>
        </node>
        <node>
           <name>MP_JM272JSB001MidBack_0_0</name>
           <model>japan\misc\JM272JSB001MidBack\JM272JSB001MidBack.model</model>
        </node>
        <node>
           <name>MP_JM273JSB001MidBack_0_0</name>
           <model>japan\misc\JM273JSB001MidBack\JM273JSB001MidBack.model</model>
        </node>
        <node>
           <name>HP_Fire_Burn_3</name>
           <model>UNKNOWN_ITEM</model>
        </node>
    </midback>
    <stern>
      <model>japan\ship\battleship\JSB001_Kawachi_1912\JSB001_Kawachi_1912_Stern_ports.model</model>
        <node>
           <name>HP_JGM_6</name>
           <model>japan\gun\main\JGM068_305mm45_double\JGM068_305mm45_double.model</model>
        </node>
        <node>
           <name>HP_JGS_21</name>
           <model>japan\gun\secondary\JGS080_120mm40\JGS080_120mm40.model</model>
        </node>
        <node>
           <name>HP_JGS_22</name>
           <model>japan\gun\secondary\JGS080_120mm40\JGS080_120mm40.model</model>
        </node>
        <node>
           <name>HP_flag_nation</name>
           <model>japan\misc\JM001\JM001.model</model>
        </node>
        <node>
           <name>MP_JM026JSB001Stern_0_0</name>
           <model>japan\misc\JM026JSB001Stern\JM026JSB001Stern.model</model>
        </node>
        <node>
           <name>MP_CM004_Barbette_Out</name>
           <model>common\misc\CM004\CM004.model</model>
        </node>
        <node>
           <name>MP_CM023_Accommodation_Ladder_Closed</name>
           <model>common\misc\CM023\CM023.model</model>
        </node>
        <node>
           <name>MP_CM035_Accommodation_Ladder_Closed_L</name>
           <model>common\misc\CM035\CM035.model</model>
        </node>
        <node>
           <name>MP_CM001_Propeller3_L</name>
           <model>common\misc\CM001\CM001.model</model>
        </node>
        <node>
           <name>MP_CM032_Propeller3_R</name>
           <model>common\misc\CM032\CM032.model</model>
        </node>
        <node>
           <name>MP_JM125_Signal_Lamp_3</name>
           <model>japan\misc\JM125\JM125.model</model>
        </node>
        <node>
           <name>MP_CM008JSB001Stern_0_0</name>
           <model>common\misc\CM008JSB001Stern\CM008JSB001Stern.model</model>
        </node>
        <node>
           <name>MP_JM111JSB001Stern_0_0</name>
           <model>japan\misc\JM111JSB001Stern\JM111JSB001Stern.model</model>
        </node>
        <node>
           <name>MP_JM110_Deck_Hatch_12</name>
           <model>japan\misc\JM110\JM110.model</model>
        </node>
        <node>
           <name>MP_JM044_After_Capstan</name>
           <model>japan\misc\JM044\JM044.model</model>
        </node>
        <node>
           <name>MP_CM019_Wood_Box_2</name>
           <model>common\misc\CM019\CM019.model</model>
        </node>
        <node>
           <name>MP_JM057JSB001Stern_0_0</name>
           <model>japan\misc\JM057JSB001Stern\JM057JSB001Stern.model</model>
        </node>
        <node>
           <name>MP_JM055_Deck_Hatch_4</name>
           <model>japan\misc\JM055\JM055.model</model>
        </node>
        <node>
           <name>MP_JM024_Ventilators_8</name>
           <model>japan\misc\JM024\JM024.model</model>
        </node>
        <node>
           <name>MP_JM013JSB001Stern_0_0</name>
           <model>japan\misc\JM013JSB001Stern\JM013JSB001Stern.model</model>
        </node>
        <node>
           <name>MP_JM223_Ventilation</name>
           <model>japan\misc\JM223\JM223.model</model>
        </node>
        <node>
           <name>HP_Fire_Burn_4</name>
           <model>UNKNOWN_ITEM</model>
        </node>
    </stern>
  </sections>
</JSB001_Kawachi_1912.xml>
