<ASA025_Essex_1943.xml>
  <sections>
    <bow>
      <model>usa\ship\aircarrier\ASA025_Essex_1943\ASA025_Essex_1943_bow_ports.model</model>
        <node>
           <name>HP_AD_1</name>
           <model>usa\director\AD003_Director_Mk51\AD003_Director_Mk51.model</model>
        </node>
        <node>
           <name>HP_AD_2</name>
           <model>usa\director\AD003_Director_Mk51\AD003_Director_Mk51.model</model>
        </node>
        <node>
           <name>HP_AGA_1</name>
           <model>usa\gun\aaircraft\AGA008_40mm_Bofors_Mk2\AGA008_40mm_Bofors_Mk2.model</model>
        </node>
        <node>
           <name>HP_AGA_2</name>
           <model>usa\gun\aaircraft\AGA003_20mm_Oerlikon_MK4\AGA003_20mm_Oerlikon_MK4.model</model>
        </node>
        <node>
           <name>HP_AGA_3</name>
           <model>usa\gun\aaircraft\AGA003_20mm_Oerlikon_MK4\AGA003_20mm_Oerlikon_MK4.model</model>
        </node>
        <node>
           <name>HP_AGA_4</name>
           <model>usa\gun\aaircraft\AGA003_20mm_Oerlikon_MK4\AGA003_20mm_Oerlikon_MK4.model</model>
        </node>
        <node>
           <name>HP_AGA_5</name>
           <model>usa\gun\aaircraft\AGA003_20mm_Oerlikon_MK4\AGA003_20mm_Oerlikon_MK4.model</model>
        </node>
        <node>
           <name>HP_AGA_6</name>
           <model>usa\gun\aaircraft\AGA003_20mm_Oerlikon_MK4\AGA003_20mm_Oerlikon_MK4.model</model>
        </node>
        <node>
           <name>HP_AGA_7</name>
           <model>usa\gun\aaircraft\AGA003_20mm_Oerlikon_MK4\AGA003_20mm_Oerlikon_MK4.model</model>
        </node>
        <node>
           <name>HP_AGA_8</name>
           <model>usa\gun\aaircraft\AGA003_20mm_Oerlikon_MK4\AGA003_20mm_Oerlikon_MK4.model</model>
        </node>
        <node>
           <name>HP_AGA_9</name>
           <model>usa\gun\aaircraft\AGA003_20mm_Oerlikon_MK4\AGA003_20mm_Oerlikon_MK4.model</model>
        </node>
        <node>
           <name>HP_AGA_10</name>
           <model>usa\gun\aaircraft\AGA003_20mm_Oerlikon_MK4\AGA003_20mm_Oerlikon_MK4.model</model>
        </node>
        <node>
           <name>HP_AGA_11</name>
           <model>usa\gun\aaircraft\AGA003_20mm_Oerlikon_MK4\AGA003_20mm_Oerlikon_MK4.model</model>
        </node>
        <node>
           <name>HP_AGS_1</name>
           <model>usa\gun\secondary\AGS022_5in38_Mk24\AGS022_5in38_Mk24.model</model>
        </node>
        <node>
           <name>HP_AGS_2</name>
           <model>usa\gun\secondary\AGS022_5in38_Mk24\AGS022_5in38_Mk24.model</model>
        </node>
        <node>
           <name>HP_LiftOffPoint</name>
           <model>usa\aircraft\bomber\AAB002_Grumman_TBF\AAB002_Grumman_TBF.model</model>
        </node>
        <node>
           <name>HP_DeckStart</name>
           <model>usa\aircraft\bomber\AAB002_Grumman_TBF\AAB002_Grumman_TBF.model</model>
        </node>
        <node>
           <name>HP_AGA_12</name>
           <model>usa\gun\aaircraft\AGA008_40mm_Bofors_Mk2\AGA008_40mm_Bofors_Mk2.model</model>
        </node>
        <node>
           <name>HP_AD_3</name>
           <model>usa\director\AD003_Director_Mk51\AD003_Director_Mk51.model</model>
        </node>
        <node>
           <name>HP_AD_4</name>
           <model>usa\director\AD003_Director_Mk51\AD003_Director_Mk51.model</model>
        </node>
        <node>
           <name>HP_Deck_35</name>
           <model>usa\aircraft\dive\AAD004_Douglas_SBD2\AAD004_Douglas_SBD2.model</model>
        </node>
        <node>
           <name>MP_AM004ASA025Bow_0_0</name>
           <model>usa\misc\AM004ASA025Bow\AM004ASA025Bow.model</model>
        </node>
        <node>
           <name>MP_AM073_Floater_Net_Basket_1</name>
           <model>usa\misc\AM073\AM073.model</model>
        </node>
        <node>
           <name>MP_AM074ASA025Bow_0_0</name>
           <model>usa\misc\AM074ASA025Bow\AM074ASA025Bow.model</model>
        </node>
        <node>
           <name>MP_AM045_Running_Lights_F</name>
           <model>usa\misc\AM045\AM045.model</model>
        </node>
        <node>
           <name>MP_AM077ASA025Bow_0_0</name>
           <model>usa\misc\AM077ASA025Bow\AM077ASA025Bow.model</model>
        </node>
        <node>
           <name>MP_AM054ASA025Bow_0_0</name>
           <model>usa\misc\AM054ASA025Bow\AM054ASA025Bow.model</model>
        </node>
        <node>
           <name>MP_AM108ASA025Bow_0_0</name>
           <model>usa\misc\AM108ASA025Bow\AM108ASA025Bow.model</model>
        </node>
        <node>
           <name>MP_AM026ASA025Bow_0_0</name>
           <model>usa\misc\AM026ASA025Bow\AM026ASA025Bow.model</model>
        </node>
        <node>
           <name>MP_AM001ASA025Bow_0_0</name>
           <model>usa\misc\AM001ASA025Bow\AM001ASA025Bow.model</model>
        </node>
        <node>
           <name>MP_AM047_Running_Lights_R</name>
           <model>usa\misc\AM047\AM047.model</model>
        </node>
        <node>
           <name>MP_AM048_Running_Lights_L</name>
           <model>usa\misc\AM048\AM048.model</model>
        </node>
        <node>
           <name>MP_AM002ASA025Bow_0_0</name>
           <model>usa\misc\AM002ASA025Bow\AM002ASA025Bow.model</model>
        </node>
        <node>
           <name>MP_AM293ASA025Bow_0_0</name>
           <model>usa\misc\AM293ASA025Bow\AM293ASA025Bow.model</model>
        </node>
        <node>
           <name>MP_AM549ASA025Bow_0_0</name>
           <model>usa\misc\AM549ASA025Bow\AM549ASA025Bow.model</model>
        </node>
        <node>
           <name>MP_AM248ASA025Bow_0_0</name>
           <model>usa\misc\AM248ASA025Bow\AM248ASA025Bow.model</model>
        </node>
        <node>
           <name>MP_CM012ASA025Bow_0_0</name>
           <model>common\misc\CM012ASA025Bow\CM012ASA025Bow.model</model>
        </node>
        <node>
           <name>MP_CM011ASA025Bow_0_0</name>
           <model>common\misc\CM011ASA025Bow\CM011ASA025Bow.model</model>
        </node>
        <node>
           <name>MP_AM572ASA025Bow_0_0</name>
           <model>usa\misc\AM572ASA025Bow\AM572ASA025Bow.model</model>
        </node>
        <node>
           <name>MP_AM442ASA025Bow_0_0</name>
           <model>usa\misc\AM442ASA025Bow\AM442ASA025Bow.model</model>
        </node>
        <node>
           <name>MP_AM100ASA025Bow_0_0</name>
           <model>usa\misc\AM100ASA025Bow\AM100ASA025Bow.model</model>
        </node>
        <node>
           <name>MP_AM101ASA025Bow_0_0</name>
           <model>usa\misc\AM101ASA025Bow\AM101ASA025Bow.model</model>
        </node>
        <node>
           <name>MP_AM129ASA025Bow_0_0</name>
           <model>usa\misc\AM129ASA025Bow\AM129ASA025Bow.model</model>
        </node>
        <node>
           <name>MP_AM157ASA025Bow_0_0</name>
           <model>usa\misc\AM157ASA025Bow\AM157ASA025Bow.model</model>
        </node>
        <node>
           <name>MP_CM013ASA025Bow_0_0</name>
           <model>common\misc\CM013ASA025Bow\CM013ASA025Bow.model</model>
        </node>
        <node>
           <name>MP_CM006ASA025Bow_0_0</name>
           <model>common\misc\CM006ASA025Bow\CM006ASA025Bow.model</model>
        </node>
        <node>
           <name>HP_Fire_Burn_1</name>
           <model>UNKNOWN_ITEM</model>
        </node>
    </bow>
    <midfront>
      <model>usa\ship\aircarrier\ASA025_Essex_1943\ASA025_Essex_1943_MidFront_ports.model</model>
        <node>
           <name>HP_Deck_33</name>
           <model>usa\aircraft\dive\AAD004_Douglas_SBD2\AAD004_Douglas_SBD2.model</model>
        </node>
        <node>
           <name>HP_AD_5</name>
           <model>usa\director\AD003_Director_Mk51\AD003_Director_Mk51.model</model>
        </node>
        <node>
           <name>HP_AGA_13</name>
           <model>usa\gun\aaircraft\AGA003_20mm_Oerlikon_MK4\AGA003_20mm_Oerlikon_MK4.model</model>
        </node>
        <node>
           <name>HP_AGA_14</name>
           <model>usa\gun\aaircraft\AGA003_20mm_Oerlikon_MK4\AGA003_20mm_Oerlikon_MK4.model</model>
        </node>
        <node>
           <name>HP_AGA_15</name>
           <model>usa\gun\aaircraft\AGA003_20mm_Oerlikon_MK4\AGA003_20mm_Oerlikon_MK4.model</model>
        </node>
        <node>
           <name>HP_AGA_16</name>
           <model>usa\gun\aaircraft\AGA003_20mm_Oerlikon_MK4\AGA003_20mm_Oerlikon_MK4.model</model>
        </node>
        <node>
           <name>HP_AGA_17</name>
           <model>usa\gun\aaircraft\AGA003_20mm_Oerlikon_MK4\AGA003_20mm_Oerlikon_MK4.model</model>
        </node>
        <node>
           <name>HP_Deck_32</name>
           <model>usa\aircraft\dive\AAD004_Douglas_SBD2\AAD004_Douglas_SBD2.model</model>
        </node>
        <node>
           <name>HP_Deck_34</name>
           <model>usa\aircraft\dive\AAD004_Douglas_SBD2\AAD004_Douglas_SBD2.model</model>
        </node>
        <node>
           <name>HP_Deck_31</name>
           <model>usa\aircraft\dive\AAD004_Douglas_SBD2\AAD004_Douglas_SBD2.model</model>
        </node>
        <node>
           <name>HP_AGS_3</name>
           <model>usa\gun\secondary\AGS010_5in38_Mk32_Mod12\AGS010_5in38_Mk32_Mod12.model</model>
        </node>
        <node>
           <name>HP_AGS_4</name>
           <model>usa\gun\secondary\AGS010_5in38_Mk32_Mod12\AGS010_5in38_Mk32_Mod12.model</model>
        </node>
        <node>
           <name>HP_Deck_29</name>
           <model>usa\aircraft\dive\AAD004_Douglas_SBD2\AAD004_Douglas_SBD2.model</model>
        </node>
        <node>
           <name>HP_Deck_26</name>
           <model>usa\aircraft\dive\AAD004_Douglas_SBD2\AAD004_Douglas_SBD2.model</model>
        </node>
        <node>
           <name>HP_Deck_28</name>
           <model>usa\aircraft\dive\AAD004_Douglas_SBD2\AAD004_Douglas_SBD2.model</model>
        </node>
        <node>
           <name>HP_Deck_30</name>
           <model>usa\aircraft\dive\AAD004_Douglas_SBD2\AAD004_Douglas_SBD2.model</model>
        </node>
        <node>
           <name>HP_Deck_21</name>
           <model>usa\aircraft\dive\AAD004_Douglas_SBD2\AAD004_Douglas_SBD2.model</model>
        </node>
        <node>
           <name>HP_Deck_24</name>
           <model>usa\aircraft\dive\AAD004_Douglas_SBD2\AAD004_Douglas_SBD2.model</model>
        </node>
        <node>
           <name>HP_Deck_27</name>
           <model>usa\aircraft\dive\AAD004_Douglas_SBD2\AAD004_Douglas_SBD2.model</model>
        </node>
        <node>
           <name>HP_AD_10</name>
           <model>usa\director\AD001_Director_Mk37\AD001_Director_Mk37.model</model>
        </node>
        <node>
           <name>HP_AD_11</name>
           <model>usa\director\AD003_Director_Mk51\AD003_Director_Mk51.model</model>
        </node>
        <node>
           <name>HP_AD_12</name>
           <model>usa\director\AD003_Director_Mk51\AD003_Director_Mk51.model</model>
        </node>
        <node>
           <name>HP_AGA_23</name>
           <model>usa\gun\aaircraft\AGA003_20mm_Oerlikon_MK4\AGA003_20mm_Oerlikon_MK4.model</model>
        </node>
        <node>
           <name>HP_AGA_24</name>
           <model>usa\gun\aaircraft\AGA003_20mm_Oerlikon_MK4\AGA003_20mm_Oerlikon_MK4.model</model>
        </node>
        <node>
           <name>HP_AGA_25</name>
           <model>usa\gun\aaircraft\AGA003_20mm_Oerlikon_MK4\AGA003_20mm_Oerlikon_MK4.model</model>
        </node>
        <node>
           <name>HP_AGA_26</name>
           <model>usa\gun\aaircraft\AGA003_20mm_Oerlikon_MK4\AGA003_20mm_Oerlikon_MK4.model</model>
        </node>
        <node>
           <name>HP_AGA_27</name>
           <model>usa\gun\aaircraft\AGA003_20mm_Oerlikon_MK4\AGA003_20mm_Oerlikon_MK4.model</model>
        </node>
        <node>
           <name>HP_AGA_29</name>
           <model>usa\gun\aaircraft\AGA008_40mm_Bofors_Mk2\AGA008_40mm_Bofors_Mk2.model</model>
        </node>
        <node>
           <name>HP_ARS_4</name>
           <model>usa\radar\search\ARS004_Radar_SG\ARS004_Radar_SG.model</model>
        </node>
        <node>
           <name>HP_AD_6</name>
           <model>usa\director\AD003_Director_Mk51\AD003_Director_Mk51.model</model>
        </node>
        <node>
           <name>HP_AD_7</name>
           <model>usa\director\AD003_Director_Mk51\AD003_Director_Mk51.model</model>
        </node>
        <node>
           <name>HP_AD_8</name>
           <model>usa\director\AD001_Director_Mk37\AD001_Director_Mk37.model</model>
        </node>
        <node>
           <name>HP_AD_9</name>
           <model>usa\director\AD003_Director_Mk51\AD003_Director_Mk51.model</model>
        </node>
        <node>
           <name>HP_AGA_18</name>
           <model>usa\gun\aaircraft\AGA008_40mm_Bofors_Mk2\AGA008_40mm_Bofors_Mk2.model</model>
        </node>
        <node>
           <name>HP_AGA_19</name>
           <model>usa\gun\aaircraft\AGA008_40mm_Bofors_Mk2\AGA008_40mm_Bofors_Mk2.model</model>
        </node>
        <node>
           <name>HP_AGA_20</name>
           <model>usa\gun\aaircraft\AGA003_20mm_Oerlikon_MK4\AGA003_20mm_Oerlikon_MK4.model</model>
        </node>
        <node>
           <name>HP_AGA_21</name>
           <model>usa\gun\aaircraft\AGA003_20mm_Oerlikon_MK4\AGA003_20mm_Oerlikon_MK4.model</model>
        </node>
        <node>
           <name>HP_AGA_22</name>
           <model>usa\gun\aaircraft\AGA003_20mm_Oerlikon_MK4\AGA003_20mm_Oerlikon_MK4.model</model>
        </node>
        <node>
           <name>HP_ARS_1</name>
           <model>usa\radar\search\ARS006_Radar_SK\ARS006_Radar_SK.model</model>
        </node>
        <node>
           <name>HP_ARS_2</name>
           <model>usa\radar\search\ARS004_Radar_SG\ARS004_Radar_SG.model</model>
        </node>
        <node>
           <name>HP_ARS_3</name>
           <model>usa\radar\search\ARS005_Radar_SC2\ARS005_Radar_SC2.model</model>
        </node>
        <node>
           <name>HP_AGA_28</name>
           <model>usa\gun\aaircraft\AGA003_20mm_Oerlikon_MK4\AGA003_20mm_Oerlikon_MK4.model</model>
        </node>
        <node>
           <name>HP_AGA_30</name>
           <model>usa\gun\aaircraft\AGA003_20mm_Oerlikon_MK4\AGA003_20mm_Oerlikon_MK4.model</model>
        </node>
        <node>
           <name>HP_AGA_31</name>
           <model>usa\gun\aaircraft\AGA003_20mm_Oerlikon_MK4\AGA003_20mm_Oerlikon_MK4.model</model>
        </node>
        <node>
           <name>HP_Deck_25</name>
           <model>usa\aircraft\dive\AAD004_Douglas_SBD2\AAD004_Douglas_SBD2.model</model>
        </node>
        <node>
           <name>HP_flag_1</name>
           <model>usa\misc\AM032\AM032.model</model>
        </node>
        <node>
           <name>HP_flag_2</name>
           <model>usa\misc\AM032\AM032.model</model>
        </node>
        <node>
           <name>HP_flag_3</name>
           <model>usa\misc\AM032\AM032.model</model>
        </node>
        <node>
           <name>HP_flag_4</name>
           <model>usa\misc\AM032\AM032.model</model>
        </node>
        <node>
           <name>HP_flag_nation</name>
           <model>usa\misc\AM032\AM032.model</model>
        </node>
        <node>
           <name>MP_AM073ASA025MidFront_0_0</name>
           <model>usa\misc\AM073ASA025MidFront\AM073ASA025MidFront.model</model>
        </node>
        <node>
           <name>MP_AM074ASA025MidFront_0_0</name>
           <model>usa\misc\AM074ASA025MidFront\AM074ASA025MidFront.model</model>
        </node>
        <node>
           <name>MP_AM050ASA025MidFront_0_0</name>
           <model>usa\misc\AM050ASA025MidFront\AM050ASA025MidFront.model</model>
        </node>
        <node>
           <name>MP_AM037ASA025MidFront_0_0</name>
           <model>usa\misc\AM037ASA025MidFront\AM037ASA025MidFront.model</model>
        </node>
        <node>
           <name>MP_CM024_Stairway_Big_L</name>
           <model>common\misc\CM024\CM024.model</model>
        </node>
        <node>
           <name>MP_AM062ASA025MidFront_0_0</name>
           <model>usa\misc\AM062ASA025MidFront\AM062ASA025MidFront.model</model>
        </node>
        <node>
           <name>MP_AM098_Siren</name>
           <model>usa\misc\AM098\AM098.model</model>
        </node>
        <node>
           <name>MP_AM072_Ships_bell</name>
           <model>usa\misc\AM072\AM072.model</model>
        </node>
        <node>
           <name>MP_AM018ASA025MidFront_0_0</name>
           <model>usa\misc\AM018ASA025MidFront\AM018ASA025MidFront.model</model>
        </node>
        <node>
           <name>MP_AM086ASA025MidFront_0_0</name>
           <model>usa\misc\AM086ASA025MidFront\AM086ASA025MidFront.model</model>
        </node>
        <node>
           <name>MP_AM054ASA025MidFront_0_0</name>
           <model>usa\misc\AM054ASA025MidFront\AM054ASA025MidFront.model</model>
        </node>
        <node>
           <name>MP_AM143_Signal_Lamp_R</name>
           <model>usa\misc\AM143\AM143.model</model>
        </node>
        <node>
           <name>MP_AM144_Signal_Lamp_L</name>
           <model>usa\misc\AM144\AM144.model</model>
        </node>
        <node>
           <name>MP_AM115_RDF</name>
           <model>usa\misc\AM115\AM115.model</model>
        </node>
        <node>
           <name>MP_AM085ASA025MidFront_0_0</name>
           <model>usa\misc\AM085ASA025MidFront\AM085ASA025MidFront.model</model>
        </node>
        <node>
           <name>MP_AM064ASA025MidFront_0_0</name>
           <model>usa\misc\AM064ASA025MidFront\AM064ASA025MidFront.model</model>
        </node>
        <node>
           <name>MP_AM091ASA025MidFront_0_0</name>
           <model>usa\misc\AM091ASA025MidFront\AM091ASA025MidFront.model</model>
        </node>
        <node>
           <name>MP_AM038ASA025MidFront_0_0</name>
           <model>usa\misc\AM038ASA025MidFront\AM038ASA025MidFront.model</model>
        </node>
        <node>
           <name>MP_AM061ASA025MidFront_0_0</name>
           <model>usa\misc\AM061ASA025MidFront\AM061ASA025MidFront.model</model>
        </node>
        <node>
           <name>MP_AM039ASA025MidFront_0_0</name>
           <model>usa\misc\AM039ASA025MidFront\AM039ASA025MidFront.model</model>
        </node>
        <node>
           <name>MP_AM025ASA025MidFront_0_0</name>
           <model>usa\misc\AM025ASA025MidFront\AM025ASA025MidFront.model</model>
        </node>
        <node>
           <name>MP_AM176ASA025MidFront_0_0</name>
           <model>usa\misc\AM176ASA025MidFront\AM176ASA025MidFront.model</model>
        </node>
        <node>
           <name>MP_AM080ASA025MidFront_0_0</name>
           <model>usa\misc\AM080ASA025MidFront\AM080ASA025MidFront.model</model>
        </node>
        <node>
           <name>MP_AM048_Running_Lights_L</name>
           <model>usa\misc\AM048\AM048.model</model>
        </node>
        <node>
           <name>MP_AM047_Running_Lights_R</name>
           <model>usa\misc\AM047\AM047.model</model>
        </node>
        <node>
           <name>MP_AM067ASA025MidFront_0_0</name>
           <model>usa\misc\AM067ASA025MidFront\AM067ASA025MidFront.model</model>
        </node>
        <node>
           <name>MP_AM052_Fightin_Light_L</name>
           <model>usa\misc\AM052\AM052.model</model>
        </node>
        <node>
           <name>MP_AM071ASA025MidFront_0_0</name>
           <model>usa\misc\AM071ASA025MidFront\AM071ASA025MidFront.model</model>
        </node>
        <node>
           <name>MP_AM299_Flight_Control_Light_L</name>
           <model>usa\misc\AM299\AM299.model</model>
        </node>
        <node>
           <name>MP_AM298_Flight_Control_Light_R</name>
           <model>usa\misc\AM298\AM298.model</model>
        </node>
        <node>
           <name>MP_AM296ASA025MidFront_0_0</name>
           <model>usa\misc\AM296ASA025MidFront\AM296ASA025MidFront.model</model>
        </node>
        <node>
           <name>MP_AM297_Speaker_6</name>
           <model>usa\misc\AM297\AM297.model</model>
        </node>
        <node>
           <name>MP_AM291_AirCraft_Crane</name>
           <model>usa\misc\AM291\AM291.model</model>
        </node>
        <node>
           <name>MP_AM049ASA025MidFront_0_0</name>
           <model>usa\misc\AM049ASA025MidFront\AM049ASA025MidFront.model</model>
        </node>
        <node>
           <name>MP_CM017ASA025MidFront_0_0</name>
           <model>common\misc\CM017ASA025MidFront\CM017ASA025MidFront.model</model>
        </node>
        <node>
           <name>MP_AM248ASA025MidFront_0_0</name>
           <model>usa\misc\AM248ASA025MidFront\AM248ASA025MidFront.model</model>
        </node>
        <node>
           <name>MP_AM157ASA025MidFront_0_0</name>
           <model>usa\misc\AM157ASA025MidFront\AM157ASA025MidFront.model</model>
        </node>
        <node>
           <name>MP_CM004ASA025MidFront_0_0</name>
           <model>common\misc\CM004ASA025MidFront\CM004ASA025MidFront.model</model>
        </node>
        <node>
           <name>MP_AM173ASA025MidFront_0_0</name>
           <model>usa\misc\AM173ASA025MidFront\AM173ASA025MidFront.model</model>
        </node>
        <node>
           <name>MP_AM044_Boat_Winch</name>
           <model>usa\misc\AM044\AM044.model</model>
        </node>
        <node>
           <name>MP_CM011ASA025MidFront_0_0</name>
           <model>common\misc\CM011ASA025MidFront\CM011ASA025MidFront.model</model>
        </node>
        <node>
           <name>MP_CM012ASA025MidFront_0_0</name>
           <model>common\misc\CM012ASA025MidFront\CM012ASA025MidFront.model</model>
        </node>
        <node>
           <name>MP_AM442ASA025MidFront_0_0</name>
           <model>usa\misc\AM442ASA025MidFront\AM442ASA025MidFront.model</model>
        </node>
        <node>
           <name>MP_AM100ASA025MidFront_0_0</name>
           <model>usa\misc\AM100ASA025MidFront\AM100ASA025MidFront.model</model>
        </node>
        <node>
           <name>MP_AM101ASA025MidFront_0_0</name>
           <model>usa\misc\AM101ASA025MidFront\AM101ASA025MidFront.model</model>
        </node>
        <node>
           <name>MP_AM536ASA025MidFront_0_0</name>
           <model>usa\misc\AM536ASA025MidFront\AM536ASA025MidFront.model</model>
        </node>
        <node>
           <name>MP_AM129ASA025MidFront_0_0</name>
           <model>usa\misc\AM129ASA025MidFront\AM129ASA025MidFront.model</model>
        </node>
        <node>
           <name>MP_AM433ASA025MidFront_0_0</name>
           <model>usa\misc\AM433ASA025MidFront\AM433ASA025MidFront.model</model>
        </node>
        <node>
           <name>MP_CM013ASA025MidFront_0_0</name>
           <model>common\misc\CM013ASA025MidFront\CM013ASA025MidFront.model</model>
        </node>
        <node>
           <name>MP_AM042_YE_Homing_Beacon</name>
           <model>usa\misc\AM042\AM042.model</model>
        </node>
        <node>
           <name>HP_Smoke_1</name>
           <model>UNKNOWN_ITEM</model>
        </node>
        <node>
           <name>HP_Smoke_2</name>
           <model>UNKNOWN_ITEM</model>
        </node>
        <node>
           <name>HP_Fire_Burn_2</name>
           <model>UNKNOWN_ITEM</model>
        </node>
        <node>
           <name>HP_NoseWave_Speed</name>
           <model>UNKNOWN_ITEM</model>
        </node>
    </midfront>
    <midback>
      <model>usa\ship\aircarrier\ASA025_Essex_1943\ASA025_Essex_1943_MidBack_ports.model</model>
        <node>
           <name>HP_AGA_33</name>
           <model>usa\gun\aaircraft\AGA003_20mm_Oerlikon_MK4\AGA003_20mm_Oerlikon_MK4.model</model>
        </node>
        <node>
           <name>HP_Deck_22</name>
           <model>usa\aircraft\dive\AAD004_Douglas_SBD2\AAD004_Douglas_SBD2.model</model>
        </node>
        <node>
           <name>HP_Deck_20</name>
           <model>usa\aircraft\dive\AAD004_Douglas_SBD2\AAD004_Douglas_SBD2.model</model>
        </node>
        <node>
           <name>HP_Deck_23</name>
           <model>usa\aircraft\dive\AAD004_Douglas_SBD2\AAD004_Douglas_SBD2.model</model>
        </node>
        <node>
           <name>HP_AD_13</name>
           <model>usa\director\AD003_Director_Mk51\AD003_Director_Mk51.model</model>
        </node>
        <node>
           <name>HP_AGA_34</name>
           <model>usa\gun\aaircraft\AGA008_40mm_Bofors_Mk2\AGA008_40mm_Bofors_Mk2.model</model>
        </node>
        <node>
           <name>HP_AGS_5</name>
           <model>usa\gun\secondary\AGS010_5in38_Mk32_Mod12\AGS010_5in38_Mk32_Mod12.model</model>
        </node>
        <node>
           <name>HP_AGS_6</name>
           <model>usa\gun\secondary\AGS010_5in38_Mk32_Mod12\AGS010_5in38_Mk32_Mod12.model</model>
        </node>
        <node>
           <name>HP_Deck_17</name>
           <model>usa\aircraft\bomber\AAB002_Grumman_TBF\AAB002_Grumman_TBF.model</model>
        </node>
        <node>
           <name>HP_Deck_18</name>
           <model>usa\aircraft\dive\AAD004_Douglas_SBD2\AAD004_Douglas_SBD2.model</model>
        </node>
        <node>
           <name>HP_Deck_19</name>
           <model>usa\aircraft\dive\AAD004_Douglas_SBD2\AAD004_Douglas_SBD2.model</model>
        </node>
        <node>
           <name>HP_Deck_16</name>
           <model>usa\aircraft\bomber\AAB002_Grumman_TBF\AAB002_Grumman_TBF.model</model>
        </node>
        <node>
           <name>HP_AD_14</name>
           <model>usa\director\AD003_Director_Mk51\AD003_Director_Mk51.model</model>
        </node>
        <node>
           <name>HP_AD_15</name>
           <model>usa\director\AD003_Director_Mk51\AD003_Director_Mk51.model</model>
        </node>
        <node>
           <name>HP_AGA_35</name>
           <model>usa\gun\aaircraft\AGA003_20mm_Oerlikon_MK4\AGA003_20mm_Oerlikon_MK4.model</model>
        </node>
        <node>
           <name>HP_AGA_36</name>
           <model>usa\gun\aaircraft\AGA003_20mm_Oerlikon_MK4\AGA003_20mm_Oerlikon_MK4.model</model>
        </node>
        <node>
           <name>HP_AGA_37</name>
           <model>usa\gun\aaircraft\AGA003_20mm_Oerlikon_MK4\AGA003_20mm_Oerlikon_MK4.model</model>
        </node>
        <node>
           <name>HP_AGA_38</name>
           <model>usa\gun\aaircraft\AGA003_20mm_Oerlikon_MK4\AGA003_20mm_Oerlikon_MK4.model</model>
        </node>
        <node>
           <name>HP_AGA_39</name>
           <model>usa\gun\aaircraft\AGA003_20mm_Oerlikon_MK4\AGA003_20mm_Oerlikon_MK4.model</model>
        </node>
        <node>
           <name>HP_AGA_40</name>
           <model>usa\gun\aaircraft\AGA003_20mm_Oerlikon_MK4\AGA003_20mm_Oerlikon_MK4.model</model>
        </node>
        <node>
           <name>HP_AGA_41</name>
           <model>usa\gun\aaircraft\AGA003_20mm_Oerlikon_MK4\AGA003_20mm_Oerlikon_MK4.model</model>
        </node>
        <node>
           <name>HP_AGA_42</name>
           <model>usa\gun\aaircraft\AGA003_20mm_Oerlikon_MK4\AGA003_20mm_Oerlikon_MK4.model</model>
        </node>
        <node>
           <name>HP_AGA_44</name>
           <model>usa\gun\aaircraft\AGA003_20mm_Oerlikon_MK4\AGA003_20mm_Oerlikon_MK4.model</model>
        </node>
        <node>
           <name>HP_Deck_11</name>
           <model>usa\aircraft\fighter\AAF012_Vought_F4U\AAF012_Vought_F4U.model</model>
        </node>
        <node>
           <name>HP_Deck_12</name>
           <model>usa\aircraft\bomber\AAB002_Grumman_TBF\AAB002_Grumman_TBF.model</model>
        </node>
        <node>
           <name>HP_Deck_13</name>
           <model>usa\aircraft\bomber\AAB002_Grumman_TBF\AAB002_Grumman_TBF.model</model>
        </node>
        <node>
           <name>HP_Deck_14</name>
           <model>usa\aircraft\bomber\AAB002_Grumman_TBF\AAB002_Grumman_TBF.model</model>
        </node>
        <node>
           <name>HP_Deck_15</name>
           <model>usa\aircraft\bomber\AAB002_Grumman_TBF\AAB002_Grumman_TBF.model</model>
        </node>
        <node>
           <name>HP_AD_16</name>
           <model>usa\director\AD003_Director_Mk51\AD003_Director_Mk51.model</model>
        </node>
        <node>
           <name>HP_AGA_43</name>
           <model>usa\gun\aaircraft\AGA003_20mm_Oerlikon_MK4\AGA003_20mm_Oerlikon_MK4.model</model>
        </node>
        <node>
           <name>HP_AGA_45</name>
           <model>usa\gun\aaircraft\AGA003_20mm_Oerlikon_MK4\AGA003_20mm_Oerlikon_MK4.model</model>
        </node>
        <node>
           <name>HP_AGA_46</name>
           <model>usa\gun\aaircraft\AGA003_20mm_Oerlikon_MK4\AGA003_20mm_Oerlikon_MK4.model</model>
        </node>
        <node>
           <name>HP_Deck_10</name>
           <model>usa\aircraft\fighter\AAF012_Vought_F4U\AAF012_Vought_F4U.model</model>
        </node>
        <node>
           <name>HP_Deck_09</name>
           <model>usa\aircraft\fighter\AAF012_Vought_F4U\AAF012_Vought_F4U.model</model>
        </node>
        <node>
           <name>HP_AD_17</name>
           <model>usa\director\AD003_Director_Mk51\AD003_Director_Mk51.model</model>
        </node>
        <node>
           <name>HP_Deck_07</name>
           <model>usa\aircraft\fighter\AAF012_Vought_F4U\AAF012_Vought_F4U.model</model>
        </node>
        <node>
           <name>HP_Deck_08</name>
           <model>usa\aircraft\fighter\AAF012_Vought_F4U\AAF012_Vought_F4U.model</model>
        </node>
        <node>
           <name>HP_AGA_47</name>
           <model>usa\gun\aaircraft\AGA008_40mm_Bofors_Mk2\AGA008_40mm_Bofors_Mk2.model</model>
        </node>
        <node>
           <name>HP_AGA_32</name>
           <model>usa\gun\aaircraft\AGA003_20mm_Oerlikon_MK4\AGA003_20mm_Oerlikon_MK4.model</model>
        </node>
        <node>
           <name>MP_CM002_Propeller4_L</name>
           <model>common\misc\CM002\CM002.model</model>
        </node>
        <node>
           <name>MP_CM033_Propeller4_R</name>
           <model>common\misc\CM033\CM033.model</model>
        </node>
        <node>
           <name>MP_AM004ASA025MidBack_0_0</name>
           <model>usa\misc\AM004ASA025MidBack\AM004ASA025MidBack.model</model>
        </node>
        <node>
           <name>MP_AM073ASA025MidBack_0_0</name>
           <model>usa\misc\AM073ASA025MidBack\AM073ASA025MidBack.model</model>
        </node>
        <node>
           <name>MP_AM074ASA025MidBack_0_0</name>
           <model>usa\misc\AM074ASA025MidBack\AM074ASA025MidBack.model</model>
        </node>
        <node>
           <name>MP_CM025_Stairway_Big_R</name>
           <model>common\misc\CM025\CM025.model</model>
        </node>
        <node>
           <name>MP_AM054ASA025MidBack_0_0</name>
           <model>usa\misc\AM054ASA025MidBack\AM054ASA025MidBack.model</model>
        </node>
        <node>
           <name>MP_AM001ASA025MidBack_0_0</name>
           <model>usa\misc\AM001ASA025MidBack\AM001ASA025MidBack.model</model>
        </node>
        <node>
           <name>MP_AM091_Whaleboat_26ft</name>
           <model>usa\misc\AM091\AM091.model</model>
        </node>
        <node>
           <name>MP_AM291_AirCraft_Crane</name>
           <model>usa\misc\AM291\AM291.model</model>
        </node>
        <node>
           <name>MP_AM549ASA025MidBack_0_0</name>
           <model>usa\misc\AM549ASA025MidBack\AM549ASA025MidBack.model</model>
        </node>
        <node>
           <name>MP_CM017ASA025MidBack_0_0</name>
           <model>common\misc\CM017ASA025MidBack\CM017ASA025MidBack.model</model>
        </node>
        <node>
           <name>MP_AM248ASA025MidBack_0_0</name>
           <model>usa\misc\AM248ASA025MidBack\AM248ASA025MidBack.model</model>
        </node>
        <node>
           <name>MP_CM004ASA025MidBack_0_0</name>
           <model>common\misc\CM004ASA025MidBack\CM004ASA025MidBack.model</model>
        </node>
        <node>
           <name>MP_CM011ASA025MidBack_0_0</name>
           <model>common\misc\CM011ASA025MidBack\CM011ASA025MidBack.model</model>
        </node>
        <node>
           <name>MP_CM012ASA025MidBack_0_0</name>
           <model>common\misc\CM012ASA025MidBack\CM012ASA025MidBack.model</model>
        </node>
        <node>
           <name>MP_AM442ASA025MidBack_0_0</name>
           <model>usa\misc\AM442ASA025MidBack\AM442ASA025MidBack.model</model>
        </node>
        <node>
           <name>MP_AM100ASA025MidBack_0_0</name>
           <model>usa\misc\AM100ASA025MidBack\AM100ASA025MidBack.model</model>
        </node>
        <node>
           <name>MP_AM101ASA025MidBack_0_0</name>
           <model>usa\misc\AM101ASA025MidBack\AM101ASA025MidBack.model</model>
        </node>
        <node>
           <name>MP_AM129ASA025MidBack_0_0</name>
           <model>usa\misc\AM129ASA025MidBack\AM129ASA025MidBack.model</model>
        </node>
        <node>
           <name>MP_AM157ASA025MidBack_0_0</name>
           <model>usa\misc\AM157ASA025MidBack\AM157ASA025MidBack.model</model>
        </node>
        <node>
           <name>MP_CM013ASA025MidBack_0_0</name>
           <model>common\misc\CM013ASA025MidBack\CM013ASA025MidBack.model</model>
        </node>
        <node>
           <name>HP_Fire_Burn_3</name>
           <model>UNKNOWN_ITEM</model>
        </node>
    </midback>
    <stern>
      <model>usa\ship\aircarrier\ASA025_Essex_1943\ASA025_Essex_1943_Stern_ports.model</model>
        <node>
           <name>HP_AD_18</name>
           <model>usa\director\AD003_Director_Mk51\AD003_Director_Mk51.model</model>
        </node>
        <node>
           <name>HP_AD_19</name>
           <model>usa\director\AD003_Director_Mk51\AD003_Director_Mk51.model</model>
        </node>
        <node>
           <name>HP_AGA_48</name>
           <model>usa\gun\aaircraft\AGA003_20mm_Oerlikon_MK4\AGA003_20mm_Oerlikon_MK4.model</model>
        </node>
        <node>
           <name>HP_AGA_49</name>
           <model>usa\gun\aaircraft\AGA003_20mm_Oerlikon_MK4\AGA003_20mm_Oerlikon_MK4.model</model>
        </node>
        <node>
           <name>HP_AGA_50</name>
           <model>usa\gun\aaircraft\AGA003_20mm_Oerlikon_MK4\AGA003_20mm_Oerlikon_MK4.model</model>
        </node>
        <node>
           <name>HP_AGA_51</name>
           <model>usa\gun\aaircraft\AGA003_20mm_Oerlikon_MK4\AGA003_20mm_Oerlikon_MK4.model</model>
        </node>
        <node>
           <name>HP_AGA_52</name>
           <model>usa\gun\aaircraft\AGA003_20mm_Oerlikon_MK4\AGA003_20mm_Oerlikon_MK4.model</model>
        </node>
        <node>
           <name>HP_AGA_53</name>
           <model>usa\gun\aaircraft\AGA008_40mm_Bofors_Mk2\AGA008_40mm_Bofors_Mk2.model</model>
        </node>
        <node>
           <name>HP_AGA_54</name>
           <model>usa\gun\aaircraft\AGA003_20mm_Oerlikon_MK4\AGA003_20mm_Oerlikon_MK4.model</model>
        </node>
        <node>
           <name>HP_AGS_7</name>
           <model>usa\gun\secondary\AGS022_5in38_Mk24\AGS022_5in38_Mk24.model</model>
        </node>
        <node>
           <name>HP_AGS_8</name>
           <model>usa\gun\secondary\AGS022_5in38_Mk24\AGS022_5in38_Mk24.model</model>
        </node>
        <node>
           <name>HP_DisappearPoint</name>
           <model>usa\aircraft\bomber\AAB002_Grumman_TBF\AAB002_Grumman_TBF.model</model>
        </node>
        <node>
           <name>HP_Deck_03</name>
           <model>usa\aircraft\fighter\AAF012_Vought_F4U\AAF012_Vought_F4U.model</model>
        </node>
        <node>
           <name>HP_Deck_04</name>
           <model>usa\aircraft\fighter\AAF012_Vought_F4U\AAF012_Vought_F4U.model</model>
        </node>
        <node>
           <name>HP_Deck_05</name>
           <model>usa\aircraft\fighter\AAF012_Vought_F4U\AAF012_Vought_F4U.model</model>
        </node>
        <node>
           <name>HP_DeckLand</name>
           <model>usa\aircraft\bomber\AAB002_Grumman_TBF\AAB002_Grumman_TBF.model</model>
        </node>
        <node>
           <name>HP_Deck_06</name>
           <model>usa\aircraft\fighter\AAF012_Vought_F4U\AAF012_Vought_F4U.model</model>
        </node>
        <node>
           <name>HP_Deck_01</name>
           <model>usa\aircraft\fighter\AAF012_Vought_F4U\AAF012_Vought_F4U.model</model>
        </node>
        <node>
           <name>HP_Deck_00</name>
           <model>usa\aircraft\fighter\AAF012_Vought_F4U\AAF012_Vought_F4U.model</model>
        </node>
        <node>
           <name>HP_Deck_02</name>
           <model>usa\aircraft\fighter\AAF012_Vought_F4U\AAF012_Vought_F4U.model</model>
        </node>
        <node>
           <name>MP_CM002_Propeller4_L</name>
           <model>common\misc\CM002\CM002.model</model>
        </node>
        <node>
           <name>MP_CM033_Propeller4_R</name>
           <model>common\misc\CM033\CM033.model</model>
        </node>
        <node>
           <name>MP_AM004ASA025Stern_0_0</name>
           <model>usa\misc\AM004ASA025Stern\AM004ASA025Stern.model</model>
        </node>
        <node>
           <name>MP_AM073_Floater_Net_Basket_1</name>
           <model>usa\misc\AM073\AM073.model</model>
        </node>
        <node>
           <name>MP_AM074ASA025Stern_0_0</name>
           <model>usa\misc\AM074ASA025Stern\AM074ASA025Stern.model</model>
        </node>
        <node>
           <name>MP_AM046_Running_Lights_B</name>
           <model>usa\misc\AM046\AM046.model</model>
        </node>
        <node>
           <name>MP_AM001ASA025Stern_0_0</name>
           <model>usa\misc\AM001ASA025Stern\AM001ASA025Stern.model</model>
        </node>
        <node>
           <name>MP_AM108ASA025Stern_0_0</name>
           <model>usa\misc\AM108ASA025Stern\AM108ASA025Stern.model</model>
        </node>
        <node>
           <name>MP_AM293ASA025Stern_0_0</name>
           <model>usa\misc\AM293ASA025Stern\AM293ASA025Stern.model</model>
        </node>
        <node>
           <name>MP_AM549ASA025Stern_0_0</name>
           <model>usa\misc\AM549ASA025Stern\AM549ASA025Stern.model</model>
        </node>
        <node>
           <name>MP_AM248ASA025Stern_0_0</name>
           <model>usa\misc\AM248ASA025Stern\AM248ASA025Stern.model</model>
        </node>
        <node>
           <name>MP_CM011ASA025Stern_0_0</name>
           <model>common\misc\CM011ASA025Stern\CM011ASA025Stern.model</model>
        </node>
        <node>
           <name>MP_CM012ASA025Stern_0_0</name>
           <model>common\misc\CM012ASA025Stern\CM012ASA025Stern.model</model>
        </node>
        <node>
           <name>MP_AM442ASA025Stern_0_0</name>
           <model>usa\misc\AM442ASA025Stern\AM442ASA025Stern.model</model>
        </node>
        <node>
           <name>MP_AM100ASA025Stern_0_0</name>
           <model>usa\misc\AM100ASA025Stern\AM100ASA025Stern.model</model>
        </node>
        <node>
           <name>MP_AM101ASA025Stern_0_0</name>
           <model>usa\misc\AM101ASA025Stern\AM101ASA025Stern.model</model>
        </node>
        <node>
           <name>MP_AM129ASA025Stern_0_0</name>
           <model>usa\misc\AM129ASA025Stern\AM129ASA025Stern.model</model>
        </node>
        <node>
           <name>MP_AM157ASA025Stern_0_0</name>
           <model>usa\misc\AM157ASA025Stern\AM157ASA025Stern.model</model>
        </node>
        <node>
           <name>MP_CM013ASA025Stern_0_0</name>
           <model>common\misc\CM013ASA025Stern\CM013ASA025Stern.model</model>
        </node>
        <node>
           <name>HP_Fire_Burn_4</name>
           <model>UNKNOWN_ITEM</model>
        </node>
    </stern>
  </sections>
</ASA025_Essex_1943.xml>
