﻿"Time of Day","Process Name","PID","Operation","Path","Result","Detail"
"10:33:03.1939154","worldofwarships.exe","4380","ReadFile","V:\Games\World of Warships\res\content\gameplay\usa\ship\cruiser\ASC006_Atlanta_1942\ASC006_Atlanta_1942.model","SUCCESS","Offset: 0, Length: 713, Priority: Normal"
"10:33:03.1939375","worldofwarships.exe","4380","ReadFile","V:\Games\World of Warships\res\content\gameplay\usa\ship\cruiser\ASC006_Atlanta_1942\ASC006_Atlanta_1942.model","SUCCESS","Offset: 0, Length: 713, I/O Flags: Non-cached, Paging I/O, Priority: Normal"
"10:33:03.2011997","worldofwarships.exe","4380","ReadFile","V:\Games\World of Warships\res\content\gameplay\usa\ship\cruiser\ASC006_Atlanta_1942\ASC006_Atlanta_1942.model","SUCCESS","Offset: 0, Length: 713, Priority: Normal"
"10:33:03.2014922","worldofwarships.exe","4380","ReadFile","V:\Games\World of Warships\res\content\gameplay\usa\ship\cruiser\ASC006_Atlanta_1942\ASC006_Atlanta_1942_Bow.model","SUCCESS","Offset: 0, Length: 724, Priority: Normal"
"10:33:03.2015104","worldofwarships.exe","4380","ReadFile","V:\Games\World of Warships\res\content\gameplay\usa\ship\cruiser\ASC006_Atlanta_1942\ASC006_Atlanta_1942_Bow.model","SUCCESS","Offset: 0, Length: 724, I/O Flags: Non-cached, Paging I/O, Priority: Normal"
"10:33:03.2140569","worldofwarships.exe","4380","ReadFile","V:\Games\World of Warships\res\content\gameplay\usa\ship\cruiser\ASC006_Atlanta_1942\ASC006_Atlanta_1942_Bow.model","SUCCESS","Offset: 0, Length: 724, Priority: Normal"
"10:33:03.2143475","worldofwarships.exe","4380","ReadFile","V:\Games\World of Warships\res\content\gameplay\usa\ship\cruiser\ASC006_Atlanta_1942\ASC006_Atlanta_1942_Bow_ports.model","SUCCESS","Offset: 0, Length: 635, Priority: Normal"
"10:33:03.2143658","worldofwarships.exe","4380","ReadFile","V:\Games\World of Warships\res\content\gameplay\usa\ship\cruiser\ASC006_Atlanta_1942\ASC006_Atlanta_1942_Bow_ports.model","SUCCESS","Offset: 0, Length: 635, I/O Flags: Non-cached, Paging I/O, Priority: Normal"
"10:33:03.2244824","worldofwarships.exe","4380","ReadFile","V:\Games\World of Warships\res\content\gameplay\usa\ship\cruiser\ASC006_Atlanta_1942\ASC006_Atlanta_1942_Bow_ports.model","SUCCESS","Offset: 0, Length: 635, Priority: Normal"
"10:33:03.2248251","worldofwarships.exe","4380","ReadFile","V:\Games\World of Warships\res\content\gameplay\usa\ship\cruiser\ASC006_Atlanta_1942\ASC006_Atlanta_1942_MidBack.model","SUCCESS","Offset: 0, Length: 741, Priority: Normal"
"10:33:03.2248452","worldofwarships.exe","4380","ReadFile","V:\Games\World of Warships\res\content\gameplay\usa\ship\cruiser\ASC006_Atlanta_1942\ASC006_Atlanta_1942_MidBack.model","SUCCESS","Offset: 0, Length: 741, I/O Flags: Non-cached, Paging I/O, Priority: Normal"
"10:33:03.2303831","worldofwarships.exe","4380","ReadFile","V:\Games\World of Warships\res\content\gameplay\usa\ship\cruiser\ASC006_Atlanta_1942\ASC006_Atlanta_1942_MidBack.model","SUCCESS","Offset: 0, Length: 741, Priority: Normal"
"10:33:03.2306705","worldofwarships.exe","4380","ReadFile","V:\Games\World of Warships\res\content\gameplay\usa\ship\cruiser\ASC006_Atlanta_1942\ASC006_Atlanta_1942_MidBack_ports.model","SUCCESS","Offset: 0, Length: 649, Priority: Normal"
"10:33:03.2306871","worldofwarships.exe","4380","ReadFile","V:\Games\World of Warships\res\content\gameplay\usa\ship\cruiser\ASC006_Atlanta_1942\ASC006_Atlanta_1942_MidBack_ports.model","SUCCESS","Offset: 0, Length: 649, I/O Flags: Non-cached, Paging I/O, Priority: Normal"
"10:33:03.2362786","worldofwarships.exe","4380","ReadFile","V:\Games\World of Warships\res\content\gameplay\usa\ship\cruiser\ASC006_Atlanta_1942\ASC006_Atlanta_1942_MidBack_ports.model","SUCCESS","Offset: 0, Length: 649, Priority: Normal"
"10:33:03.2523308","worldofwarships.exe","4380","ReadFile","V:\Games\World of Warships\res\content\gameplay\usa\ship\cruiser\ASC006_Atlanta_1942\ASC006_Atlanta_1942_MidFront.model","SUCCESS","Offset: 0, Length: 745, Priority: Normal"
"10:33:03.2523573","worldofwarships.exe","4380","ReadFile","V:\Games\World of Warships\res\content\gameplay\usa\ship\cruiser\ASC006_Atlanta_1942\ASC006_Atlanta_1942_MidFront.model","SUCCESS","Offset: 0, Length: 745, I/O Flags: Non-cached, Paging I/O, Priority: Normal"
"10:33:03.2664246","worldofwarships.exe","4380","ReadFile","V:\Games\World of Warships\res\content\gameplay\usa\ship\cruiser\ASC006_Atlanta_1942\ASC006_Atlanta_1942_MidFront.model","SUCCESS","Offset: 0, Length: 745, Priority: Normal"
"10:33:03.2667858","worldofwarships.exe","4380","ReadFile","V:\Games\World of Warships\res\content\gameplay\usa\ship\cruiser\ASC006_Atlanta_1942\ASC006_Atlanta_1942_MidFront_ports.model","SUCCESS","Offset: 0, Length: 652, Priority: Normal"
"10:33:03.2668060","worldofwarships.exe","4380","ReadFile","V:\Games\World of Warships\res\content\gameplay\usa\ship\cruiser\ASC006_Atlanta_1942\ASC006_Atlanta_1942_MidFront_ports.model","SUCCESS","Offset: 0, Length: 652, I/O Flags: Non-cached, Paging I/O, Priority: Normal"
"10:33:03.2735161","worldofwarships.exe","4380","ReadFile","V:\Games\World of Warships\res\content\gameplay\usa\ship\cruiser\ASC006_Atlanta_1942\ASC006_Atlanta_1942_MidFront_ports.model","SUCCESS","Offset: 0, Length: 652, Priority: Normal"
"10:33:03.2738732","worldofwarships.exe","4380","ReadFile","V:\Games\World of Warships\res\content\gameplay\usa\ship\cruiser\ASC006_Atlanta_1942\ASC006_Atlanta_1942_Stern.model","SUCCESS","Offset: 0, Length: 734, Priority: Normal"
"10:33:03.2738923","worldofwarships.exe","4380","ReadFile","V:\Games\World of Warships\res\content\gameplay\usa\ship\cruiser\ASC006_Atlanta_1942\ASC006_Atlanta_1942_Stern.model","SUCCESS","Offset: 0, Length: 734, I/O Flags: Non-cached, Paging I/O, Priority: Normal"
"10:33:03.2827280","worldofwarships.exe","4380","ReadFile","V:\Games\World of Warships\res\content\gameplay\usa\ship\cruiser\ASC006_Atlanta_1942\ASC006_Atlanta_1942_Stern.model","SUCCESS","Offset: 0, Length: 734, Priority: Normal"
"10:33:03.2830944","worldofwarships.exe","4380","ReadFile","V:\Games\World of Warships\res\content\gameplay\usa\ship\cruiser\ASC006_Atlanta_1942\ASC006_Atlanta_1942_Stern_ports.model","SUCCESS","Offset: 0, Length: 643, Priority: Normal"
"10:33:03.2831132","worldofwarships.exe","4380","ReadFile","V:\Games\World of Warships\res\content\gameplay\usa\ship\cruiser\ASC006_Atlanta_1942\ASC006_Atlanta_1942_Stern_ports.model","SUCCESS","Offset: 0, Length: 643, I/O Flags: Non-cached, Paging I/O, Priority: Normal"
"10:33:03.2898093","worldofwarships.exe","4380","ReadFile","V:\Games\World of Warships\res\content\gameplay\usa\ship\cruiser\ASC006_Atlanta_1942\ASC006_Atlanta_1942_Stern_ports.model","SUCCESS","Offset: 0, Length: 643, Priority: Normal"
"10:33:03.2914259","worldofwarships.exe","4380","ReadFile","V:\Games\World of Warships\res\content\gameplay\usa\gun\secondary\AGS010_5in38_Mk32_Mod12\AGS010_5in38_Mk32_Mod12.model","SUCCESS","Offset: 0, Length: 734, Priority: Normal"
"10:33:03.2914454","worldofwarships.exe","4380","ReadFile","V:\Games\World of Warships\res\content\gameplay\usa\gun\secondary\AGS010_5in38_Mk32_Mod12\AGS010_5in38_Mk32_Mod12.model","SUCCESS","Offset: 0, Length: 734, I/O Flags: Non-cached, Paging I/O, Priority: Normal"
"10:33:03.3049913","worldofwarships.exe","4380","ReadFile","V:\Games\World of Warships\res\content\gameplay\usa\gun\secondary\AGS010_5in38_Mk32_Mod12\AGS010_5in38_Mk32_Mod12.model","SUCCESS","Offset: 0, Length: 734, Priority: Normal"
"10:33:03.3062271","worldofwarships.exe","4380","ReadFile","V:\Games\World of Warships\res\content\gameplay\usa\gun\torpedo\AGT024_21in_MK14_Torpedo_Tubes_Quad\AGT024_21in_MK14_Torpedo_Tubes_Quad.model","SUCCESS","Offset: 0, Length: 801, Priority: Normal"
"10:33:03.3062476","worldofwarships.exe","4380","ReadFile","V:\Games\World of Warships\res\content\gameplay\usa\gun\torpedo\AGT024_21in_MK14_Torpedo_Tubes_Quad\AGT024_21in_MK14_Torpedo_Tubes_Quad.model","SUCCESS","Offset: 0, Length: 801, I/O Flags: Non-cached, Paging I/O, Priority: Normal"
"10:33:03.3100416","worldofwarships.exe","4380","ReadFile","V:\Games\World of Warships\res\content\gameplay\usa\gun\torpedo\AGT024_21in_MK14_Torpedo_Tubes_Quad\AGT024_21in_MK14_Torpedo_Tubes_Quad.model","SUCCESS","Offset: 0, Length: 801, Priority: Normal"
"10:33:03.3112119","worldofwarships.exe","4380","ReadFile","V:\Games\World of Warships\res\content\gameplay\usa\gun\aaircraft\AGA003_20mm_Oerlikon_MK4\AGA003_20mm_Oerlikon_MK4.model","SUCCESS","Offset: 0, Length: 740, Priority: Normal"
"10:33:03.3112305","worldofwarships.exe","4380","ReadFile","V:\Games\World of Warships\res\content\gameplay\usa\gun\aaircraft\AGA003_20mm_Oerlikon_MK4\AGA003_20mm_Oerlikon_MK4.model","SUCCESS","Offset: 0, Length: 740, I/O Flags: Non-cached, Paging I/O, Priority: Normal"
"10:33:03.3144746","worldofwarships.exe","4380","ReadFile","V:\Games\World of Warships\res\content\gameplay\usa\gun\aaircraft\AGA003_20mm_Oerlikon_MK4\AGA003_20mm_Oerlikon_MK4.model","SUCCESS","Offset: 0, Length: 740, Priority: Normal"
"10:33:03.3151632","worldofwarships.exe","4380","ReadFile","V:\Games\World of Warships\res\content\gameplay\usa\gun\aaircraft\AGA013_1in_Mk2_Mod2\AGA013_1in_Mk2_Mod2.model","SUCCESS","Offset: 0, Length: 710, Priority: Normal"
"10:33:03.3151798","worldofwarships.exe","4380","ReadFile","V:\Games\World of Warships\res\content\gameplay\usa\gun\aaircraft\AGA013_1in_Mk2_Mod2\AGA013_1in_Mk2_Mod2.model","SUCCESS","Offset: 0, Length: 710, I/O Flags: Non-cached, Paging I/O, Priority: Normal"
"10:33:03.3245046","worldofwarships.exe","4380","ReadFile","V:\Games\World of Warships\res\content\gameplay\usa\gun\aaircraft\AGA013_1in_Mk2_Mod2\AGA013_1in_Mk2_Mod2.model","SUCCESS","Offset: 0, Length: 710, Priority: Normal"
"10:33:03.3373392","worldofwarships.exe","4380","ReadFile","V:\Games\World of Warships\res\content\gameplay\usa\director\AD075_Director_Mk44\AD075_Director_Mk44.model","SUCCESS","Offset: 0, Length: 663, Priority: Normal"
"10:33:03.3373600","worldofwarships.exe","4380","ReadFile","V:\Games\World of Warships\res\content\gameplay\usa\director\AD075_Director_Mk44\AD075_Director_Mk44.model","SUCCESS","Offset: 0, Length: 663, I/O Flags: Non-cached, Paging I/O, Priority: Normal"
"10:33:03.3440141","worldofwarships.exe","4380","ReadFile","V:\Games\World of Warships\res\content\gameplay\usa\director\AD075_Director_Mk44\AD075_Director_Mk44.model","SUCCESS","Offset: 0, Length: 663, Priority: Normal"
"10:33:03.3814165","worldofwarships.exe","4380","ReadFile","V:\Games\World of Warships\res\content\gameplay\usa\director\AD102_Director_Mk37_empty\AD102_Director_Mk37_empty.model","SUCCESS","Offset: 0, Length: 573, Priority: Normal"
"10:33:03.3814389","worldofwarships.exe","4380","ReadFile","V:\Games\World of Warships\res\content\gameplay\usa\director\AD102_Director_Mk37_empty\AD102_Director_Mk37_empty.model","SUCCESS","Offset: 0, Length: 573, I/O Flags: Non-cached, Paging I/O, Priority: Normal"
"10:33:03.3975211","worldofwarships.exe","4380","ReadFile","V:\Games\World of Warships\res\content\gameplay\usa\director\AD102_Director_Mk37_empty\AD102_Director_Mk37_empty.model","SUCCESS","Offset: 0, Length: 573, Priority: Normal"
"10:33:03.4046075","worldofwarships.exe","4380","ReadFile","V:\Games\World of Warships\res\content\gameplay\usa\director\AD035_Torpedo_Director_27\AD035_Torpedo_Director_27.model","SUCCESS","Offset: 0, Length: 736, Priority: Normal"
"10:33:03.4046283","worldofwarships.exe","4380","ReadFile","V:\Games\World of Warships\res\content\gameplay\usa\director\AD035_Torpedo_Director_27\AD035_Torpedo_Director_27.model","SUCCESS","Offset: 0, Length: 736, I/O Flags: Non-cached, Paging I/O, Priority: Normal"
"10:33:03.4125995","worldofwarships.exe","4380","ReadFile","V:\Games\World of Warships\res\content\gameplay\usa\director\AD035_Torpedo_Director_27\AD035_Torpedo_Director_27.model","SUCCESS","Offset: 0, Length: 736, Priority: Normal"
"10:33:03.4142149","worldofwarships.exe","4380","ReadFile","V:\Games\World of Warships\res\content\gameplay\usa\finder\AF076_Rangefinder_2_5m\AF076_Rangefinder_2_5m.model","SUCCESS","Offset: 0, Length: 678, Priority: Normal"
"10:33:03.4142340","worldofwarships.exe","4380","ReadFile","V:\Games\World of Warships\res\content\gameplay\usa\finder\AF076_Rangefinder_2_5m\AF076_Rangefinder_2_5m.model","SUCCESS","Offset: 0, Length: 678, I/O Flags: Non-cached, Paging I/O, Priority: Normal"
"10:33:03.4148312","worldofwarships.exe","4380","ReadFile","V:\Games\World of Warships\res\content\gameplay\usa\finder\AF076_Rangefinder_2_5m\AF076_Rangefinder_2_5m.model","SUCCESS","Offset: 0, Length: 678, Priority: Normal"
"10:33:03.4162573","worldofwarships.exe","4380","ReadFile","V:\Games\World of Warships\res\content\gameplay\usa\projectile\torpedo\APT001_Torpedo_533mm_Mk_15\APT001_Torpedo_533mm_Mk_15.model","SUCCESS","Offset: 0, Length: 726, Priority: Normal"
"10:33:03.4165246","worldofwarships.exe","4380","ReadFile","V:\Games\World of Warships\res\content\gameplay\usa\projectile\torpedo\APT001_Torpedo_533mm_Mk_15\APT001_Torpedo_533mm_Mk_15.model","SUCCESS","Offset: 0, Length: 726, Priority: Normal"
"10:33:05.0259718","worldofwarships.exe","4380","ReadFile","V:\Games\World of Warships\res\content\gameplay\usa\misc\AM548ASC006Bow\AM548ASC006Bow.model","SUCCESS","Offset: 0, Length: 622, Priority: Normal"
"10:33:05.0259906","worldofwarships.exe","4380","ReadFile","V:\Games\World of Warships\res\content\gameplay\usa\misc\AM548ASC006Bow\AM548ASC006Bow.model","SUCCESS","Offset: 0, Length: 622, I/O Flags: Non-cached, Paging I/O, Priority: Normal"
"10:33:05.0351732","worldofwarships.exe","4380","ReadFile","V:\Games\World of Warships\res\content\gameplay\usa\misc\AM548ASC006Bow\AM548ASC006Bow.model","SUCCESS","Offset: 0, Length: 622, Priority: Normal"
"10:33:05.1435848","worldofwarships.exe","4380","ReadFile","V:\Games\World of Warships\res\content\gameplay\usa\misc\AM485ASC006Bow\AM485ASC006Bow.model","SUCCESS","Offset: 0, Length: 622, Priority: Normal"
"10:33:05.1436059","worldofwarships.exe","4380","ReadFile","V:\Games\World of Warships\res\content\gameplay\usa\misc\AM485ASC006Bow\AM485ASC006Bow.model","SUCCESS","Offset: 0, Length: 622, I/O Flags: Non-cached, Paging I/O, Priority: Normal"
"10:33:05.1516388","worldofwarships.exe","4380","ReadFile","V:\Games\World of Warships\res\content\gameplay\usa\misc\AM485ASC006Bow\AM485ASC006Bow.model","SUCCESS","Offset: 0, Length: 622, Priority: Normal"
"10:33:05.2622777","worldofwarships.exe","4380","ReadFile","V:\Games\World of Warships\res\content\gameplay\usa\misc\AM026ASC006Bow\AM026ASC006Bow.model","SUCCESS","Offset: 0, Length: 658, Priority: Normal"
"10:33:05.2622981","worldofwarships.exe","4380","ReadFile","V:\Games\World of Warships\res\content\gameplay\usa\misc\AM026ASC006Bow\AM026ASC006Bow.model","SUCCESS","Offset: 0, Length: 658, I/O Flags: Non-cached, Paging I/O, Priority: Normal"
"10:33:05.2712077","worldofwarships.exe","4380","ReadFile","V:\Games\World of Warships\res\content\gameplay\usa\misc\AM026ASC006Bow\AM026ASC006Bow.model","SUCCESS","Offset: 0, Length: 658, Priority: Normal"
"10:33:05.3518438","worldofwarships.exe","4380","ReadFile","V:\Games\World of Warships\res\content\gameplay\usa\misc\AM001ASC006Bow\AM001ASC006Bow.model","SUCCESS","Offset: 0, Length: 658, Priority: Normal"
"10:33:05.3518655","worldofwarships.exe","4380","ReadFile","V:\Games\World of Warships\res\content\gameplay\usa\misc\AM001ASC006Bow\AM001ASC006Bow.model","SUCCESS","Offset: 0, Length: 658, I/O Flags: Non-cached, Paging I/O, Priority: Normal"
"10:33:05.3618648","worldofwarships.exe","4380","ReadFile","V:\Games\World of Warships\res\content\gameplay\usa\misc\AM001ASC006Bow\AM001ASC006Bow.model","SUCCESS","Offset: 0, Length: 658, Priority: Normal"
"10:33:05.4614379","worldofwarships.exe","4380","ReadFile","V:\Games\World of Warships\res\content\gameplay\usa\misc\AM023ASC006Bow\AM023ASC006Bow.model","SUCCESS","Offset: 0, Length: 658, Priority: Normal"
"10:33:05.4614609","worldofwarships.exe","4380","ReadFile","V:\Games\World of Warships\res\content\gameplay\usa\misc\AM023ASC006Bow\AM023ASC006Bow.model","SUCCESS","Offset: 0, Length: 658, I/O Flags: Non-cached, Paging I/O, Priority: Normal"
"10:33:05.4705510","worldofwarships.exe","4380","ReadFile","V:\Games\World of Warships\res\content\gameplay\usa\misc\AM023ASC006Bow\AM023ASC006Bow.model","SUCCESS","Offset: 0, Length: 658, Priority: Normal"
"10:33:05.5772284","worldofwarships.exe","4380","ReadFile","V:\Games\World of Warships\res\content\gameplay\usa\radar\search\ARS077_Radar_SC1\ARS077_Radar_SC1.model","SUCCESS","Offset: 0, Length: 934, Priority: Normal"
"10:33:05.5772546","worldofwarships.exe","4380","ReadFile","V:\Games\World of Warships\res\content\gameplay\usa\radar\search\ARS077_Radar_SC1\ARS077_Radar_SC1.model","SUCCESS","Offset: 0, Length: 934, I/O Flags: Non-cached, Paging I/O, Priority: Normal"
"10:33:05.5777542","worldofwarships.exe","4380","ReadFile","V:\Games\World of Warships\res\content\gameplay\usa\radar\search\ARS077_Radar_SC1\ARS077_Radar_SC1.model","SUCCESS","Offset: 0, Length: 934, Priority: Normal"
"10:33:05.8902002","worldofwarships.exe","4380","ReadFile","V:\Games\World of Warships\res\content\gameplay\usa\finder\AF076_Rangefinder_2_5m\AF076_Rangefinder_2_5m.model","SUCCESS","Offset: 0, Length: 678, Priority: Normal"
"10:33:05.8905161","worldofwarships.exe","4380","ReadFile","V:\Games\World of Warships\res\content\gameplay\usa\finder\AF076_Rangefinder_2_5m\AF076_Rangefinder_2_5m.model","SUCCESS","Offset: 0, Length: 678, Priority: Normal"
"10:33:06.0406896","worldofwarships.exe","4380","ReadFile","V:\Games\World of Warships\res\content\gameplay\usa\director\AD102_Director_Mk37_empty\AD102_Director_Mk37_empty.model","SUCCESS","Offset: 0, Length: 573, Priority: Normal"
"10:33:06.0409994","worldofwarships.exe","4380","ReadFile","V:\Games\World of Warships\res\content\gameplay\usa\director\AD102_Director_Mk37_empty\AD102_Director_Mk37_empty.model","SUCCESS","Offset: 0, Length: 573, Priority: Normal"
"10:33:06.1378961","worldofwarships.exe","4380","ReadFile","V:\Games\World of Warships\res\content\gameplay\usa\director\AD075_Director_Mk44\AD075_Director_Mk44.model","SUCCESS","Offset: 0, Length: 663, Priority: Normal"
"10:33:06.1381304","worldofwarships.exe","4380","ReadFile","V:\Games\World of Warships\res\content\gameplay\usa\director\AD075_Director_Mk44\AD075_Director_Mk44.model","SUCCESS","Offset: 0, Length: 663, Priority: Normal"
"10:33:06.2199599","worldofwarships.exe","4380","ReadFile","V:\Games\World of Warships\res\content\gameplay\usa\director\AD035_Torpedo_Director_27\AD035_Torpedo_Director_27.model","SUCCESS","Offset: 0, Length: 736, Priority: Normal"
"10:33:06.2201693","worldofwarships.exe","4380","ReadFile","V:\Games\World of Warships\res\content\gameplay\usa\director\AD035_Torpedo_Director_27\AD035_Torpedo_Director_27.model","SUCCESS","Offset: 0, Length: 736, Priority: Normal"
"10:33:06.2806280","worldofwarships.exe","4380","ReadFile","V:\Games\World of Warships\res\content\gameplay\usa\misc\AM071\AM071.model","SUCCESS","Offset: 0, Length: 608, Priority: Normal"
"10:33:06.2806504","worldofwarships.exe","4380","ReadFile","V:\Games\World of Warships\res\content\gameplay\usa\misc\AM071\AM071.model","SUCCESS","Offset: 0, Length: 608, I/O Flags: Non-cached, Paging I/O, Priority: Normal"
"10:33:06.2809432","worldofwarships.exe","4380","ReadFile","V:\Games\World of Warships\res\content\gameplay\usa\misc\AM071\AM071.model","SUCCESS","Offset: 0, Length: 608, Priority: Normal"
"10:33:06.3567892","worldofwarships.exe","4380","ReadFile","V:\Games\World of Warships\res\content\gameplay\common\misc\CM011ASC006Bow\CM011ASC006Bow.model","SUCCESS","Offset: 0, Length: 627, Priority: Normal"
"10:33:06.3568496","worldofwarships.exe","4380","ReadFile","V:\Games\World of Warships\res\content\gameplay\common\misc\CM011ASC006Bow\CM011ASC006Bow.model","SUCCESS","Offset: 0, Length: 627, I/O Flags: Non-cached, Paging I/O, Priority: Normal"
"10:33:06.3607776","worldofwarships.exe","4380","ReadFile","V:\Games\World of Warships\res\content\gameplay\common\misc\CM011ASC006Bow\CM011ASC006Bow.model","SUCCESS","Offset: 0, Length: 627, Priority: Normal"
"10:33:06.4582091","worldofwarships.exe","4380","ReadFile","V:\Games\World of Warships\res\content\gameplay\usa\misc\AM088ASC006Bow\AM088ASC006Bow.model","SUCCESS","Offset: 0, Length: 658, Priority: Normal"
"10:33:06.4582299","worldofwarships.exe","4380","ReadFile","V:\Games\World of Warships\res\content\gameplay\usa\misc\AM088ASC006Bow\AM088ASC006Bow.model","SUCCESS","Offset: 0, Length: 658, I/O Flags: Non-cached, Paging I/O, Priority: Normal"
"10:33:06.4702994","worldofwarships.exe","4380","ReadFile","V:\Games\World of Warships\res\content\gameplay\usa\misc\AM088ASC006Bow\AM088ASC006Bow.model","SUCCESS","Offset: 0, Length: 658, Priority: Normal"
"10:33:06.5797913","worldofwarships.exe","4380","ReadFile","V:\Games\World of Warships\res\content\gameplay\usa\misc\AM103\AM103.model","SUCCESS","Offset: 0, Length: 607, Priority: Normal"
"10:33:06.5798120","worldofwarships.exe","4380","ReadFile","V:\Games\World of Warships\res\content\gameplay\usa\misc\AM103\AM103.model","SUCCESS","Offset: 0, Length: 607, I/O Flags: Non-cached, Paging I/O, Priority: Normal"
"10:33:06.5799834","worldofwarships.exe","4380","ReadFile","V:\Games\World of Warships\res\content\gameplay\usa\misc\AM103\AM103.model","SUCCESS","Offset: 0, Length: 607, Priority: Normal"
"10:33:06.6287680","worldofwarships.exe","4380","ReadFile","V:\Games\World of Warships\res\content\gameplay\usa\misc\AM024\AM024.model","SUCCESS","Offset: 0, Length: 608, Priority: Normal"
"10:33:06.6287891","worldofwarships.exe","4380","ReadFile","V:\Games\World of Warships\res\content\gameplay\usa\misc\AM024\AM024.model","SUCCESS","Offset: 0, Length: 608, I/O Flags: Non-cached, Paging I/O, Priority: Normal"
"10:33:06.6289809","worldofwarships.exe","4380","ReadFile","V:\Games\World of Warships\res\content\gameplay\usa\misc\AM024\AM024.model","SUCCESS","Offset: 0, Length: 608, Priority: Normal"
"10:33:06.7473081","worldofwarships.exe","4380","ReadFile","V:\Games\World of Warships\res\content\gameplay\usa\misc\AM010\AM010.model","SUCCESS","Offset: 0, Length: 608, Priority: Normal"
"10:33:06.7473299","worldofwarships.exe","4380","ReadFile","V:\Games\World of Warships\res\content\gameplay\usa\misc\AM010\AM010.model","SUCCESS","Offset: 0, Length: 608, I/O Flags: Non-cached, Paging I/O, Priority: Normal"
"10:33:06.7475517","worldofwarships.exe","4380","ReadFile","V:\Games\World of Warships\res\content\gameplay\usa\misc\AM010\AM010.model","SUCCESS","Offset: 0, Length: 608, Priority: Normal"
"10:33:06.8661305","worldofwarships.exe","4380","ReadFile","V:\Games\World of Warships\res\content\gameplay\usa\misc\AM164ASC006MidBack\AM164ASC006MidBack.model","SUCCESS","Offset: 0, Length: 682, Priority: Normal"
"10:33:06.8661513","worldofwarships.exe","4380","ReadFile","V:\Games\World of Warships\res\content\gameplay\usa\misc\AM164ASC006MidBack\AM164ASC006MidBack.model","SUCCESS","Offset: 0, Length: 682, I/O Flags: Non-cached, Paging I/O, Priority: Normal"
"10:33:06.8742859","worldofwarships.exe","4380","ReadFile","V:\Games\World of Warships\res\content\gameplay\usa\misc\AM164ASC006MidBack\AM164ASC006MidBack.model","SUCCESS","Offset: 0, Length: 682, Priority: Normal"
"10:33:07.0001524","worldofwarships.exe","4380","ReadFile","V:\Games\World of Warships\res\content\gameplay\usa\misc\AM031ASC006MidBack\AM031ASC006MidBack.model","SUCCESS","Offset: 0, Length: 592, Priority: Normal"
"10:33:07.0001741","worldofwarships.exe","4380","ReadFile","V:\Games\World of Warships\res\content\gameplay\usa\misc\AM031ASC006MidBack\AM031ASC006MidBack.model","SUCCESS","Offset: 0, Length: 592, I/O Flags: Non-cached, Paging I/O, Priority: Normal"
"10:33:07.0081521","worldofwarships.exe","4380","ReadFile","V:\Games\World of Warships\res\content\gameplay\usa\misc\AM031ASC006MidBack\AM031ASC006MidBack.model","SUCCESS","Offset: 0, Length: 592, Priority: Normal"
"10:33:07.0698704","worldofwarships.exe","4380","ReadFile","V:\Games\World of Warships\res\content\gameplay\usa\misc\AM015ASC006MidBack\AM015ASC006MidBack.model","SUCCESS","Offset: 0, Length: 685, Priority: Normal"
"10:33:07.0698941","worldofwarships.exe","4380","ReadFile","V:\Games\World of Warships\res\content\gameplay\usa\misc\AM015ASC006MidBack\AM015ASC006MidBack.model","SUCCESS","Offset: 0, Length: 685, I/O Flags: Non-cached, Paging I/O, Priority: Normal"
"10:33:07.0801127","worldofwarships.exe","4380","ReadFile","V:\Games\World of Warships\res\content\gameplay\usa\misc\AM015ASC006MidBack\AM015ASC006MidBack.model","SUCCESS","Offset: 0, Length: 685, Priority: Normal"
"10:33:07.1336689","worldofwarships.exe","4380","ReadFile","V:\Games\World of Warships\res\content\gameplay\usa\misc\AM485ASC006MidBack\AM485ASC006MidBack.model","SUCCESS","Offset: 0, Length: 646, Priority: Normal"
"10:33:07.1336900","worldofwarships.exe","4380","ReadFile","V:\Games\World of Warships\res\content\gameplay\usa\misc\AM485ASC006MidBack\AM485ASC006MidBack.model","SUCCESS","Offset: 0, Length: 646, I/O Flags: Non-cached, Paging I/O, Priority: Normal"
"10:33:07.1417751","worldofwarships.exe","4380","ReadFile","V:\Games\World of Warships\res\content\gameplay\usa\misc\AM485ASC006MidBack\AM485ASC006MidBack.model","SUCCESS","Offset: 0, Length: 646, Priority: Normal"
"10:33:07.2433963","worldofwarships.exe","4380","ReadFile","V:\Games\World of Warships\res\content\gameplay\usa\misc\AM433ASC006MidBack\AM433ASC006MidBack.model","SUCCESS","Offset: 0, Length: 645, Priority: Normal"
"10:33:07.2434174","worldofwarships.exe","4380","ReadFile","V:\Games\World of Warships\res\content\gameplay\usa\misc\AM433ASC006MidBack\AM433ASC006MidBack.model","SUCCESS","Offset: 0, Length: 645, I/O Flags: Non-cached, Paging I/O, Priority: Normal"
"10:33:07.2556958","worldofwarships.exe","4380","ReadFile","V:\Games\World of Warships\res\content\gameplay\usa\misc\AM433ASC006MidBack\AM433ASC006MidBack.model","SUCCESS","Offset: 0, Length: 645, Priority: Normal"
"10:33:07.3724411","worldofwarships.exe","4380","ReadFile","V:\Games\World of Warships\res\content\gameplay\common\misc\CM011ASC006MidBack\CM011ASC006MidBack.model","SUCCESS","Offset: 0, Length: 651, Priority: Normal"
"10:33:07.3724686","worldofwarships.exe","4380","ReadFile","V:\Games\World of Warships\res\content\gameplay\common\misc\CM011ASC006MidBack\CM011ASC006MidBack.model","SUCCESS","Offset: 0, Length: 651, I/O Flags: Non-cached, Paging I/O, Priority: Normal"
"10:33:07.3806899","worldofwarships.exe","4380","ReadFile","V:\Games\World of Warships\res\content\gameplay\common\misc\CM011ASC006MidBack\CM011ASC006MidBack.model","SUCCESS","Offset: 0, Length: 651, Priority: Normal"
"10:33:07.4765607","worldofwarships.exe","4380","ReadFile","V:\Games\World of Warships\res\content\gameplay\usa\misc\AM108ASC006MidBack\AM108ASC006MidBack.model","SUCCESS","Offset: 0, Length: 681, Priority: Normal"
"10:33:07.4765828","worldofwarships.exe","4380","ReadFile","V:\Games\World of Warships\res\content\gameplay\usa\misc\AM108ASC006MidBack\AM108ASC006MidBack.model","SUCCESS","Offset: 0, Length: 681, I/O Flags: Non-cached, Paging I/O, Priority: Normal"
"10:33:07.4833555","worldofwarships.exe","4380","ReadFile","V:\Games\World of Warships\res\content\gameplay\usa\misc\AM108ASC006MidBack\AM108ASC006MidBack.model","SUCCESS","Offset: 0, Length: 681, Priority: Normal"
"10:33:07.6508241","worldofwarships.exe","4380","ReadFile","V:\Games\World of Warships\res\content\gameplay\usa\misc\AM407ASC006MidBack\AM407ASC006MidBack.model","SUCCESS","Offset: 0, Length: 646, Priority: Normal"
"10:33:07.6508468","worldofwarships.exe","4380","ReadFile","V:\Games\World of Warships\res\content\gameplay\usa\misc\AM407ASC006MidBack\AM407ASC006MidBack.model","SUCCESS","Offset: 0, Length: 646, I/O Flags: Non-cached, Paging I/O, Priority: Normal"
"10:33:07.6571919","worldofwarships.exe","4380","ReadFile","V:\Games\World of Warships\res\content\gameplay\usa\misc\AM407ASC006MidBack\AM407ASC006MidBack.model","SUCCESS","Offset: 0, Length: 646, Priority: Normal"
"10:33:07.7694013","worldofwarships.exe","4380","ReadFile","V:\Games\World of Warships\res\content\gameplay\usa\misc\AM434\AM434.model","SUCCESS","Offset: 0, Length: 572, Priority: Normal"
"10:33:07.7694214","worldofwarships.exe","4380","ReadFile","V:\Games\World of Warships\res\content\gameplay\usa\misc\AM434\AM434.model","SUCCESS","Offset: 0, Length: 572, I/O Flags: Non-cached, Paging I/O, Priority: Normal"
"10:33:07.7696084","worldofwarships.exe","4380","ReadFile","V:\Games\World of Warships\res\content\gameplay\usa\misc\AM434\AM434.model","SUCCESS","Offset: 0, Length: 572, Priority: Normal"
"10:33:07.8823792","worldofwarships.exe","4380","ReadFile","V:\Games\World of Warships\res\content\gameplay\usa\misc\AM534ASC006MidBack\AM534ASC006MidBack.model","SUCCESS","Offset: 0, Length: 646, Priority: Normal"
"10:33:07.8824019","worldofwarships.exe","4380","ReadFile","V:\Games\World of Warships\res\content\gameplay\usa\misc\AM534ASC006MidBack\AM534ASC006MidBack.model","SUCCESS","Offset: 0, Length: 646, I/O Flags: Non-cached, Paging I/O, Priority: Normal"
"10:33:07.8910065","worldofwarships.exe","4380","ReadFile","V:\Games\World of Warships\res\content\gameplay\usa\misc\AM534ASC006MidBack\AM534ASC006MidBack.model","SUCCESS","Offset: 0, Length: 646, Priority: Normal"
"10:33:08.0096172","worldofwarships.exe","4380","ReadFile","V:\Games\World of Warships\res\content\gameplay\usa\misc\AM549ASC006MidBack\AM549ASC006MidBack.model","SUCCESS","Offset: 0, Length: 645, Priority: Normal"
"10:33:08.0096389","worldofwarships.exe","4380","ReadFile","V:\Games\World of Warships\res\content\gameplay\usa\misc\AM549ASC006MidBack\AM549ASC006MidBack.model","SUCCESS","Offset: 0, Length: 645, I/O Flags: Non-cached, Paging I/O, Priority: Normal"
"10:33:08.0229144","worldofwarships.exe","4380","ReadFile","V:\Games\World of Warships\res\content\gameplay\usa\misc\AM549ASC006MidBack\AM549ASC006MidBack.model","SUCCESS","Offset: 0, Length: 645, Priority: Normal"
"10:33:08.1784997","worldofwarships.exe","4380","ReadFile","V:\Games\World of Warships\res\content\gameplay\usa\misc\AM130ASC006MidBack\AM130ASC006MidBack.model","SUCCESS","Offset: 0, Length: 682, Priority: Normal"
"10:33:08.1785215","worldofwarships.exe","4380","ReadFile","V:\Games\World of Warships\res\content\gameplay\usa\misc\AM130ASC006MidBack\AM130ASC006MidBack.model","SUCCESS","Offset: 0, Length: 682, I/O Flags: Non-cached, Paging I/O, Priority: Normal"
"10:33:08.1824226","worldofwarships.exe","4380","ReadFile","V:\Games\World of Warships\res\content\gameplay\usa\misc\AM130ASC006MidBack\AM130ASC006MidBack.model","SUCCESS","Offset: 0, Length: 682, Priority: Normal"
"10:33:08.2947276","worldofwarships.exe","4380","ReadFile","V:\Games\World of Warships\res\content\gameplay\usa\misc\AM049ASC006MidBack\AM049ASC006MidBack.model","SUCCESS","Offset: 0, Length: 682, Priority: Normal"
"10:33:08.2947496","worldofwarships.exe","4380","ReadFile","V:\Games\World of Warships\res\content\gameplay\usa\misc\AM049ASC006MidBack\AM049ASC006MidBack.model","SUCCESS","Offset: 0, Length: 682, I/O Flags: Non-cached, Paging I/O, Priority: Normal"
"10:33:08.3001062","worldofwarships.exe","4380","ReadFile","V:\Games\World of Warships\res\content\gameplay\usa\misc\AM049ASC006MidBack\AM049ASC006MidBack.model","SUCCESS","Offset: 0, Length: 682, Priority: Normal"
"10:33:08.3904712","worldofwarships.exe","4380","ReadFile","V:\Games\World of Warships\res\content\gameplay\common\misc\CM004ASC006MidBack\CM004ASC006MidBack.model","SUCCESS","Offset: 0, Length: 688, Priority: Normal"
"10:33:08.3904951","worldofwarships.exe","4380","ReadFile","V:\Games\World of Warships\res\content\gameplay\common\misc\CM004ASC006MidBack\CM004ASC006MidBack.model","SUCCESS","Offset: 0, Length: 688, I/O Flags: Non-cached, Paging I/O, Priority: Normal"
"10:33:08.4213872","worldofwarships.exe","4380","ReadFile","V:\Games\World of Warships\res\content\gameplay\common\misc\CM004ASC006MidBack\CM004ASC006MidBack.model","SUCCESS","Offset: 0, Length: 688, Priority: Normal"
"10:33:08.5496383","worldofwarships.exe","4380","ReadFile","V:\Games\World of Warships\res\content\gameplay\usa\misc\AM028ASC006MidBack\AM028ASC006MidBack.model","SUCCESS","Offset: 0, Length: 591, Priority: Normal"
"10:33:08.5496607","worldofwarships.exe","4380","ReadFile","V:\Games\World of Warships\res\content\gameplay\usa\misc\AM028ASC006MidBack\AM028ASC006MidBack.model","SUCCESS","Offset: 0, Length: 591, I/O Flags: Non-cached, Paging I/O, Priority: Normal"
"10:33:08.5611976","worldofwarships.exe","4380","ReadFile","V:\Games\World of Warships\res\content\gameplay\usa\misc\AM028ASC006MidBack\AM028ASC006MidBack.model","SUCCESS","Offset: 0, Length: 591, Priority: Normal"
"10:33:08.6128658","worldofwarships.exe","4380","ReadFile","V:\Games\World of Warships\res\content\gameplay\usa\misc\AM532ASC006MidBack\AM532ASC006MidBack.model","SUCCESS","Offset: 0, Length: 646, Priority: Normal"
"10:33:08.6128888","worldofwarships.exe","4380","ReadFile","V:\Games\World of Warships\res\content\gameplay\usa\misc\AM532ASC006MidBack\AM532ASC006MidBack.model","SUCCESS","Offset: 0, Length: 646, I/O Flags: Non-cached, Paging I/O, Priority: Normal"
"10:33:08.6210062","worldofwarships.exe","4380","ReadFile","V:\Games\World of Warships\res\content\gameplay\usa\misc\AM532ASC006MidBack\AM532ASC006MidBack.model","SUCCESS","Offset: 0, Length: 646, Priority: Normal"
"10:33:08.7650597","worldofwarships.exe","4380","ReadFile","V:\Games\World of Warships\res\content\gameplay\usa\misc\AM287ASC006MidBack\AM287ASC006MidBack.model","SUCCESS","Offset: 0, Length: 683, Priority: Normal"
"10:33:08.7650814","worldofwarships.exe","4380","ReadFile","V:\Games\World of Warships\res\content\gameplay\usa\misc\AM287ASC006MidBack\AM287ASC006MidBack.model","SUCCESS","Offset: 0, Length: 683, I/O Flags: Non-cached, Paging I/O, Priority: Normal"
"10:33:08.7733260","worldofwarships.exe","4380","ReadFile","V:\Games\World of Warships\res\content\gameplay\usa\misc\AM287ASC006MidBack\AM287ASC006MidBack.model","SUCCESS","Offset: 0, Length: 683, Priority: Normal"
"10:33:08.9146063","worldofwarships.exe","4380","ReadFile","V:\Games\World of Warships\res\content\gameplay\usa\misc\AM442ASC006MidBack\AM442ASC006MidBack.model","SUCCESS","Offset: 0, Length: 645, Priority: Normal"
"10:33:08.9146287","worldofwarships.exe","4380","ReadFile","V:\Games\World of Warships\res\content\gameplay\usa\misc\AM442ASC006MidBack\AM442ASC006MidBack.model","SUCCESS","Offset: 0, Length: 645, I/O Flags: Non-cached, Paging I/O, Priority: Normal"
"10:33:08.9215977","worldofwarships.exe","4380","ReadFile","V:\Games\World of Warships\res\content\gameplay\usa\misc\AM442ASC006MidBack\AM442ASC006MidBack.model","SUCCESS","Offset: 0, Length: 645, Priority: Normal"
"10:33:09.0169871","worldofwarships.exe","4380","ReadFile","V:\Games\World of Warships\res\content\gameplay\usa\misc\AM481ASC006MidBack\AM481ASC006MidBack.model","SUCCESS","Offset: 0, Length: 650, Priority: Normal"
"10:33:09.0170082","worldofwarships.exe","4380","ReadFile","V:\Games\World of Warships\res\content\gameplay\usa\misc\AM481ASC006MidBack\AM481ASC006MidBack.model","SUCCESS","Offset: 0, Length: 650, I/O Flags: Non-cached, Paging I/O, Priority: Normal"
"10:33:09.0246000","worldofwarships.exe","4380","ReadFile","V:\Games\World of Warships\res\content\gameplay\usa\misc\AM481ASC006MidBack\AM481ASC006MidBack.model","SUCCESS","Offset: 0, Length: 650, Priority: Normal"
"10:33:09.1303110","worldofwarships.exe","4380","ReadFile","V:\Games\World of Warships\res\content\gameplay\usa\misc\AM489ASC006MidBack\AM489ASC006MidBack.model","SUCCESS","Offset: 0, Length: 646, Priority: Normal"
"10:33:09.1303340","worldofwarships.exe","4380","ReadFile","V:\Games\World of Warships\res\content\gameplay\usa\misc\AM489ASC006MidBack\AM489ASC006MidBack.model","SUCCESS","Offset: 0, Length: 646, I/O Flags: Non-cached, Paging I/O, Priority: Normal"
"10:33:09.1311316","worldofwarships.exe","4380","ReadFile","V:\Games\World of Warships\res\content\gameplay\usa\misc\AM489ASC006MidBack\AM489ASC006MidBack.model","SUCCESS","Offset: 0, Length: 646, Priority: Normal"
"10:33:09.1732228","worldofwarships.exe","4380","ReadFile","V:\Games\World of Warships\res\content\gameplay\usa\misc\AM293ASC006MidBack\AM293ASC006MidBack.model","SUCCESS","Offset: 0, Length: 682, Priority: Normal"
"10:33:09.1732423","worldofwarships.exe","4380","ReadFile","V:\Games\World of Warships\res\content\gameplay\usa\misc\AM293ASC006MidBack\AM293ASC006MidBack.model","SUCCESS","Offset: 0, Length: 682, I/O Flags: Non-cached, Paging I/O, Priority: Normal"
"10:33:09.1844321","worldofwarships.exe","4380","ReadFile","V:\Games\World of Warships\res\content\gameplay\usa\misc\AM293ASC006MidBack\AM293ASC006MidBack.model","SUCCESS","Offset: 0, Length: 682, Priority: Normal"
"10:33:09.3163751","worldofwarships.exe","4380","ReadFile","V:\Games\World of Warships\res\content\gameplay\usa\misc\AM129ASC006MidBack\AM129ASC006MidBack.model","SUCCESS","Offset: 0, Length: 681, Priority: Normal"
"10:33:09.3163962","worldofwarships.exe","4380","ReadFile","V:\Games\World of Warships\res\content\gameplay\usa\misc\AM129ASC006MidBack\AM129ASC006MidBack.model","SUCCESS","Offset: 0, Length: 681, I/O Flags: Non-cached, Paging I/O, Priority: Normal"
"10:33:09.3218276","worldofwarships.exe","4380","ReadFile","V:\Games\World of Warships\res\content\gameplay\usa\misc\AM129ASC006MidBack\AM129ASC006MidBack.model","SUCCESS","Offset: 0, Length: 681, Priority: Normal"
"10:33:09.4560433","worldofwarships.exe","4380","ReadFile","V:\Games\World of Warships\res\content\gameplay\common\misc\CM012ASC006MidBack\CM012ASC006MidBack.model","SUCCESS","Offset: 0, Length: 688, Priority: Normal"
"10:33:09.4560663","worldofwarships.exe","4380","ReadFile","V:\Games\World of Warships\res\content\gameplay\common\misc\CM012ASC006MidBack\CM012ASC006MidBack.model","SUCCESS","Offset: 0, Length: 688, I/O Flags: Non-cached, Paging I/O, Priority: Normal"
"10:33:09.4660649","worldofwarships.exe","4380","ReadFile","V:\Games\World of Warships\res\content\gameplay\common\misc\CM012ASC006MidBack\CM012ASC006MidBack.model","SUCCESS","Offset: 0, Length: 688, Priority: Normal"
"10:33:09.5482969","worldofwarships.exe","4380","ReadFile","V:\Games\World of Warships\res\content\gameplay\usa\misc\AM537ASC006MidBack\AM537ASC006MidBack.model","SUCCESS","Offset: 0, Length: 646, Priority: Normal"
"10:33:09.5483177","worldofwarships.exe","4380","ReadFile","V:\Games\World of Warships\res\content\gameplay\usa\misc\AM537ASC006MidBack\AM537ASC006MidBack.model","SUCCESS","Offset: 0, Length: 646, I/O Flags: Non-cached, Paging I/O, Priority: Normal"
"10:33:09.5551774","worldofwarships.exe","4380","ReadFile","V:\Games\World of Warships\res\content\gameplay\usa\misc\AM537ASC006MidBack\AM537ASC006MidBack.model","SUCCESS","Offset: 0, Length: 646, Priority: Normal"
"10:33:09.6973758","worldofwarships.exe","4380","ReadFile","V:\Games\World of Warships\res\content\gameplay\usa\misc\AM001ASC006MidBack\AM001ASC006MidBack.model","SUCCESS","Offset: 0, Length: 682, Priority: Normal"
"10:33:09.6973966","worldofwarships.exe","4380","ReadFile","V:\Games\World of Warships\res\content\gameplay\usa\misc\AM001ASC006MidBack\AM001ASC006MidBack.model","SUCCESS","Offset: 0, Length: 682, I/O Flags: Non-cached, Paging I/O, Priority: Normal"
"10:33:09.7072715","worldofwarships.exe","4380","ReadFile","V:\Games\World of Warships\res\content\gameplay\usa\misc\AM001ASC006MidBack\AM001ASC006MidBack.model","SUCCESS","Offset: 0, Length: 682, Priority: Normal"
"10:33:09.7831233","worldofwarships.exe","4380","ReadFile","V:\Games\World of Warships\res\content\gameplay\usa\misc\AM133ASC006MidBack\AM133ASC006MidBack.model","SUCCESS","Offset: 0, Length: 682, Priority: Normal"
"10:33:09.7831454","worldofwarships.exe","4380","ReadFile","V:\Games\World of Warships\res\content\gameplay\usa\misc\AM133ASC006MidBack\AM133ASC006MidBack.model","SUCCESS","Offset: 0, Length: 682, I/O Flags: Non-cached, Paging I/O, Priority: Normal"
"10:33:09.7894434","worldofwarships.exe","4380","ReadFile","V:\Games\World of Warships\res\content\gameplay\usa\misc\AM133ASC006MidBack\AM133ASC006MidBack.model","SUCCESS","Offset: 0, Length: 682, Priority: Normal"
"10:33:09.9414727","worldofwarships.exe","4380","ReadFile","V:\Games\World of Warships\res\content\gameplay\usa\misc\AM538\AM538.model","SUCCESS","Offset: 0, Length: 572, Priority: Normal"
"10:33:09.9414941","worldofwarships.exe","4380","ReadFile","V:\Games\World of Warships\res\content\gameplay\usa\misc\AM538\AM538.model","SUCCESS","Offset: 0, Length: 572, I/O Flags: Non-cached, Paging I/O, Priority: Normal"
"10:33:09.9418384","worldofwarships.exe","4380","ReadFile","V:\Games\World of Warships\res\content\gameplay\usa\misc\AM538\AM538.model","SUCCESS","Offset: 0, Length: 572, Priority: Normal"
"10:33:10.1111506","worldofwarships.exe","4380","ReadFile","V:\Games\World of Warships\res\content\gameplay\usa\misc\AM037ASC006MidBack\AM037ASC006MidBack.model","SUCCESS","Offset: 0, Length: 682, Priority: Normal"
"10:33:10.1111720","worldofwarships.exe","4380","ReadFile","V:\Games\World of Warships\res\content\gameplay\usa\misc\AM037ASC006MidBack\AM037ASC006MidBack.model","SUCCESS","Offset: 0, Length: 682, I/O Flags: Non-cached, Paging I/O, Priority: Normal"
"10:33:10.1146760","worldofwarships.exe","4380","ReadFile","V:\Games\World of Warships\res\content\gameplay\usa\misc\AM037ASC006MidBack\AM037ASC006MidBack.model","SUCCESS","Offset: 0, Length: 682, Priority: Normal"
"10:33:10.2966201","worldofwarships.exe","4380","ReadFile","V:\Games\World of Warships\res\content\gameplay\usa\misc\AM013ASC006MidBack\AM013ASC006MidBack.model","SUCCESS","Offset: 0, Length: 682, Priority: Normal"
"10:33:10.2966402","worldofwarships.exe","4380","ReadFile","V:\Games\World of Warships\res\content\gameplay\usa\misc\AM013ASC006MidBack\AM013ASC006MidBack.model","SUCCESS","Offset: 0, Length: 682, I/O Flags: Non-cached, Paging I/O, Priority: Normal"
"10:33:10.3006203","worldofwarships.exe","4380","ReadFile","V:\Games\World of Warships\res\content\gameplay\usa\misc\AM013ASC006MidBack\AM013ASC006MidBack.model","SUCCESS","Offset: 0, Length: 682, Priority: Normal"
"10:33:10.4798375","worldofwarships.exe","4380","ReadFile","V:\Games\World of Warships\res\content\gameplay\usa\misc\AM006ASC006MidBack\AM006ASC006MidBack.model","SUCCESS","Offset: 0, Length: 682, Priority: Normal"
"10:33:10.4798589","worldofwarships.exe","4380","ReadFile","V:\Games\World of Warships\res\content\gameplay\usa\misc\AM006ASC006MidBack\AM006ASC006MidBack.model","SUCCESS","Offset: 0, Length: 682, I/O Flags: Non-cached, Paging I/O, Priority: Normal"
"10:33:10.4878221","worldofwarships.exe","4380","ReadFile","V:\Games\World of Warships\res\content\gameplay\usa\misc\AM006ASC006MidBack\AM006ASC006MidBack.model","SUCCESS","Offset: 0, Length: 682, Priority: Normal"
"10:33:10.5767329","worldofwarships.exe","4380","ReadFile","V:\Games\World of Warships\res\content\gameplay\usa\misc\AM070\AM070.model","SUCCESS","Offset: 0, Length: 608, Priority: Normal"
"10:33:10.5767540","worldofwarships.exe","4380","ReadFile","V:\Games\World of Warships\res\content\gameplay\usa\misc\AM070\AM070.model","SUCCESS","Offset: 0, Length: 608, I/O Flags: Non-cached, Paging I/O, Priority: Normal"
"10:33:10.5771158","worldofwarships.exe","4380","ReadFile","V:\Games\World of Warships\res\content\gameplay\usa\misc\AM070\AM070.model","SUCCESS","Offset: 0, Length: 608, Priority: Normal"
"10:33:10.6963484","worldofwarships.exe","4380","ReadFile","V:\Games\World of Warships\res\content\gameplay\usa\misc\AM021ASC006MidBack\AM021ASC006MidBack.model","SUCCESS","Offset: 0, Length: 686, Priority: Normal"
"10:33:10.6963691","worldofwarships.exe","4380","ReadFile","V:\Games\World of Warships\res\content\gameplay\usa\misc\AM021ASC006MidBack\AM021ASC006MidBack.model","SUCCESS","Offset: 0, Length: 686, I/O Flags: Non-cached, Paging I/O, Priority: Normal"
"10:33:10.7053141","worldofwarships.exe","4380","ReadFile","V:\Games\World of Warships\res\content\gameplay\usa\misc\AM021ASC006MidBack\AM021ASC006MidBack.model","SUCCESS","Offset: 0, Length: 686, Priority: Normal"
"10:33:10.8322401","worldofwarships.exe","4380","ReadFile","V:\Games\World of Warships\res\content\gameplay\usa\misc\AM435\AM435.model","SUCCESS","Offset: 0, Length: 609, Priority: Normal"
"10:33:10.8322622","worldofwarships.exe","4380","ReadFile","V:\Games\World of Warships\res\content\gameplay\usa\misc\AM435\AM435.model","SUCCESS","Offset: 0, Length: 609, I/O Flags: Non-cached, Paging I/O, Priority: Normal"
"10:33:10.8325371","worldofwarships.exe","4380","ReadFile","V:\Games\World of Warships\res\content\gameplay\usa\misc\AM435\AM435.model","SUCCESS","Offset: 0, Length: 609, Priority: Normal"
"10:33:10.9039622","worldofwarships.exe","4380","ReadFile","V:\Games\World of Warships\res\content\gameplay\usa\misc\AM496ASC006MidBack\AM496ASC006MidBack.model","SUCCESS","Offset: 0, Length: 646, Priority: Normal"
"10:33:10.9039843","worldofwarships.exe","4380","ReadFile","V:\Games\World of Warships\res\content\gameplay\usa\misc\AM496ASC006MidBack\AM496ASC006MidBack.model","SUCCESS","Offset: 0, Length: 646, I/O Flags: Non-cached, Paging I/O, Priority: Normal"
"10:33:10.9130795","worldofwarships.exe","4380","ReadFile","V:\Games\World of Warships\res\content\gameplay\usa\misc\AM496ASC006MidBack\AM496ASC006MidBack.model","SUCCESS","Offset: 0, Length: 646, Priority: Normal"
"10:33:11.1154234","worldofwarships.exe","4380","ReadFile","V:\Games\World of Warships\res\content\gameplay\usa\misc\AM200\AM200.model","SUCCESS","Offset: 0, Length: 608, Priority: Normal"
"10:33:11.1154455","worldofwarships.exe","4380","ReadFile","V:\Games\World of Warships\res\content\gameplay\usa\misc\AM200\AM200.model","SUCCESS","Offset: 0, Length: 608, I/O Flags: Non-cached, Paging I/O, Priority: Normal"
"10:33:11.1156801","worldofwarships.exe","4380","ReadFile","V:\Games\World of Warships\res\content\gameplay\usa\misc\AM200\AM200.model","SUCCESS","Offset: 0, Length: 608, Priority: Normal"
"10:33:11.2066180","worldofwarships.exe","4380","ReadFile","V:\Games\World of Warships\res\content\gameplay\usa\misc\AM173ASC006MidBack\AM173ASC006MidBack.model","SUCCESS","Offset: 0, Length: 682, Priority: Normal"
"10:33:11.2066394","worldofwarships.exe","4380","ReadFile","V:\Games\World of Warships\res\content\gameplay\usa\misc\AM173ASC006MidBack\AM173ASC006MidBack.model","SUCCESS","Offset: 0, Length: 682, I/O Flags: Non-cached, Paging I/O, Priority: Normal"
"10:33:11.2130822","worldofwarships.exe","4380","ReadFile","V:\Games\World of Warships\res\content\gameplay\usa\misc\AM173ASC006MidBack\AM173ASC006MidBack.model","SUCCESS","Offset: 0, Length: 682, Priority: Normal"
"10:33:11.2995308","worldofwarships.exe","4380","ReadFile","V:\Games\World of Warships\res\content\gameplay\usa\misc\AM491\AM491.model","SUCCESS","Offset: 0, Length: 572, Priority: Normal"
"10:33:11.2995516","worldofwarships.exe","4380","ReadFile","V:\Games\World of Warships\res\content\gameplay\usa\misc\AM491\AM491.model","SUCCESS","Offset: 0, Length: 572, I/O Flags: Non-cached, Paging I/O, Priority: Normal"
"10:33:11.2997680","worldofwarships.exe","4380","ReadFile","V:\Games\World of Warships\res\content\gameplay\usa\misc\AM491\AM491.model","SUCCESS","Offset: 0, Length: 572, Priority: Normal"
"10:33:11.4244603","worldofwarships.exe","4380","ReadFile","V:\Games\World of Warships\res\content\gameplay\usa\misc\AM176ASC006MidBack\AM176ASC006MidBack.model","SUCCESS","Offset: 0, Length: 682, Priority: Normal"
"10:33:11.4244827","worldofwarships.exe","4380","ReadFile","V:\Games\World of Warships\res\content\gameplay\usa\misc\AM176ASC006MidBack\AM176ASC006MidBack.model","SUCCESS","Offset: 0, Length: 682, I/O Flags: Non-cached, Paging I/O, Priority: Normal"
"10:33:11.4328811","worldofwarships.exe","4380","ReadFile","V:\Games\World of Warships\res\content\gameplay\usa\misc\AM176ASC006MidBack\AM176ASC006MidBack.model","SUCCESS","Offset: 0, Length: 682, Priority: Normal"
"10:33:11.5762396","worldofwarships.exe","4380","ReadFile","V:\Games\World of Warships\res\content\gameplay\usa\misc\AM490ASC006MidBack\AM490ASC006MidBack.model","SUCCESS","Offset: 0, Length: 650, Priority: Normal"
"10:33:11.5762610","worldofwarships.exe","4380","ReadFile","V:\Games\World of Warships\res\content\gameplay\usa\misc\AM490ASC006MidBack\AM490ASC006MidBack.model","SUCCESS","Offset: 0, Length: 650, I/O Flags: Non-cached, Paging I/O, Priority: Normal"
"10:33:11.5772875","worldofwarships.exe","4380","ReadFile","V:\Games\World of Warships\res\content\gameplay\usa\misc\AM490ASC006MidBack\AM490ASC006MidBack.model","SUCCESS","Offset: 0, Length: 650, Priority: Normal"
"10:33:11.6461136","worldofwarships.exe","4380","ReadFile","V:\Games\World of Warships\res\content\gameplay\usa\misc\AM001ASC006MidFront\AM001ASC006MidFront.model","SUCCESS","Offset: 0, Length: 688, Priority: Normal"
"10:33:11.6461366","worldofwarships.exe","4380","ReadFile","V:\Games\World of Warships\res\content\gameplay\usa\misc\AM001ASC006MidFront\AM001ASC006MidFront.model","SUCCESS","Offset: 0, Length: 688, I/O Flags: Non-cached, Paging I/O, Priority: Normal"
"10:33:11.6593146","worldofwarships.exe","4380","ReadFile","V:\Games\World of Warships\res\content\gameplay\usa\misc\AM001ASC006MidFront\AM001ASC006MidFront.model","SUCCESS","Offset: 0, Length: 688, Priority: Normal"
"10:33:11.7220491","worldofwarships.exe","4380","ReadFile","V:\Games\World of Warships\res\content\gameplay\common\misc\CM011ASC006MidFront\CM011ASC006MidFront.model","SUCCESS","Offset: 0, Length: 657, Priority: Normal"
"10:33:11.7220757","worldofwarships.exe","4380","ReadFile","V:\Games\World of Warships\res\content\gameplay\common\misc\CM011ASC006MidFront\CM011ASC006MidFront.model","SUCCESS","Offset: 0, Length: 657, I/O Flags: Non-cached, Paging I/O, Priority: Normal"
"10:33:11.7372369","worldofwarships.exe","4380","ReadFile","V:\Games\World of Warships\res\content\gameplay\common\misc\CM011ASC006MidFront\CM011ASC006MidFront.model","SUCCESS","Offset: 0, Length: 657, Priority: Normal"
"10:33:11.8635730","worldofwarships.exe","4380","ReadFile","V:\Games\World of Warships\res\content\gameplay\usa\misc\AM108ASC006MidFront\AM108ASC006MidFront.model","SUCCESS","Offset: 0, Length: 687, Priority: Normal"
"10:33:11.8635954","worldofwarships.exe","4380","ReadFile","V:\Games\World of Warships\res\content\gameplay\usa\misc\AM108ASC006MidFront\AM108ASC006MidFront.model","SUCCESS","Offset: 0, Length: 687, I/O Flags: Non-cached, Paging I/O, Priority: Normal"
"10:33:11.8702131","worldofwarships.exe","4380","ReadFile","V:\Games\World of Warships\res\content\gameplay\usa\misc\AM108ASC006MidFront\AM108ASC006MidFront.model","SUCCESS","Offset: 0, Length: 687, Priority: Normal"
"10:33:11.9473366","worldofwarships.exe","4380","ReadFile","V:\Games\World of Warships\res\content\gameplay\usa\misc\AM115\AM115.model","SUCCESS","Offset: 0, Length: 607, Priority: Normal"
"10:33:11.9473577","worldofwarships.exe","4380","ReadFile","V:\Games\World of Warships\res\content\gameplay\usa\misc\AM115\AM115.model","SUCCESS","Offset: 0, Length: 607, I/O Flags: Non-cached, Paging I/O, Priority: Normal"
"10:33:11.9475619","worldofwarships.exe","4380","ReadFile","V:\Games\World of Warships\res\content\gameplay\usa\misc\AM115\AM115.model","SUCCESS","Offset: 0, Length: 607, Priority: Normal"
"10:33:12.0071042","worldofwarships.exe","4380","ReadFile","V:\Games\World of Warships\res\content\gameplay\usa\misc\AM444\AM444.model","SUCCESS","Offset: 0, Length: 572, Priority: Normal"
"10:33:12.0071269","worldofwarships.exe","4380","ReadFile","V:\Games\World of Warships\res\content\gameplay\usa\misc\AM444\AM444.model","SUCCESS","Offset: 0, Length: 572, I/O Flags: Non-cached, Paging I/O, Priority: Normal"
"10:33:12.0073519","worldofwarships.exe","4380","ReadFile","V:\Games\World of Warships\res\content\gameplay\usa\misc\AM444\AM444.model","SUCCESS","Offset: 0, Length: 572, Priority: Normal"
"10:33:12.0858900","worldofwarships.exe","4380","ReadFile","V:\Games\World of Warships\res\content\gameplay\usa\misc\AM489ASC006MidFront\AM489ASC006MidFront.model","SUCCESS","Offset: 0, Length: 652, Priority: Normal"
"10:33:12.0859101","worldofwarships.exe","4380","ReadFile","V:\Games\World of Warships\res\content\gameplay\usa\misc\AM489ASC006MidFront\AM489ASC006MidFront.model","SUCCESS","Offset: 0, Length: 652, I/O Flags: Non-cached, Paging I/O, Priority: Normal"
"10:33:12.0862614","worldofwarships.exe","4380","ReadFile","V:\Games\World of Warships\res\content\gameplay\usa\misc\AM489ASC006MidFront\AM489ASC006MidFront.model","SUCCESS","Offset: 0, Length: 652, Priority: Normal"
"10:33:12.1625611","worldofwarships.exe","4380","ReadFile","V:\Games\World of Warships\res\content\gameplay\usa\misc\AM176ASC006MidFront\AM176ASC006MidFront.model","SUCCESS","Offset: 0, Length: 688, Priority: Normal"
"10:33:12.1625831","worldofwarships.exe","4380","ReadFile","V:\Games\World of Warships\res\content\gameplay\usa\misc\AM176ASC006MidFront\AM176ASC006MidFront.model","SUCCESS","Offset: 0, Length: 688, I/O Flags: Non-cached, Paging I/O, Priority: Normal"
"10:33:12.1706276","worldofwarships.exe","4380","ReadFile","V:\Games\World of Warships\res\content\gameplay\usa\misc\AM176ASC006MidFront\AM176ASC006MidFront.model","SUCCESS","Offset: 0, Length: 688, Priority: Normal"
"10:33:12.2884768","worldofwarships.exe","4380","ReadFile","V:\Games\World of Warships\res\content\gameplay\usa\misc\AM114ASC006MidFront\AM114ASC006MidFront.model","SUCCESS","Offset: 0, Length: 687, Priority: Normal"
"10:33:12.2884995","worldofwarships.exe","4380","ReadFile","V:\Games\World of Warships\res\content\gameplay\usa\misc\AM114ASC006MidFront\AM114ASC006MidFront.model","SUCCESS","Offset: 0, Length: 687, I/O Flags: Non-cached, Paging I/O, Priority: Normal"
"10:33:12.2959309","worldofwarships.exe","4380","ReadFile","V:\Games\World of Warships\res\content\gameplay\usa\misc\AM114ASC006MidFront\AM114ASC006MidFront.model","SUCCESS","Offset: 0, Length: 687, Priority: Normal"
"10:33:12.3951855","worldofwarships.exe","4380","ReadFile","V:\Games\World of Warships\res\content\gameplay\usa\misc\AM133ASC006MidFront\AM133ASC006MidFront.model","SUCCESS","Offset: 0, Length: 688, Priority: Normal"
"10:33:12.3952066","worldofwarships.exe","4380","ReadFile","V:\Games\World of Warships\res\content\gameplay\usa\misc\AM133ASC006MidFront\AM133ASC006MidFront.model","SUCCESS","Offset: 0, Length: 688, I/O Flags: Non-cached, Paging I/O, Priority: Normal"
"10:33:12.3995143","worldofwarships.exe","4380","ReadFile","V:\Games\World of Warships\res\content\gameplay\usa\misc\AM133ASC006MidFront\AM133ASC006MidFront.model","SUCCESS","Offset: 0, Length: 688, Priority: Normal"
"10:33:12.4969692","worldofwarships.exe","4380","ReadFile","V:\Games\World of Warships\res\content\gameplay\usa\misc\AM164ASC006MidFront\AM164ASC006MidFront.model","SUCCESS","Offset: 0, Length: 688, Priority: Normal"
"10:33:12.4969909","worldofwarships.exe","4380","ReadFile","V:\Games\World of Warships\res\content\gameplay\usa\misc\AM164ASC006MidFront\AM164ASC006MidFront.model","SUCCESS","Offset: 0, Length: 688, I/O Flags: Non-cached, Paging I/O, Priority: Normal"
"10:33:12.5050878","worldofwarships.exe","4380","ReadFile","V:\Games\World of Warships\res\content\gameplay\usa\misc\AM164ASC006MidFront\AM164ASC006MidFront.model","SUCCESS","Offset: 0, Length: 688, Priority: Normal"
"10:33:12.5635224","worldofwarships.exe","4380","ReadFile","V:\Games\World of Warships\res\content\gameplay\usa\misc\AM010ASC006MidFront\AM010ASC006MidFront.model","SUCCESS","Offset: 0, Length: 688, Priority: Normal"
"10:33:12.5635447","worldofwarships.exe","4380","ReadFile","V:\Games\World of Warships\res\content\gameplay\usa\misc\AM010ASC006MidFront\AM010ASC006MidFront.model","SUCCESS","Offset: 0, Length: 688, I/O Flags: Non-cached, Paging I/O, Priority: Normal"
"10:33:12.5715217","worldofwarships.exe","4380","ReadFile","V:\Games\World of Warships\res\content\gameplay\usa\misc\AM010ASC006MidFront\AM010ASC006MidFront.model","SUCCESS","Offset: 0, Length: 688, Priority: Normal"
"10:33:12.6470250","worldofwarships.exe","4380","ReadFile","V:\Games\World of Warships\res\content\gameplay\usa\misc\AM050ASC006MidFront\AM050ASC006MidFront.model","SUCCESS","Offset: 0, Length: 688, Priority: Normal"
"10:33:12.6470465","worldofwarships.exe","4380","ReadFile","V:\Games\World of Warships\res\content\gameplay\usa\misc\AM050ASC006MidFront\AM050ASC006MidFront.model","SUCCESS","Offset: 0, Length: 688, I/O Flags: Non-cached, Paging I/O, Priority: Normal"
"10:33:12.6575892","worldofwarships.exe","4380","ReadFile","V:\Games\World of Warships\res\content\gameplay\usa\misc\AM050ASC006MidFront\AM050ASC006MidFront.model","SUCCESS","Offset: 0, Length: 688, Priority: Normal"
"10:33:12.7341347","worldofwarships.exe","4380","ReadFile","V:\Games\World of Warships\res\content\gameplay\usa\misc\AM293ASC006MidFront\AM293ASC006MidFront.model","SUCCESS","Offset: 0, Length: 688, Priority: Normal"
"10:33:12.7341548","worldofwarships.exe","4380","ReadFile","V:\Games\World of Warships\res\content\gameplay\usa\misc\AM293ASC006MidFront\AM293ASC006MidFront.model","SUCCESS","Offset: 0, Length: 688, I/O Flags: Non-cached, Paging I/O, Priority: Normal"
"10:33:12.7420925","worldofwarships.exe","4380","ReadFile","V:\Games\World of Warships\res\content\gameplay\usa\misc\AM293ASC006MidFront\AM293ASC006MidFront.model","SUCCESS","Offset: 0, Length: 688, Priority: Normal"
"10:33:12.8094737","worldofwarships.exe","4380","ReadFile","V:\Games\World of Warships\res\content\gameplay\usa\misc\AM509ASC006MidFront\AM509ASC006MidFront.model","SUCCESS","Offset: 0, Length: 652, Priority: Normal"
"10:33:12.8094951","worldofwarships.exe","4380","ReadFile","V:\Games\World of Warships\res\content\gameplay\usa\misc\AM509ASC006MidFront\AM509ASC006MidFront.model","SUCCESS","Offset: 0, Length: 652, I/O Flags: Non-cached, Paging I/O, Priority: Normal"
"10:33:12.8200778","worldofwarships.exe","4380","ReadFile","V:\Games\World of Warships\res\content\gameplay\usa\misc\AM509ASC006MidFront\AM509ASC006MidFront.model","SUCCESS","Offset: 0, Length: 652, Priority: Normal"
"10:33:12.9649983","worldofwarships.exe","4380","ReadFile","V:\Games\World of Warships\res\content\gameplay\usa\misc\AM537ASC006MidFront\AM537ASC006MidFront.model","SUCCESS","Offset: 0, Length: 652, Priority: Normal"
"10:33:12.9650194","worldofwarships.exe","4380","ReadFile","V:\Games\World of Warships\res\content\gameplay\usa\misc\AM537ASC006MidFront\AM537ASC006MidFront.model","SUCCESS","Offset: 0, Length: 652, I/O Flags: Non-cached, Paging I/O, Priority: Normal"
"10:33:12.9712478","worldofwarships.exe","4380","ReadFile","V:\Games\World of Warships\res\content\gameplay\usa\misc\AM537ASC006MidFront\AM537ASC006MidFront.model","SUCCESS","Offset: 0, Length: 652, Priority: Normal"
"10:33:13.0857672","worldofwarships.exe","4380","ReadFile","V:\Games\World of Warships\res\content\gameplay\usa\misc\AM023\AM023.model","SUCCESS","Offset: 0, Length: 608, Priority: Normal"
"10:33:13.0857899","worldofwarships.exe","4380","ReadFile","V:\Games\World of Warships\res\content\gameplay\usa\misc\AM023\AM023.model","SUCCESS","Offset: 0, Length: 608, I/O Flags: Non-cached, Paging I/O, Priority: Normal"
"10:33:13.0861249","worldofwarships.exe","4380","ReadFile","V:\Games\World of Warships\res\content\gameplay\usa\misc\AM023\AM023.model","SUCCESS","Offset: 0, Length: 608, Priority: Normal"
"10:33:13.1256059","worldofwarships.exe","4380","ReadFile","V:\Games\World of Warships\res\content\gameplay\common\misc\CM012ASC006MidFront\CM012ASC006MidFront.model","SUCCESS","Offset: 0, Length: 694, Priority: Normal"
"10:33:13.1256267","worldofwarships.exe","4380","ReadFile","V:\Games\World of Warships\res\content\gameplay\common\misc\CM012ASC006MidFront\CM012ASC006MidFront.model","SUCCESS","Offset: 0, Length: 694, I/O Flags: Non-cached, Paging I/O, Priority: Normal"
"10:33:13.1397064","worldofwarships.exe","4380","ReadFile","V:\Games\World of Warships\res\content\gameplay\common\misc\CM012ASC006MidFront\CM012ASC006MidFront.model","SUCCESS","Offset: 0, Length: 694, Priority: Normal"
"10:33:13.2290743","worldofwarships.exe","4380","ReadFile","V:\Games\World of Warships\res\content\gameplay\usa\misc\AM485ASC006MidFront\AM485ASC006MidFront.model","SUCCESS","Offset: 0, Length: 652, Priority: Normal"
"10:33:13.2290960","worldofwarships.exe","4380","ReadFile","V:\Games\World of Warships\res\content\gameplay\usa\misc\AM485ASC006MidFront\AM485ASC006MidFront.model","SUCCESS","Offset: 0, Length: 652, I/O Flags: Non-cached, Paging I/O, Priority: Normal"
"10:33:13.2370449","worldofwarships.exe","4380","ReadFile","V:\Games\World of Warships\res\content\gameplay\usa\misc\AM485ASC006MidFront\AM485ASC006MidFront.model","SUCCESS","Offset: 0, Length: 652, Priority: Normal"
"10:33:13.3118823","worldofwarships.exe","4380","ReadFile","V:\Games\World of Warships\res\content\gameplay\usa\misc\AM179\AM179.model","SUCCESS","Offset: 0, Length: 608, Priority: Normal"
"10:33:13.3119044","worldofwarships.exe","4380","ReadFile","V:\Games\World of Warships\res\content\gameplay\usa\misc\AM179\AM179.model","SUCCESS","Offset: 0, Length: 608, I/O Flags: Non-cached, Paging I/O, Priority: Normal"
"10:33:13.3121905","worldofwarships.exe","4380","ReadFile","V:\Games\World of Warships\res\content\gameplay\usa\misc\AM179\AM179.model","SUCCESS","Offset: 0, Length: 608, Priority: Normal"
"10:33:13.4391922","worldofwarships.exe","4380","ReadFile","V:\Games\World of Warships\res\content\gameplay\usa\misc\AM077ASC006MidFront\AM077ASC006MidFront.model","SUCCESS","Offset: 0, Length: 688, Priority: Normal"
"10:33:13.4392155","worldofwarships.exe","4380","ReadFile","V:\Games\World of Warships\res\content\gameplay\usa\misc\AM077ASC006MidFront\AM077ASC006MidFront.model","SUCCESS","Offset: 0, Length: 688, I/O Flags: Non-cached, Paging I/O, Priority: Normal"
"10:33:13.4452035","worldofwarships.exe","4380","ReadFile","V:\Games\World of Warships\res\content\gameplay\usa\misc\AM077ASC006MidFront\AM077ASC006MidFront.model","SUCCESS","Offset: 0, Length: 688, Priority: Normal"
"10:33:13.6498434","worldofwarships.exe","4380","ReadFile","V:\Games\World of Warships\res\content\gameplay\usa\misc\AM442ASC006MidFront\AM442ASC006MidFront.model","SUCCESS","Offset: 0, Length: 651, Priority: Normal"
"10:33:13.6498638","worldofwarships.exe","4380","ReadFile","V:\Games\World of Warships\res\content\gameplay\usa\misc\AM442ASC006MidFront\AM442ASC006MidFront.model","SUCCESS","Offset: 0, Length: 651, I/O Flags: Non-cached, Paging I/O, Priority: Normal"
"10:33:13.6504181","worldofwarships.exe","4380","ReadFile","V:\Games\World of Warships\res\content\gameplay\usa\misc\AM442ASC006MidFront\AM442ASC006MidFront.model","SUCCESS","Offset: 0, Length: 651, Priority: Normal"
"10:33:13.7134698","worldofwarships.exe","4380","ReadFile","V:\Games\World of Warships\res\content\gameplay\usa\misc\AM091ASC006MidFront\AM091ASC006MidFront.model","SUCCESS","Offset: 0, Length: 688, Priority: Normal"
"10:33:13.7134922","worldofwarships.exe","4380","ReadFile","V:\Games\World of Warships\res\content\gameplay\usa\misc\AM091ASC006MidFront\AM091ASC006MidFront.model","SUCCESS","Offset: 0, Length: 688, I/O Flags: Non-cached, Paging I/O, Priority: Normal"
"10:33:13.7242703","worldofwarships.exe","4380","ReadFile","V:\Games\World of Warships\res\content\gameplay\usa\misc\AM091ASC006MidFront\AM091ASC006MidFront.model","SUCCESS","Offset: 0, Length: 688, Priority: Normal"
"10:33:13.9174735","worldofwarships.exe","4380","ReadFile","V:\Games\World of Warships\res\content\gameplay\usa\misc\AM049ASC006MidFront\AM049ASC006MidFront.model","SUCCESS","Offset: 0, Length: 688, Priority: Normal"
"10:33:13.9174943","worldofwarships.exe","4380","ReadFile","V:\Games\World of Warships\res\content\gameplay\usa\misc\AM049ASC006MidFront\AM049ASC006MidFront.model","SUCCESS","Offset: 0, Length: 688, I/O Flags: Non-cached, Paging I/O, Priority: Normal"
"10:33:13.9224877","worldofwarships.exe","4380","ReadFile","V:\Games\World of Warships\res\content\gameplay\usa\misc\AM049ASC006MidFront\AM049ASC006MidFront.model","SUCCESS","Offset: 0, Length: 688, Priority: Normal"
"10:33:14.0183554","worldofwarships.exe","4380","ReadFile","V:\Games\World of Warships\res\content\gameplay\usa\misc\AM129ASC006MidFront\AM129ASC006MidFront.model","SUCCESS","Offset: 0, Length: 687, Priority: Normal"
"10:33:14.0183765","worldofwarships.exe","4380","ReadFile","V:\Games\World of Warships\res\content\gameplay\usa\misc\AM129ASC006MidFront\AM129ASC006MidFront.model","SUCCESS","Offset: 0, Length: 687, I/O Flags: Non-cached, Paging I/O, Priority: Normal"
"10:33:14.0238178","worldofwarships.exe","4380","ReadFile","V:\Games\World of Warships\res\content\gameplay\usa\misc\AM129ASC006MidFront\AM129ASC006MidFront.model","SUCCESS","Offset: 0, Length: 687, Priority: Normal"
"10:33:14.1723187","worldofwarships.exe","4380","ReadFile","V:\Games\World of Warships\res\content\gameplay\usa\misc\AM028ASC006MidFront\AM028ASC006MidFront.model","SUCCESS","Offset: 0, Length: 595, Priority: Normal"
"10:33:14.1723417","worldofwarships.exe","4380","ReadFile","V:\Games\World of Warships\res\content\gameplay\usa\misc\AM028ASC006MidFront\AM028ASC006MidFront.model","SUCCESS","Offset: 0, Length: 595, I/O Flags: Non-cached, Paging I/O, Priority: Normal"
"10:33:14.1838052","worldofwarships.exe","4380","ReadFile","V:\Games\World of Warships\res\content\gameplay\usa\misc\AM028ASC006MidFront\AM028ASC006MidFront.model","SUCCESS","Offset: 0, Length: 595, Priority: Normal"
"10:33:14.2160438","worldofwarships.exe","4380","ReadFile","V:\Games\World of Warships\res\content\gameplay\usa\misc\AM037ASC006MidFront\AM037ASC006MidFront.model","SUCCESS","Offset: 0, Length: 688, Priority: Normal"
"10:33:14.2160629","worldofwarships.exe","4380","ReadFile","V:\Games\World of Warships\res\content\gameplay\usa\misc\AM037ASC006MidFront\AM037ASC006MidFront.model","SUCCESS","Offset: 0, Length: 688, I/O Flags: Non-cached, Paging I/O, Priority: Normal"
"10:33:14.2195443","worldofwarships.exe","4380","ReadFile","V:\Games\World of Warships\res\content\gameplay\usa\misc\AM037ASC006MidFront\AM037ASC006MidFront.model","SUCCESS","Offset: 0, Length: 688, Priority: Normal"
"10:33:14.3193168","worldofwarships.exe","4380","ReadFile","V:\Games\World of Warships\res\content\gameplay\usa\misc\AM483\AM483.model","SUCCESS","Offset: 0, Length: 572, Priority: Normal"
"10:33:14.3193376","worldofwarships.exe","4380","ReadFile","V:\Games\World of Warships\res\content\gameplay\usa\misc\AM483\AM483.model","SUCCESS","Offset: 0, Length: 572, I/O Flags: Non-cached, Paging I/O, Priority: Normal"
"10:33:14.3195962","worldofwarships.exe","4380","ReadFile","V:\Games\World of Warships\res\content\gameplay\usa\misc\AM483\AM483.model","SUCCESS","Offset: 0, Length: 572, Priority: Normal"
"10:33:14.4027955","worldofwarships.exe","4380","ReadFile","V:\Games\World of Warships\res\content\gameplay\usa\misc\AM048\AM048.model","SUCCESS","Offset: 0, Length: 607, Priority: Normal"
"10:33:14.4028169","worldofwarships.exe","4380","ReadFile","V:\Games\World of Warships\res\content\gameplay\usa\misc\AM048\AM048.model","SUCCESS","Offset: 0, Length: 607, I/O Flags: Non-cached, Paging I/O, Priority: Normal"
"10:33:14.4030573","worldofwarships.exe","4380","ReadFile","V:\Games\World of Warships\res\content\gameplay\usa\misc\AM048\AM048.model","SUCCESS","Offset: 0, Length: 607, Priority: Normal"
"10:33:14.4528877","worldofwarships.exe","4380","ReadFile","V:\Games\World of Warships\res\content\gameplay\usa\misc\AM047\AM047.model","SUCCESS","Offset: 0, Length: 607, Priority: Normal"
"10:33:14.4529110","worldofwarships.exe","4380","ReadFile","V:\Games\World of Warships\res\content\gameplay\usa\misc\AM047\AM047.model","SUCCESS","Offset: 0, Length: 607, I/O Flags: Non-cached, Paging I/O, Priority: Normal"
"10:33:14.4532291","worldofwarships.exe","4380","ReadFile","V:\Games\World of Warships\res\content\gameplay\usa\misc\AM047\AM047.model","SUCCESS","Offset: 0, Length: 607, Priority: Normal"
"10:33:14.5024719","worldofwarships.exe","4380","ReadFile","V:\Games\World of Warships\res\content\gameplay\usa\misc\AM018\AM018.model","SUCCESS","Offset: 0, Length: 608, Priority: Normal"
"10:33:14.5024942","worldofwarships.exe","4380","ReadFile","V:\Games\World of Warships\res\content\gameplay\usa\misc\AM018\AM018.model","SUCCESS","Offset: 0, Length: 608, I/O Flags: Non-cached, Paging I/O, Priority: Normal"
"10:33:14.5033750","worldofwarships.exe","4380","ReadFile","V:\Games\World of Warships\res\content\gameplay\usa\misc\AM018\AM018.model","SUCCESS","Offset: 0, Length: 608, Priority: Normal"
"10:33:14.6658754","worldofwarships.exe","4380","ReadFile","V:\Games\World of Warships\res\content\gameplay\usa\misc\AM534ASC006MidFront\AM534ASC006MidFront.model","SUCCESS","Offset: 0, Length: 652, Priority: Normal"
"10:33:14.6658961","worldofwarships.exe","4380","ReadFile","V:\Games\World of Warships\res\content\gameplay\usa\misc\AM534ASC006MidFront\AM534ASC006MidFront.model","SUCCESS","Offset: 0, Length: 652, I/O Flags: Non-cached, Paging I/O, Priority: Normal"
"10:33:14.6746781","worldofwarships.exe","4380","ReadFile","V:\Games\World of Warships\res\content\gameplay\usa\misc\AM534ASC006MidFront\AM534ASC006MidFront.model","SUCCESS","Offset: 0, Length: 652, Priority: Normal"
"10:33:14.7364258","worldofwarships.exe","4380","ReadFile","V:\Games\World of Warships\res\content\gameplay\usa\misc\AM479ASC006MidFront\AM479ASC006MidFront.model","SUCCESS","Offset: 0, Length: 652, Priority: Normal"
"10:33:14.7364460","worldofwarships.exe","4380","ReadFile","V:\Games\World of Warships\res\content\gameplay\usa\misc\AM479ASC006MidFront\AM479ASC006MidFront.model","SUCCESS","Offset: 0, Length: 652, I/O Flags: Non-cached, Paging I/O, Priority: Normal"
"10:33:14.7390108","worldofwarships.exe","4380","ReadFile","V:\Games\World of Warships\res\content\gameplay\usa\misc\AM479ASC006MidFront\AM479ASC006MidFront.model","SUCCESS","Offset: 0, Length: 652, Priority: Normal"
"10:33:14.7910031","worldofwarships.exe","4380","ReadFile","V:\Games\World of Warships\res\content\gameplay\usa\misc\AM532ASC006MidFront\AM532ASC006MidFront.model","SUCCESS","Offset: 0, Length: 652, Priority: Normal"
"10:33:14.7910242","worldofwarships.exe","4380","ReadFile","V:\Games\World of Warships\res\content\gameplay\usa\misc\AM532ASC006MidFront\AM532ASC006MidFront.model","SUCCESS","Offset: 0, Length: 652, I/O Flags: Non-cached, Paging I/O, Priority: Normal"
"10:33:14.7915076","worldofwarships.exe","4380","ReadFile","V:\Games\World of Warships\res\content\gameplay\usa\misc\AM532ASC006MidFront\AM532ASC006MidFront.model","SUCCESS","Offset: 0, Length: 652, Priority: Normal"
"10:33:14.8611406","worldofwarships.exe","4380","ReadFile","V:\Games\World of Warships\res\content\gameplay\usa\misc\AM025ASC006MidFront\AM025ASC006MidFront.model","SUCCESS","Offset: 0, Length: 688, Priority: Normal"
"10:33:14.8611607","worldofwarships.exe","4380","ReadFile","V:\Games\World of Warships\res\content\gameplay\usa\misc\AM025ASC006MidFront\AM025ASC006MidFront.model","SUCCESS","Offset: 0, Length: 688, I/O Flags: Non-cached, Paging I/O, Priority: Normal"
"10:33:14.8690194","worldofwarships.exe","4380","ReadFile","V:\Games\World of Warships\res\content\gameplay\usa\misc\AM025ASC006MidFront\AM025ASC006MidFront.model","SUCCESS","Offset: 0, Length: 688, Priority: Normal"
"10:33:14.9923093","worldofwarships.exe","4380","ReadFile","V:\Games\World of Warships\res\content\gameplay\usa\misc\AM549ASC006MidFront\AM549ASC006MidFront.model","SUCCESS","Offset: 0, Length: 651, Priority: Normal"
"10:33:14.9923308","worldofwarships.exe","4380","ReadFile","V:\Games\World of Warships\res\content\gameplay\usa\misc\AM549ASC006MidFront\AM549ASC006MidFront.model","SUCCESS","Offset: 0, Length: 651, I/O Flags: Non-cached, Paging I/O, Priority: Normal"
"10:33:15.0024273","worldofwarships.exe","4380","ReadFile","V:\Games\World of Warships\res\content\gameplay\usa\misc\AM549ASC006MidFront\AM549ASC006MidFront.model","SUCCESS","Offset: 0, Length: 651, Priority: Normal"
"10:33:15.0897156","worldofwarships.exe","4380","ReadFile","V:\Games\World of Warships\res\content\gameplay\common\misc\CM004ASC006MidFront\CM004ASC006MidFront.model","SUCCESS","Offset: 0, Length: 694, Priority: Normal"
"10:33:15.0897377","worldofwarships.exe","4380","ReadFile","V:\Games\World of Warships\res\content\gameplay\common\misc\CM004ASC006MidFront\CM004ASC006MidFront.model","SUCCESS","Offset: 0, Length: 694, I/O Flags: Non-cached, Paging I/O, Priority: Normal"
"10:33:15.1055146","worldofwarships.exe","4380","ReadFile","V:\Games\World of Warships\res\content\gameplay\common\misc\CM004ASC006MidFront\CM004ASC006MidFront.model","SUCCESS","Offset: 0, Length: 694, Priority: Normal"
"10:33:15.2036890","worldofwarships.exe","4380","ReadFile","V:\Games\World of Warships\res\content\gameplay\usa\misc\AM480ASC006MidFront\AM480ASC006MidFront.model","SUCCESS","Offset: 0, Length: 652, Priority: Normal"
"10:33:15.2037108","worldofwarships.exe","4380","ReadFile","V:\Games\World of Warships\res\content\gameplay\usa\misc\AM480ASC006MidFront\AM480ASC006MidFront.model","SUCCESS","Offset: 0, Length: 652, I/O Flags: Non-cached, Paging I/O, Priority: Normal"
"10:33:15.2111251","worldofwarships.exe","4380","ReadFile","V:\Games\World of Warships\res\content\gameplay\usa\misc\AM480ASC006MidFront\AM480ASC006MidFront.model","SUCCESS","Offset: 0, Length: 652, Priority: Normal"
"10:33:15.3094086","worldofwarships.exe","4380","ReadFile","V:\Games\World of Warships\res\content\gameplay\usa\misc\AM038ASC006MidFront\AM038ASC006MidFront.model","SUCCESS","Offset: 0, Length: 689, Priority: Normal"
"10:33:15.3094304","worldofwarships.exe","4380","ReadFile","V:\Games\World of Warships\res\content\gameplay\usa\misc\AM038ASC006MidFront\AM038ASC006MidFront.model","SUCCESS","Offset: 0, Length: 689, I/O Flags: Non-cached, Paging I/O, Priority: Normal"
"10:33:15.3154615","worldofwarships.exe","4380","ReadFile","V:\Games\World of Warships\res\content\gameplay\usa\misc\AM038ASC006MidFront\AM038ASC006MidFront.model","SUCCESS","Offset: 0, Length: 689, Priority: Normal"
"10:33:15.4313098","worldofwarships.exe","4380","ReadFile","V:\Games\World of Warships\res\content\gameplay\usa\misc\AM020\AM020.model","SUCCESS","Offset: 0, Length: 608, Priority: Normal"
"10:33:15.4313309","worldofwarships.exe","4380","ReadFile","V:\Games\World of Warships\res\content\gameplay\usa\misc\AM020\AM020.model","SUCCESS","Offset: 0, Length: 608, I/O Flags: Non-cached, Paging I/O, Priority: Normal"
"10:33:15.4316973","worldofwarships.exe","4380","ReadFile","V:\Games\World of Warships\res\content\gameplay\usa\misc\AM020\AM020.model","SUCCESS","Offset: 0, Length: 608, Priority: Normal"
"10:33:15.5296054","worldofwarships.exe","4380","ReadFile","V:\Games\World of Warships\res\content\gameplay\usa\misc\AM531ASC006MidFront\AM531ASC006MidFront.model","SUCCESS","Offset: 0, Length: 525, Priority: Normal"
"10:33:15.5296269","worldofwarships.exe","4380","ReadFile","V:\Games\World of Warships\res\content\gameplay\usa\misc\AM531ASC006MidFront\AM531ASC006MidFront.model","SUCCESS","Offset: 0, Length: 525, I/O Flags: Non-cached, Paging I/O, Priority: Normal"
"10:33:15.5299302","worldofwarships.exe","4380","ReadFile","V:\Games\World of Warships\res\content\gameplay\usa\misc\AM531ASC006MidFront\AM531ASC006MidFront.model","SUCCESS","Offset: 0, Length: 525, Priority: Normal"
"10:33:15.7310693","worldofwarships.exe","4380","ReadFile","V:\Games\World of Warships\res\content\gameplay\usa\misc\AM533\AM533.model","SUCCESS","Offset: 0, Length: 572, Priority: Normal"
"10:33:15.7310891","worldofwarships.exe","4380","ReadFile","V:\Games\World of Warships\res\content\gameplay\usa\misc\AM533\AM533.model","SUCCESS","Offset: 0, Length: 572, I/O Flags: Non-cached, Paging I/O, Priority: Normal"
"10:33:15.7313953","worldofwarships.exe","4380","ReadFile","V:\Games\World of Warships\res\content\gameplay\usa\misc\AM533\AM533.model","SUCCESS","Offset: 0, Length: 572, Priority: Normal"
"10:33:15.7935312","worldofwarships.exe","4380","ReadFile","V:\Games\World of Warships\res\content\gameplay\common\misc\CM056\CM056.model","SUCCESS","Offset: 0, Length: 578, Priority: Normal"
"10:33:15.7935516","worldofwarships.exe","4380","ReadFile","V:\Games\World of Warships\res\content\gameplay\common\misc\CM056\CM056.model","SUCCESS","Offset: 0, Length: 578, I/O Flags: Non-cached, Paging I/O, Priority: Normal"
"10:33:15.7938333","worldofwarships.exe","4380","ReadFile","V:\Games\World of Warships\res\content\gameplay\common\misc\CM056\CM056.model","SUCCESS","Offset: 0, Length: 578, Priority: Normal"
"10:33:15.8794832","worldofwarships.exe","4380","ReadFile","V:\Games\World of Warships\res\content\gameplay\usa\misc\AM006\AM006.model","SUCCESS","Offset: 0, Length: 608, Priority: Normal"
"10:33:15.8795056","worldofwarships.exe","4380","ReadFile","V:\Games\World of Warships\res\content\gameplay\usa\misc\AM006\AM006.model","SUCCESS","Offset: 0, Length: 608, I/O Flags: Non-cached, Paging I/O, Priority: Normal"
"10:33:15.8798992","worldofwarships.exe","4380","ReadFile","V:\Games\World of Warships\res\content\gameplay\usa\misc\AM006\AM006.model","SUCCESS","Offset: 0, Length: 608, Priority: Normal"
"10:33:15.9698674","worldofwarships.exe","4380","ReadFile","V:\Games\World of Warships\res\content\gameplay\usa\misc\AM356ASC006MidFront\AM356ASC006MidFront.model","SUCCESS","Offset: 0, Length: 652, Priority: Normal"
"10:33:15.9698888","worldofwarships.exe","4380","ReadFile","V:\Games\World of Warships\res\content\gameplay\usa\misc\AM356ASC006MidFront\AM356ASC006MidFront.model","SUCCESS","Offset: 0, Length: 652, I/O Flags: Non-cached, Paging I/O, Priority: Normal"
"10:33:15.9741387","worldofwarships.exe","4380","ReadFile","V:\Games\World of Warships\res\content\gameplay\usa\misc\AM356ASC006MidFront\AM356ASC006MidFront.model","SUCCESS","Offset: 0, Length: 652, Priority: Normal"
"10:33:16.1402652","worldofwarships.exe","4380","ReadFile","V:\Games\World of Warships\res\content\gameplay\usa\misc\AM433\AM433.model","SUCCESS","Offset: 0, Length: 571, Priority: Normal"
"10:33:16.1402873","worldofwarships.exe","4380","ReadFile","V:\Games\World of Warships\res\content\gameplay\usa\misc\AM433\AM433.model","SUCCESS","Offset: 0, Length: 571, I/O Flags: Non-cached, Paging I/O, Priority: Normal"
"10:33:16.1406402","worldofwarships.exe","4380","ReadFile","V:\Games\World of Warships\res\content\gameplay\usa\misc\AM433\AM433.model","SUCCESS","Offset: 0, Length: 571, Priority: Normal"
"10:33:16.1985789","worldofwarships.exe","4380","ReadFile","V:\Games\World of Warships\res\content\gameplay\usa\misc\AM482ASC006MidFront\AM482ASC006MidFront.model","SUCCESS","Offset: 0, Length: 652, Priority: Normal"
"10:33:16.1986000","worldofwarships.exe","4380","ReadFile","V:\Games\World of Warships\res\content\gameplay\usa\misc\AM482ASC006MidFront\AM482ASC006MidFront.model","SUCCESS","Offset: 0, Length: 652, I/O Flags: Non-cached, Paging I/O, Priority: Normal"
"10:33:16.2061436","worldofwarships.exe","4380","ReadFile","V:\Games\World of Warships\res\content\gameplay\usa\misc\AM482ASC006MidFront\AM482ASC006MidFront.model","SUCCESS","Offset: 0, Length: 652, Priority: Normal"
"10:33:16.3271861","worldofwarships.exe","4380","ReadFile","V:\Games\World of Warships\res\content\gameplay\usa\misc\AM044\AM044.model","SUCCESS","Offset: 0, Length: 607, Priority: Normal"
"10:33:16.3272066","worldofwarships.exe","4380","ReadFile","V:\Games\World of Warships\res\content\gameplay\usa\misc\AM044\AM044.model","SUCCESS","Offset: 0, Length: 607, I/O Flags: Non-cached, Paging I/O, Priority: Normal"
"10:33:16.3274776","worldofwarships.exe","4380","ReadFile","V:\Games\World of Warships\res\content\gameplay\usa\misc\AM044\AM044.model","SUCCESS","Offset: 0, Length: 607, Priority: Normal"
"10:33:16.4894253","worldofwarships.exe","4380","ReadFile","V:\Games\World of Warships\res\content\gameplay\usa\misc\AM096ASC006MidFront\AM096ASC006MidFront.model","SUCCESS","Offset: 0, Length: 688, Priority: Normal"
"10:33:16.4894461","worldofwarships.exe","4380","ReadFile","V:\Games\World of Warships\res\content\gameplay\usa\misc\AM096ASC006MidFront\AM096ASC006MidFront.model","SUCCESS","Offset: 0, Length: 688, I/O Flags: Non-cached, Paging I/O, Priority: Normal"
"10:33:16.5041828","worldofwarships.exe","4380","ReadFile","V:\Games\World of Warships\res\content\gameplay\usa\misc\AM096ASC006MidFront\AM096ASC006MidFront.model","SUCCESS","Offset: 0, Length: 688, Priority: Normal"
"10:33:16.7256986","worldofwarships.exe","4380","ReadFile","V:\Games\World of Warships\res\content\gameplay\usa\misc\AM536\AM536.model","SUCCESS","Offset: 0, Length: 572, Priority: Normal"
"10:33:16.7257200","worldofwarships.exe","4380","ReadFile","V:\Games\World of Warships\res\content\gameplay\usa\misc\AM536\AM536.model","SUCCESS","Offset: 0, Length: 572, I/O Flags: Non-cached, Paging I/O, Priority: Normal"
"10:33:16.7260928","worldofwarships.exe","4380","ReadFile","V:\Games\World of Warships\res\content\gameplay\usa\misc\AM536\AM536.model","SUCCESS","Offset: 0, Length: 572, Priority: Normal"
"10:33:16.8640599","worldofwarships.exe","4380","ReadFile","V:\Games\World of Warships\res\content\gameplay\usa\misc\AM015ASC006Stern\AM015ASC006Stern.model","SUCCESS","Offset: 0, Length: 673, Priority: Normal"
"10:33:16.8640820","worldofwarships.exe","4380","ReadFile","V:\Games\World of Warships\res\content\gameplay\usa\misc\AM015ASC006Stern\AM015ASC006Stern.model","SUCCESS","Offset: 0, Length: 673, I/O Flags: Non-cached, Paging I/O, Priority: Normal"
"10:33:16.8740934","worldofwarships.exe","4380","ReadFile","V:\Games\World of Warships\res\content\gameplay\usa\misc\AM015ASC006Stern\AM015ASC006Stern.model","SUCCESS","Offset: 0, Length: 673, Priority: Normal"
"10:33:16.9676178","worldofwarships.exe","4380","ReadFile","V:\Games\World of Warships\res\content\gameplay\usa\misc\AM191ASC006Stern\AM191ASC006Stern.model","SUCCESS","Offset: 0, Length: 669, Priority: Normal"
"10:33:16.9676395","worldofwarships.exe","4380","ReadFile","V:\Games\World of Warships\res\content\gameplay\usa\misc\AM191ASC006Stern\AM191ASC006Stern.model","SUCCESS","Offset: 0, Length: 669, I/O Flags: Non-cached, Paging I/O, Priority: Normal"
"10:33:16.9782766","worldofwarships.exe","4380","ReadFile","V:\Games\World of Warships\res\content\gameplay\usa\misc\AM191ASC006Stern\AM191ASC006Stern.model","SUCCESS","Offset: 0, Length: 669, Priority: Normal"
"10:33:17.0943810","worldofwarships.exe","4380","ReadFile","V:\Games\World of Warships\res\content\gameplay\usa\misc\AM481ASC006Stern\AM481ASC006Stern.model","SUCCESS","Offset: 0, Length: 638, Priority: Normal"
"10:33:17.0944018","worldofwarships.exe","4380","ReadFile","V:\Games\World of Warships\res\content\gameplay\usa\misc\AM481ASC006Stern\AM481ASC006Stern.model","SUCCESS","Offset: 0, Length: 638, I/O Flags: Non-cached, Paging I/O, Priority: Normal"
"10:33:17.1017196","worldofwarships.exe","4380","ReadFile","V:\Games\World of Warships\res\content\gameplay\usa\misc\AM481ASC006Stern\AM481ASC006Stern.model","SUCCESS","Offset: 0, Length: 638, Priority: Normal"
"10:33:17.1656489","worldofwarships.exe","4380","ReadFile","V:\Games\World of Warships\res\content\gameplay\usa\misc\AM287ASC006Stern\AM287ASC006Stern.model","SUCCESS","Offset: 0, Length: 671, Priority: Normal"
"10:33:17.1656684","worldofwarships.exe","4380","ReadFile","V:\Games\World of Warships\res\content\gameplay\usa\misc\AM287ASC006Stern\AM287ASC006Stern.model","SUCCESS","Offset: 0, Length: 671, I/O Flags: Non-cached, Paging I/O, Priority: Normal"
"10:33:17.1739974","worldofwarships.exe","4380","ReadFile","V:\Games\World of Warships\res\content\gameplay\usa\misc\AM287ASC006Stern\AM287ASC006Stern.model","SUCCESS","Offset: 0, Length: 671, Priority: Normal"
"10:33:17.3192717","worldofwarships.exe","4380","ReadFile","V:\Games\World of Warships\res\content\gameplay\usa\misc\AM024ASC006Stern\AM024ASC006Stern.model","SUCCESS","Offset: 0, Length: 670, Priority: Normal"
"10:33:17.3192938","worldofwarships.exe","4380","ReadFile","V:\Games\World of Warships\res\content\gameplay\usa\misc\AM024ASC006Stern\AM024ASC006Stern.model","SUCCESS","Offset: 0, Length: 670, I/O Flags: Non-cached, Paging I/O, Priority: Normal"
"10:33:17.3287059","worldofwarships.exe","4380","ReadFile","V:\Games\World of Warships\res\content\gameplay\usa\misc\AM024ASC006Stern\AM024ASC006Stern.model","SUCCESS","Offset: 0, Length: 670, Priority: Normal"
"10:33:17.4843686","worldofwarships.exe","4380","ReadFile","V:\Games\World of Warships\res\content\gameplay\usa\misc\AM001ASC006Stern\AM001ASC006Stern.model","SUCCESS","Offset: 0, Length: 670, Priority: Normal"
"10:33:17.4843891","worldofwarships.exe","4380","ReadFile","V:\Games\World of Warships\res\content\gameplay\usa\misc\AM001ASC006Stern\AM001ASC006Stern.model","SUCCESS","Offset: 0, Length: 670, I/O Flags: Non-cached, Paging I/O, Priority: Normal"
"10:33:17.4942327","worldofwarships.exe","4380","ReadFile","V:\Games\World of Warships\res\content\gameplay\usa\misc\AM001ASC006Stern\AM001ASC006Stern.model","SUCCESS","Offset: 0, Length: 670, Priority: Normal"
"10:33:17.5446516","worldofwarships.exe","4380","ReadFile","V:\Games\World of Warships\res\content\gameplay\usa\misc\AM013ASC006Stern\AM013ASC006Stern.model","SUCCESS","Offset: 0, Length: 670, Priority: Normal"
"10:33:17.5446723","worldofwarships.exe","4380","ReadFile","V:\Games\World of Warships\res\content\gameplay\usa\misc\AM013ASC006Stern\AM013ASC006Stern.model","SUCCESS","Offset: 0, Length: 670, I/O Flags: Non-cached, Paging I/O, Priority: Normal"
"10:33:17.5484228","worldofwarships.exe","4380","ReadFile","V:\Games\World of Warships\res\content\gameplay\usa\misc\AM013ASC006Stern\AM013ASC006Stern.model","SUCCESS","Offset: 0, Length: 670, Priority: Normal"
"10:33:17.7113871","worldofwarships.exe","4380","ReadFile","V:\Games\World of Warships\res\content\gameplay\usa\misc\AM021\AM021.model","SUCCESS","Offset: 0, Length: 608, Priority: Normal"
"10:33:17.7114076","worldofwarships.exe","4380","ReadFile","V:\Games\World of Warships\res\content\gameplay\usa\misc\AM021\AM021.model","SUCCESS","Offset: 0, Length: 608, I/O Flags: Non-cached, Paging I/O, Priority: Normal"
"10:33:17.7117695","worldofwarships.exe","4380","ReadFile","V:\Games\World of Warships\res\content\gameplay\usa\misc\AM021\AM021.model","SUCCESS","Offset: 0, Length: 608, Priority: Normal"
"10:33:17.7486728","worldofwarships.exe","4380","ReadFile","V:\Games\World of Warships\res\content\gameplay\usa\misc\AM485ASC006Stern\AM485ASC006Stern.model","SUCCESS","Offset: 0, Length: 634, Priority: Normal"
"10:33:17.7486946","worldofwarships.exe","4380","ReadFile","V:\Games\World of Warships\res\content\gameplay\usa\misc\AM485ASC006Stern\AM485ASC006Stern.model","SUCCESS","Offset: 0, Length: 634, I/O Flags: Non-cached, Paging I/O, Priority: Normal"
"10:33:17.7566882","worldofwarships.exe","4380","ReadFile","V:\Games\World of Warships\res\content\gameplay\usa\misc\AM485ASC006Stern\AM485ASC006Stern.model","SUCCESS","Offset: 0, Length: 634, Priority: Normal"
"10:33:17.8926803","worldofwarships.exe","4380","ReadFile","V:\Games\World of Warships\res\content\gameplay\usa\misc\AM408ASC006Stern\AM408ASC006Stern.model","SUCCESS","Offset: 0, Length: 634, Priority: Normal"
"10:33:17.8927017","worldofwarships.exe","4380","ReadFile","V:\Games\World of Warships\res\content\gameplay\usa\misc\AM408ASC006Stern\AM408ASC006Stern.model","SUCCESS","Offset: 0, Length: 634, I/O Flags: Non-cached, Paging I/O, Priority: Normal"
"10:33:17.8991628","worldofwarships.exe","4380","ReadFile","V:\Games\World of Warships\res\content\gameplay\usa\misc\AM408ASC006Stern\AM408ASC006Stern.model","SUCCESS","Offset: 0, Length: 634, Priority: Normal"
"10:33:18.0451514","worldofwarships.exe","4380","ReadFile","V:\Games\World of Warships\res\content\gameplay\usa\misc\AM028ASC006Stern\AM028ASC006Stern.model","SUCCESS","Offset: 0, Length: 583, Priority: Normal"
"10:33:18.0451728","worldofwarships.exe","4380","ReadFile","V:\Games\World of Warships\res\content\gameplay\usa\misc\AM028ASC006Stern\AM028ASC006Stern.model","SUCCESS","Offset: 0, Length: 583, I/O Flags: Non-cached, Paging I/O, Priority: Normal"
"10:33:18.0455430","worldofwarships.exe","4380","ReadFile","V:\Games\World of Warships\res\content\gameplay\usa\misc\AM028ASC006Stern\AM028ASC006Stern.model","SUCCESS","Offset: 0, Length: 583, Priority: Normal"
"10:33:18.0600223","worldofwarships.exe","4380","ReadFile","V:\Games\World of Warships\res\content\gameplay\usa\misc\AM046\AM046.model","SUCCESS","Offset: 0, Length: 607, Priority: Normal"
"10:33:18.0600418","worldofwarships.exe","4380","ReadFile","V:\Games\World of Warships\res\content\gameplay\usa\misc\AM046\AM046.model","SUCCESS","Offset: 0, Length: 607, I/O Flags: Non-cached, Paging I/O, Priority: Normal"
"10:33:18.0603305","worldofwarships.exe","4380","ReadFile","V:\Games\World of Warships\res\content\gameplay\usa\misc\AM046\AM046.model","SUCCESS","Offset: 0, Length: 607, Priority: Normal"
"10:33:18.1659446","worldofwarships.exe","4380","ReadFile","V:\Games\World of Warships\res\content\gameplay\usa\misc\AM352\AM352.model","SUCCESS","Offset: 0, Length: 572, Priority: Normal"
"10:33:18.1659650","worldofwarships.exe","4380","ReadFile","V:\Games\World of Warships\res\content\gameplay\usa\misc\AM352\AM352.model","SUCCESS","Offset: 0, Length: 572, I/O Flags: Non-cached, Paging I/O, Priority: Normal"
"10:33:18.1662806","worldofwarships.exe","4380","ReadFile","V:\Games\World of Warships\res\content\gameplay\usa\misc\AM352\AM352.model","SUCCESS","Offset: 0, Length: 572, Priority: Normal"
"10:33:18.3057566","worldofwarships.exe","4380","ReadFile","V:\Games\World of Warships\res\content\gameplay\common\misc\CM032\CM032.model","SUCCESS","Offset: 0, Length: 891, Priority: Normal"
"10:33:18.3060309","worldofwarships.exe","4380","ReadFile","V:\Games\World of Warships\res\content\gameplay\common\misc\CM032\CM032.model","SUCCESS","Offset: 0, Length: 891, Priority: Normal"
"10:33:18.3394468","worldofwarships.exe","4380","ReadFile","V:\Games\World of Warships\res\content\gameplay\common\misc\CM001\CM001.model","SUCCESS","Offset: 0, Length: 891, Priority: Normal"
"10:33:18.3396971","worldofwarships.exe","4380","ReadFile","V:\Games\World of Warships\res\content\gameplay\common\misc\CM001\CM001.model","SUCCESS","Offset: 0, Length: 891, Priority: Normal"
"10:33:18.4001080","worldofwarships.exe","4380","ReadFile","V:\Games\World of Warships\res\content\gameplay\usa\misc\AM011ASC006Stern\AM011ASC006Stern.model","SUCCESS","Offset: 0, Length: 670, Priority: Normal"
"10:33:18.4001294","worldofwarships.exe","4380","ReadFile","V:\Games\World of Warships\res\content\gameplay\usa\misc\AM011ASC006Stern\AM011ASC006Stern.model","SUCCESS","Offset: 0, Length: 670, I/O Flags: Non-cached, Paging I/O, Priority: Normal"
"10:33:18.4083065","worldofwarships.exe","4380","ReadFile","V:\Games\World of Warships\res\content\gameplay\usa\misc\AM011ASC006Stern\AM011ASC006Stern.model","SUCCESS","Offset: 0, Length: 670, Priority: Normal"
"10:33:18.5227003","worldofwarships.exe","4380","ReadFile","V:\Games\World of Warships\res\content\gameplay\usa\misc\AM049\AM049.model","SUCCESS","Offset: 0, Length: 608, Priority: Normal"
"10:33:18.5227237","worldofwarships.exe","4380","ReadFile","V:\Games\World of Warships\res\content\gameplay\usa\misc\AM049\AM049.model","SUCCESS","Offset: 0, Length: 608, I/O Flags: Non-cached, Paging I/O, Priority: Normal"
"10:33:18.5230437","worldofwarships.exe","4380","ReadFile","V:\Games\World of Warships\res\content\gameplay\usa\misc\AM049\AM049.model","SUCCESS","Offset: 0, Length: 608, Priority: Normal"
