﻿"Time of Day","Process Name","PID","Operation","Path","Result","Detail"
"10:34:45.0252467","worldofwarships.exe","4380","ReadFile","V:\Games\World of Warships\res\content\gameplay\japan\ship\cruiser\JSC038_Atago_1944\JSC038_Atago_1944.model","SUCCESS","Offset: 0, Length: 581, Priority: Normal"
"10:34:45.0252684","worldofwarships.exe","4380","ReadFile","V:\Games\World of Warships\res\content\gameplay\japan\ship\cruiser\JSC038_Atago_1944\JSC038_Atago_1944.model","SUCCESS","Offset: 0, Length: 581, I/O Flags: Non-cached, Paging I/O, Priority: Normal"
"10:34:45.0406429","worldofwarships.exe","4380","ReadFile","V:\Games\World of Warships\res\content\gameplay\japan\ship\cruiser\JSC038_Atago_1944\JSC038_Atago_1944.model","SUCCESS","Offset: 0, Length: 581, Priority: Normal"
"10:34:45.0410191","worldofwarships.exe","4380","ReadFile","V:\Games\World of Warships\res\content\gameplay\japan\ship\cruiser\JSC038_Atago_1944\JSC038_Atago_1944_Bow.model","SUCCESS","Offset: 0, Length: 590, Priority: Normal"
"10:34:45.0410399","worldofwarships.exe","4380","ReadFile","V:\Games\World of Warships\res\content\gameplay\japan\ship\cruiser\JSC038_Atago_1944\JSC038_Atago_1944_Bow.model","SUCCESS","Offset: 0, Length: 590, I/O Flags: Non-cached, Paging I/O, Priority: Normal"
"10:34:45.0415770","worldofwarships.exe","4380","ReadFile","V:\Games\World of Warships\res\content\gameplay\japan\ship\cruiser\JSC038_Atago_1944\JSC038_Atago_1944_Bow.model","SUCCESS","Offset: 0, Length: 590, Priority: Normal"
"10:34:45.0419043","worldofwarships.exe","4380","ReadFile","V:\Games\World of Warships\res\content\gameplay\japan\ship\cruiser\JSC038_Atago_1944\JSC038_Atago_1944_Bow_ports.model","SUCCESS","Offset: 0, Length: 503, Priority: Normal"
"10:34:45.0419219","worldofwarships.exe","4380","ReadFile","V:\Games\World of Warships\res\content\gameplay\japan\ship\cruiser\JSC038_Atago_1944\JSC038_Atago_1944_Bow_ports.model","SUCCESS","Offset: 0, Length: 503, I/O Flags: Non-cached, Paging I/O, Priority: Normal"
"10:34:45.0421952","worldofwarships.exe","4380","ReadFile","V:\Games\World of Warships\res\content\gameplay\japan\ship\cruiser\JSC038_Atago_1944\JSC038_Atago_1944_Bow_ports.model","SUCCESS","Offset: 0, Length: 503, Priority: Normal"
"10:34:45.0424836","worldofwarships.exe","4380","ReadFile","V:\Games\World of Warships\res\content\gameplay\japan\ship\cruiser\JSC038_Atago_1944\JSC038_Atago_1944_MidBack.model","SUCCESS","Offset: 0, Length: 606, Priority: Normal"
"10:34:45.0425002","worldofwarships.exe","4380","ReadFile","V:\Games\World of Warships\res\content\gameplay\japan\ship\cruiser\JSC038_Atago_1944\JSC038_Atago_1944_MidBack.model","SUCCESS","Offset: 0, Length: 606, I/O Flags: Non-cached, Paging I/O, Priority: Normal"
"10:34:45.0429874","worldofwarships.exe","4380","ReadFile","V:\Games\World of Warships\res\content\gameplay\japan\ship\cruiser\JSC038_Atago_1944\JSC038_Atago_1944_MidBack.model","SUCCESS","Offset: 0, Length: 606, Priority: Normal"
"10:34:45.0433148","worldofwarships.exe","4380","ReadFile","V:\Games\World of Warships\res\content\gameplay\japan\ship\cruiser\JSC038_Atago_1944\JSC038_Atago_1944_MidBack_ports.model","SUCCESS","Offset: 0, Length: 515, Priority: Normal"
"10:34:45.0433324","worldofwarships.exe","4380","ReadFile","V:\Games\World of Warships\res\content\gameplay\japan\ship\cruiser\JSC038_Atago_1944\JSC038_Atago_1944_MidBack_ports.model","SUCCESS","Offset: 0, Length: 515, I/O Flags: Non-cached, Paging I/O, Priority: Normal"
"10:34:45.0435763","worldofwarships.exe","4380","ReadFile","V:\Games\World of Warships\res\content\gameplay\japan\ship\cruiser\JSC038_Atago_1944\JSC038_Atago_1944_MidBack_ports.model","SUCCESS","Offset: 0, Length: 515, Priority: Normal"
"10:34:45.0438748","worldofwarships.exe","4380","ReadFile","V:\Games\World of Warships\res\content\gameplay\japan\ship\cruiser\JSC038_Atago_1944\JSC038_Atago_1944_MidFront.model","SUCCESS","Offset: 0, Length: 610, Priority: Normal"
"10:34:45.0438918","worldofwarships.exe","4380","ReadFile","V:\Games\World of Warships\res\content\gameplay\japan\ship\cruiser\JSC038_Atago_1944\JSC038_Atago_1944_MidFront.model","SUCCESS","Offset: 0, Length: 610, I/O Flags: Non-cached, Paging I/O, Priority: Normal"
"10:34:45.0444225","worldofwarships.exe","4380","ReadFile","V:\Games\World of Warships\res\content\gameplay\japan\ship\cruiser\JSC038_Atago_1944\JSC038_Atago_1944_MidFront.model","SUCCESS","Offset: 0, Length: 610, Priority: Normal"
"10:34:45.0447217","worldofwarships.exe","4380","ReadFile","V:\Games\World of Warships\res\content\gameplay\japan\ship\cruiser\JSC038_Atago_1944\JSC038_Atago_1944_MidFront_ports.model","SUCCESS","Offset: 0, Length: 518, Priority: Normal"
"10:34:45.0447386","worldofwarships.exe","4380","ReadFile","V:\Games\World of Warships\res\content\gameplay\japan\ship\cruiser\JSC038_Atago_1944\JSC038_Atago_1944_MidFront_ports.model","SUCCESS","Offset: 0, Length: 518, I/O Flags: Non-cached, Paging I/O, Priority: Normal"
"10:34:45.0449678","worldofwarships.exe","4380","ReadFile","V:\Games\World of Warships\res\content\gameplay\japan\ship\cruiser\JSC038_Atago_1944\JSC038_Atago_1944_MidFront_ports.model","SUCCESS","Offset: 0, Length: 518, Priority: Normal"
"10:34:45.0452613","worldofwarships.exe","4380","ReadFile","V:\Games\World of Warships\res\content\gameplay\japan\ship\cruiser\JSC038_Atago_1944\JSC038_Atago_1944_Stern.model","SUCCESS","Offset: 0, Length: 598, Priority: Normal"
"10:34:45.0452786","worldofwarships.exe","4380","ReadFile","V:\Games\World of Warships\res\content\gameplay\japan\ship\cruiser\JSC038_Atago_1944\JSC038_Atago_1944_Stern.model","SUCCESS","Offset: 0, Length: 598, I/O Flags: Non-cached, Paging I/O, Priority: Normal"
"10:34:45.0457942","worldofwarships.exe","4380","ReadFile","V:\Games\World of Warships\res\content\gameplay\japan\ship\cruiser\JSC038_Atago_1944\JSC038_Atago_1944_Stern.model","SUCCESS","Offset: 0, Length: 598, Priority: Normal"
"10:34:45.0461085","worldofwarships.exe","4380","ReadFile","V:\Games\World of Warships\res\content\gameplay\japan\ship\cruiser\JSC038_Atago_1944\JSC038_Atago_1944_Stern_ports.model","SUCCESS","Offset: 0, Length: 509, Priority: Normal"
"10:34:45.0461251","worldofwarships.exe","4380","ReadFile","V:\Games\World of Warships\res\content\gameplay\japan\ship\cruiser\JSC038_Atago_1944\JSC038_Atago_1944_Stern_ports.model","SUCCESS","Offset: 0, Length: 509, I/O Flags: Non-cached, Paging I/O, Priority: Normal"
"10:34:45.0463882","worldofwarships.exe","4380","ReadFile","V:\Games\World of Warships\res\content\gameplay\japan\ship\cruiser\JSC038_Atago_1944\JSC038_Atago_1944_Stern_ports.model","SUCCESS","Offset: 0, Length: 509, Priority: Normal"
"10:34:45.0478651","worldofwarships.exe","4380","ReadFile","V:\Games\World of Warships\res\content\gameplay\japan\gun\main\JGM024_203mm50_Type_E_RF\JGM024_203mm50_Type_E_RF.model","SUCCESS","Offset: 0, Length: 738, Priority: Normal"
"10:34:45.0478824","worldofwarships.exe","4380","ReadFile","V:\Games\World of Warships\res\content\gameplay\japan\gun\main\JGM024_203mm50_Type_E_RF\JGM024_203mm50_Type_E_RF.model","SUCCESS","Offset: 0, Length: 738, I/O Flags: Non-cached, Paging I/O, Priority: Normal"
"10:34:45.0527044","worldofwarships.exe","4380","ReadFile","V:\Games\World of Warships\res\content\gameplay\japan\gun\main\JGM024_203mm50_Type_E_RF\JGM024_203mm50_Type_E_RF.model","SUCCESS","Offset: 0, Length: 738, Priority: Normal"
"10:34:45.0534659","worldofwarships.exe","4380","ReadFile","V:\Games\World of Warships\res\content\gameplay\japan\gun\main\JGM025_203mm50_Type_E\JGM025_203mm50_Type_E.model","SUCCESS","Offset: 0, Length: 720, Priority: Normal"
"10:34:45.0534861","worldofwarships.exe","4380","ReadFile","V:\Games\World of Warships\res\content\gameplay\japan\gun\main\JGM025_203mm50_Type_E\JGM025_203mm50_Type_E.model","SUCCESS","Offset: 0, Length: 720, I/O Flags: Non-cached, Paging I/O, Priority: Normal"
"10:34:45.0647296","worldofwarships.exe","4380","ReadFile","V:\Games\World of Warships\res\content\gameplay\japan\gun\main\JGM025_203mm50_Type_E\JGM025_203mm50_Type_E.model","SUCCESS","Offset: 0, Length: 720, Priority: Normal"
"10:34:45.0659274","worldofwarships.exe","4380","ReadFile","V:\Games\World of Warships\res\content\gameplay\japan\gun\secondary\JGS009_127mm40_Type_89\JGS009_127mm40_Type_89.model","SUCCESS","Offset: 0, Length: 732, Priority: Normal"
"10:34:45.0659463","worldofwarships.exe","4380","ReadFile","V:\Games\World of Warships\res\content\gameplay\japan\gun\secondary\JGS009_127mm40_Type_89\JGS009_127mm40_Type_89.model","SUCCESS","Offset: 0, Length: 732, I/O Flags: Non-cached, Paging I/O, Priority: Normal"
"10:34:45.0805893","worldofwarships.exe","4380","ReadFile","V:\Games\World of Warships\res\content\gameplay\japan\gun\secondary\JGS009_127mm40_Type_89\JGS009_127mm40_Type_89.model","SUCCESS","Offset: 0, Length: 732, Priority: Normal"
"10:34:45.0817654","worldofwarships.exe","4380","ReadFile","V:\Games\World of Warships\res\content\gameplay\japan\gun\torpedo\JGT017_610mm4_Type_93L\JGT017_610mm4_Type_93L.model","SUCCESS","Offset: 0, Length: 727, Priority: Normal"
"10:34:45.0817852","worldofwarships.exe","4380","ReadFile","V:\Games\World of Warships\res\content\gameplay\japan\gun\torpedo\JGT017_610mm4_Type_93L\JGT017_610mm4_Type_93L.model","SUCCESS","Offset: 0, Length: 727, I/O Flags: Non-cached, Paging I/O, Priority: Normal"
"10:34:45.0967895","worldofwarships.exe","4380","ReadFile","V:\Games\World of Warships\res\content\gameplay\japan\gun\torpedo\JGT017_610mm4_Type_93L\JGT017_610mm4_Type_93L.model","SUCCESS","Offset: 0, Length: 727, Priority: Normal"
"10:34:45.0975493","worldofwarships.exe","4380","ReadFile","V:\Games\World of Warships\res\content\gameplay\japan\gun\torpedo\JGT023_610mm4_Type_93R\JGT023_610mm4_Type_93R.model","SUCCESS","Offset: 0, Length: 582, Priority: Normal"
"10:34:45.0975698","worldofwarships.exe","4380","ReadFile","V:\Games\World of Warships\res\content\gameplay\japan\gun\torpedo\JGT023_610mm4_Type_93R\JGT023_610mm4_Type_93R.model","SUCCESS","Offset: 0, Length: 582, I/O Flags: Non-cached, Paging I/O, Priority: Normal"
"10:34:45.0980973","worldofwarships.exe","4380","ReadFile","V:\Games\World of Warships\res\content\gameplay\japan\gun\torpedo\JGT023_610mm4_Type_93R\JGT023_610mm4_Type_93R.model","SUCCESS","Offset: 0, Length: 582, Priority: Normal"
"10:34:45.0991676","worldofwarships.exe","4380","ReadFile","V:\Games\World of Warships\res\content\gameplay\japan\gun\aaircraft\JGA018_25mm_Type96_single\JGA018_25mm_Type96_single.model","SUCCESS","Offset: 0, Length: 750, Priority: Normal"
"10:34:45.0991852","worldofwarships.exe","4380","ReadFile","V:\Games\World of Warships\res\content\gameplay\japan\gun\aaircraft\JGA018_25mm_Type96_single\JGA018_25mm_Type96_single.model","SUCCESS","Offset: 0, Length: 750, I/O Flags: Non-cached, Paging I/O, Priority: Normal"
"10:34:45.1046562","worldofwarships.exe","4380","ReadFile","V:\Games\World of Warships\res\content\gameplay\japan\gun\aaircraft\JGA018_25mm_Type96_single\JGA018_25mm_Type96_single.model","SUCCESS","Offset: 0, Length: 750, Priority: Normal"
"10:34:45.1059960","worldofwarships.exe","4380","ReadFile","V:\Games\World of Warships\res\content\gameplay\japan\director\JD008_Director_Type_91\JD008_Director_Type_91.model","SUCCESS","Offset: 0, Length: 723, Priority: Normal"
"10:34:45.1060161","worldofwarships.exe","4380","ReadFile","V:\Games\World of Warships\res\content\gameplay\japan\director\JD008_Director_Type_91\JD008_Director_Type_91.model","SUCCESS","Offset: 0, Length: 723, I/O Flags: Non-cached, Paging I/O, Priority: Normal"
"10:34:45.1140820","worldofwarships.exe","4380","ReadFile","V:\Games\World of Warships\res\content\gameplay\japan\director\JD008_Director_Type_91\JD008_Director_Type_91.model","SUCCESS","Offset: 0, Length: 723, Priority: Normal"
"10:34:45.1148297","worldofwarships.exe","4380","ReadFile","V:\Games\World of Warships\res\content\gameplay\japan\director\JD004_Director_Type_94_1\JD004_Director_Type_94_1.model","SUCCESS","Offset: 0, Length: 734, Priority: Normal"
"10:34:45.1148483","worldofwarships.exe","4380","ReadFile","V:\Games\World of Warships\res\content\gameplay\japan\director\JD004_Director_Type_94_1\JD004_Director_Type_94_1.model","SUCCESS","Offset: 0, Length: 734, I/O Flags: Non-cached, Paging I/O, Priority: Normal"
"10:34:45.1219362","worldofwarships.exe","4380","ReadFile","V:\Games\World of Warships\res\content\gameplay\japan\director\JD004_Director_Type_94_1\JD004_Director_Type_94_1.model","SUCCESS","Offset: 0, Length: 734, Priority: Normal"
"10:34:45.1226779","worldofwarships.exe","4380","ReadFile","V:\Games\World of Warships\res\content\gameplay\japan\director\JD011_Director_Type_95_Mod3\JD011_Director_Type_95_Mod3.model","SUCCESS","Offset: 0, Length: 752, Priority: Normal"
"10:34:45.1226980","worldofwarships.exe","4380","ReadFile","V:\Games\World of Warships\res\content\gameplay\japan\director\JD011_Director_Type_95_Mod3\JD011_Director_Type_95_Mod3.model","SUCCESS","Offset: 0, Length: 752, I/O Flags: Non-cached, Paging I/O, Priority: Normal"
"10:34:45.1296687","worldofwarships.exe","4380","ReadFile","V:\Games\World of Warships\res\content\gameplay\japan\director\JD011_Director_Type_95_Mod3\JD011_Director_Type_95_Mod3.model","SUCCESS","Offset: 0, Length: 752, Priority: Normal"
"10:34:45.1308822","worldofwarships.exe","4380","ReadFile","V:\Games\World of Warships\res\content\gameplay\japan\finder\JF009_Rangefinder_4_5m\JF009_Rangefinder_4_5m.model","SUCCESS","Offset: 0, Length: 719, Priority: Normal"
"10:34:45.1309007","worldofwarships.exe","4380","ReadFile","V:\Games\World of Warships\res\content\gameplay\japan\finder\JF009_Rangefinder_4_5m\JF009_Rangefinder_4_5m.model","SUCCESS","Offset: 0, Length: 719, I/O Flags: Non-cached, Paging I/O, Priority: Normal"
"10:34:45.1412977","worldofwarships.exe","4380","ReadFile","V:\Games\World of Warships\res\content\gameplay\japan\finder\JF009_Rangefinder_4_5m\JF009_Rangefinder_4_5m.model","SUCCESS","Offset: 0, Length: 719, Priority: Normal"
"10:34:45.1420797","worldofwarships.exe","4380","ReadFile","V:\Games\World of Warships\res\content\gameplay\japan\finder\JF012_Rangefinder_1_5m_Fuso\JF012_Rangefinder_1_5m_Fuso.model","SUCCESS","Offset: 0, Length: 748, Priority: Normal"
"10:34:45.1421005","worldofwarships.exe","4380","ReadFile","V:\Games\World of Warships\res\content\gameplay\japan\finder\JF012_Rangefinder_1_5m_Fuso\JF012_Rangefinder_1_5m_Fuso.model","SUCCESS","Offset: 0, Length: 748, I/O Flags: Non-cached, Paging I/O, Priority: Normal"
"10:34:45.1500436","worldofwarships.exe","4380","ReadFile","V:\Games\World of Warships\res\content\gameplay\japan\finder\JF012_Rangefinder_1_5m_Fuso\JF012_Rangefinder_1_5m_Fuso.model","SUCCESS","Offset: 0, Length: 748, Priority: Normal"
"10:34:45.1507060","worldofwarships.exe","4380","ReadFile","V:\Games\World of Warships\res\content\gameplay\japan\finder\JF021_Rangefinder_6m\JF021_Rangefinder_6m.model","SUCCESS","Offset: 0, Length: 707, Priority: Normal"
"10:34:45.1507245","worldofwarships.exe","4380","ReadFile","V:\Games\World of Warships\res\content\gameplay\japan\finder\JF021_Rangefinder_6m\JF021_Rangefinder_6m.model","SUCCESS","Offset: 0, Length: 707, I/O Flags: Non-cached, Paging I/O, Priority: Normal"
"10:34:45.1649247","worldofwarships.exe","4380","ReadFile","V:\Games\World of Warships\res\content\gameplay\japan\finder\JF021_Rangefinder_6m\JF021_Rangefinder_6m.model","SUCCESS","Offset: 0, Length: 707, Priority: Normal"
"10:34:45.1659816","worldofwarships.exe","4380","ReadFile","V:\Games\World of Warships\res\content\gameplay\japan\catapult\JC001_Catapult_Shiki2\JC001_Catapult_Shiki2.model","SUCCESS","Offset: 0, Length: 716, Priority: Normal"
"10:34:45.1660018","worldofwarships.exe","4380","ReadFile","V:\Games\World of Warships\res\content\gameplay\japan\catapult\JC001_Catapult_Shiki2\JC001_Catapult_Shiki2.model","SUCCESS","Offset: 0, Length: 716, I/O Flags: Non-cached, Paging I/O, Priority: Normal"
"10:34:45.1664742","worldofwarships.exe","4380","ReadFile","V:\Games\World of Warships\res\content\gameplay\japan\catapult\JC001_Catapult_Shiki2\JC001_Catapult_Shiki2.model","SUCCESS","Offset: 0, Length: 716, Priority: Normal"
"10:34:45.1798599","worldofwarships.exe","4380","ReadFile","V:\Games\World of Warships\res\content\gameplay\japan\projectile\torpedo\JPT002_Sea_Torpedo_Type90\JPT002_Sea_Torpedo_Type90.model","SUCCESS","Offset: 0, Length: 727, Priority: Normal"
"10:34:45.1798807","worldofwarships.exe","4380","ReadFile","V:\Games\World of Warships\res\content\gameplay\japan\projectile\torpedo\JPT002_Sea_Torpedo_Type90\JPT002_Sea_Torpedo_Type90.model","SUCCESS","Offset: 0, Length: 727, I/O Flags: Non-cached, Paging I/O, Priority: Normal"
"10:34:45.1894430","worldofwarships.exe","4380","ReadFile","V:\Games\World of Warships\res\content\gameplay\japan\projectile\torpedo\JPT002_Sea_Torpedo_Type90\JPT002_Sea_Torpedo_Type90.model","SUCCESS","Offset: 0, Length: 727, Priority: Normal"
"10:34:45.2027443","worldofwarships.exe","4380","ReadFile","V:\Games\World of Warships\res\content\gameplay\japan\aircraft\fighter\JAF017_Mitsubishi_A6M2_N\JAF017_Mitsubishi_A6M2_N.model","SUCCESS","Offset: 0, Length: 1 013, Priority: Normal"
"10:34:45.2027712","worldofwarships.exe","4380","ReadFile","V:\Games\World of Warships\res\content\gameplay\japan\aircraft\fighter\JAF017_Mitsubishi_A6M2_N\JAF017_Mitsubishi_A6M2_N.model","SUCCESS","Offset: 0, Length: 1 013, I/O Flags: Non-cached, Paging I/O, Priority: Normal"
"10:34:45.2165341","worldofwarships.exe","4380","ReadFile","V:\Games\World of Warships\res\content\gameplay\japan\aircraft\fighter\JAF017_Mitsubishi_A6M2_N\JAF017_Mitsubishi_A6M2_N.model","SUCCESS","Offset: 0, Length: 1 013, Priority: Normal"
"10:34:47.7006845","worldofwarships.exe","4380","ReadFile","V:\Games\World of Warships\res\content\gameplay\japan\misc\JM015\JM015.model","SUCCESS","Offset: 0, Length: 612, Priority: Normal"
"10:34:47.7007097","worldofwarships.exe","4380","ReadFile","V:\Games\World of Warships\res\content\gameplay\japan\misc\JM015\JM015.model","SUCCESS","Offset: 0, Length: 612, I/O Flags: Non-cached, Paging I/O, Priority: Normal"
"10:34:47.7009284","worldofwarships.exe","4380","ReadFile","V:\Games\World of Warships\res\content\gameplay\japan\misc\JM015\JM015.model","SUCCESS","Offset: 0, Length: 612, Priority: Normal"
"10:34:47.8892565","worldofwarships.exe","4380","ReadFile","V:\Games\World of Warships\res\content\gameplay\japan\misc\JM019\JM019.model","SUCCESS","Offset: 0, Length: 612, Priority: Normal"
"10:34:47.8892827","worldofwarships.exe","4380","ReadFile","V:\Games\World of Warships\res\content\gameplay\japan\misc\JM019\JM019.model","SUCCESS","Offset: 0, Length: 612, I/O Flags: Non-cached, Paging I/O, Priority: Normal"
"10:34:47.8896267","worldofwarships.exe","4380","ReadFile","V:\Games\World of Warships\res\content\gameplay\japan\misc\JM019\JM019.model","SUCCESS","Offset: 0, Length: 612, Priority: Normal"
"10:34:48.0393578","worldofwarships.exe","4380","ReadFile","V:\Games\World of Warships\res\content\gameplay\japan\misc\JM063\JM063.model","SUCCESS","Offset: 0, Length: 574, Priority: Normal"
"10:34:48.0393865","worldofwarships.exe","4380","ReadFile","V:\Games\World of Warships\res\content\gameplay\japan\misc\JM063\JM063.model","SUCCESS","Offset: 0, Length: 574, I/O Flags: Non-cached, Paging I/O, Priority: Normal"
"10:34:48.0399524","worldofwarships.exe","4380","ReadFile","V:\Games\World of Warships\res\content\gameplay\japan\misc\JM063\JM063.model","SUCCESS","Offset: 0, Length: 574, Priority: Normal"
"10:34:48.1559634","worldofwarships.exe","4380","ReadFile","V:\Games\World of Warships\res\content\gameplay\japan\misc\JM026\JM026.model","SUCCESS","Offset: 0, Length: 575, Priority: Normal"
"10:34:48.1559903","worldofwarships.exe","4380","ReadFile","V:\Games\World of Warships\res\content\gameplay\japan\misc\JM026\JM026.model","SUCCESS","Offset: 0, Length: 575, I/O Flags: Non-cached, Paging I/O, Priority: Normal"
"10:34:48.1561680","worldofwarships.exe","4380","ReadFile","V:\Games\World of Warships\res\content\gameplay\japan\misc\JM026\JM026.model","SUCCESS","Offset: 0, Length: 575, Priority: Normal"
"10:34:48.2726944","worldofwarships.exe","4380","ReadFile","V:\Games\World of Warships\res\content\gameplay\japan\misc\JM059\JM059.model","SUCCESS","Offset: 0, Length: 614, Priority: Normal"
"10:34:48.2727219","worldofwarships.exe","4380","ReadFile","V:\Games\World of Warships\res\content\gameplay\japan\misc\JM059\JM059.model","SUCCESS","Offset: 0, Length: 614, I/O Flags: Non-cached, Paging I/O, Priority: Normal"
"10:34:48.2802252","worldofwarships.exe","4380","ReadFile","V:\Games\World of Warships\res\content\gameplay\japan\misc\JM059\JM059.model","SUCCESS","Offset: 0, Length: 614, Priority: Normal"
"10:34:48.3562726","worldofwarships.exe","4380","ReadFile","V:\Games\World of Warships\res\content\gameplay\japan\misc\JM118\JM118.model","SUCCESS","Offset: 0, Length: 612, Priority: Normal"
"10:34:48.3562962","worldofwarships.exe","4380","ReadFile","V:\Games\World of Warships\res\content\gameplay\japan\misc\JM118\JM118.model","SUCCESS","Offset: 0, Length: 612, I/O Flags: Non-cached, Paging I/O, Priority: Normal"
"10:34:48.3565325","worldofwarships.exe","4380","ReadFile","V:\Games\World of Warships\res\content\gameplay\japan\misc\JM118\JM118.model","SUCCESS","Offset: 0, Length: 612, Priority: Normal"
"10:34:48.5700854","worldofwarships.exe","4380","ReadFile","V:\Games\World of Warships\res\content\gameplay\japan\radar\search\JRS067_Radar_Type21_Stand_1\JRS067_Radar_Type21_Stand_1.model","SUCCESS","Offset: 0, Length: 759, Priority: Normal"
"10:34:48.5701068","worldofwarships.exe","4380","ReadFile","V:\Games\World of Warships\res\content\gameplay\japan\radar\search\JRS067_Radar_Type21_Stand_1\JRS067_Radar_Type21_Stand_1.model","SUCCESS","Offset: 0, Length: 759, I/O Flags: Non-cached, Paging I/O, Priority: Normal"
"10:34:48.5790448","worldofwarships.exe","4380","ReadFile","V:\Games\World of Warships\res\content\gameplay\japan\radar\search\JRS067_Radar_Type21_Stand_1\JRS067_Radar_Type21_Stand_1.model","SUCCESS","Offset: 0, Length: 759, Priority: Normal"
"10:34:48.8890161","worldofwarships.exe","4380","ReadFile","V:\Games\World of Warships\res\content\gameplay\japan\radar\search\JRS007_Radar_Type_22\JRS007_Radar_Type_22.model","SUCCESS","Offset: 0, Length: 1 021, Priority: Normal"
"10:34:48.8890433","worldofwarships.exe","4380","ReadFile","V:\Games\World of Warships\res\content\gameplay\japan\radar\search\JRS007_Radar_Type_22\JRS007_Radar_Type_22.model","SUCCESS","Offset: 0, Length: 1 021, I/O Flags: Non-cached, Paging I/O, Priority: Normal"
"10:34:48.8894291","worldofwarships.exe","4380","ReadFile","V:\Games\World of Warships\res\content\gameplay\japan\radar\search\JRS007_Radar_Type_22\JRS007_Radar_Type_22.model","SUCCESS","Offset: 0, Length: 1 021, Priority: Normal"
"10:34:49.0505341","worldofwarships.exe","4380","ReadFile","V:\Games\World of Warships\res\content\gameplay\japan\radar\search\JRS010_Radar_Type_13\JRS010_Radar_Type_13.model","SUCCESS","Offset: 0, Length: 999, Priority: Normal"
"10:34:49.0505501","worldofwarships.exe","4380","ReadFile","V:\Games\World of Warships\res\content\gameplay\japan\radar\search\JRS010_Radar_Type_13\JRS010_Radar_Type_13.model","SUCCESS","Offset: 0, Length: 999, I/O Flags: Non-cached, Paging I/O, Priority: Normal"
"10:34:49.0509782","worldofwarships.exe","4380","ReadFile","V:\Games\World of Warships\res\content\gameplay\japan\radar\search\JRS010_Radar_Type_13\JRS010_Radar_Type_13.model","SUCCESS","Offset: 0, Length: 999, Priority: Normal"
"10:34:49.1600937","worldofwarships.exe","4380","ReadFile","V:\Games\World of Warships\res\content\gameplay\japan\finder\JF012_Rangefinder_1_5m_Fuso\JF012_Rangefinder_1_5m_Fuso.model","SUCCESS","Offset: 0, Length: 748, Priority: Normal"
"10:34:49.1603332","worldofwarships.exe","4380","ReadFile","V:\Games\World of Warships\res\content\gameplay\japan\finder\JF012_Rangefinder_1_5m_Fuso\JF012_Rangefinder_1_5m_Fuso.model","SUCCESS","Offset: 0, Length: 748, Priority: Normal"
"10:34:49.2581448","worldofwarships.exe","4380","ReadFile","V:\Games\World of Warships\res\content\gameplay\japan\finder\JF009_Rangefinder_4_5m\JF009_Rangefinder_4_5m.model","SUCCESS","Offset: 0, Length: 719, Priority: Normal"
"10:34:49.2583021","worldofwarships.exe","4380","ReadFile","V:\Games\World of Warships\res\content\gameplay\japan\finder\JF009_Rangefinder_4_5m\JF009_Rangefinder_4_5m.model","SUCCESS","Offset: 0, Length: 719, Priority: Normal"
"10:34:49.3892493","worldofwarships.exe","4380","ReadFile","V:\Games\World of Warships\res\content\gameplay\japan\finder\JF021_Rangefinder_6m\JF021_Rangefinder_6m.model","SUCCESS","Offset: 0, Length: 707, Priority: Normal"
"10:34:49.3894558","worldofwarships.exe","4380","ReadFile","V:\Games\World of Warships\res\content\gameplay\japan\finder\JF021_Rangefinder_6m\JF021_Rangefinder_6m.model","SUCCESS","Offset: 0, Length: 707, Priority: Normal"
"10:34:49.4593877","worldofwarships.exe","4380","ReadFile","V:\Games\World of Warships\res\content\gameplay\japan\director\JD008_Director_Type_91\JD008_Director_Type_91.model","SUCCESS","Offset: 0, Length: 723, Priority: Normal"
"10:34:49.4601338","worldofwarships.exe","4380","ReadFile","V:\Games\World of Warships\res\content\gameplay\japan\director\JD008_Director_Type_91\JD008_Director_Type_91.model","SUCCESS","Offset: 0, Length: 723, Priority: Normal"
"10:34:49.6063129","worldofwarships.exe","4380","ReadFile","V:\Games\World of Warships\res\content\gameplay\japan\director\JD004_Director_Type_94_1\JD004_Director_Type_94_1.model","SUCCESS","Offset: 0, Length: 734, Priority: Normal"
"10:34:49.6065425","worldofwarships.exe","4380","ReadFile","V:\Games\World of Warships\res\content\gameplay\japan\director\JD004_Director_Type_94_1\JD004_Director_Type_94_1.model","SUCCESS","Offset: 0, Length: 734, Priority: Normal"
"10:34:49.7228962","worldofwarships.exe","4380","ReadFile","V:\Games\World of Warships\res\content\gameplay\japan\director\JD011_Director_Type_95_Mod3\JD011_Director_Type_95_Mod3.model","SUCCESS","Offset: 0, Length: 752, Priority: Normal"
"10:34:49.7231785","worldofwarships.exe","4380","ReadFile","V:\Games\World of Warships\res\content\gameplay\japan\director\JD011_Director_Type_95_Mod3\JD011_Director_Type_95_Mod3.model","SUCCESS","Offset: 0, Length: 752, Priority: Normal"
"10:34:49.9757057","worldofwarships.exe","4380","ReadFile","V:\Games\World of Warships\res\content\gameplay\common\misc\CM087\CM087.model","SUCCESS","Offset: 0, Length: 578, Priority: Normal"
"10:34:49.9757277","worldofwarships.exe","4380","ReadFile","V:\Games\World of Warships\res\content\gameplay\common\misc\CM087\CM087.model","SUCCESS","Offset: 0, Length: 578, I/O Flags: Non-cached, Paging I/O, Priority: Normal"
"10:34:49.9759710","worldofwarships.exe","4380","ReadFile","V:\Games\World of Warships\res\content\gameplay\common\misc\CM087\CM087.model","SUCCESS","Offset: 0, Length: 578, Priority: Normal"
"10:34:50.1725827","worldofwarships.exe","4380","ReadFile","V:\Games\World of Warships\res\content\gameplay\common\misc\CM086\CM086.model","SUCCESS","Offset: 0, Length: 578, Priority: Normal"
"10:34:50.1726061","worldofwarships.exe","4380","ReadFile","V:\Games\World of Warships\res\content\gameplay\common\misc\CM086\CM086.model","SUCCESS","Offset: 0, Length: 578, I/O Flags: Non-cached, Paging I/O, Priority: Normal"
"10:34:50.1728618","worldofwarships.exe","4380","ReadFile","V:\Games\World of Warships\res\content\gameplay\common\misc\CM086\CM086.model","SUCCESS","Offset: 0, Length: 578, Priority: Normal"
"10:34:50.1960425","worldofwarships.exe","4380","ReadFile","V:\Games\World of Warships\res\content\gameplay\japan\misc\JM017\JM017.model","SUCCESS","Offset: 0, Length: 611, Priority: Normal"
"10:34:50.1960844","worldofwarships.exe","4380","ReadFile","V:\Games\World of Warships\res\content\gameplay\japan\misc\JM017\JM017.model","SUCCESS","Offset: 0, Length: 611, I/O Flags: Non-cached, Paging I/O, Priority: Normal"
"10:34:50.1963983","worldofwarships.exe","4380","ReadFile","V:\Games\World of Warships\res\content\gameplay\japan\misc\JM017\JM017.model","SUCCESS","Offset: 0, Length: 611, Priority: Normal"
"10:34:50.2927113","worldofwarships.exe","4380","ReadFile","V:\Games\World of Warships\res\content\gameplay\japan\misc\JM014\JM014.model","SUCCESS","Offset: 0, Length: 612, Priority: Normal"
"10:34:50.2927330","worldofwarships.exe","4380","ReadFile","V:\Games\World of Warships\res\content\gameplay\japan\misc\JM014\JM014.model","SUCCESS","Offset: 0, Length: 612, I/O Flags: Non-cached, Paging I/O, Priority: Normal"
"10:34:50.2934881","worldofwarships.exe","4380","ReadFile","V:\Games\World of Warships\res\content\gameplay\japan\misc\JM014\JM014.model","SUCCESS","Offset: 0, Length: 612, Priority: Normal"
"10:34:50.4061067","worldofwarships.exe","4380","ReadFile","V:\Games\World of Warships\res\content\gameplay\japan\misc\JM058\JM058.model","SUCCESS","Offset: 0, Length: 613, Priority: Normal"
"10:34:50.4061304","worldofwarships.exe","4380","ReadFile","V:\Games\World of Warships\res\content\gameplay\japan\misc\JM058\JM058.model","SUCCESS","Offset: 0, Length: 613, I/O Flags: Non-cached, Paging I/O, Priority: Normal"
"10:34:50.4063948","worldofwarships.exe","4380","ReadFile","V:\Games\World of Warships\res\content\gameplay\japan\misc\JM058\JM058.model","SUCCESS","Offset: 0, Length: 613, Priority: Normal"
"10:34:50.5910242","worldofwarships.exe","4380","ReadFile","V:\Games\World of Warships\res\content\gameplay\japan\misc\JM079\JM079.model","SUCCESS","Offset: 0, Length: 429, Priority: Normal"
"10:34:50.5910469","worldofwarships.exe","4380","ReadFile","V:\Games\World of Warships\res\content\gameplay\japan\misc\JM079\JM079.model","SUCCESS","Offset: 0, Length: 429, I/O Flags: Non-cached, Paging I/O, Priority: Normal"
"10:34:50.5913550","worldofwarships.exe","4380","ReadFile","V:\Games\World of Warships\res\content\gameplay\japan\misc\JM079\JM079.model","SUCCESS","Offset: 0, Length: 429, Priority: Normal"
"10:34:50.7230164","worldofwarships.exe","4380","ReadFile","V:\Games\World of Warships\res\content\gameplay\japan\misc\JM033\JM033.model","SUCCESS","Offset: 0, Length: 612, Priority: Normal"
"10:34:50.7230395","worldofwarships.exe","4380","ReadFile","V:\Games\World of Warships\res\content\gameplay\japan\misc\JM033\JM033.model","SUCCESS","Offset: 0, Length: 612, I/O Flags: Non-cached, Paging I/O, Priority: Normal"
"10:34:50.7237453","worldofwarships.exe","4380","ReadFile","V:\Games\World of Warships\res\content\gameplay\japan\misc\JM033\JM033.model","SUCCESS","Offset: 0, Length: 612, Priority: Normal"
"10:34:50.8229501","worldofwarships.exe","4380","ReadFile","V:\Games\World of Warships\res\content\gameplay\japan\misc\JM062\JM062.model","SUCCESS","Offset: 0, Length: 612, Priority: Normal"
"10:34:50.8229728","worldofwarships.exe","4380","ReadFile","V:\Games\World of Warships\res\content\gameplay\japan\misc\JM062\JM062.model","SUCCESS","Offset: 0, Length: 612, I/O Flags: Non-cached, Paging I/O, Priority: Normal"
"10:34:50.8233209","worldofwarships.exe","4380","ReadFile","V:\Games\World of Warships\res\content\gameplay\japan\misc\JM062\JM062.model","SUCCESS","Offset: 0, Length: 612, Priority: Normal"
"10:34:50.9898398","worldofwarships.exe","4380","ReadFile","V:\Games\World of Warships\res\content\gameplay\japan\misc\JM125\JM125.model","SUCCESS","Offset: 0, Length: 611, Priority: Normal"
"10:34:50.9898624","worldofwarships.exe","4380","ReadFile","V:\Games\World of Warships\res\content\gameplay\japan\misc\JM125\JM125.model","SUCCESS","Offset: 0, Length: 611, I/O Flags: Non-cached, Paging I/O, Priority: Normal"
"10:34:50.9901297","worldofwarships.exe","4380","ReadFile","V:\Games\World of Warships\res\content\gameplay\japan\misc\JM125\JM125.model","SUCCESS","Offset: 0, Length: 611, Priority: Normal"
"10:34:51.1731626","worldofwarships.exe","4380","ReadFile","V:\Games\World of Warships\res\content\gameplay\japan\misc\JM061\JM061.model","SUCCESS","Offset: 0, Length: 612, Priority: Normal"
"10:34:51.1731850","worldofwarships.exe","4380","ReadFile","V:\Games\World of Warships\res\content\gameplay\japan\misc\JM061\JM061.model","SUCCESS","Offset: 0, Length: 612, I/O Flags: Non-cached, Paging I/O, Priority: Normal"
"10:34:51.1735948","worldofwarships.exe","4380","ReadFile","V:\Games\World of Warships\res\content\gameplay\japan\misc\JM061\JM061.model","SUCCESS","Offset: 0, Length: 612, Priority: Normal"
"10:34:51.2564633","worldofwarships.exe","4380","ReadFile","V:\Games\World of Warships\res\content\gameplay\japan\misc\JM027\JM027.model","SUCCESS","Offset: 0, Length: 612, Priority: Normal"
"10:34:51.2564856","worldofwarships.exe","4380","ReadFile","V:\Games\World of Warships\res\content\gameplay\japan\misc\JM027\JM027.model","SUCCESS","Offset: 0, Length: 612, I/O Flags: Non-cached, Paging I/O, Priority: Normal"
"10:34:51.2567471","worldofwarships.exe","4380","ReadFile","V:\Games\World of Warships\res\content\gameplay\japan\misc\JM027\JM027.model","SUCCESS","Offset: 0, Length: 612, Priority: Normal"
"10:34:51.4062720","worldofwarships.exe","4380","ReadFile","V:\Games\World of Warships\res\content\gameplay\japan\misc\JM029\JM029.model","SUCCESS","Offset: 0, Length: 576, Priority: Normal"
"10:34:51.4062947","worldofwarships.exe","4380","ReadFile","V:\Games\World of Warships\res\content\gameplay\japan\misc\JM029\JM029.model","SUCCESS","Offset: 0, Length: 576, I/O Flags: Non-cached, Paging I/O, Priority: Normal"
"10:34:51.4065469","worldofwarships.exe","4380","ReadFile","V:\Games\World of Warships\res\content\gameplay\japan\misc\JM029\JM029.model","SUCCESS","Offset: 0, Length: 576, Priority: Normal"
"10:34:51.4824179","worldofwarships.exe","4380","ReadFile","V:\Games\World of Warships\res\content\gameplay\japan\misc\JM307\JM307.model","SUCCESS","Offset: 0, Length: 451, Priority: Normal"
"10:34:51.4824399","worldofwarships.exe","4380","ReadFile","V:\Games\World of Warships\res\content\gameplay\japan\misc\JM307\JM307.model","SUCCESS","Offset: 0, Length: 451, I/O Flags: Non-cached, Paging I/O, Priority: Normal"
"10:34:51.4827692","worldofwarships.exe","4380","ReadFile","V:\Games\World of Warships\res\content\gameplay\japan\misc\JM307\JM307.model","SUCCESS","Offset: 0, Length: 451, Priority: Normal"
"10:34:51.6014573","worldofwarships.exe","4380","ReadFile","V:\Games\World of Warships\res\content\gameplay\japan\misc\JM306\JM306.model","SUCCESS","Offset: 0, Length: 451, Priority: Normal"
"10:34:51.6014778","worldofwarships.exe","4380","ReadFile","V:\Games\World of Warships\res\content\gameplay\japan\misc\JM306\JM306.model","SUCCESS","Offset: 0, Length: 451, I/O Flags: Non-cached, Paging I/O, Priority: Normal"
"10:34:51.6017664","worldofwarships.exe","4380","ReadFile","V:\Games\World of Warships\res\content\gameplay\japan\misc\JM306\JM306.model","SUCCESS","Offset: 0, Length: 451, Priority: Normal"
"10:34:51.6893777","worldofwarships.exe","4380","ReadFile","V:\Games\World of Warships\res\content\gameplay\japan\misc\JM096\JM096.model","SUCCESS","Offset: 0, Length: 612, Priority: Normal"
"10:34:51.6894026","worldofwarships.exe","4380","ReadFile","V:\Games\World of Warships\res\content\gameplay\japan\misc\JM096\JM096.model","SUCCESS","Offset: 0, Length: 612, I/O Flags: Non-cached, Paging I/O, Priority: Normal"
"10:34:51.6901164","worldofwarships.exe","4380","ReadFile","V:\Games\World of Warships\res\content\gameplay\japan\misc\JM096\JM096.model","SUCCESS","Offset: 0, Length: 612, Priority: Normal"
"10:34:51.7893088","worldofwarships.exe","4380","ReadFile","V:\Games\World of Warships\res\content\gameplay\japan\misc\JM126\JM126.model","SUCCESS","Offset: 0, Length: 611, Priority: Normal"
"10:34:51.7893318","worldofwarships.exe","4380","ReadFile","V:\Games\World of Warships\res\content\gameplay\japan\misc\JM126\JM126.model","SUCCESS","Offset: 0, Length: 611, I/O Flags: Non-cached, Paging I/O, Priority: Normal"
"10:34:51.7896582","worldofwarships.exe","4380","ReadFile","V:\Games\World of Warships\res\content\gameplay\japan\misc\JM126\JM126.model","SUCCESS","Offset: 0, Length: 611, Priority: Normal"
"10:34:51.8895263","worldofwarships.exe","4380","ReadFile","V:\Games\World of Warships\res\content\gameplay\japan\misc\JM005\JM005.model","SUCCESS","Offset: 0, Length: 611, Priority: Normal"
"10:34:51.8895490","worldofwarships.exe","4380","ReadFile","V:\Games\World of Warships\res\content\gameplay\japan\misc\JM005\JM005.model","SUCCESS","Offset: 0, Length: 611, I/O Flags: Non-cached, Paging I/O, Priority: Normal"
"10:34:51.8898671","worldofwarships.exe","4380","ReadFile","V:\Games\World of Warships\res\content\gameplay\japan\misc\JM005\JM005.model","SUCCESS","Offset: 0, Length: 611, Priority: Normal"
"10:34:52.0229686","worldofwarships.exe","4380","ReadFile","V:\Games\World of Warships\res\content\gameplay\japan\misc\JM021\JM021.model","SUCCESS","Offset: 0, Length: 611, Priority: Normal"
"10:34:52.0229913","worldofwarships.exe","4380","ReadFile","V:\Games\World of Warships\res\content\gameplay\japan\misc\JM021\JM021.model","SUCCESS","Offset: 0, Length: 611, I/O Flags: Non-cached, Paging I/O, Priority: Normal"
"10:34:52.0328254","worldofwarships.exe","4380","ReadFile","V:\Games\World of Warships\res\content\gameplay\japan\misc\JM021\JM021.model","SUCCESS","Offset: 0, Length: 611, Priority: Normal"
"10:34:52.1773367","worldofwarships.exe","4380","ReadFile","V:\Games\World of Warships\res\content\gameplay\common\misc\CM009\CM009.model","SUCCESS","Offset: 0, Length: 614, Priority: Normal"
"10:34:52.1773588","worldofwarships.exe","4380","ReadFile","V:\Games\World of Warships\res\content\gameplay\common\misc\CM009\CM009.model","SUCCESS","Offset: 0, Length: 614, I/O Flags: Non-cached, Paging I/O, Priority: Normal"
"10:34:52.1776931","worldofwarships.exe","4380","ReadFile","V:\Games\World of Warships\res\content\gameplay\common\misc\CM009\CM009.model","SUCCESS","Offset: 0, Length: 614, Priority: Normal"
"10:34:52.3073092","worldofwarships.exe","4380","ReadFile","V:\Games\World of Warships\res\content\gameplay\common\misc\CM011\CM011.model","SUCCESS","Offset: 0, Length: 577, Priority: Normal"
"10:34:52.3075407","worldofwarships.exe","4380","ReadFile","V:\Games\World of Warships\res\content\gameplay\common\misc\CM011\CM011.model","SUCCESS","Offset: 0, Length: 577, Priority: Normal"
"10:34:52.3738816","worldofwarships.exe","4380","ReadFile","V:\Games\World of Warships\res\content\gameplay\japan\misc\JM105\JM105.model","SUCCESS","Offset: 0, Length: 611, Priority: Normal"
"10:34:52.3739043","worldofwarships.exe","4380","ReadFile","V:\Games\World of Warships\res\content\gameplay\japan\misc\JM105\JM105.model","SUCCESS","Offset: 0, Length: 611, I/O Flags: Non-cached, Paging I/O, Priority: Normal"
"10:34:52.3741578","worldofwarships.exe","4380","ReadFile","V:\Games\World of Warships\res\content\gameplay\japan\misc\JM105\JM105.model","SUCCESS","Offset: 0, Length: 611, Priority: Normal"
"10:34:52.5064333","worldofwarships.exe","4380","ReadFile","V:\Games\World of Warships\res\content\gameplay\common\misc\CM012\CM012.model","SUCCESS","Offset: 0, Length: 614, Priority: Normal"
"10:34:52.5066858","worldofwarships.exe","4380","ReadFile","V:\Games\World of Warships\res\content\gameplay\common\misc\CM012\CM012.model","SUCCESS","Offset: 0, Length: 614, Priority: Normal"
"10:34:52.5250765","worldofwarships.exe","4380","ReadFile","V:\Games\World of Warships\res\content\gameplay\japan\misc\JM013\JM013.model","SUCCESS","Offset: 0, Length: 612, Priority: Normal"
"10:34:52.5250982","worldofwarships.exe","4380","ReadFile","V:\Games\World of Warships\res\content\gameplay\japan\misc\JM013\JM013.model","SUCCESS","Offset: 0, Length: 612, I/O Flags: Non-cached, Paging I/O, Priority: Normal"
"10:34:52.5253571","worldofwarships.exe","4380","ReadFile","V:\Games\World of Warships\res\content\gameplay\japan\misc\JM013\JM013.model","SUCCESS","Offset: 0, Length: 612, Priority: Normal"
"10:34:52.6733415","worldofwarships.exe","4380","ReadFile","V:\Games\World of Warships\res\content\gameplay\japan\misc\JM124\JM124.model","SUCCESS","Offset: 0, Length: 611, Priority: Normal"
"10:34:52.6733645","worldofwarships.exe","4380","ReadFile","V:\Games\World of Warships\res\content\gameplay\japan\misc\JM124\JM124.model","SUCCESS","Offset: 0, Length: 611, I/O Flags: Non-cached, Paging I/O, Priority: Normal"
"10:34:52.6738964","worldofwarships.exe","4380","ReadFile","V:\Games\World of Warships\res\content\gameplay\japan\misc\JM124\JM124.model","SUCCESS","Offset: 0, Length: 611, Priority: Normal"
"10:34:52.7740990","worldofwarships.exe","4380","ReadFile","V:\Games\World of Warships\res\content\gameplay\japan\misc\JM038\JM038.model","SUCCESS","Offset: 0, Length: 612, Priority: Normal"
"10:34:52.7741814","worldofwarships.exe","4380","ReadFile","V:\Games\World of Warships\res\content\gameplay\japan\misc\JM038\JM038.model","SUCCESS","Offset: 0, Length: 612, I/O Flags: Non-cached, Paging I/O, Priority: Normal"
"10:34:52.7748451","worldofwarships.exe","4380","ReadFile","V:\Games\World of Warships\res\content\gameplay\japan\misc\JM038\JM038.model","SUCCESS","Offset: 0, Length: 612, Priority: Normal"
"10:34:53.0229344","worldofwarships.exe","4380","ReadFile","V:\Games\World of Warships\res\content\gameplay\japan\misc\JM106\JM106.model","SUCCESS","Offset: 0, Length: 612, Priority: Normal"
"10:34:53.0229591","worldofwarships.exe","4380","ReadFile","V:\Games\World of Warships\res\content\gameplay\japan\misc\JM106\JM106.model","SUCCESS","Offset: 0, Length: 612, I/O Flags: Non-cached, Paging I/O, Priority: Normal"
"10:34:53.0232075","worldofwarships.exe","4380","ReadFile","V:\Games\World of Warships\res\content\gameplay\japan\misc\JM106\JM106.model","SUCCESS","Offset: 0, Length: 612, Priority: Normal"
"10:34:53.0802568","worldofwarships.exe","4380","ReadFile","V:\Games\World of Warships\res\content\gameplay\common\misc\CM017\CM017.model","SUCCESS","Offset: 0, Length: 614, Priority: Normal"
"10:34:53.0802786","worldofwarships.exe","4380","ReadFile","V:\Games\World of Warships\res\content\gameplay\common\misc\CM017\CM017.model","SUCCESS","Offset: 0, Length: 614, I/O Flags: Non-cached, Paging I/O, Priority: Normal"
"10:34:53.0806190","worldofwarships.exe","4380","ReadFile","V:\Games\World of Warships\res\content\gameplay\common\misc\CM017\CM017.model","SUCCESS","Offset: 0, Length: 614, Priority: Normal"
"10:34:53.1900741","worldofwarships.exe","4380","ReadFile","V:\Games\World of Warships\res\content\gameplay\japan\misc\JM018\JM018.model","SUCCESS","Offset: 0, Length: 611, Priority: Normal"
"10:34:53.1900971","worldofwarships.exe","4380","ReadFile","V:\Games\World of Warships\res\content\gameplay\japan\misc\JM018\JM018.model","SUCCESS","Offset: 0, Length: 611, I/O Flags: Non-cached, Paging I/O, Priority: Normal"
"10:34:53.1903442","worldofwarships.exe","4380","ReadFile","V:\Games\World of Warships\res\content\gameplay\japan\misc\JM018\JM018.model","SUCCESS","Offset: 0, Length: 611, Priority: Normal"
"10:34:53.3727304","worldofwarships.exe","4380","ReadFile","V:\Games\World of Warships\res\content\gameplay\japan\misc\JM010\JM010.model","SUCCESS","Offset: 0, Length: 611, Priority: Normal"
"10:34:53.3727541","worldofwarships.exe","4380","ReadFile","V:\Games\World of Warships\res\content\gameplay\japan\misc\JM010\JM010.model","SUCCESS","Offset: 0, Length: 611, I/O Flags: Non-cached, Paging I/O, Priority: Normal"
"10:34:53.3730085","worldofwarships.exe","4380","ReadFile","V:\Games\World of Warships\res\content\gameplay\japan\misc\JM010\JM010.model","SUCCESS","Offset: 0, Length: 611, Priority: Normal"
"10:34:53.5438817","worldofwarships.exe","4380","ReadFile","V:\Games\World of Warships\res\content\gameplay\japan\misc\JM039\JM039.model","SUCCESS","Offset: 0, Length: 613, Priority: Normal"
"10:34:53.5439028","worldofwarships.exe","4380","ReadFile","V:\Games\World of Warships\res\content\gameplay\japan\misc\JM039\JM039.model","SUCCESS","Offset: 0, Length: 613, I/O Flags: Non-cached, Paging I/O, Priority: Normal"
"10:34:53.5452663","worldofwarships.exe","4380","ReadFile","V:\Games\World of Warships\res\content\gameplay\japan\misc\JM039\JM039.model","SUCCESS","Offset: 0, Length: 613, Priority: Normal"
"10:34:53.7895162","worldofwarships.exe","4380","ReadFile","V:\Games\World of Warships\res\content\gameplay\japan\misc\JM008\JM008.model","SUCCESS","Offset: 0, Length: 449, Priority: Normal"
"10:34:53.7895396","worldofwarships.exe","4380","ReadFile","V:\Games\World of Warships\res\content\gameplay\japan\misc\JM008\JM008.model","SUCCESS","Offset: 0, Length: 449, I/O Flags: Non-cached, Paging I/O, Priority: Normal"
"10:34:53.7898295","worldofwarships.exe","4380","ReadFile","V:\Games\World of Warships\res\content\gameplay\japan\misc\JM008\JM008.model","SUCCESS","Offset: 0, Length: 449, Priority: Normal"
"10:34:53.9423345","worldofwarships.exe","4380","ReadFile","V:\Games\World of Warships\res\content\gameplay\japan\misc\JM032\JM032.model","SUCCESS","Offset: 0, Length: 612, Priority: Normal"
"10:34:53.9423546","worldofwarships.exe","4380","ReadFile","V:\Games\World of Warships\res\content\gameplay\japan\misc\JM032\JM032.model","SUCCESS","Offset: 0, Length: 612, I/O Flags: Non-cached, Paging I/O, Priority: Normal"
"10:34:53.9426084","worldofwarships.exe","4380","ReadFile","V:\Games\World of Warships\res\content\gameplay\japan\misc\JM032\JM032.model","SUCCESS","Offset: 0, Length: 612, Priority: Normal"
"10:34:54.0731308","worldofwarships.exe","4380","ReadFile","V:\Games\World of Warships\res\content\gameplay\japan\misc\JM114\JM114.model","SUCCESS","Offset: 0, Length: 612, Priority: Normal"
"10:34:54.0731532","worldofwarships.exe","4380","ReadFile","V:\Games\World of Warships\res\content\gameplay\japan\misc\JM114\JM114.model","SUCCESS","Offset: 0, Length: 612, I/O Flags: Non-cached, Paging I/O, Priority: Normal"
"10:34:54.0734594","worldofwarships.exe","4380","ReadFile","V:\Games\World of Warships\res\content\gameplay\japan\misc\JM114\JM114.model","SUCCESS","Offset: 0, Length: 612, Priority: Normal"
"10:34:54.2231020","worldofwarships.exe","4380","ReadFile","V:\Games\World of Warships\res\content\gameplay\japan\misc\JM107\JM107.model","SUCCESS","Offset: 0, Length: 612, Priority: Normal"
"10:34:54.2231243","worldofwarships.exe","4380","ReadFile","V:\Games\World of Warships\res\content\gameplay\japan\misc\JM107\JM107.model","SUCCESS","Offset: 0, Length: 612, I/O Flags: Non-cached, Paging I/O, Priority: Normal"
"10:34:54.2236099","worldofwarships.exe","4380","ReadFile","V:\Games\World of Warships\res\content\gameplay\japan\misc\JM107\JM107.model","SUCCESS","Offset: 0, Length: 612, Priority: Normal"
"10:34:54.3232540","worldofwarships.exe","4380","ReadFile","V:\Games\World of Warships\res\content\gameplay\japan\misc\JM049\JM049.model","SUCCESS","Offset: 0, Length: 612, Priority: Normal"
"10:34:54.3232770","worldofwarships.exe","4380","ReadFile","V:\Games\World of Warships\res\content\gameplay\japan\misc\JM049\JM049.model","SUCCESS","Offset: 0, Length: 612, I/O Flags: Non-cached, Paging I/O, Priority: Normal"
"10:34:54.3236024","worldofwarships.exe","4380","ReadFile","V:\Games\World of Warships\res\content\gameplay\japan\misc\JM049\JM049.model","SUCCESS","Offset: 0, Length: 612, Priority: Normal"
"10:34:54.4424996","worldofwarships.exe","4380","ReadFile","V:\Games\World of Warships\res\content\gameplay\common\misc\CM014\CM014.model","SUCCESS","Offset: 0, Length: 614, Priority: Normal"
"10:34:54.4427266","worldofwarships.exe","4380","ReadFile","V:\Games\World of Warships\res\content\gameplay\common\misc\CM014\CM014.model","SUCCESS","Offset: 0, Length: 614, Priority: Normal"
"10:34:54.6494466","worldofwarships.exe","4380","ReadFile","V:\Games\World of Warships\res\content\gameplay\japan\misc\JM219\JM219.model","SUCCESS","Offset: 0, Length: 612, Priority: Normal"
"10:34:54.6494686","worldofwarships.exe","4380","ReadFile","V:\Games\World of Warships\res\content\gameplay\japan\misc\JM219\JM219.model","SUCCESS","Offset: 0, Length: 612, I/O Flags: Non-cached, Paging I/O, Priority: Normal"
"10:34:54.6498606","worldofwarships.exe","4380","ReadFile","V:\Games\World of Warships\res\content\gameplay\japan\misc\JM219\JM219.model","SUCCESS","Offset: 0, Length: 612, Priority: Normal"
"10:34:54.8232046","worldofwarships.exe","4380","ReadFile","V:\Games\World of Warships\res\content\gameplay\japan\misc\JM055\JM055.model","SUCCESS","Offset: 0, Length: 612, Priority: Normal"
"10:34:54.8232279","worldofwarships.exe","4380","ReadFile","V:\Games\World of Warships\res\content\gameplay\japan\misc\JM055\JM055.model","SUCCESS","Offset: 0, Length: 612, I/O Flags: Non-cached, Paging I/O, Priority: Normal"
"10:34:54.8234872","worldofwarships.exe","4380","ReadFile","V:\Games\World of Warships\res\content\gameplay\japan\misc\JM055\JM055.model","SUCCESS","Offset: 0, Length: 612, Priority: Normal"
"10:34:54.9314436","worldofwarships.exe","4380","ReadFile","V:\Games\World of Warships\res\content\gameplay\japan\misc\JM140\JM140.model","SUCCESS","Offset: 0, Length: 612, Priority: Normal"
"10:34:54.9314643","worldofwarships.exe","4380","ReadFile","V:\Games\World of Warships\res\content\gameplay\japan\misc\JM140\JM140.model","SUCCESS","Offset: 0, Length: 612, I/O Flags: Non-cached, Paging I/O, Priority: Normal"
"10:34:54.9318099","worldofwarships.exe","4380","ReadFile","V:\Games\World of Warships\res\content\gameplay\japan\misc\JM140\JM140.model","SUCCESS","Offset: 0, Length: 612, Priority: Normal"
"10:34:55.0731135","worldofwarships.exe","4380","ReadFile","V:\Games\World of Warships\res\content\gameplay\japan\misc\JM037\JM037.model","SUCCESS","Offset: 0, Length: 613, Priority: Normal"
"10:34:55.0731362","worldofwarships.exe","4380","ReadFile","V:\Games\World of Warships\res\content\gameplay\japan\misc\JM037\JM037.model","SUCCESS","Offset: 0, Length: 613, I/O Flags: Non-cached, Paging I/O, Priority: Normal"
"10:34:55.0734738","worldofwarships.exe","4380","ReadFile","V:\Games\World of Warships\res\content\gameplay\japan\misc\JM037\JM037.model","SUCCESS","Offset: 0, Length: 613, Priority: Normal"
"10:34:55.2898796","worldofwarships.exe","4380","ReadFile","V:\Games\World of Warships\res\content\gameplay\japan\misc\JM006\JM006.model","SUCCESS","Offset: 0, Length: 611, Priority: Normal"
"10:34:55.2899061","worldofwarships.exe","4380","ReadFile","V:\Games\World of Warships\res\content\gameplay\japan\misc\JM006\JM006.model","SUCCESS","Offset: 0, Length: 611, I/O Flags: Non-cached, Paging I/O, Priority: Normal"
"10:34:55.2905470","worldofwarships.exe","4380","ReadFile","V:\Games\World of Warships\res\content\gameplay\japan\misc\JM006\JM006.model","SUCCESS","Offset: 0, Length: 611, Priority: Normal"
"10:34:55.3787088","worldofwarships.exe","4380","ReadFile","V:\Games\World of Warships\res\content\gameplay\common\misc\CM010\CM010.model","SUCCESS","Offset: 0, Length: 614, Priority: Normal"
"10:34:55.3787305","worldofwarships.exe","4380","ReadFile","V:\Games\World of Warships\res\content\gameplay\common\misc\CM010\CM010.model","SUCCESS","Offset: 0, Length: 614, I/O Flags: Non-cached, Paging I/O, Priority: Normal"
"10:34:55.3791244","worldofwarships.exe","4380","ReadFile","V:\Games\World of Warships\res\content\gameplay\common\misc\CM010\CM010.model","SUCCESS","Offset: 0, Length: 614, Priority: Normal"
"10:34:55.4564009","worldofwarships.exe","4380","ReadFile","V:\Games\World of Warships\res\content\gameplay\japan\misc\JM030\JM030.model","SUCCESS","Offset: 0, Length: 574, Priority: Normal"
"10:34:55.4564227","worldofwarships.exe","4380","ReadFile","V:\Games\World of Warships\res\content\gameplay\japan\misc\JM030\JM030.model","SUCCESS","Offset: 0, Length: 574, I/O Flags: Non-cached, Paging I/O, Priority: Normal"
"10:34:55.4567586","worldofwarships.exe","4380","ReadFile","V:\Games\World of Warships\res\content\gameplay\japan\misc\JM030\JM030.model","SUCCESS","Offset: 0, Length: 574, Priority: Normal"
"10:34:55.5397751","worldofwarships.exe","4380","ReadFile","V:\Games\World of Warships\res\content\gameplay\japan\misc\JM117\JM117.model","SUCCESS","Offset: 0, Length: 611, Priority: Normal"
"10:34:55.5397968","worldofwarships.exe","4380","ReadFile","V:\Games\World of Warships\res\content\gameplay\japan\misc\JM117\JM117.model","SUCCESS","Offset: 0, Length: 611, I/O Flags: Non-cached, Paging I/O, Priority: Normal"
"10:34:55.5432369","worldofwarships.exe","4380","ReadFile","V:\Games\World of Warships\res\content\gameplay\japan\misc\JM117\JM117.model","SUCCESS","Offset: 0, Length: 611, Priority: Normal"
"10:34:55.7395277","worldofwarships.exe","4380","ReadFile","V:\Games\World of Warships\res\content\gameplay\japan\misc\JM002\JM002.model","SUCCESS","Offset: 0, Length: 612, Priority: Normal"
"10:34:55.7395510","worldofwarships.exe","4380","ReadFile","V:\Games\World of Warships\res\content\gameplay\japan\misc\JM002\JM002.model","SUCCESS","Offset: 0, Length: 612, I/O Flags: Non-cached, Paging I/O, Priority: Normal"
"10:34:55.7400484","worldofwarships.exe","4380","ReadFile","V:\Games\World of Warships\res\content\gameplay\japan\misc\JM002\JM002.model","SUCCESS","Offset: 0, Length: 612, Priority: Normal"
"10:34:56.0729182","worldofwarships.exe","4380","ReadFile","V:\Games\World of Warships\res\content\gameplay\japan\misc\JM093\JM093.model","SUCCESS","Offset: 0, Length: 430, Priority: Normal"
"10:34:56.0729406","worldofwarships.exe","4380","ReadFile","V:\Games\World of Warships\res\content\gameplay\japan\misc\JM093\JM093.model","SUCCESS","Offset: 0, Length: 430, I/O Flags: Non-cached, Paging I/O, Priority: Normal"
"10:34:56.0740077","worldofwarships.exe","4380","ReadFile","V:\Games\World of Warships\res\content\gameplay\japan\misc\JM093\JM093.model","SUCCESS","Offset: 0, Length: 430, Priority: Normal"
"10:34:56.2090926","worldofwarships.exe","4380","ReadFile","V:\Games\World of Warships\res\content\gameplay\japan\misc\JM092\JM092.model","SUCCESS","Offset: 0, Length: 576, Priority: Normal"
"10:34:56.2091146","worldofwarships.exe","4380","ReadFile","V:\Games\World of Warships\res\content\gameplay\japan\misc\JM092\JM092.model","SUCCESS","Offset: 0, Length: 576, I/O Flags: Non-cached, Paging I/O, Priority: Normal"
"10:34:56.2098537","worldofwarships.exe","4380","ReadFile","V:\Games\World of Warships\res\content\gameplay\japan\misc\JM092\JM092.model","SUCCESS","Offset: 0, Length: 576, Priority: Normal"
"10:34:56.2895484","worldofwarships.exe","4380","ReadFile","V:\Games\World of Warships\res\content\gameplay\japan\misc\JM031\JM031.model","SUCCESS","Offset: 0, Length: 575, Priority: Normal"
"10:34:56.2895714","worldofwarships.exe","4380","ReadFile","V:\Games\World of Warships\res\content\gameplay\japan\misc\JM031\JM031.model","SUCCESS","Offset: 0, Length: 575, I/O Flags: Non-cached, Paging I/O, Priority: Normal"
"10:34:56.2903022","worldofwarships.exe","4380","ReadFile","V:\Games\World of Warships\res\content\gameplay\japan\misc\JM031\JM031.model","SUCCESS","Offset: 0, Length: 575, Priority: Normal"
"10:34:56.3138477","worldofwarships.exe","4380","ReadFile","V:\Games\World of Warships\res\content\gameplay\common\misc\CM023\CM023.model","SUCCESS","Offset: 0, Length: 578, Priority: Normal"
"10:34:56.3138691","worldofwarships.exe","4380","ReadFile","V:\Games\World of Warships\res\content\gameplay\common\misc\CM023\CM023.model","SUCCESS","Offset: 0, Length: 578, I/O Flags: Non-cached, Paging I/O, Priority: Normal"
"10:34:56.3279392","worldofwarships.exe","4380","ReadFile","V:\Games\World of Warships\res\content\gameplay\common\misc\CM023\CM023.model","SUCCESS","Offset: 0, Length: 578, Priority: Normal"
"10:34:56.4897370","worldofwarships.exe","4380","ReadFile","V:\Games\World of Warships\res\content\gameplay\japan\misc\JM009\JM009.model","SUCCESS","Offset: 0, Length: 449, Priority: Normal"
"10:34:56.4897600","worldofwarships.exe","4380","ReadFile","V:\Games\World of Warships\res\content\gameplay\japan\misc\JM009\JM009.model","SUCCESS","Offset: 0, Length: 449, I/O Flags: Non-cached, Paging I/O, Priority: Normal"
"10:34:56.4901116","worldofwarships.exe","4380","ReadFile","V:\Games\World of Warships\res\content\gameplay\japan\misc\JM009\JM009.model","SUCCESS","Offset: 0, Length: 449, Priority: Normal"
"10:34:56.6233775","worldofwarships.exe","4380","ReadFile","V:\Games\World of Warships\res\content\gameplay\japan\misc\JM089\JM089.model","SUCCESS","Offset: 0, Length: 612, Priority: Normal"
"10:34:56.6234005","worldofwarships.exe","4380","ReadFile","V:\Games\World of Warships\res\content\gameplay\japan\misc\JM089\JM089.model","SUCCESS","Offset: 0, Length: 612, I/O Flags: Non-cached, Paging I/O, Priority: Normal"
"10:34:56.6236640","worldofwarships.exe","4380","ReadFile","V:\Games\World of Warships\res\content\gameplay\japan\misc\JM089\JM089.model","SUCCESS","Offset: 0, Length: 612, Priority: Normal"
"10:34:56.8062902","worldofwarships.exe","4380","ReadFile","V:\Games\World of Warships\res\content\gameplay\japan\misc\JM108\JM108.model","SUCCESS","Offset: 0, Length: 611, Priority: Normal"
"10:34:56.8063139","worldofwarships.exe","4380","ReadFile","V:\Games\World of Warships\res\content\gameplay\japan\misc\JM108\JM108.model","SUCCESS","Offset: 0, Length: 611, I/O Flags: Non-cached, Paging I/O, Priority: Normal"
"10:34:56.8065997","worldofwarships.exe","4380","ReadFile","V:\Games\World of Warships\res\content\gameplay\japan\misc\JM108\JM108.model","SUCCESS","Offset: 0, Length: 611, Priority: Normal"
"10:34:56.9346375","worldofwarships.exe","4380","ReadFile","V:\Games\World of Warships\res\content\gameplay\japan\misc\JM250\JM250.model","SUCCESS","Offset: 0, Length: 429, Priority: Normal"
"10:34:56.9346592","worldofwarships.exe","4380","ReadFile","V:\Games\World of Warships\res\content\gameplay\japan\misc\JM250\JM250.model","SUCCESS","Offset: 0, Length: 429, I/O Flags: Non-cached, Paging I/O, Priority: Normal"
"10:34:56.9350310","worldofwarships.exe","4380","ReadFile","V:\Games\World of Warships\res\content\gameplay\japan\misc\JM250\JM250.model","SUCCESS","Offset: 0, Length: 429, Priority: Normal"
"10:34:57.0563581","worldofwarships.exe","4380","ReadFile","V:\Games\World of Warships\res\content\gameplay\japan\misc\JM238\JM238.model","SUCCESS","Offset: 0, Length: 429, Priority: Normal"
"10:34:57.0563769","worldofwarships.exe","4380","ReadFile","V:\Games\World of Warships\res\content\gameplay\japan\misc\JM238\JM238.model","SUCCESS","Offset: 0, Length: 429, I/O Flags: Non-cached, Paging I/O, Priority: Normal"
"10:34:57.0566813","worldofwarships.exe","4380","ReadFile","V:\Games\World of Warships\res\content\gameplay\japan\misc\JM238\JM238.model","SUCCESS","Offset: 0, Length: 429, Priority: Normal"
"10:34:57.0896459","worldofwarships.exe","4380","ReadFile","V:\Games\World of Warships\res\content\gameplay\japan\misc\JM165\JM165.model","SUCCESS","Offset: 0, Length: 611, Priority: Normal"
"10:34:57.0896666","worldofwarships.exe","4380","ReadFile","V:\Games\World of Warships\res\content\gameplay\japan\misc\JM165\JM165.model","SUCCESS","Offset: 0, Length: 611, I/O Flags: Non-cached, Paging I/O, Priority: Normal"
"10:34:57.0899953","worldofwarships.exe","4380","ReadFile","V:\Games\World of Warships\res\content\gameplay\japan\misc\JM165\JM165.model","SUCCESS","Offset: 0, Length: 611, Priority: Normal"
"10:34:57.2235214","worldofwarships.exe","4380","ReadFile","V:\Games\World of Warships\res\content\gameplay\japan\misc\JM240\JM240.model","SUCCESS","Offset: 0, Length: 576, Priority: Normal"
"10:34:57.2235418","worldofwarships.exe","4380","ReadFile","V:\Games\World of Warships\res\content\gameplay\japan\misc\JM240\JM240.model","SUCCESS","Offset: 0, Length: 576, I/O Flags: Non-cached, Paging I/O, Priority: Normal"
"10:34:57.2238922","worldofwarships.exe","4380","ReadFile","V:\Games\World of Warships\res\content\gameplay\japan\misc\JM240\JM240.model","SUCCESS","Offset: 0, Length: 576, Priority: Normal"
"10:34:57.2486170","worldofwarships.exe","4380","ReadFile","V:\Games\World of Warships\res\content\gameplay\japan\misc\JM265\JM265.model","SUCCESS","Offset: 0, Length: 450, Priority: Normal"
"10:34:57.2486365","worldofwarships.exe","4380","ReadFile","V:\Games\World of Warships\res\content\gameplay\japan\misc\JM265\JM265.model","SUCCESS","Offset: 0, Length: 450, I/O Flags: Non-cached, Paging I/O, Priority: Normal"
"10:34:57.2490208","worldofwarships.exe","4380","ReadFile","V:\Games\World of Warships\res\content\gameplay\japan\misc\JM265\JM265.model","SUCCESS","Offset: 0, Length: 450, Priority: Normal"
"10:34:57.2936336","worldofwarships.exe","4380","ReadFile","V:\Games\World of Warships\res\content\gameplay\japan\misc\JM252\JM252.model","SUCCESS","Offset: 0, Length: 429, Priority: Normal"
"10:34:57.2936524","worldofwarships.exe","4380","ReadFile","V:\Games\World of Warships\res\content\gameplay\japan\misc\JM252\JM252.model","SUCCESS","Offset: 0, Length: 429, I/O Flags: Non-cached, Paging I/O, Priority: Normal"
"10:34:57.2939449","worldofwarships.exe","4380","ReadFile","V:\Games\World of Warships\res\content\gameplay\japan\misc\JM252\JM252.model","SUCCESS","Offset: 0, Length: 429, Priority: Normal"
"10:34:57.3565392","worldofwarships.exe","4380","ReadFile","V:\Games\World of Warships\res\content\gameplay\japan\misc\JM253\JM253.model","SUCCESS","Offset: 0, Length: 451, Priority: Normal"
"10:34:57.3565593","worldofwarships.exe","4380","ReadFile","V:\Games\World of Warships\res\content\gameplay\japan\misc\JM253\JM253.model","SUCCESS","Offset: 0, Length: 451, I/O Flags: Non-cached, Paging I/O, Priority: Normal"
"10:34:57.3568231","worldofwarships.exe","4380","ReadFile","V:\Games\World of Warships\res\content\gameplay\japan\misc\JM253\JM253.model","SUCCESS","Offset: 0, Length: 451, Priority: Normal"
"10:34:57.3768281","worldofwarships.exe","4380","ReadFile","V:\Games\World of Warships\res\content\gameplay\japan\misc\JM254\JM254.model","SUCCESS","Offset: 0, Length: 451, Priority: Normal"
"10:34:57.3768479","worldofwarships.exe","4380","ReadFile","V:\Games\World of Warships\res\content\gameplay\japan\misc\JM254\JM254.model","SUCCESS","Offset: 0, Length: 451, I/O Flags: Non-cached, Paging I/O, Priority: Normal"
"10:34:57.3771535","worldofwarships.exe","4380","ReadFile","V:\Games\World of Warships\res\content\gameplay\japan\misc\JM254\JM254.model","SUCCESS","Offset: 0, Length: 451, Priority: Normal"
"10:34:57.3931676","worldofwarships.exe","4380","ReadFile","V:\Games\World of Warships\res\content\gameplay\japan\misc\JM266\JM266.model","SUCCESS","Offset: 0, Length: 379, Priority: Normal"
"10:34:57.3931881","worldofwarships.exe","4380","ReadFile","V:\Games\World of Warships\res\content\gameplay\japan\misc\JM266\JM266.model","SUCCESS","Offset: 0, Length: 379, I/O Flags: Non-cached, Paging I/O, Priority: Normal"
"10:34:57.3934279","worldofwarships.exe","4380","ReadFile","V:\Games\World of Warships\res\content\gameplay\japan\misc\JM266\JM266.model","SUCCESS","Offset: 0, Length: 379, Priority: Normal"
"10:34:57.4223830","worldofwarships.exe","4380","ReadFile","V:\Games\World of Warships\res\content\gameplay\japan\misc\JM263\JM263.model","SUCCESS","Offset: 0, Length: 429, Priority: Normal"
"10:34:57.4224054","worldofwarships.exe","4380","ReadFile","V:\Games\World of Warships\res\content\gameplay\japan\misc\JM263\JM263.model","SUCCESS","Offset: 0, Length: 429, I/O Flags: Non-cached, Paging I/O, Priority: Normal"
"10:34:57.4228251","worldofwarships.exe","4380","ReadFile","V:\Games\World of Warships\res\content\gameplay\japan\misc\JM263\JM263.model","SUCCESS","Offset: 0, Length: 429, Priority: Normal"
"10:34:57.4462590","worldofwarships.exe","4380","ReadFile","V:\Games\World of Warships\res\content\gameplay\japan\misc\JM251\JM251.model","SUCCESS","Offset: 0, Length: 450, Priority: Normal"
"10:34:57.4462776","worldofwarships.exe","4380","ReadFile","V:\Games\World of Warships\res\content\gameplay\japan\misc\JM251\JM251.model","SUCCESS","Offset: 0, Length: 450, I/O Flags: Non-cached, Paging I/O, Priority: Normal"
"10:34:57.4465535","worldofwarships.exe","4380","ReadFile","V:\Games\World of Warships\res\content\gameplay\japan\misc\JM251\JM251.model","SUCCESS","Offset: 0, Length: 450, Priority: Normal"
"10:34:57.4895145","worldofwarships.exe","4380","ReadFile","V:\Games\World of Warships\res\content\gameplay\japan\misc\JM264\JM264.model","SUCCESS","Offset: 0, Length: 379, Priority: Normal"
"10:34:57.4895381","worldofwarships.exe","4380","ReadFile","V:\Games\World of Warships\res\content\gameplay\japan\misc\JM264\JM264.model","SUCCESS","Offset: 0, Length: 379, I/O Flags: Non-cached, Paging I/O, Priority: Normal"
"10:34:57.4919383","worldofwarships.exe","4380","ReadFile","V:\Games\World of Warships\res\content\gameplay\japan\misc\JM264\JM264.model","SUCCESS","Offset: 0, Length: 379, Priority: Normal"
"10:34:57.5066977","worldofwarships.exe","4380","ReadFile","V:\Games\World of Warships\res\content\gameplay\japan\misc\JM166\JM166.model","SUCCESS","Offset: 0, Length: 574, Priority: Normal"
"10:34:57.5067172","worldofwarships.exe","4380","ReadFile","V:\Games\World of Warships\res\content\gameplay\japan\misc\JM166\JM166.model","SUCCESS","Offset: 0, Length: 574, I/O Flags: Non-cached, Paging I/O, Priority: Normal"
"10:34:57.5104546","worldofwarships.exe","4380","ReadFile","V:\Games\World of Warships\res\content\gameplay\japan\misc\JM166\JM166.model","SUCCESS","Offset: 0, Length: 574, Priority: Normal"
"10:34:57.5736536","worldofwarships.exe","4380","ReadFile","V:\Games\World of Warships\res\content\gameplay\japan\misc\JM242\JM242.model","SUCCESS","Offset: 0, Length: 431, Priority: Normal"
"10:34:57.5736735","worldofwarships.exe","4380","ReadFile","V:\Games\World of Warships\res\content\gameplay\japan\misc\JM242\JM242.model","SUCCESS","Offset: 0, Length: 431, I/O Flags: Non-cached, Paging I/O, Priority: Normal"
"10:34:57.5739583","worldofwarships.exe","4380","ReadFile","V:\Games\World of Warships\res\content\gameplay\japan\misc\JM242\JM242.model","SUCCESS","Offset: 0, Length: 431, Priority: Normal"
"10:34:57.6150399","worldofwarships.exe","4380","ReadFile","V:\Games\World of Warships\res\content\gameplay\japan\misc\JM255\JM255.model","SUCCESS","Offset: 0, Length: 450, Priority: Normal"
"10:34:57.6150604","worldofwarships.exe","4380","ReadFile","V:\Games\World of Warships\res\content\gameplay\japan\misc\JM255\JM255.model","SUCCESS","Offset: 0, Length: 450, I/O Flags: Non-cached, Paging I/O, Priority: Normal"
"10:34:57.6153436","worldofwarships.exe","4380","ReadFile","V:\Games\World of Warships\res\content\gameplay\japan\misc\JM255\JM255.model","SUCCESS","Offset: 0, Length: 450, Priority: Normal"
"10:34:57.6604356","worldofwarships.exe","4380","ReadFile","V:\Games\World of Warships\res\content\gameplay\japan\misc\JM257\JM257.model","SUCCESS","Offset: 0, Length: 450, Priority: Normal"
"10:34:57.6604564","worldofwarships.exe","4380","ReadFile","V:\Games\World of Warships\res\content\gameplay\japan\misc\JM257\JM257.model","SUCCESS","Offset: 0, Length: 450, I/O Flags: Non-cached, Paging I/O, Priority: Normal"
"10:34:57.6606971","worldofwarships.exe","4380","ReadFile","V:\Games\World of Warships\res\content\gameplay\japan\misc\JM257\JM257.model","SUCCESS","Offset: 0, Length: 450, Priority: Normal"
"10:34:57.6763219","worldofwarships.exe","4380","ReadFile","V:\Games\World of Warships\res\content\gameplay\japan\misc\JM244\JM244.model","SUCCESS","Offset: 0, Length: 451, Priority: Normal"
"10:34:57.6764085","worldofwarships.exe","4380","ReadFile","V:\Games\World of Warships\res\content\gameplay\japan\misc\JM244\JM244.model","SUCCESS","Offset: 0, Length: 451, I/O Flags: Non-cached, Paging I/O, Priority: Normal"
"10:34:57.6772761","worldofwarships.exe","4380","ReadFile","V:\Games\World of Warships\res\content\gameplay\japan\misc\JM244\JM244.model","SUCCESS","Offset: 0, Length: 451, Priority: Normal"
"10:34:57.7097816","worldofwarships.exe","4380","ReadFile","V:\Games\World of Warships\res\content\gameplay\common\misc\CM029\CM029.model","SUCCESS","Offset: 0, Length: 505, Priority: Normal"
"10:34:57.7100617","worldofwarships.exe","4380","ReadFile","V:\Games\World of Warships\res\content\gameplay\common\misc\CM029\CM029.model","SUCCESS","Offset: 0, Length: 505, Priority: Normal"
"10:34:57.7847520","worldofwarships.exe","4380","ReadFile","V:\Games\World of Warships\res\content\gameplay\japan\misc\JM189\JM189.model","SUCCESS","Offset: 0, Length: 613, Priority: Normal"
"10:34:57.7847741","worldofwarships.exe","4380","ReadFile","V:\Games\World of Warships\res\content\gameplay\japan\misc\JM189\JM189.model","SUCCESS","Offset: 0, Length: 613, I/O Flags: Non-cached, Paging I/O, Priority: Normal"
"10:34:57.7850896","worldofwarships.exe","4380","ReadFile","V:\Games\World of Warships\res\content\gameplay\japan\misc\JM189\JM189.model","SUCCESS","Offset: 0, Length: 613, Priority: Normal"
"10:34:57.9530889","worldofwarships.exe","4380","ReadFile","V:\Games\World of Warships\res\content\gameplay\japan\misc\JM249\JM249.model","SUCCESS","Offset: 0, Length: 450, Priority: Normal"
"10:34:57.9531087","worldofwarships.exe","4380","ReadFile","V:\Games\World of Warships\res\content\gameplay\japan\misc\JM249\JM249.model","SUCCESS","Offset: 0, Length: 450, I/O Flags: Non-cached, Paging I/O, Priority: Normal"
"10:34:57.9534453","worldofwarships.exe","4380","ReadFile","V:\Games\World of Warships\res\content\gameplay\japan\misc\JM249\JM249.model","SUCCESS","Offset: 0, Length: 450, Priority: Normal"
"10:34:57.9730175","worldofwarships.exe","4380","ReadFile","V:\Games\World of Warships\res\content\gameplay\japan\misc\JM261\JM261.model","SUCCESS","Offset: 0, Length: 450, Priority: Normal"
"10:34:57.9730373","worldofwarships.exe","4380","ReadFile","V:\Games\World of Warships\res\content\gameplay\japan\misc\JM261\JM261.model","SUCCESS","Offset: 0, Length: 450, I/O Flags: Non-cached, Paging I/O, Priority: Normal"
"10:34:57.9732780","worldofwarships.exe","4380","ReadFile","V:\Games\World of Warships\res\content\gameplay\japan\misc\JM261\JM261.model","SUCCESS","Offset: 0, Length: 450, Priority: Normal"
"10:34:58.0398120","worldofwarships.exe","4380","ReadFile","V:\Games\World of Warships\res\content\gameplay\japan\misc\JM259\JM259.model","SUCCESS","Offset: 0, Length: 429, Priority: Normal"
"10:34:58.0398328","worldofwarships.exe","4380","ReadFile","V:\Games\World of Warships\res\content\gameplay\japan\misc\JM259\JM259.model","SUCCESS","Offset: 0, Length: 429, I/O Flags: Non-cached, Paging I/O, Priority: Normal"
"10:34:58.0409478","worldofwarships.exe","4380","ReadFile","V:\Games\World of Warships\res\content\gameplay\japan\misc\JM259\JM259.model","SUCCESS","Offset: 0, Length: 429, Priority: Normal"
"10:34:58.1037029","worldofwarships.exe","4380","ReadFile","V:\Games\World of Warships\res\content\gameplay\japan\misc\JM241\JM241.model","SUCCESS","Offset: 0, Length: 449, Priority: Normal"
"10:34:58.1037304","worldofwarships.exe","4380","ReadFile","V:\Games\World of Warships\res\content\gameplay\japan\misc\JM241\JM241.model","SUCCESS","Offset: 0, Length: 449, I/O Flags: Non-cached, Paging I/O, Priority: Normal"
"10:34:58.1041079","worldofwarships.exe","4380","ReadFile","V:\Games\World of Warships\res\content\gameplay\japan\misc\JM241\JM241.model","SUCCESS","Offset: 0, Length: 449, Priority: Normal"
"10:34:58.1826114","worldofwarships.exe","4380","ReadFile","V:\Games\World of Warships\res\content\gameplay\japan\misc\JM158\JM158.model","SUCCESS","Offset: 0, Length: 611, Priority: Normal"
"10:34:58.1826319","worldofwarships.exe","4380","ReadFile","V:\Games\World of Warships\res\content\gameplay\japan\misc\JM158\JM158.model","SUCCESS","Offset: 0, Length: 611, I/O Flags: Non-cached, Paging I/O, Priority: Normal"
"10:34:58.1829928","worldofwarships.exe","4380","ReadFile","V:\Games\World of Warships\res\content\gameplay\japan\misc\JM158\JM158.model","SUCCESS","Offset: 0, Length: 611, Priority: Normal"
"10:34:58.2977776","worldofwarships.exe","4380","ReadFile","V:\Games\World of Warships\res\content\gameplay\japan\misc\JM137\JM137.model","SUCCESS","Offset: 0, Length: 429, Priority: Normal"
"10:34:58.2978000","worldofwarships.exe","4380","ReadFile","V:\Games\World of Warships\res\content\gameplay\japan\misc\JM137\JM137.model","SUCCESS","Offset: 0, Length: 429, I/O Flags: Non-cached, Paging I/O, Priority: Normal"
"10:34:58.2981571","worldofwarships.exe","4380","ReadFile","V:\Games\World of Warships\res\content\gameplay\japan\misc\JM137\JM137.model","SUCCESS","Offset: 0, Length: 429, Priority: Normal"
"10:34:58.4643696","worldofwarships.exe","4380","ReadFile","V:\Games\World of Warships\res\content\gameplay\japan\misc\JM220\JM220.model","SUCCESS","Offset: 0, Length: 454, Priority: Normal"
"10:34:58.4643907","worldofwarships.exe","4380","ReadFile","V:\Games\World of Warships\res\content\gameplay\japan\misc\JM220\JM220.model","SUCCESS","Offset: 0, Length: 454, I/O Flags: Non-cached, Paging I/O, Priority: Normal"
"10:34:58.4646877","worldofwarships.exe","4380","ReadFile","V:\Games\World of Warships\res\content\gameplay\japan\misc\JM220\JM220.model","SUCCESS","Offset: 0, Length: 454, Priority: Normal"
"10:34:58.6234335","worldofwarships.exe","4380","ReadFile","V:\Games\World of Warships\res\content\gameplay\japan\misc\JM043\JM043.model","SUCCESS","Offset: 0, Length: 612, Priority: Normal"
"10:34:58.6234558","worldofwarships.exe","4380","ReadFile","V:\Games\World of Warships\res\content\gameplay\japan\misc\JM043\JM043.model","SUCCESS","Offset: 0, Length: 612, I/O Flags: Non-cached, Paging I/O, Priority: Normal"
"10:34:58.6239306","worldofwarships.exe","4380","ReadFile","V:\Games\World of Warships\res\content\gameplay\japan\misc\JM043\JM043.model","SUCCESS","Offset: 0, Length: 612, Priority: Normal"
"10:34:58.7429265","worldofwarships.exe","4380","ReadFile","V:\Games\World of Warships\res\content\gameplay\common\misc\CM033\CM033.model","SUCCESS","Offset: 0, Length: 891, Priority: Normal"
"10:34:58.7429499","worldofwarships.exe","4380","ReadFile","V:\Games\World of Warships\res\content\gameplay\common\misc\CM033\CM033.model","SUCCESS","Offset: 0, Length: 891, I/O Flags: Non-cached, Paging I/O, Priority: Normal"
"10:34:58.7508252","worldofwarships.exe","4380","ReadFile","V:\Games\World of Warships\res\content\gameplay\common\misc\CM033\CM033.model","SUCCESS","Offset: 0, Length: 891, Priority: Normal"
"10:34:58.9063029","worldofwarships.exe","4380","ReadFile","V:\Games\World of Warships\res\content\gameplay\japan\misc\JM082\JM082.model","SUCCESS","Offset: 0, Length: 612, Priority: Normal"
"10:34:58.9063246","worldofwarships.exe","4380","ReadFile","V:\Games\World of Warships\res\content\gameplay\japan\misc\JM082\JM082.model","SUCCESS","Offset: 0, Length: 612, I/O Flags: Non-cached, Paging I/O, Priority: Normal"
"10:34:58.9065740","worldofwarships.exe","4380","ReadFile","V:\Games\World of Warships\res\content\gameplay\japan\misc\JM082\JM082.model","SUCCESS","Offset: 0, Length: 612, Priority: Normal"
"10:34:59.0400674","worldofwarships.exe","4380","ReadFile","V:\Games\World of Warships\res\content\gameplay\common\misc\CM005\CM005.model","SUCCESS","Offset: 0, Length: 468, Priority: Normal"
"10:34:59.0400892","worldofwarships.exe","4380","ReadFile","V:\Games\World of Warships\res\content\gameplay\common\misc\CM005\CM005.model","SUCCESS","Offset: 0, Length: 468, I/O Flags: Non-cached, Paging I/O, Priority: Normal"
"10:34:59.0404137","worldofwarships.exe","4380","ReadFile","V:\Games\World of Warships\res\content\gameplay\common\misc\CM005\CM005.model","SUCCESS","Offset: 0, Length: 468, Priority: Normal"
"10:34:59.1565900","worldofwarships.exe","4380","ReadFile","V:\Games\World of Warships\res\content\gameplay\japan\misc\JM007\JM007.model","SUCCESS","Offset: 0, Length: 612, Priority: Normal"
"10:34:59.1566134","worldofwarships.exe","4380","ReadFile","V:\Games\World of Warships\res\content\gameplay\japan\misc\JM007\JM007.model","SUCCESS","Offset: 0, Length: 612, I/O Flags: Non-cached, Paging I/O, Priority: Normal"
"10:34:59.1688728","worldofwarships.exe","4380","ReadFile","V:\Games\World of Warships\res\content\gameplay\japan\misc\JM007\JM007.model","SUCCESS","Offset: 0, Length: 612, Priority: Normal"
"10:34:59.3567105","worldofwarships.exe","4380","ReadFile","V:\Games\World of Warships\res\content\gameplay\common\misc\CM002\CM002.model","SUCCESS","Offset: 0, Length: 891, Priority: Normal"
"10:34:59.3567336","worldofwarships.exe","4380","ReadFile","V:\Games\World of Warships\res\content\gameplay\common\misc\CM002\CM002.model","SUCCESS","Offset: 0, Length: 891, I/O Flags: Non-cached, Paging I/O, Priority: Normal"
"10:34:59.3668157","worldofwarships.exe","4380","ReadFile","V:\Games\World of Warships\res\content\gameplay\common\misc\CM002\CM002.model","SUCCESS","Offset: 0, Length: 891, Priority: Normal"
"10:34:59.5062961","worldofwarships.exe","4380","ReadFile","V:\Games\World of Warships\res\content\gameplay\japan\misc\JM044\JM044.model","SUCCESS","Offset: 0, Length: 612, Priority: Normal"
"10:34:59.5063185","worldofwarships.exe","4380","ReadFile","V:\Games\World of Warships\res\content\gameplay\japan\misc\JM044\JM044.model","SUCCESS","Offset: 0, Length: 612, I/O Flags: Non-cached, Paging I/O, Priority: Normal"
"10:34:59.5073262","worldofwarships.exe","4380","ReadFile","V:\Games\World of Warships\res\content\gameplay\japan\misc\JM044\JM044.model","SUCCESS","Offset: 0, Length: 612, Priority: Normal"
