﻿"Time of Day","Process Name","PID","Operation","Path","Result","Detail"
"10:31:21.9325174","worldofwarships.exe","4380","ReadFile","V:\Games\World of Warships\res\content\gameplay\russia\ship\cruiser\RSC003_Murmansk_1944\RSC003_Murmansk_1944.model","SUCCESS","Offset: 0, Length: 602, Priority: Normal"
"10:31:21.9325394","worldofwarships.exe","4380","ReadFile","V:\Games\World of Warships\res\content\gameplay\russia\ship\cruiser\RSC003_Murmansk_1944\RSC003_Murmansk_1944.model","SUCCESS","Offset: 0, Length: 602, I/O Flags: Non-cached, Paging I/O, Priority: Normal"
"10:31:21.9507156","worldofwarships.exe","4380","ReadFile","V:\Games\World of Warships\res\content\gameplay\russia\ship\cruiser\RSC003_Murmansk_1944\RSC003_Murmansk_1944.model","SUCCESS","Offset: 0, Length: 602, Priority: Normal"
"10:31:21.9510723","worldofwarships.exe","4380","ReadFile","V:\Games\World of Warships\res\content\gameplay\russia\ship\cruiser\RSC003_Murmansk_1944\RSC003_Murmansk_1944_Bow.model","SUCCESS","Offset: 0, Length: 611, Priority: Normal"
"10:31:21.9510925","worldofwarships.exe","4380","ReadFile","V:\Games\World of Warships\res\content\gameplay\russia\ship\cruiser\RSC003_Murmansk_1944\RSC003_Murmansk_1944_Bow.model","SUCCESS","Offset: 0, Length: 611, I/O Flags: Non-cached, Paging I/O, Priority: Normal"
"10:31:21.9516810","worldofwarships.exe","4380","ReadFile","V:\Games\World of Warships\res\content\gameplay\russia\ship\cruiser\RSC003_Murmansk_1944\RSC003_Murmansk_1944_Bow.model","SUCCESS","Offset: 0, Length: 611, Priority: Normal"
"10:31:21.9520154","worldofwarships.exe","4380","ReadFile","V:\Games\World of Warships\res\content\gameplay\russia\ship\cruiser\RSC003_Murmansk_1944\RSC003_Murmansk_1944_Bow_ports.model","SUCCESS","Offset: 0, Length: 517, Priority: Normal"
"10:31:21.9520333","worldofwarships.exe","4380","ReadFile","V:\Games\World of Warships\res\content\gameplay\russia\ship\cruiser\RSC003_Murmansk_1944\RSC003_Murmansk_1944_Bow_ports.model","SUCCESS","Offset: 0, Length: 517, I/O Flags: Non-cached, Paging I/O, Priority: Normal"
"10:31:21.9522957","worldofwarships.exe","4380","ReadFile","V:\Games\World of Warships\res\content\gameplay\russia\ship\cruiser\RSC003_Murmansk_1944\RSC003_Murmansk_1944_Bow_ports.model","SUCCESS","Offset: 0, Length: 517, Priority: Normal"
"10:31:21.9614019","worldofwarships.exe","4380","ReadFile","V:\Games\World of Warships\res\content\gameplay\russia\ship\cruiser\RSC003_Murmansk_1944\RSC003_Murmansk_1944_MidBack.model","SUCCESS","Offset: 0, Length: 627, Priority: Normal"
"10:31:21.9614258","worldofwarships.exe","4380","ReadFile","V:\Games\World of Warships\res\content\gameplay\russia\ship\cruiser\RSC003_Murmansk_1944\RSC003_Murmansk_1944_MidBack.model","SUCCESS","Offset: 0, Length: 627, I/O Flags: Non-cached, Paging I/O, Priority: Normal"
"10:31:21.9621330","worldofwarships.exe","4380","ReadFile","V:\Games\World of Warships\res\content\gameplay\russia\ship\cruiser\RSC003_Murmansk_1944\RSC003_Murmansk_1944_MidBack.model","SUCCESS","Offset: 0, Length: 627, Priority: Normal"
"10:31:21.9624910","worldofwarships.exe","4380","ReadFile","V:\Games\World of Warships\res\content\gameplay\russia\ship\cruiser\RSC003_Murmansk_1944\RSC003_Murmansk_1944_MidBack_ports.model","SUCCESS","Offset: 0, Length: 529, Priority: Normal"
"10:31:21.9625086","worldofwarships.exe","4380","ReadFile","V:\Games\World of Warships\res\content\gameplay\russia\ship\cruiser\RSC003_Murmansk_1944\RSC003_Murmansk_1944_MidBack_ports.model","SUCCESS","Offset: 0, Length: 529, I/O Flags: Non-cached, Paging I/O, Priority: Normal"
"10:31:21.9762028","worldofwarships.exe","4380","ReadFile","V:\Games\World of Warships\res\content\gameplay\russia\ship\cruiser\RSC003_Murmansk_1944\RSC003_Murmansk_1944_MidBack_ports.model","SUCCESS","Offset: 0, Length: 529, Priority: Normal"
"10:31:21.9765273","worldofwarships.exe","4380","ReadFile","V:\Games\World of Warships\res\content\gameplay\russia\ship\cruiser\RSC003_Murmansk_1944\RSC003_Murmansk_1944_MidFront.model","SUCCESS","Offset: 0, Length: 631, Priority: Normal"
"10:31:21.9765464","worldofwarships.exe","4380","ReadFile","V:\Games\World of Warships\res\content\gameplay\russia\ship\cruiser\RSC003_Murmansk_1944\RSC003_Murmansk_1944_MidFront.model","SUCCESS","Offset: 0, Length: 631, I/O Flags: Non-cached, Paging I/O, Priority: Normal"
"10:31:21.9771334","worldofwarships.exe","4380","ReadFile","V:\Games\World of Warships\res\content\gameplay\russia\ship\cruiser\RSC003_Murmansk_1944\RSC003_Murmansk_1944_MidFront.model","SUCCESS","Offset: 0, Length: 631, Priority: Normal"
"10:31:21.9774348","worldofwarships.exe","4380","ReadFile","V:\Games\World of Warships\res\content\gameplay\russia\ship\cruiser\RSC003_Murmansk_1944\RSC003_Murmansk_1944_MidFront_ports.model","SUCCESS","Offset: 0, Length: 480, Priority: Normal"
"10:31:21.9774527","worldofwarships.exe","4380","ReadFile","V:\Games\World of Warships\res\content\gameplay\russia\ship\cruiser\RSC003_Murmansk_1944\RSC003_Murmansk_1944_MidFront_ports.model","SUCCESS","Offset: 0, Length: 480, I/O Flags: Non-cached, Paging I/O, Priority: Normal"
"10:31:21.9776826","worldofwarships.exe","4380","ReadFile","V:\Games\World of Warships\res\content\gameplay\russia\ship\cruiser\RSC003_Murmansk_1944\RSC003_Murmansk_1944_MidFront_ports.model","SUCCESS","Offset: 0, Length: 480, Priority: Normal"
"10:31:21.9779559","worldofwarships.exe","4380","ReadFile","V:\Games\World of Warships\res\content\gameplay\russia\ship\cruiser\RSC003_Murmansk_1944\RSC003_Murmansk_1944_Stern.model","SUCCESS","Offset: 0, Length: 619, Priority: Normal"
"10:31:21.9779725","worldofwarships.exe","4380","ReadFile","V:\Games\World of Warships\res\content\gameplay\russia\ship\cruiser\RSC003_Murmansk_1944\RSC003_Murmansk_1944_Stern.model","SUCCESS","Offset: 0, Length: 619, I/O Flags: Non-cached, Paging I/O, Priority: Normal"
"10:31:21.9784943","worldofwarships.exe","4380","ReadFile","V:\Games\World of Warships\res\content\gameplay\russia\ship\cruiser\RSC003_Murmansk_1944\RSC003_Murmansk_1944_Stern.model","SUCCESS","Offset: 0, Length: 619, Priority: Normal"
"10:31:21.9787791","worldofwarships.exe","4380","ReadFile","V:\Games\World of Warships\res\content\gameplay\russia\ship\cruiser\RSC003_Murmansk_1944\RSC003_Murmansk_1944_Stern_ports.model","SUCCESS","Offset: 0, Length: 523, Priority: Normal"
"10:31:21.9787957","worldofwarships.exe","4380","ReadFile","V:\Games\World of Warships\res\content\gameplay\russia\ship\cruiser\RSC003_Murmansk_1944\RSC003_Murmansk_1944_Stern_ports.model","SUCCESS","Offset: 0, Length: 523, I/O Flags: Non-cached, Paging I/O, Priority: Normal"
"10:31:21.9791928","worldofwarships.exe","4380","ReadFile","V:\Games\World of Warships\res\content\gameplay\russia\ship\cruiser\RSC003_Murmansk_1944\RSC003_Murmansk_1944_Stern_ports.model","SUCCESS","Offset: 0, Length: 523, Priority: Normal"
"10:31:21.9806125","worldofwarships.exe","4380","ReadFile","V:\Games\World of Warships\res\content\gameplay\russia\gun\main\RGM017_6in53_Mk13_Single\RGM017_6in53_Mk13_Single.model","SUCCESS","Offset: 0, Length: 611, Priority: Normal"
"10:31:21.9806304","worldofwarships.exe","4380","ReadFile","V:\Games\World of Warships\res\content\gameplay\russia\gun\main\RGM017_6in53_Mk13_Single\RGM017_6in53_Mk13_Single.model","SUCCESS","Offset: 0, Length: 611, I/O Flags: Non-cached, Paging I/O, Priority: Normal"
"10:31:21.9941609","worldofwarships.exe","4380","ReadFile","V:\Games\World of Warships\res\content\gameplay\russia\gun\main\RGM017_6in53_Mk13_Single\RGM017_6in53_Mk13_Single.model","SUCCESS","Offset: 0, Length: 611, Priority: Normal"
"10:31:21.9948981","worldofwarships.exe","4380","ReadFile","V:\Games\World of Warships\res\content\gameplay\russia\gun\main\RGM015_6in53_Mk16_Twin\RGM015_6in53_Mk16_Twin.model","SUCCESS","Offset: 0, Length: 599, Priority: Normal"
"10:31:21.9949166","worldofwarships.exe","4380","ReadFile","V:\Games\World of Warships\res\content\gameplay\russia\gun\main\RGM015_6in53_Mk16_Twin\RGM015_6in53_Mk16_Twin.model","SUCCESS","Offset: 0, Length: 599, I/O Flags: Non-cached, Paging I/O, Priority: Normal"
"10:31:22.0034764","worldofwarships.exe","4380","ReadFile","V:\Games\World of Warships\res\content\gameplay\russia\gun\main\RGM015_6in53_Mk16_Twin\RGM015_6in53_Mk16_Twin.model","SUCCESS","Offset: 0, Length: 599, Priority: Normal"
"10:31:22.0042101","worldofwarships.exe","4380","ReadFile","V:\Games\World of Warships\res\content\gameplay\russia\gun\main\RGM016_6in53_Mk13_Single\RGM016_6in53_Mk13_Single.model","SUCCESS","Offset: 0, Length: 610, Priority: Normal"
"10:31:22.0042286","worldofwarships.exe","4380","ReadFile","V:\Games\World of Warships\res\content\gameplay\russia\gun\main\RGM016_6in53_Mk13_Single\RGM016_6in53_Mk13_Single.model","SUCCESS","Offset: 0, Length: 610, I/O Flags: Non-cached, Paging I/O, Priority: Normal"
"10:31:22.0046953","worldofwarships.exe","4380","ReadFile","V:\Games\World of Warships\res\content\gameplay\russia\gun\main\RGM016_6in53_Mk13_Single\RGM016_6in53_Mk13_Single.model","SUCCESS","Offset: 0, Length: 610, Priority: Normal"
"10:31:22.0057183","worldofwarships.exe","4380","ReadFile","V:\Games\World of Warships\res\content\gameplay\russia\gun\torpedo\RGT018_21in_Torpedo_Tubes_Triple\RGT018_21in_Torpedo_Tubes_Triple.model","SUCCESS","Offset: 0, Length: 665, Priority: Normal"
"10:31:22.0057349","worldofwarships.exe","4380","ReadFile","V:\Games\World of Warships\res\content\gameplay\russia\gun\torpedo\RGT018_21in_Torpedo_Tubes_Triple\RGT018_21in_Torpedo_Tubes_Triple.model","SUCCESS","Offset: 0, Length: 665, I/O Flags: Non-cached, Paging I/O, Priority: Normal"
"10:31:22.0067777","worldofwarships.exe","4380","ReadFile","V:\Games\World of Warships\res\content\gameplay\russia\gun\torpedo\RGT018_21in_Torpedo_Tubes_Triple\RGT018_21in_Torpedo_Tubes_Triple.model","SUCCESS","Offset: 0, Length: 665, Priority: Normal"
"10:31:22.0079184","worldofwarships.exe","4380","ReadFile","V:\Games\World of Warships\res\content\gameplay\russia\gun\aaircraft\RGA012_20mm_Oerlikon_MK4\RGA012_20mm_Oerlikon_MK4.model","SUCCESS","Offset: 0, Length: 585, Priority: Normal"
"10:31:22.0079360","worldofwarships.exe","4380","ReadFile","V:\Games\World of Warships\res\content\gameplay\russia\gun\aaircraft\RGA012_20mm_Oerlikon_MK4\RGA012_20mm_Oerlikon_MK4.model","SUCCESS","Offset: 0, Length: 585, I/O Flags: Non-cached, Paging I/O, Priority: Normal"
"10:31:22.0207248","worldofwarships.exe","4380","ReadFile","V:\Games\World of Warships\res\content\gameplay\russia\gun\aaircraft\RGA012_20mm_Oerlikon_MK4\RGA012_20mm_Oerlikon_MK4.model","SUCCESS","Offset: 0, Length: 585, Priority: Normal"
"10:31:22.0214984","worldofwarships.exe","4380","ReadFile","V:\Games\World of Warships\res\content\gameplay\russia\gun\aaircraft\RGA011_40mm_Bofors_Mk1\RGA011_40mm_Bofors_Mk1.model","SUCCESS","Offset: 0, Length: 572, Priority: Normal"
"10:31:22.0215179","worldofwarships.exe","4380","ReadFile","V:\Games\World of Warships\res\content\gameplay\russia\gun\aaircraft\RGA011_40mm_Bofors_Mk1\RGA011_40mm_Bofors_Mk1.model","SUCCESS","Offset: 0, Length: 572, I/O Flags: Non-cached, Paging I/O, Priority: Normal"
"10:31:22.0311745","worldofwarships.exe","4380","ReadFile","V:\Games\World of Warships\res\content\gameplay\russia\gun\aaircraft\RGA011_40mm_Bofors_Mk1\RGA011_40mm_Bofors_Mk1.model","SUCCESS","Offset: 0, Length: 572, Priority: Normal"
"10:31:22.0319993","worldofwarships.exe","4380","ReadFile","V:\Games\World of Warships\res\content\gameplay\russia\gun\aaircraft\RGA013_3in50_Mk22_Mod2\RGA013_3in50_Mk22_Mod2.model","SUCCESS","Offset: 0, Length: 572, Priority: Normal"
"10:31:22.0320188","worldofwarships.exe","4380","ReadFile","V:\Games\World of Warships\res\content\gameplay\russia\gun\aaircraft\RGA013_3in50_Mk22_Mod2\RGA013_3in50_Mk22_Mod2.model","SUCCESS","Offset: 0, Length: 572, I/O Flags: Non-cached, Paging I/O, Priority: Normal"
"10:31:22.0405387","worldofwarships.exe","4380","ReadFile","V:\Games\World of Warships\res\content\gameplay\russia\gun\aaircraft\RGA013_3in50_Mk22_Mod2\RGA013_3in50_Mk22_Mod2.model","SUCCESS","Offset: 0, Length: 572, Priority: Normal"
"10:31:22.0564265","worldofwarships.exe","4380","ReadFile","V:\Games\World of Warships\res\content\gameplay\russia\director\RD007_Torpedo_director\RD007_Torpedo_director.model","SUCCESS","Offset: 0, Length: 563, Priority: Normal"
"10:31:22.0564479","worldofwarships.exe","4380","ReadFile","V:\Games\World of Warships\res\content\gameplay\russia\director\RD007_Torpedo_director\RD007_Torpedo_director.model","SUCCESS","Offset: 0, Length: 563, I/O Flags: Non-cached, Paging I/O, Priority: Normal"
"10:31:22.0568072","worldofwarships.exe","4380","ReadFile","V:\Games\World of Warships\res\content\gameplay\russia\director\RD007_Torpedo_director\RD007_Torpedo_director.model","SUCCESS","Offset: 0, Length: 563, Priority: Normal"
"10:31:22.0726919","worldofwarships.exe","4380","ReadFile","V:\Games\World of Warships\res\content\gameplay\russia\director\RD013_Director_mk16\RD013_Director_mk16.model","SUCCESS","Offset: 0, Length: 543, Priority: Normal"
"10:31:22.0727178","worldofwarships.exe","4380","ReadFile","V:\Games\World of Warships\res\content\gameplay\russia\director\RD013_Director_mk16\RD013_Director_mk16.model","SUCCESS","Offset: 0, Length: 543, I/O Flags: Non-cached, Paging I/O, Priority: Normal"
"10:31:22.0731056","worldofwarships.exe","4380","ReadFile","V:\Games\World of Warships\res\content\gameplay\russia\director\RD013_Director_mk16\RD013_Director_mk16.model","SUCCESS","Offset: 0, Length: 543, Priority: Normal"
"10:31:22.0742037","worldofwarships.exe","4380","ReadFile","V:\Games\World of Warships\res\content\gameplay\russia\director\RD005_Director_Mk51\RD005_Director_Mk51.model","SUCCESS","Offset: 0, Length: 545, Priority: Normal"
"10:31:22.0742206","worldofwarships.exe","4380","ReadFile","V:\Games\World of Warships\res\content\gameplay\russia\director\RD005_Director_Mk51\RD005_Director_Mk51.model","SUCCESS","Offset: 0, Length: 545, I/O Flags: Non-cached, Paging I/O, Priority: Normal"
"10:31:22.0745064","worldofwarships.exe","4380","ReadFile","V:\Games\World of Warships\res\content\gameplay\russia\director\RD005_Director_Mk51\RD005_Director_Mk51.model","SUCCESS","Offset: 0, Length: 545, Priority: Normal"
"10:31:22.0755054","worldofwarships.exe","4380","ReadFile","V:\Games\World of Warships\res\content\gameplay\russia\director\RD006_Director_Mk7\RD006_Director_Mk7.model","SUCCESS","Offset: 0, Length: 539, Priority: Normal"
"10:31:22.0755220","worldofwarships.exe","4380","ReadFile","V:\Games\World of Warships\res\content\gameplay\russia\director\RD006_Director_Mk7\RD006_Director_Mk7.model","SUCCESS","Offset: 0, Length: 539, I/O Flags: Non-cached, Paging I/O, Priority: Normal"
"10:31:22.0758069","worldofwarships.exe","4380","ReadFile","V:\Games\World of Warships\res\content\gameplay\russia\director\RD006_Director_Mk7\RD006_Director_Mk7.model","SUCCESS","Offset: 0, Length: 539, Priority: Normal"
"10:31:22.0771303","worldofwarships.exe","4380","ReadFile","V:\Games\World of Warships\res\content\gameplay\russia\finder\RF008_Rangefinder_6m\RF008_Rangefinder_6m.model","SUCCESS","Offset: 0, Length: 547, Priority: Normal"
"10:31:22.0771470","worldofwarships.exe","4380","ReadFile","V:\Games\World of Warships\res\content\gameplay\russia\finder\RF008_Rangefinder_6m\RF008_Rangefinder_6m.model","SUCCESS","Offset: 0, Length: 547, I/O Flags: Non-cached, Paging I/O, Priority: Normal"
"10:31:22.0774238","worldofwarships.exe","4380","ReadFile","V:\Games\World of Warships\res\content\gameplay\russia\finder\RF008_Rangefinder_6m\RF008_Rangefinder_6m.model","SUCCESS","Offset: 0, Length: 547, Priority: Normal"
"10:31:22.0782908","worldofwarships.exe","4380","ReadFile","V:\Games\World of Warships\res\content\gameplay\russia\finder\RF009_Rangefinder_3_6m\RF009_Rangefinder_3_6m.model","SUCCESS","Offset: 0, Length: 559, Priority: Normal"
"10:31:22.0783074","worldofwarships.exe","4380","ReadFile","V:\Games\World of Warships\res\content\gameplay\russia\finder\RF009_Rangefinder_3_6m\RF009_Rangefinder_3_6m.model","SUCCESS","Offset: 0, Length: 559, I/O Flags: Non-cached, Paging I/O, Priority: Normal"
"10:31:22.0786789","worldofwarships.exe","4380","ReadFile","V:\Games\World of Warships\res\content\gameplay\russia\finder\RF009_Rangefinder_3_6m\RF009_Rangefinder_3_6m.model","SUCCESS","Offset: 0, Length: 559, Priority: Normal"
"10:31:22.0797958","worldofwarships.exe","4380","ReadFile","V:\Games\World of Warships\res\content\gameplay\russia\catapult\RC001_Catapult_1\RC001_Catapult_1.model","SUCCESS","Offset: 0, Length: 562, Priority: Normal"
"10:31:22.0798137","worldofwarships.exe","4380","ReadFile","V:\Games\World of Warships\res\content\gameplay\russia\catapult\RC001_Catapult_1\RC001_Catapult_1.model","SUCCESS","Offset: 0, Length: 562, I/O Flags: Non-cached, Paging I/O, Priority: Normal"
"10:31:22.0894256","worldofwarships.exe","4380","ReadFile","V:\Games\World of Warships\res\content\gameplay\russia\catapult\RC001_Catapult_1\RC001_Catapult_1.model","SUCCESS","Offset: 0, Length: 562, Priority: Normal"
"10:31:22.1091733","worldofwarships.exe","4380","ReadFile","V:\Games\World of Warships\res\content\gameplay\usa\projectile\torpedo\APT001_Torpedo_533mm_Mk_15\APT001_Torpedo_533mm_Mk_15.model","SUCCESS","Offset: 0, Length: 726, Priority: Normal"
"10:31:22.1091950","worldofwarships.exe","4380","ReadFile","V:\Games\World of Warships\res\content\gameplay\usa\projectile\torpedo\APT001_Torpedo_533mm_Mk_15\APT001_Torpedo_533mm_Mk_15.model","SUCCESS","Offset: 0, Length: 726, I/O Flags: Non-cached, Paging I/O, Priority: Normal"
"10:31:22.1130440","worldofwarships.exe","4380","ReadFile","V:\Games\World of Warships\res\content\gameplay\usa\projectile\torpedo\APT001_Torpedo_533mm_Mk_15\APT001_Torpedo_533mm_Mk_15.model","SUCCESS","Offset: 0, Length: 726, Priority: Normal"
"10:31:22.1220468","worldofwarships.exe","4380","ReadFile","V:\Games\World of Warships\res\content\gameplay\russia\aircraft\scout\RAS001_KOR_2\RAS001_KOR_2.model","SUCCESS","Offset: 0, Length: 937, Priority: Normal"
"10:31:22.1220667","worldofwarships.exe","4380","ReadFile","V:\Games\World of Warships\res\content\gameplay\russia\aircraft\scout\RAS001_KOR_2\RAS001_KOR_2.model","SUCCESS","Offset: 0, Length: 937, I/O Flags: Non-cached, Paging I/O, Priority: Normal"
"10:31:22.1272075","worldofwarships.exe","4380","ReadFile","V:\Games\World of Warships\res\content\gameplay\russia\aircraft\scout\RAS001_KOR_2\RAS001_KOR_2.model","SUCCESS","Offset: 0, Length: 937, Priority: Normal"
"10:31:24.7211156","worldofwarships.exe","4380","ReadFile","V:\Games\World of Warships\res\content\gameplay\russia\misc\RM075\RM075.model","SUCCESS","Offset: 0, Length: 451, Priority: Normal"
"10:31:24.7211421","worldofwarships.exe","4380","ReadFile","V:\Games\World of Warships\res\content\gameplay\russia\misc\RM075\RM075.model","SUCCESS","Offset: 0, Length: 451, I/O Flags: Non-cached, Paging I/O, Priority: Normal"
"10:31:24.7213544","worldofwarships.exe","4380","ReadFile","V:\Games\World of Warships\res\content\gameplay\russia\misc\RM075\RM075.model","SUCCESS","Offset: 0, Length: 451, Priority: Normal"
"10:31:24.8845140","worldofwarships.exe","4380","ReadFile","V:\Games\World of Warships\res\content\gameplay\russia\misc\RM111\RM111.model","SUCCESS","Offset: 0, Length: 451, Priority: Normal"
"10:31:24.8845556","worldofwarships.exe","4380","ReadFile","V:\Games\World of Warships\res\content\gameplay\russia\misc\RM111\RM111.model","SUCCESS","Offset: 0, Length: 451, I/O Flags: Non-cached, Paging I/O, Priority: Normal"
"10:31:24.8848139","worldofwarships.exe","4380","ReadFile","V:\Games\World of Warships\res\content\gameplay\russia\misc\RM111\RM111.model","SUCCESS","Offset: 0, Length: 451, Priority: Normal"
"10:31:25.0160594","worldofwarships.exe","4380","ReadFile","V:\Games\World of Warships\res\content\gameplay\russia\misc\RM141\RM141.model","SUCCESS","Offset: 0, Length: 451, Priority: Normal"
"10:31:25.0160862","worldofwarships.exe","4380","ReadFile","V:\Games\World of Warships\res\content\gameplay\russia\misc\RM141\RM141.model","SUCCESS","Offset: 0, Length: 451, I/O Flags: Non-cached, Paging I/O, Priority: Normal"
"10:31:25.0168778","worldofwarships.exe","4380","ReadFile","V:\Games\World of Warships\res\content\gameplay\russia\misc\RM141\RM141.model","SUCCESS","Offset: 0, Length: 451, Priority: Normal"
"10:31:25.1497504","worldofwarships.exe","4380","ReadFile","V:\Games\World of Warships\res\content\gameplay\russia\misc\RM076\RM076.model","SUCCESS","Offset: 0, Length: 451, Priority: Normal"
"10:31:25.1497667","worldofwarships.exe","4380","ReadFile","V:\Games\World of Warships\res\content\gameplay\russia\misc\RM076\RM076.model","SUCCESS","Offset: 0, Length: 451, I/O Flags: Non-cached, Paging I/O, Priority: Normal"
"10:31:25.1499394","worldofwarships.exe","4380","ReadFile","V:\Games\World of Warships\res\content\gameplay\russia\misc\RM076\RM076.model","SUCCESS","Offset: 0, Length: 451, Priority: Normal"
"10:31:25.1802522","worldofwarships.exe","4380","ReadFile","V:\Games\World of Warships\res\content\gameplay\russia\misc\RM118\RM118.model","SUCCESS","Offset: 0, Length: 431, Priority: Normal"
"10:31:25.1802717","worldofwarships.exe","4380","ReadFile","V:\Games\World of Warships\res\content\gameplay\russia\misc\RM118\RM118.model","SUCCESS","Offset: 0, Length: 431, I/O Flags: Non-cached, Paging I/O, Priority: Normal"
"10:31:25.1804382","worldofwarships.exe","4380","ReadFile","V:\Games\World of Warships\res\content\gameplay\russia\misc\RM118\RM118.model","SUCCESS","Offset: 0, Length: 431, Priority: Normal"
"10:31:25.2698765","worldofwarships.exe","4380","ReadFile","V:\Games\World of Warships\res\content\gameplay\russia\radar\search\RRS011_Radar_SK\RRS011_Radar_SK.model","SUCCESS","Offset: 0, Length: 845, Priority: Normal"
"10:31:25.2699036","worldofwarships.exe","4380","ReadFile","V:\Games\World of Warships\res\content\gameplay\russia\radar\search\RRS011_Radar_SK\RRS011_Radar_SK.model","SUCCESS","Offset: 0, Length: 845, I/O Flags: Non-cached, Paging I/O, Priority: Normal"
"10:31:25.2861313","worldofwarships.exe","4380","ReadFile","V:\Games\World of Warships\res\content\gameplay\russia\radar\search\RRS011_Radar_SK\RRS011_Radar_SK.model","SUCCESS","Offset: 0, Length: 845, Priority: Normal"
"10:31:25.7242402","worldofwarships.exe","4380","ReadFile","V:\Games\World of Warships\res\content\gameplay\russia\radar\fcontrol\RRF012_Radar_Mk3\RRF012_Radar_Mk3.model","SUCCESS","Offset: 0, Length: 539, Priority: Normal"
"10:31:25.7242606","worldofwarships.exe","4380","ReadFile","V:\Games\World of Warships\res\content\gameplay\russia\radar\fcontrol\RRF012_Radar_Mk3\RRF012_Radar_Mk3.model","SUCCESS","Offset: 0, Length: 539, I/O Flags: Non-cached, Paging I/O, Priority: Normal"
"10:31:25.7245500","worldofwarships.exe","4380","ReadFile","V:\Games\World of Warships\res\content\gameplay\russia\radar\fcontrol\RRF012_Radar_Mk3\RRF012_Radar_Mk3.model","SUCCESS","Offset: 0, Length: 539, Priority: Normal"
"10:31:25.9498169","worldofwarships.exe","4380","ReadFile","V:\Games\World of Warships\res\content\gameplay\russia\radar\search\RRS010_Radar_SG\RRS010_Radar_SG.model","SUCCESS","Offset: 0, Length: 811, Priority: Normal"
"10:31:25.9498476","worldofwarships.exe","4380","ReadFile","V:\Games\World of Warships\res\content\gameplay\russia\radar\search\RRS010_Radar_SG\RRS010_Radar_SG.model","SUCCESS","Offset: 0, Length: 811, I/O Flags: Non-cached, Paging I/O, Priority: Normal"
"10:31:25.9602286","worldofwarships.exe","4380","ReadFile","V:\Games\World of Warships\res\content\gameplay\russia\radar\search\RRS010_Radar_SG\RRS010_Radar_SG.model","SUCCESS","Offset: 0, Length: 811, Priority: Normal"
"10:31:26.0917970","worldofwarships.exe","4380","ReadFile","V:\Games\World of Warships\res\content\gameplay\russia\finder\RF009_Rangefinder_3_6m\RF009_Rangefinder_3_6m.model","SUCCESS","Offset: 0, Length: 559, Priority: Normal"
"10:31:26.0919971","worldofwarships.exe","4380","ReadFile","V:\Games\World of Warships\res\content\gameplay\russia\finder\RF009_Rangefinder_3_6m\RF009_Rangefinder_3_6m.model","SUCCESS","Offset: 0, Length: 559, Priority: Normal"
"10:31:26.1663703","worldofwarships.exe","4380","ReadFile","V:\Games\World of Warships\res\content\gameplay\russia\finder\RF008_Rangefinder_6m\RF008_Rangefinder_6m.model","SUCCESS","Offset: 0, Length: 547, Priority: Normal"
"10:31:26.1670209","worldofwarships.exe","4380","ReadFile","V:\Games\World of Warships\res\content\gameplay\russia\finder\RF008_Rangefinder_6m\RF008_Rangefinder_6m.model","SUCCESS","Offset: 0, Length: 547, Priority: Normal"
"10:31:26.2018946","worldofwarships.exe","4380","ReadFile","V:\Games\World of Warships\res\content\gameplay\russia\director\RD007_Torpedo_director\RD007_Torpedo_director.model","SUCCESS","Offset: 0, Length: 563, Priority: Normal"
"10:31:26.2020842","worldofwarships.exe","4380","ReadFile","V:\Games\World of Warships\res\content\gameplay\russia\director\RD007_Torpedo_director\RD007_Torpedo_director.model","SUCCESS","Offset: 0, Length: 563, Priority: Normal"
"10:31:26.2647702","worldofwarships.exe","4380","ReadFile","V:\Games\World of Warships\res\content\gameplay\russia\director\RD006_Director_Mk7\RD006_Director_Mk7.model","SUCCESS","Offset: 0, Length: 539, Priority: Normal"
"10:31:26.2650454","worldofwarships.exe","4380","ReadFile","V:\Games\World of Warships\res\content\gameplay\russia\director\RD006_Director_Mk7\RD006_Director_Mk7.model","SUCCESS","Offset: 0, Length: 539, Priority: Normal"
"10:31:26.3312556","worldofwarships.exe","4380","ReadFile","V:\Games\World of Warships\res\content\gameplay\russia\director\RD005_Director_Mk51\RD005_Director_Mk51.model","SUCCESS","Offset: 0, Length: 545, Priority: Normal"
"10:31:26.3314845","worldofwarships.exe","4380","ReadFile","V:\Games\World of Warships\res\content\gameplay\russia\director\RD005_Director_Mk51\RD005_Director_Mk51.model","SUCCESS","Offset: 0, Length: 545, Priority: Normal"
"10:31:26.3976109","worldofwarships.exe","4380","ReadFile","V:\Games\World of Warships\res\content\gameplay\russia\director\RD013_Director_mk16\RD013_Director_mk16.model","SUCCESS","Offset: 0, Length: 543, Priority: Normal"
"10:31:26.3978916","worldofwarships.exe","4380","ReadFile","V:\Games\World of Warships\res\content\gameplay\russia\director\RD013_Director_mk16\RD013_Director_mk16.model","SUCCESS","Offset: 0, Length: 543, Priority: Normal"
"10:31:26.5682667","worldofwarships.exe","4380","ReadFile","V:\Games\World of Warships\res\content\gameplay\common\misc\CM011\CM011.model","SUCCESS","Offset: 0, Length: 577, Priority: Normal"
"10:31:26.5682875","worldofwarships.exe","4380","ReadFile","V:\Games\World of Warships\res\content\gameplay\common\misc\CM011\CM011.model","SUCCESS","Offset: 0, Length: 577, I/O Flags: Non-cached, Paging I/O, Priority: Normal"
"10:31:26.5685797","worldofwarships.exe","4380","ReadFile","V:\Games\World of Warships\res\content\gameplay\common\misc\CM011\CM011.model","SUCCESS","Offset: 0, Length: 577, Priority: Normal"
"10:31:26.6674772","worldofwarships.exe","4380","ReadFile","V:\Games\World of Warships\res\content\gameplay\russia\misc\RM110\RM110.model","SUCCESS","Offset: 0, Length: 451, Priority: Normal"
"10:31:26.6674983","worldofwarships.exe","4380","ReadFile","V:\Games\World of Warships\res\content\gameplay\russia\misc\RM110\RM110.model","SUCCESS","Offset: 0, Length: 451, I/O Flags: Non-cached, Paging I/O, Priority: Normal"
"10:31:26.6677790","worldofwarships.exe","4380","ReadFile","V:\Games\World of Warships\res\content\gameplay\russia\misc\RM110\RM110.model","SUCCESS","Offset: 0, Length: 451, Priority: Normal"
"10:31:26.8176185","worldofwarships.exe","4380","ReadFile","V:\Games\World of Warships\res\content\gameplay\russia\misc\RM143\RM143.model","SUCCESS","Offset: 0, Length: 451, Priority: Normal"
"10:31:26.8176469","worldofwarships.exe","4380","ReadFile","V:\Games\World of Warships\res\content\gameplay\russia\misc\RM143\RM143.model","SUCCESS","Offset: 0, Length: 451, I/O Flags: Non-cached, Paging I/O, Priority: Normal"
"10:31:26.8180382","worldofwarships.exe","4380","ReadFile","V:\Games\World of Warships\res\content\gameplay\russia\misc\RM143\RM143.model","SUCCESS","Offset: 0, Length: 451, Priority: Normal"
"10:31:26.8981695","worldofwarships.exe","4380","ReadFile","V:\Games\World of Warships\res\content\gameplay\russia\misc\RM114\RM114.model","SUCCESS","Offset: 0, Length: 451, Priority: Normal"
"10:31:26.8981884","worldofwarships.exe","4380","ReadFile","V:\Games\World of Warships\res\content\gameplay\russia\misc\RM114\RM114.model","SUCCESS","Offset: 0, Length: 451, I/O Flags: Non-cached, Paging I/O, Priority: Normal"
"10:31:26.8991641","worldofwarships.exe","4380","ReadFile","V:\Games\World of Warships\res\content\gameplay\russia\misc\RM114\RM114.model","SUCCESS","Offset: 0, Length: 451, Priority: Normal"
"10:31:27.0528397","worldofwarships.exe","4380","ReadFile","V:\Games\World of Warships\res\content\gameplay\russia\misc\RM162\RM162.model","SUCCESS","Offset: 0, Length: 451, Priority: Normal"
"10:31:27.0528592","worldofwarships.exe","4380","ReadFile","V:\Games\World of Warships\res\content\gameplay\russia\misc\RM162\RM162.model","SUCCESS","Offset: 0, Length: 451, I/O Flags: Non-cached, Paging I/O, Priority: Normal"
"10:31:27.0531888","worldofwarships.exe","4380","ReadFile","V:\Games\World of Warships\res\content\gameplay\russia\misc\RM162\RM162.model","SUCCESS","Offset: 0, Length: 451, Priority: Normal"
"10:31:27.1688834","worldofwarships.exe","4380","ReadFile","V:\Games\World of Warships\res\content\gameplay\russia\misc\RM121\RM121.model","SUCCESS","Offset: 0, Length: 451, Priority: Normal"
"10:31:27.1689054","worldofwarships.exe","4380","ReadFile","V:\Games\World of Warships\res\content\gameplay\russia\misc\RM121\RM121.model","SUCCESS","Offset: 0, Length: 451, I/O Flags: Non-cached, Paging I/O, Priority: Normal"
"10:31:27.1691640","worldofwarships.exe","4380","ReadFile","V:\Games\World of Warships\res\content\gameplay\russia\misc\RM121\RM121.model","SUCCESS","Offset: 0, Length: 451, Priority: Normal"
"10:31:27.2980848","worldofwarships.exe","4380","ReadFile","V:\Games\World of Warships\res\content\gameplay\russia\misc\RM145\RM145.model","SUCCESS","Offset: 0, Length: 451, Priority: Normal"
"10:31:27.2981066","worldofwarships.exe","4380","ReadFile","V:\Games\World of Warships\res\content\gameplay\russia\misc\RM145\RM145.model","SUCCESS","Offset: 0, Length: 451, I/O Flags: Non-cached, Paging I/O, Priority: Normal"
"10:31:27.2986708","worldofwarships.exe","4380","ReadFile","V:\Games\World of Warships\res\content\gameplay\russia\misc\RM145\RM145.model","SUCCESS","Offset: 0, Length: 451, Priority: Normal"
"10:31:27.4208517","worldofwarships.exe","4380","ReadFile","V:\Games\World of Warships\res\content\gameplay\common\misc\CM029\CM029.model","SUCCESS","Offset: 0, Length: 505, Priority: Normal"
"10:31:27.4208735","worldofwarships.exe","4380","ReadFile","V:\Games\World of Warships\res\content\gameplay\common\misc\CM029\CM029.model","SUCCESS","Offset: 0, Length: 505, I/O Flags: Non-cached, Paging I/O, Priority: Normal"
"10:31:27.4211679","worldofwarships.exe","4380","ReadFile","V:\Games\World of Warships\res\content\gameplay\common\misc\CM029\CM029.model","SUCCESS","Offset: 0, Length: 505, Priority: Normal"
"10:31:27.4694951","worldofwarships.exe","4380","ReadFile","V:\Games\World of Warships\res\content\gameplay\russia\misc\RM142\RM142.model","SUCCESS","Offset: 0, Length: 451, Priority: Normal"
"10:31:27.4695162","worldofwarships.exe","4380","ReadFile","V:\Games\World of Warships\res\content\gameplay\russia\misc\RM142\RM142.model","SUCCESS","Offset: 0, Length: 451, I/O Flags: Non-cached, Paging I/O, Priority: Normal"
"10:31:27.4697917","worldofwarships.exe","4380","ReadFile","V:\Games\World of Warships\res\content\gameplay\russia\misc\RM142\RM142.model","SUCCESS","Offset: 0, Length: 451, Priority: Normal"
"10:31:27.5981042","worldofwarships.exe","4380","ReadFile","V:\Games\World of Warships\res\content\gameplay\common\misc\CM012\CM012.model","SUCCESS","Offset: 0, Length: 614, Priority: Normal"
"10:31:27.5981262","worldofwarships.exe","4380","ReadFile","V:\Games\World of Warships\res\content\gameplay\common\misc\CM012\CM012.model","SUCCESS","Offset: 0, Length: 614, I/O Flags: Non-cached, Paging I/O, Priority: Normal"
"10:31:27.6047420","worldofwarships.exe","4380","ReadFile","V:\Games\World of Warships\res\content\gameplay\common\misc\CM012\CM012.model","SUCCESS","Offset: 0, Length: 614, Priority: Normal"
"10:31:27.6648191","worldofwarships.exe","4380","ReadFile","V:\Games\World of Warships\res\content\gameplay\common\misc\CM007\CM007.model","SUCCESS","Offset: 0, Length: 614, Priority: Normal"
"10:31:27.6648424","worldofwarships.exe","4380","ReadFile","V:\Games\World of Warships\res\content\gameplay\common\misc\CM007\CM007.model","SUCCESS","Offset: 0, Length: 614, I/O Flags: Non-cached, Paging I/O, Priority: Normal"
"10:31:27.6686818","worldofwarships.exe","4380","ReadFile","V:\Games\World of Warships\res\content\gameplay\common\misc\CM007\CM007.model","SUCCESS","Offset: 0, Length: 614, Priority: Normal"
"10:31:27.8367121","worldofwarships.exe","4380","ReadFile","V:\Games\World of Warships\res\content\gameplay\russia\misc\RM020\RM020.model","SUCCESS","Offset: 0, Length: 451, Priority: Normal"
"10:31:27.8367335","worldofwarships.exe","4380","ReadFile","V:\Games\World of Warships\res\content\gameplay\russia\misc\RM020\RM020.model","SUCCESS","Offset: 0, Length: 451, I/O Flags: Non-cached, Paging I/O, Priority: Normal"
"10:31:27.8371027","worldofwarships.exe","4380","ReadFile","V:\Games\World of Warships\res\content\gameplay\russia\misc\RM020\RM020.model","SUCCESS","Offset: 0, Length: 451, Priority: Normal"
"10:31:27.9647703","worldofwarships.exe","4380","ReadFile","V:\Games\World of Warships\res\content\gameplay\russia\misc\RM148\RM148.model","SUCCESS","Offset: 0, Length: 380, Priority: Normal"
"10:31:27.9647886","worldofwarships.exe","4380","ReadFile","V:\Games\World of Warships\res\content\gameplay\russia\misc\RM148\RM148.model","SUCCESS","Offset: 0, Length: 380, I/O Flags: Non-cached, Paging I/O, Priority: Normal"
"10:31:27.9650820","worldofwarships.exe","4380","ReadFile","V:\Games\World of Warships\res\content\gameplay\russia\misc\RM148\RM148.model","SUCCESS","Offset: 0, Length: 380, Priority: Normal"
"10:31:28.0719681","worldofwarships.exe","4380","ReadFile","V:\Games\World of Warships\res\content\gameplay\russia\misc\RM149\RM149.model","SUCCESS","Offset: 0, Length: 451, Priority: Normal"
"10:31:28.0719905","worldofwarships.exe","4380","ReadFile","V:\Games\World of Warships\res\content\gameplay\russia\misc\RM149\RM149.model","SUCCESS","Offset: 0, Length: 451, I/O Flags: Non-cached, Paging I/O, Priority: Normal"
"10:31:28.0723038","worldofwarships.exe","4380","ReadFile","V:\Games\World of Warships\res\content\gameplay\russia\misc\RM149\RM149.model","SUCCESS","Offset: 0, Length: 451, Priority: Normal"
"10:31:28.2161751","worldofwarships.exe","4380","ReadFile","V:\Games\World of Warships\res\content\gameplay\russia\misc\RM158\RM158.model","SUCCESS","Offset: 0, Length: 451, Priority: Normal"
"10:31:28.2161956","worldofwarships.exe","4380","ReadFile","V:\Games\World of Warships\res\content\gameplay\russia\misc\RM158\RM158.model","SUCCESS","Offset: 0, Length: 451, I/O Flags: Non-cached, Paging I/O, Priority: Normal"
"10:31:28.2165968","worldofwarships.exe","4380","ReadFile","V:\Games\World of Warships\res\content\gameplay\russia\misc\RM158\RM158.model","SUCCESS","Offset: 0, Length: 451, Priority: Normal"
"10:31:28.4171514","worldofwarships.exe","4380","ReadFile","V:\Games\World of Warships\res\content\gameplay\russia\misc\RM008\RM008.model","SUCCESS","Offset: 0, Length: 431, Priority: Normal"
"10:31:28.4171786","worldofwarships.exe","4380","ReadFile","V:\Games\World of Warships\res\content\gameplay\russia\misc\RM008\RM008.model","SUCCESS","Offset: 0, Length: 431, I/O Flags: Non-cached, Paging I/O, Priority: Normal"
"10:31:28.4175232","worldofwarships.exe","4380","ReadFile","V:\Games\World of Warships\res\content\gameplay\russia\misc\RM008\RM008.model","SUCCESS","Offset: 0, Length: 431, Priority: Normal"
"10:31:28.5649717","worldofwarships.exe","4380","ReadFile","V:\Games\World of Warships\res\content\gameplay\russia\misc\RM159\RM159.model","SUCCESS","Offset: 0, Length: 451, Priority: Normal"
"10:31:28.5649925","worldofwarships.exe","4380","ReadFile","V:\Games\World of Warships\res\content\gameplay\russia\misc\RM159\RM159.model","SUCCESS","Offset: 0, Length: 451, I/O Flags: Non-cached, Paging I/O, Priority: Normal"
"10:31:28.5653058","worldofwarships.exe","4380","ReadFile","V:\Games\World of Warships\res\content\gameplay\russia\misc\RM159\RM159.model","SUCCESS","Offset: 0, Length: 451, Priority: Normal"
"10:31:28.7394759","worldofwarships.exe","4380","ReadFile","V:\Games\World of Warships\res\content\gameplay\russia\misc\RM054\RM054.model","SUCCESS","Offset: 0, Length: 579, Priority: Normal"
"10:31:28.7395357","worldofwarships.exe","4380","ReadFile","V:\Games\World of Warships\res\content\gameplay\russia\misc\RM054\RM054.model","SUCCESS","Offset: 0, Length: 579, I/O Flags: Non-cached, Paging I/O, Priority: Normal"
"10:31:28.7512718","worldofwarships.exe","4380","ReadFile","V:\Games\World of Warships\res\content\gameplay\russia\misc\RM054\RM054.model","SUCCESS","Offset: 0, Length: 579, Priority: Normal"
"10:31:28.8593490","worldofwarships.exe","4380","ReadFile","V:\Games\World of Warships\res\content\gameplay\russia\misc\RM095\RM095.model","SUCCESS","Offset: 0, Length: 451, Priority: Normal"
"10:31:28.8593698","worldofwarships.exe","4380","ReadFile","V:\Games\World of Warships\res\content\gameplay\russia\misc\RM095\RM095.model","SUCCESS","Offset: 0, Length: 451, I/O Flags: Non-cached, Paging I/O, Priority: Normal"
"10:31:28.8597473","worldofwarships.exe","4380","ReadFile","V:\Games\World of Warships\res\content\gameplay\russia\misc\RM095\RM095.model","SUCCESS","Offset: 0, Length: 451, Priority: Normal"
"10:31:29.0988824","worldofwarships.exe","4380","ReadFile","V:\Games\World of Warships\res\content\gameplay\russia\misc\RM153\RM153.model","SUCCESS","Offset: 0, Length: 451, Priority: Normal"
"10:31:29.0989102","worldofwarships.exe","4380","ReadFile","V:\Games\World of Warships\res\content\gameplay\russia\misc\RM153\RM153.model","SUCCESS","Offset: 0, Length: 451, I/O Flags: Non-cached, Paging I/O, Priority: Normal"
"10:31:29.0992507","worldofwarships.exe","4380","ReadFile","V:\Games\World of Warships\res\content\gameplay\russia\misc\RM153\RM153.model","SUCCESS","Offset: 0, Length: 451, Priority: Normal"
"10:31:29.2287501","worldofwarships.exe","4380","ReadFile","V:\Games\World of Warships\res\content\gameplay\russia\misc\RM139\RM139.model","SUCCESS","Offset: 0, Length: 451, Priority: Normal"
"10:31:29.2287958","worldofwarships.exe","4380","ReadFile","V:\Games\World of Warships\res\content\gameplay\russia\misc\RM139\RM139.model","SUCCESS","Offset: 0, Length: 451, I/O Flags: Non-cached, Paging I/O, Priority: Normal"
"10:31:29.2291660","worldofwarships.exe","4380","ReadFile","V:\Games\World of Warships\res\content\gameplay\russia\misc\RM139\RM139.model","SUCCESS","Offset: 0, Length: 451, Priority: Normal"
"10:31:29.3705083","worldofwarships.exe","4380","ReadFile","V:\Games\World of Warships\res\content\gameplay\common\misc\CM051\CM051.model","SUCCESS","Offset: 0, Length: 575, Priority: Normal"
"10:31:29.3705307","worldofwarships.exe","4380","ReadFile","V:\Games\World of Warships\res\content\gameplay\common\misc\CM051\CM051.model","SUCCESS","Offset: 0, Length: 575, I/O Flags: Non-cached, Paging I/O, Priority: Normal"
"10:31:29.3708820","worldofwarships.exe","4380","ReadFile","V:\Games\World of Warships\res\content\gameplay\common\misc\CM051\CM051.model","SUCCESS","Offset: 0, Length: 575, Priority: Normal"
"10:31:29.4651976","worldofwarships.exe","4380","ReadFile","V:\Games\World of Warships\res\content\gameplay\russia\misc\RM130\RM130.model","SUCCESS","Offset: 0, Length: 451, Priority: Normal"
"10:31:29.4652181","worldofwarships.exe","4380","ReadFile","V:\Games\World of Warships\res\content\gameplay\russia\misc\RM130\RM130.model","SUCCESS","Offset: 0, Length: 451, I/O Flags: Non-cached, Paging I/O, Priority: Normal"
"10:31:29.4654994","worldofwarships.exe","4380","ReadFile","V:\Games\World of Warships\res\content\gameplay\russia\misc\RM130\RM130.model","SUCCESS","Offset: 0, Length: 451, Priority: Normal"
"10:31:29.5309621","worldofwarships.exe","4380","ReadFile","V:\Games\World of Warships\res\content\gameplay\russia\misc\RM002\RM002.model","SUCCESS","Offset: 0, Length: 582, Priority: Normal"
"10:31:29.5309839","worldofwarships.exe","4380","ReadFile","V:\Games\World of Warships\res\content\gameplay\russia\misc\RM002\RM002.model","SUCCESS","Offset: 0, Length: 582, I/O Flags: Non-cached, Paging I/O, Priority: Normal"
"10:31:29.5313678","worldofwarships.exe","4380","ReadFile","V:\Games\World of Warships\res\content\gameplay\russia\misc\RM002\RM002.model","SUCCESS","Offset: 0, Length: 582, Priority: Normal"
"10:31:29.7345036","worldofwarships.exe","4380","ReadFile","V:\Games\World of Warships\res\content\gameplay\common\misc\CM014\CM014.model","SUCCESS","Offset: 0, Length: 614, Priority: Normal"
"10:31:29.7345250","worldofwarships.exe","4380","ReadFile","V:\Games\World of Warships\res\content\gameplay\common\misc\CM014\CM014.model","SUCCESS","Offset: 0, Length: 614, I/O Flags: Non-cached, Paging I/O, Priority: Normal"
"10:31:29.7348159","worldofwarships.exe","4380","ReadFile","V:\Games\World of Warships\res\content\gameplay\common\misc\CM014\CM014.model","SUCCESS","Offset: 0, Length: 614, Priority: Normal"
"10:31:29.8896718","worldofwarships.exe","4380","ReadFile","V:\Games\World of Warships\res\content\gameplay\russia\misc\RM100\RM100.model","SUCCESS","Offset: 0, Length: 451, Priority: Normal"
"10:31:29.8896996","worldofwarships.exe","4380","ReadFile","V:\Games\World of Warships\res\content\gameplay\russia\misc\RM100\RM100.model","SUCCESS","Offset: 0, Length: 451, I/O Flags: Non-cached, Paging I/O, Priority: Normal"
"10:31:29.8901327","worldofwarships.exe","4380","ReadFile","V:\Games\World of Warships\res\content\gameplay\russia\misc\RM100\RM100.model","SUCCESS","Offset: 0, Length: 451, Priority: Normal"
"10:31:30.0852483","worldofwarships.exe","4380","ReadFile","V:\Games\World of Warships\res\content\gameplay\russia\misc\RM124\RM124.model","SUCCESS","Offset: 0, Length: 451, Priority: Normal"
"10:31:30.0852685","worldofwarships.exe","4380","ReadFile","V:\Games\World of Warships\res\content\gameplay\russia\misc\RM124\RM124.model","SUCCESS","Offset: 0, Length: 451, I/O Flags: Non-cached, Paging I/O, Priority: Normal"
"10:31:30.0856380","worldofwarships.exe","4380","ReadFile","V:\Games\World of Warships\res\content\gameplay\russia\misc\RM124\RM124.model","SUCCESS","Offset: 0, Length: 451, Priority: Normal"
"10:31:30.1697673","worldofwarships.exe","4380","ReadFile","V:\Games\World of Warships\res\content\gameplay\russia\misc\RM097\RM097.model","SUCCESS","Offset: 0, Length: 451, Priority: Normal"
"10:31:30.1697874","worldofwarships.exe","4380","ReadFile","V:\Games\World of Warships\res\content\gameplay\russia\misc\RM097\RM097.model","SUCCESS","Offset: 0, Length: 451, I/O Flags: Non-cached, Paging I/O, Priority: Normal"
"10:31:30.1701177","worldofwarships.exe","4380","ReadFile","V:\Games\World of Warships\res\content\gameplay\russia\misc\RM097\RM097.model","SUCCESS","Offset: 0, Length: 451, Priority: Normal"
"10:31:30.3033014","worldofwarships.exe","4380","ReadFile","V:\Games\World of Warships\res\content\gameplay\usa\misc\AM015\AM015.model","SUCCESS","Offset: 0, Length: 607, Priority: Normal"
"10:31:30.3033222","worldofwarships.exe","4380","ReadFile","V:\Games\World of Warships\res\content\gameplay\usa\misc\AM015\AM015.model","SUCCESS","Offset: 0, Length: 607, I/O Flags: Non-cached, Paging I/O, Priority: Normal"
"10:31:30.3036792","worldofwarships.exe","4380","ReadFile","V:\Games\World of Warships\res\content\gameplay\usa\misc\AM015\AM015.model","SUCCESS","Offset: 0, Length: 607, Priority: Normal"
"10:31:30.3846910","worldofwarships.exe","4380","ReadFile","V:\Games\World of Warships\res\content\gameplay\russia\misc\RM120\RM120.model","SUCCESS","Offset: 0, Length: 451, Priority: Normal"
"10:31:30.3847089","worldofwarships.exe","4380","ReadFile","V:\Games\World of Warships\res\content\gameplay\russia\misc\RM120\RM120.model","SUCCESS","Offset: 0, Length: 451, I/O Flags: Non-cached, Paging I/O, Priority: Normal"
"10:31:30.3849374","worldofwarships.exe","4380","ReadFile","V:\Games\World of Warships\res\content\gameplay\russia\misc\RM120\RM120.model","SUCCESS","Offset: 0, Length: 451, Priority: Normal"
"10:31:30.5177967","worldofwarships.exe","4380","ReadFile","V:\Games\World of Warships\res\content\gameplay\common\misc\CM001\CM001.model","SUCCESS","Offset: 0, Length: 891, Priority: Normal"
"10:31:30.5178191","worldofwarships.exe","4380","ReadFile","V:\Games\World of Warships\res\content\gameplay\common\misc\CM001\CM001.model","SUCCESS","Offset: 0, Length: 891, I/O Flags: Non-cached, Paging I/O, Priority: Normal"
"10:31:30.5299558","worldofwarships.exe","4380","ReadFile","V:\Games\World of Warships\res\content\gameplay\common\misc\CM001\CM001.model","SUCCESS","Offset: 0, Length: 891, Priority: Normal"
"10:31:30.6625017","worldofwarships.exe","4380","ReadFile","V:\Games\World of Warships\res\content\gameplay\russia\misc\RM115\RM115.model","SUCCESS","Offset: 0, Length: 451, Priority: Normal"
"10:31:30.6625279","worldofwarships.exe","4380","ReadFile","V:\Games\World of Warships\res\content\gameplay\russia\misc\RM115\RM115.model","SUCCESS","Offset: 0, Length: 451, I/O Flags: Non-cached, Paging I/O, Priority: Normal"
"10:31:30.6628751","worldofwarships.exe","4380","ReadFile","V:\Games\World of Warships\res\content\gameplay\russia\misc\RM115\RM115.model","SUCCESS","Offset: 0, Length: 451, Priority: Normal"
"10:31:30.7316034","worldofwarships.exe","4380","ReadFile","V:\Games\World of Warships\res\content\gameplay\russia\misc\RM109\RM109.model","SUCCESS","Offset: 0, Length: 451, Priority: Normal"
"10:31:30.7316229","worldofwarships.exe","4380","ReadFile","V:\Games\World of Warships\res\content\gameplay\russia\misc\RM109\RM109.model","SUCCESS","Offset: 0, Length: 451, I/O Flags: Non-cached, Paging I/O, Priority: Normal"
"10:31:30.7319192","worldofwarships.exe","4380","ReadFile","V:\Games\World of Warships\res\content\gameplay\russia\misc\RM109\RM109.model","SUCCESS","Offset: 0, Length: 451, Priority: Normal"
"10:31:30.8650796","worldofwarships.exe","4380","ReadFile","V:\Games\World of Warships\res\content\gameplay\russia\misc\RM152\RM152.model","SUCCESS","Offset: 0, Length: 451, Priority: Normal"
"10:31:30.8650991","worldofwarships.exe","4380","ReadFile","V:\Games\World of Warships\res\content\gameplay\russia\misc\RM152\RM152.model","SUCCESS","Offset: 0, Length: 451, I/O Flags: Non-cached, Paging I/O, Priority: Normal"
"10:31:30.8657094","worldofwarships.exe","4380","ReadFile","V:\Games\World of Warships\res\content\gameplay\russia\misc\RM152\RM152.model","SUCCESS","Offset: 0, Length: 451, Priority: Normal"
"10:31:31.0814879","worldofwarships.exe","4380","ReadFile","V:\Games\World of Warships\res\content\gameplay\russia\misc\RM138\RM138.model","SUCCESS","Offset: 0, Length: 451, Priority: Normal"
"10:31:31.0815077","worldofwarships.exe","4380","ReadFile","V:\Games\World of Warships\res\content\gameplay\russia\misc\RM138\RM138.model","SUCCESS","Offset: 0, Length: 451, I/O Flags: Non-cached, Paging I/O, Priority: Normal"
"10:31:31.0818159","worldofwarships.exe","4380","ReadFile","V:\Games\World of Warships\res\content\gameplay\russia\misc\RM138\RM138.model","SUCCESS","Offset: 0, Length: 451, Priority: Normal"
"10:31:31.2646516","worldofwarships.exe","4380","ReadFile","V:\Games\World of Warships\res\content\gameplay\russia\misc\RM137\RM137.model","SUCCESS","Offset: 0, Length: 451, Priority: Normal"
"10:31:31.2646717","worldofwarships.exe","4380","ReadFile","V:\Games\World of Warships\res\content\gameplay\russia\misc\RM137\RM137.model","SUCCESS","Offset: 0, Length: 451, I/O Flags: Non-cached, Paging I/O, Priority: Normal"
"10:31:31.2649764","worldofwarships.exe","4380","ReadFile","V:\Games\World of Warships\res\content\gameplay\russia\misc\RM137\RM137.model","SUCCESS","Offset: 0, Length: 451, Priority: Normal"
"10:31:31.3676024","worldofwarships.exe","4380","ReadFile","V:\Games\World of Warships\res\content\gameplay\common\misc\CM004\CM004.model","SUCCESS","Offset: 0, Length: 614, Priority: Normal"
"10:31:31.3676248","worldofwarships.exe","4380","ReadFile","V:\Games\World of Warships\res\content\gameplay\common\misc\CM004\CM004.model","SUCCESS","Offset: 0, Length: 614, I/O Flags: Non-cached, Paging I/O, Priority: Normal"
"10:31:31.3678661","worldofwarships.exe","4380","ReadFile","V:\Games\World of Warships\res\content\gameplay\common\misc\CM004\CM004.model","SUCCESS","Offset: 0, Length: 614, Priority: Normal"
"10:31:31.5294229","worldofwarships.exe","4380","ReadFile","V:\Games\World of Warships\res\content\gameplay\russia\misc\RM073\RM073.model","SUCCESS","Offset: 0, Length: 451, Priority: Normal"
"10:31:31.5294468","worldofwarships.exe","4380","ReadFile","V:\Games\World of Warships\res\content\gameplay\russia\misc\RM073\RM073.model","SUCCESS","Offset: 0, Length: 451, I/O Flags: Non-cached, Paging I/O, Priority: Normal"
"10:31:31.5297413","worldofwarships.exe","4380","ReadFile","V:\Games\World of Warships\res\content\gameplay\russia\misc\RM073\RM073.model","SUCCESS","Offset: 0, Length: 451, Priority: Normal"
"10:31:31.6598628","worldofwarships.exe","4380","ReadFile","V:\Games\World of Warships\res\content\gameplay\russia\misc\RM105\RM105.model","SUCCESS","Offset: 0, Length: 451, Priority: Normal"
"10:31:31.6598835","worldofwarships.exe","4380","ReadFile","V:\Games\World of Warships\res\content\gameplay\russia\misc\RM105\RM105.model","SUCCESS","Offset: 0, Length: 451, I/O Flags: Non-cached, Paging I/O, Priority: Normal"
"10:31:31.6601875","worldofwarships.exe","4380","ReadFile","V:\Games\World of Warships\res\content\gameplay\russia\misc\RM105\RM105.model","SUCCESS","Offset: 0, Length: 451, Priority: Normal"
"10:31:31.7875457","worldofwarships.exe","4380","ReadFile","V:\Games\World of Warships\res\content\gameplay\russia\misc\RM086\RM086.model","SUCCESS","Offset: 0, Length: 451, Priority: Normal"
"10:31:31.7875659","worldofwarships.exe","4380","ReadFile","V:\Games\World of Warships\res\content\gameplay\russia\misc\RM086\RM086.model","SUCCESS","Offset: 0, Length: 451, I/O Flags: Non-cached, Paging I/O, Priority: Normal"
"10:31:31.7878929","worldofwarships.exe","4380","ReadFile","V:\Games\World of Warships\res\content\gameplay\russia\misc\RM086\RM086.model","SUCCESS","Offset: 0, Length: 451, Priority: Normal"
"10:31:31.8902165","worldofwarships.exe","4380","ReadFile","V:\Games\World of Warships\res\content\gameplay\russia\misc\RM129\RM129.model","SUCCESS","Offset: 0, Length: 451, Priority: Normal"
"10:31:31.8902472","worldofwarships.exe","4380","ReadFile","V:\Games\World of Warships\res\content\gameplay\russia\misc\RM129\RM129.model","SUCCESS","Offset: 0, Length: 451, I/O Flags: Non-cached, Paging I/O, Priority: Normal"
"10:31:31.8905761","worldofwarships.exe","4380","ReadFile","V:\Games\World of Warships\res\content\gameplay\russia\misc\RM129\RM129.model","SUCCESS","Offset: 0, Length: 451, Priority: Normal"
"10:31:31.9652774","worldofwarships.exe","4380","ReadFile","V:\Games\World of Warships\res\content\gameplay\russia\misc\RM082\RM082.model","SUCCESS","Offset: 0, Length: 451, Priority: Normal"
"10:31:31.9652988","worldofwarships.exe","4380","ReadFile","V:\Games\World of Warships\res\content\gameplay\russia\misc\RM082\RM082.model","SUCCESS","Offset: 0, Length: 451, I/O Flags: Non-cached, Paging I/O, Priority: Normal"
"10:31:31.9660577","worldofwarships.exe","4380","ReadFile","V:\Games\World of Warships\res\content\gameplay\russia\misc\RM082\RM082.model","SUCCESS","Offset: 0, Length: 451, Priority: Normal"
"10:31:32.1012311","worldofwarships.exe","4380","ReadFile","V:\Games\World of Warships\res\content\gameplay\common\misc\CM032\CM032.model","SUCCESS","Offset: 0, Length: 891, Priority: Normal"
"10:31:32.1012541","worldofwarships.exe","4380","ReadFile","V:\Games\World of Warships\res\content\gameplay\common\misc\CM032\CM032.model","SUCCESS","Offset: 0, Length: 891, I/O Flags: Non-cached, Paging I/O, Priority: Normal"
"10:31:32.1114983","worldofwarships.exe","4380","ReadFile","V:\Games\World of Warships\res\content\gameplay\common\misc\CM032\CM032.model","SUCCESS","Offset: 0, Length: 891, Priority: Normal"
"10:31:32.2983089","worldofwarships.exe","4380","ReadFile","V:\Games\World of Warships\res\content\gameplay\russia\misc\RM144\RM144.model","SUCCESS","Offset: 0, Length: 451, Priority: Normal"
"10:31:32.2983281","worldofwarships.exe","4380","ReadFile","V:\Games\World of Warships\res\content\gameplay\russia\misc\RM144\RM144.model","SUCCESS","Offset: 0, Length: 451, I/O Flags: Non-cached, Paging I/O, Priority: Normal"
"10:31:32.2992878","worldofwarships.exe","4380","ReadFile","V:\Games\World of Warships\res\content\gameplay\russia\misc\RM144\RM144.model","SUCCESS","Offset: 0, Length: 451, Priority: Normal"
"10:31:32.5314436","worldofwarships.exe","4380","ReadFile","V:\Games\World of Warships\res\content\gameplay\russia\misc\RM128\RM128.model","SUCCESS","Offset: 0, Length: 431, Priority: Normal"
"10:31:32.5314672","worldofwarships.exe","4380","ReadFile","V:\Games\World of Warships\res\content\gameplay\russia\misc\RM128\RM128.model","SUCCESS","Offset: 0, Length: 431, I/O Flags: Non-cached, Paging I/O, Priority: Normal"
"10:31:32.5318918","worldofwarships.exe","4380","ReadFile","V:\Games\World of Warships\res\content\gameplay\russia\misc\RM128\RM128.model","SUCCESS","Offset: 0, Length: 431, Priority: Normal"
"10:31:32.5652774","worldofwarships.exe","4380","ReadFile","V:\Games\World of Warships\res\content\gameplay\russia\misc\RM094\RM094.model","SUCCESS","Offset: 0, Length: 451, Priority: Normal"
"10:31:32.5652988","worldofwarships.exe","4380","ReadFile","V:\Games\World of Warships\res\content\gameplay\russia\misc\RM094\RM094.model","SUCCESS","Offset: 0, Length: 451, I/O Flags: Non-cached, Paging I/O, Priority: Normal"
"10:31:32.5655609","worldofwarships.exe","4380","ReadFile","V:\Games\World of Warships\res\content\gameplay\russia\misc\RM094\RM094.model","SUCCESS","Offset: 0, Length: 451, Priority: Normal"
"10:31:32.7146127","worldofwarships.exe","4380","ReadFile","V:\Games\World of Warships\res\content\gameplay\russia\misc\RM127\RM127.model","SUCCESS","Offset: 0, Length: 451, Priority: Normal"
"10:31:32.7146354","worldofwarships.exe","4380","ReadFile","V:\Games\World of Warships\res\content\gameplay\russia\misc\RM127\RM127.model","SUCCESS","Offset: 0, Length: 451, I/O Flags: Non-cached, Paging I/O, Priority: Normal"
"10:31:32.7148777","worldofwarships.exe","4380","ReadFile","V:\Games\World of Warships\res\content\gameplay\russia\misc\RM127\RM127.model","SUCCESS","Offset: 0, Length: 451, Priority: Normal"
"10:31:32.7894485","worldofwarships.exe","4380","ReadFile","V:\Games\World of Warships\res\content\gameplay\russia\misc\RM066\RM066.model","SUCCESS","Offset: 0, Length: 451, Priority: Normal"
"10:31:32.7894766","worldofwarships.exe","4380","ReadFile","V:\Games\World of Warships\res\content\gameplay\russia\misc\RM066\RM066.model","SUCCESS","Offset: 0, Length: 451, I/O Flags: Non-cached, Paging I/O, Priority: Normal"
"10:31:32.7898772","worldofwarships.exe","4380","ReadFile","V:\Games\World of Warships\res\content\gameplay\russia\misc\RM066\RM066.model","SUCCESS","Offset: 0, Length: 451, Priority: Normal"
"10:31:32.9317872","worldofwarships.exe","4380","ReadFile","V:\Games\World of Warships\res\content\gameplay\russia\misc\RM067\RM067.model","SUCCESS","Offset: 0, Length: 451, Priority: Normal"
"10:31:32.9318061","worldofwarships.exe","4380","ReadFile","V:\Games\World of Warships\res\content\gameplay\russia\misc\RM067\RM067.model","SUCCESS","Offset: 0, Length: 451, I/O Flags: Non-cached, Paging I/O, Priority: Normal"
"10:31:32.9320494","worldofwarships.exe","4380","ReadFile","V:\Games\World of Warships\res\content\gameplay\russia\misc\RM067\RM067.model","SUCCESS","Offset: 0, Length: 451, Priority: Normal"
"10:31:32.9983954","worldofwarships.exe","4380","ReadFile","V:\Games\World of Warships\res\content\gameplay\russia\misc\RM065\RM065.model","SUCCESS","Offset: 0, Length: 451, Priority: Normal"
"10:31:32.9984149","worldofwarships.exe","4380","ReadFile","V:\Games\World of Warships\res\content\gameplay\russia\misc\RM065\RM065.model","SUCCESS","Offset: 0, Length: 451, I/O Flags: Non-cached, Paging I/O, Priority: Normal"
"10:31:32.9986559","worldofwarships.exe","4380","ReadFile","V:\Games\World of Warships\res\content\gameplay\russia\misc\RM065\RM065.model","SUCCESS","Offset: 0, Length: 451, Priority: Normal"
"10:31:33.0848276","worldofwarships.exe","4380","ReadFile","V:\Games\World of Warships\res\content\gameplay\russia\misc\RM185\RM185.model","SUCCESS","Offset: 0, Length: 453, Priority: Normal"
"10:31:33.0848535","worldofwarships.exe","4380","ReadFile","V:\Games\World of Warships\res\content\gameplay\russia\misc\RM185\RM185.model","SUCCESS","Offset: 0, Length: 453, I/O Flags: Non-cached, Paging I/O, Priority: Normal"
"10:31:33.0852212","worldofwarships.exe","4380","ReadFile","V:\Games\World of Warships\res\content\gameplay\russia\misc\RM185\RM185.model","SUCCESS","Offset: 0, Length: 453, Priority: Normal"
"10:31:33.1810965","worldofwarships.exe","4380","ReadFile","V:\Games\World of Warships\res\content\gameplay\russia\misc\RM030\RM030.model","SUCCESS","Offset: 0, Length: 581, Priority: Normal"
"10:31:33.1811198","worldofwarships.exe","4380","ReadFile","V:\Games\World of Warships\res\content\gameplay\russia\misc\RM030\RM030.model","SUCCESS","Offset: 0, Length: 581, I/O Flags: Non-cached, Paging I/O, Priority: Normal"
"10:31:33.1814158","worldofwarships.exe","4380","ReadFile","V:\Games\World of Warships\res\content\gameplay\russia\misc\RM030\RM030.model","SUCCESS","Offset: 0, Length: 581, Priority: Normal"
"10:31:33.3406293","worldofwarships.exe","4380","ReadFile","V:\Games\World of Warships\res\content\gameplay\russia\misc\RM117\RM117.model","SUCCESS","Offset: 0, Length: 451, Priority: Normal"
"10:31:33.3406555","worldofwarships.exe","4380","ReadFile","V:\Games\World of Warships\res\content\gameplay\russia\misc\RM117\RM117.model","SUCCESS","Offset: 0, Length: 451, I/O Flags: Non-cached, Paging I/O, Priority: Normal"
"10:31:33.3410465","worldofwarships.exe","4380","ReadFile","V:\Games\World of Warships\res\content\gameplay\russia\misc\RM117\RM117.model","SUCCESS","Offset: 0, Length: 451, Priority: Normal"
"10:31:33.5125501","worldofwarships.exe","4380","ReadFile","V:\Games\World of Warships\res\content\gameplay\russia\misc\RM085\RM085.model","SUCCESS","Offset: 0, Length: 451, Priority: Normal"
"10:31:33.5125741","worldofwarships.exe","4380","ReadFile","V:\Games\World of Warships\res\content\gameplay\russia\misc\RM085\RM085.model","SUCCESS","Offset: 0, Length: 451, I/O Flags: Non-cached, Paging I/O, Priority: Normal"
"10:31:33.5129676","worldofwarships.exe","4380","ReadFile","V:\Games\World of Warships\res\content\gameplay\russia\misc\RM085\RM085.model","SUCCESS","Offset: 0, Length: 451, Priority: Normal"
"10:31:33.5576498","worldofwarships.exe","4380","ReadFile","V:\Games\World of Warships\res\content\gameplay\usa\misc\AM374\AM374.model","SUCCESS","Offset: 0, Length: 572, Priority: Normal"
"10:31:33.5576709","worldofwarships.exe","4380","ReadFile","V:\Games\World of Warships\res\content\gameplay\usa\misc\AM374\AM374.model","SUCCESS","Offset: 0, Length: 572, I/O Flags: Non-cached, Paging I/O, Priority: Normal"
"10:31:33.5579659","worldofwarships.exe","4380","ReadFile","V:\Games\World of Warships\res\content\gameplay\usa\misc\AM374\AM374.model","SUCCESS","Offset: 0, Length: 572, Priority: Normal"
"10:31:33.7481466","worldofwarships.exe","4380","ReadFile","V:\Games\World of Warships\res\content\gameplay\russia\misc\RM116\RM116.model","SUCCESS","Offset: 0, Length: 451, Priority: Normal"
"10:31:33.7481677","worldofwarships.exe","4380","ReadFile","V:\Games\World of Warships\res\content\gameplay\russia\misc\RM116\RM116.model","SUCCESS","Offset: 0, Length: 451, I/O Flags: Non-cached, Paging I/O, Priority: Normal"
"10:31:33.7487933","worldofwarships.exe","4380","ReadFile","V:\Games\World of Warships\res\content\gameplay\russia\misc\RM116\RM116.model","SUCCESS","Offset: 0, Length: 451, Priority: Normal"
"10:31:33.8522604","worldofwarships.exe","4380","ReadFile","V:\Games\World of Warships\res\content\gameplay\russia\misc\RM080\RM080.model","SUCCESS","Offset: 0, Length: 451, Priority: Normal"
"10:31:33.8522860","worldofwarships.exe","4380","ReadFile","V:\Games\World of Warships\res\content\gameplay\russia\misc\RM080\RM080.model","SUCCESS","Offset: 0, Length: 451, I/O Flags: Non-cached, Paging I/O, Priority: Normal"
"10:31:33.8526028","worldofwarships.exe","4380","ReadFile","V:\Games\World of Warships\res\content\gameplay\russia\misc\RM080\RM080.model","SUCCESS","Offset: 0, Length: 451, Priority: Normal"
"10:31:34.0316384","worldofwarships.exe","4380","ReadFile","V:\Games\World of Warships\res\content\gameplay\russia\misc\RM099\RM099.model","SUCCESS","Offset: 0, Length: 451, Priority: Normal"
"10:31:34.0316585","worldofwarships.exe","4380","ReadFile","V:\Games\World of Warships\res\content\gameplay\russia\misc\RM099\RM099.model","SUCCESS","Offset: 0, Length: 451, I/O Flags: Non-cached, Paging I/O, Priority: Normal"
"10:31:34.0319236","worldofwarships.exe","4380","ReadFile","V:\Games\World of Warships\res\content\gameplay\russia\misc\RM099\RM099.model","SUCCESS","Offset: 0, Length: 451, Priority: Normal"
"10:31:34.1410679","worldofwarships.exe","4380","ReadFile","V:\Games\World of Warships\res\content\gameplay\russia\misc\RM131\RM131.model","SUCCESS","Offset: 0, Length: 451, Priority: Normal"
"10:31:34.1410867","worldofwarships.exe","4380","ReadFile","V:\Games\World of Warships\res\content\gameplay\russia\misc\RM131\RM131.model","SUCCESS","Offset: 0, Length: 451, I/O Flags: Non-cached, Paging I/O, Priority: Normal"
"10:31:34.1413588","worldofwarships.exe","4380","ReadFile","V:\Games\World of Warships\res\content\gameplay\russia\misc\RM131\RM131.model","SUCCESS","Offset: 0, Length: 451, Priority: Normal"
"10:31:34.2317915","worldofwarships.exe","4380","ReadFile","V:\Games\World of Warships\res\content\gameplay\russia\misc\RM093\RM093.model","SUCCESS","Offset: 0, Length: 451, Priority: Normal"
"10:31:34.2318149","worldofwarships.exe","4380","ReadFile","V:\Games\World of Warships\res\content\gameplay\russia\misc\RM093\RM093.model","SUCCESS","Offset: 0, Length: 451, I/O Flags: Non-cached, Paging I/O, Priority: Normal"
"10:31:34.2321429","worldofwarships.exe","4380","ReadFile","V:\Games\World of Warships\res\content\gameplay\russia\misc\RM093\RM093.model","SUCCESS","Offset: 0, Length: 451, Priority: Normal"
"10:31:34.2999786","worldofwarships.exe","4380","ReadFile","V:\Games\World of Warships\res\content\gameplay\russia\misc\RM092\RM092.model","SUCCESS","Offset: 0, Length: 451, Priority: Normal"
"10:31:34.3000000","worldofwarships.exe","4380","ReadFile","V:\Games\World of Warships\res\content\gameplay\russia\misc\RM092\RM092.model","SUCCESS","Offset: 0, Length: 451, I/O Flags: Non-cached, Paging I/O, Priority: Normal"
"10:31:34.3002628","worldofwarships.exe","4380","ReadFile","V:\Games\World of Warships\res\content\gameplay\russia\misc\RM092\RM092.model","SUCCESS","Offset: 0, Length: 451, Priority: Normal"
"10:31:34.3731080","worldofwarships.exe","4380","ReadFile","V:\Games\World of Warships\res\content\gameplay\usa\misc\AM465\AM465.model","SUCCESS","Offset: 0, Length: 572, Priority: Normal"
"10:31:34.3731297","worldofwarships.exe","4380","ReadFile","V:\Games\World of Warships\res\content\gameplay\usa\misc\AM465\AM465.model","SUCCESS","Offset: 0, Length: 572, I/O Flags: Non-cached, Paging I/O, Priority: Normal"
"10:31:34.3734212","worldofwarships.exe","4380","ReadFile","V:\Games\World of Warships\res\content\gameplay\usa\misc\AM465\AM465.model","SUCCESS","Offset: 0, Length: 572, Priority: Normal"
"10:31:34.5949396","worldofwarships.exe","4380","ReadFile","V:\Games\World of Warships\res\content\gameplay\russia\misc\RM003\RM003.model","SUCCESS","Offset: 0, Length: 582, Priority: Normal"
"10:31:34.5949607","worldofwarships.exe","4380","ReadFile","V:\Games\World of Warships\res\content\gameplay\russia\misc\RM003\RM003.model","SUCCESS","Offset: 0, Length: 582, I/O Flags: Non-cached, Paging I/O, Priority: Normal"
"10:31:34.5952587","worldofwarships.exe","4380","ReadFile","V:\Games\World of Warships\res\content\gameplay\russia\misc\RM003\RM003.model","SUCCESS","Offset: 0, Length: 582, Priority: Normal"
"10:31:34.7317859","worldofwarships.exe","4380","ReadFile","V:\Games\World of Warships\res\content\gameplay\russia\misc\RM101\RM101.model","SUCCESS","Offset: 0, Length: 451, Priority: Normal"
"10:31:34.7318064","worldofwarships.exe","4380","ReadFile","V:\Games\World of Warships\res\content\gameplay\russia\misc\RM101\RM101.model","SUCCESS","Offset: 0, Length: 451, I/O Flags: Non-cached, Paging I/O, Priority: Normal"
"10:31:34.7323377","worldofwarships.exe","4380","ReadFile","V:\Games\World of Warships\res\content\gameplay\russia\misc\RM101\RM101.model","SUCCESS","Offset: 0, Length: 451, Priority: Normal"
"10:31:34.8147541","worldofwarships.exe","4380","ReadFile","V:\Games\World of Warships\res\content\gameplay\russia\misc\RM125\RM125.model","SUCCESS","Offset: 0, Length: 451, Priority: Normal"
"10:31:34.8147762","worldofwarships.exe","4380","ReadFile","V:\Games\World of Warships\res\content\gameplay\russia\misc\RM125\RM125.model","SUCCESS","Offset: 0, Length: 451, I/O Flags: Non-cached, Paging I/O, Priority: Normal"
"10:31:34.8151138","worldofwarships.exe","4380","ReadFile","V:\Games\World of Warships\res\content\gameplay\russia\misc\RM125\RM125.model","SUCCESS","Offset: 0, Length: 451, Priority: Normal"
"10:31:34.9151171","worldofwarships.exe","4380","ReadFile","V:\Games\World of Warships\res\content\gameplay\russia\misc\RM103\RM103.model","SUCCESS","Offset: 0, Length: 451, Priority: Normal"
"10:31:34.9151379","worldofwarships.exe","4380","ReadFile","V:\Games\World of Warships\res\content\gameplay\russia\misc\RM103\RM103.model","SUCCESS","Offset: 0, Length: 451, I/O Flags: Non-cached, Paging I/O, Priority: Normal"
"10:31:34.9153946","worldofwarships.exe","4380","ReadFile","V:\Games\World of Warships\res\content\gameplay\russia\misc\RM103\RM103.model","SUCCESS","Offset: 0, Length: 451, Priority: Normal"
"10:31:34.9686394","worldofwarships.exe","4380","ReadFile","V:\Games\World of Warships\res\content\gameplay\russia\misc\RM102\RM102.model","SUCCESS","Offset: 0, Length: 451, Priority: Normal"
"10:31:34.9686631","worldofwarships.exe","4380","ReadFile","V:\Games\World of Warships\res\content\gameplay\russia\misc\RM102\RM102.model","SUCCESS","Offset: 0, Length: 451, I/O Flags: Non-cached, Paging I/O, Priority: Normal"
"10:31:34.9689588","worldofwarships.exe","4380","ReadFile","V:\Games\World of Warships\res\content\gameplay\russia\misc\RM102\RM102.model","SUCCESS","Offset: 0, Length: 451, Priority: Normal"
"10:31:35.0211976","worldofwarships.exe","4380","ReadFile","V:\Games\World of Warships\res\content\gameplay\russia\misc\RM096\RM096.model","SUCCESS","Offset: 0, Length: 451, Priority: Normal"
"10:31:35.0212190","worldofwarships.exe","4380","ReadFile","V:\Games\World of Warships\res\content\gameplay\russia\misc\RM096\RM096.model","SUCCESS","Offset: 0, Length: 451, I/O Flags: Non-cached, Paging I/O, Priority: Normal"
"10:31:35.0215502","worldofwarships.exe","4380","ReadFile","V:\Games\World of Warships\res\content\gameplay\russia\misc\RM096\RM096.model","SUCCESS","Offset: 0, Length: 451, Priority: Normal"
"10:31:35.1482693","worldofwarships.exe","4380","ReadFile","V:\Games\World of Warships\res\content\gameplay\russia\misc\RM087\RM087.model","SUCCESS","Offset: 0, Length: 451, Priority: Normal"
"10:31:35.1482888","worldofwarships.exe","4380","ReadFile","V:\Games\World of Warships\res\content\gameplay\russia\misc\RM087\RM087.model","SUCCESS","Offset: 0, Length: 451, I/O Flags: Non-cached, Paging I/O, Priority: Normal"
"10:31:35.1486389","worldofwarships.exe","4380","ReadFile","V:\Games\World of Warships\res\content\gameplay\russia\misc\RM087\RM087.model","SUCCESS","Offset: 0, Length: 451, Priority: Normal"
"10:31:35.2485480","worldofwarships.exe","4380","ReadFile","V:\Games\World of Warships\res\content\gameplay\russia\misc\RM104\RM104.model","SUCCESS","Offset: 0, Length: 451, Priority: Normal"
"10:31:35.2485841","worldofwarships.exe","4380","ReadFile","V:\Games\World of Warships\res\content\gameplay\russia\misc\RM104\RM104.model","SUCCESS","Offset: 0, Length: 451, I/O Flags: Non-cached, Paging I/O, Priority: Normal"
"10:31:35.2489185","worldofwarships.exe","4380","ReadFile","V:\Games\World of Warships\res\content\gameplay\russia\misc\RM104\RM104.model","SUCCESS","Offset: 0, Length: 451, Priority: Normal"
"10:31:35.3732352","worldofwarships.exe","4380","ReadFile","V:\Games\World of Warships\res\content\gameplay\usa\misc\AM072\AM072.model","SUCCESS","Offset: 0, Length: 608, Priority: Normal"
"10:31:35.3732569","worldofwarships.exe","4380","ReadFile","V:\Games\World of Warships\res\content\gameplay\usa\misc\AM072\AM072.model","SUCCESS","Offset: 0, Length: 608, I/O Flags: Non-cached, Paging I/O, Priority: Normal"
"10:31:35.3735648","worldofwarships.exe","4380","ReadFile","V:\Games\World of Warships\res\content\gameplay\usa\misc\AM072\AM072.model","SUCCESS","Offset: 0, Length: 608, Priority: Normal"
"10:31:35.5689965","worldofwarships.exe","4380","ReadFile","V:\Games\World of Warships\res\content\gameplay\russia\misc\RM081\RM081.model","SUCCESS","Offset: 0, Length: 451, Priority: Normal"
"10:31:35.5690224","worldofwarships.exe","4380","ReadFile","V:\Games\World of Warships\res\content\gameplay\russia\misc\RM081\RM081.model","SUCCESS","Offset: 0, Length: 451, I/O Flags: Non-cached, Paging I/O, Priority: Normal"
"10:31:35.5693322","worldofwarships.exe","4380","ReadFile","V:\Games\World of Warships\res\content\gameplay\russia\misc\RM081\RM081.model","SUCCESS","Offset: 0, Length: 451, Priority: Normal"
"10:31:35.6982172","worldofwarships.exe","4380","ReadFile","V:\Games\World of Warships\res\content\gameplay\russia\misc\RM140\RM140.model","SUCCESS","Offset: 0, Length: 451, Priority: Normal"
"10:31:35.6982379","worldofwarships.exe","4380","ReadFile","V:\Games\World of Warships\res\content\gameplay\russia\misc\RM140\RM140.model","SUCCESS","Offset: 0, Length: 451, I/O Flags: Non-cached, Paging I/O, Priority: Normal"
"10:31:35.6985416","worldofwarships.exe","4380","ReadFile","V:\Games\World of Warships\res\content\gameplay\russia\misc\RM140\RM140.model","SUCCESS","Offset: 0, Length: 451, Priority: Normal"
"10:31:35.8355577","worldofwarships.exe","4380","ReadFile","V:\Games\World of Warships\res\content\gameplay\russia\misc\RM077\RM077.model","SUCCESS","Offset: 0, Length: 451, Priority: Normal"
"10:31:35.8355785","worldofwarships.exe","4380","ReadFile","V:\Games\World of Warships\res\content\gameplay\russia\misc\RM077\RM077.model","SUCCESS","Offset: 0, Length: 451, I/O Flags: Non-cached, Paging I/O, Priority: Normal"
"10:31:35.8358643","worldofwarships.exe","4380","ReadFile","V:\Games\World of Warships\res\content\gameplay\russia\misc\RM077\RM077.model","SUCCESS","Offset: 0, Length: 451, Priority: Normal"
"10:31:35.9651313","worldofwarships.exe","4380","ReadFile","V:\Games\World of Warships\res\content\gameplay\russia\misc\RM136\RM136.model","SUCCESS","Offset: 0, Length: 451, Priority: Normal"
"10:31:35.9651508","worldofwarships.exe","4380","ReadFile","V:\Games\World of Warships\res\content\gameplay\russia\misc\RM136\RM136.model","SUCCESS","Offset: 0, Length: 451, I/O Flags: Non-cached, Paging I/O, Priority: Normal"
"10:31:35.9654321","worldofwarships.exe","4380","ReadFile","V:\Games\World of Warships\res\content\gameplay\russia\misc\RM136\RM136.model","SUCCESS","Offset: 0, Length: 451, Priority: Normal"
"10:31:36.0707927","worldofwarships.exe","4380","ReadFile","V:\Games\World of Warships\res\content\gameplay\common\misc\CM082\CM082.model","SUCCESS","Offset: 0, Length: 451, Priority: Normal"
"10:31:36.0708166","worldofwarships.exe","4380","ReadFile","V:\Games\World of Warships\res\content\gameplay\common\misc\CM082\CM082.model","SUCCESS","Offset: 0, Length: 451, I/O Flags: Non-cached, Paging I/O, Priority: Normal"
"10:31:36.0710759","worldofwarships.exe","4380","ReadFile","V:\Games\World of Warships\res\content\gameplay\common\misc\CM082\CM082.model","SUCCESS","Offset: 0, Length: 451, Priority: Normal"
"10:31:36.2683887","worldofwarships.exe","4380","ReadFile","V:\Games\World of Warships\res\content\gameplay\common\misc\CM030\CM030.model","SUCCESS","Offset: 0, Length: 612, Priority: Normal"
"10:31:36.2684114","worldofwarships.exe","4380","ReadFile","V:\Games\World of Warships\res\content\gameplay\common\misc\CM030\CM030.model","SUCCESS","Offset: 0, Length: 612, I/O Flags: Non-cached, Paging I/O, Priority: Normal"
"10:31:36.2687282","worldofwarships.exe","4380","ReadFile","V:\Games\World of Warships\res\content\gameplay\common\misc\CM030\CM030.model","SUCCESS","Offset: 0, Length: 612, Priority: Normal"
"10:31:36.4378568","worldofwarships.exe","4380","ReadFile","V:\Games\World of Warships\res\content\gameplay\russia\misc\RM126\RM126.model","SUCCESS","Offset: 0, Length: 451, Priority: Normal"
"10:31:36.4378773","worldofwarships.exe","4380","ReadFile","V:\Games\World of Warships\res\content\gameplay\russia\misc\RM126\RM126.model","SUCCESS","Offset: 0, Length: 451, I/O Flags: Non-cached, Paging I/O, Priority: Normal"
"10:31:36.4381743","worldofwarships.exe","4380","ReadFile","V:\Games\World of Warships\res\content\gameplay\russia\misc\RM126\RM126.model","SUCCESS","Offset: 0, Length: 451, Priority: Normal"
"10:31:36.5633471","worldofwarships.exe","4380","ReadFile","V:\Games\World of Warships\res\content\gameplay\russia\misc\RM072\RM072.model","SUCCESS","Offset: 0, Length: 451, Priority: Normal"
"10:31:36.5633724","worldofwarships.exe","4380","ReadFile","V:\Games\World of Warships\res\content\gameplay\russia\misc\RM072\RM072.model","SUCCESS","Offset: 0, Length: 451, I/O Flags: Non-cached, Paging I/O, Priority: Normal"
"10:31:36.5636626","worldofwarships.exe","4380","ReadFile","V:\Games\World of Warships\res\content\gameplay\russia\misc\RM072\RM072.model","SUCCESS","Offset: 0, Length: 451, Priority: Normal"
"10:31:36.8116708","worldofwarships.exe","4380","ReadFile","V:\Games\World of Warships\res\content\gameplay\russia\misc\RM156\RM156.model","SUCCESS","Offset: 0, Length: 451, Priority: Normal"
"10:31:36.8116976","worldofwarships.exe","4380","ReadFile","V:\Games\World of Warships\res\content\gameplay\russia\misc\RM156\RM156.model","SUCCESS","Offset: 0, Length: 451, I/O Flags: Non-cached, Paging I/O, Priority: Normal"
"10:31:36.8120324","worldofwarships.exe","4380","ReadFile","V:\Games\World of Warships\res\content\gameplay\russia\misc\RM156\RM156.model","SUCCESS","Offset: 0, Length: 451, Priority: Normal"
"10:31:36.9460735","worldofwarships.exe","4380","ReadFile","V:\Games\World of Warships\res\content\gameplay\russia\misc\RM084\RM084.model","SUCCESS","Offset: 0, Length: 451, Priority: Normal"
"10:31:36.9460965","worldofwarships.exe","4380","ReadFile","V:\Games\World of Warships\res\content\gameplay\russia\misc\RM084\RM084.model","SUCCESS","Offset: 0, Length: 451, I/O Flags: Non-cached, Paging I/O, Priority: Normal"
"10:31:36.9464910","worldofwarships.exe","4380","ReadFile","V:\Games\World of Warships\res\content\gameplay\russia\misc\RM084\RM084.model","SUCCESS","Offset: 0, Length: 451, Priority: Normal"
"10:31:37.0840920","worldofwarships.exe","4380","ReadFile","V:\Games\World of Warships\res\content\gameplay\russia\misc\RM133\RM133.model","SUCCESS","Offset: 0, Length: 451, Priority: Normal"
"10:31:37.0841138","worldofwarships.exe","4380","ReadFile","V:\Games\World of Warships\res\content\gameplay\russia\misc\RM133\RM133.model","SUCCESS","Offset: 0, Length: 451, I/O Flags: Non-cached, Paging I/O, Priority: Normal"
"10:31:37.0844849","worldofwarships.exe","4380","ReadFile","V:\Games\World of Warships\res\content\gameplay\russia\misc\RM133\RM133.model","SUCCESS","Offset: 0, Length: 451, Priority: Normal"
"10:31:37.1831332","worldofwarships.exe","4380","ReadFile","V:\Games\World of Warships\res\content\gameplay\common\misc\CM025\CM025.model","SUCCESS","Offset: 0, Length: 432, Priority: Normal"
"10:31:37.1831559","worldofwarships.exe","4380","ReadFile","V:\Games\World of Warships\res\content\gameplay\common\misc\CM025\CM025.model","SUCCESS","Offset: 0, Length: 432, I/O Flags: Non-cached, Paging I/O, Priority: Normal"
"10:31:37.1834656","worldofwarships.exe","4380","ReadFile","V:\Games\World of Warships\res\content\gameplay\common\misc\CM025\CM025.model","SUCCESS","Offset: 0, Length: 432, Priority: Normal"
"10:31:37.4029560","worldofwarships.exe","4380","ReadFile","V:\Games\World of Warships\res\content\gameplay\usa\misc\AM157\AM157.model","SUCCESS","Offset: 0, Length: 539, Priority: Normal"
"10:31:37.4029825","worldofwarships.exe","4380","ReadFile","V:\Games\World of Warships\res\content\gameplay\usa\misc\AM157\AM157.model","SUCCESS","Offset: 0, Length: 539, I/O Flags: Non-cached, Paging I/O, Priority: Normal"
"10:31:37.4033306","worldofwarships.exe","4380","ReadFile","V:\Games\World of Warships\res\content\gameplay\usa\misc\AM157\AM157.model","SUCCESS","Offset: 0, Length: 539, Priority: Normal"
"10:31:37.6202143","worldofwarships.exe","4380","ReadFile","V:\Games\World of Warships\res\content\gameplay\common\misc\CM024\CM024.model","SUCCESS","Offset: 0, Length: 614, Priority: Normal"
"10:31:37.6202357","worldofwarships.exe","4380","ReadFile","V:\Games\World of Warships\res\content\gameplay\common\misc\CM024\CM024.model","SUCCESS","Offset: 0, Length: 614, I/O Flags: Non-cached, Paging I/O, Priority: Normal"
"10:31:37.6206238","worldofwarships.exe","4380","ReadFile","V:\Games\World of Warships\res\content\gameplay\common\misc\CM024\CM024.model","SUCCESS","Offset: 0, Length: 614, Priority: Normal"
"10:31:37.7659966","worldofwarships.exe","4380","ReadFile","V:\Games\World of Warships\res\content\gameplay\russia\misc\RM132\RM132.model","SUCCESS","Offset: 0, Length: 451, Priority: Normal"
"10:31:37.7660165","worldofwarships.exe","4380","ReadFile","V:\Games\World of Warships\res\content\gameplay\russia\misc\RM132\RM132.model","SUCCESS","Offset: 0, Length: 451, I/O Flags: Non-cached, Paging I/O, Priority: Normal"
"10:31:37.7663147","worldofwarships.exe","4380","ReadFile","V:\Games\World of Warships\res\content\gameplay\russia\misc\RM132\RM132.model","SUCCESS","Offset: 0, Length: 451, Priority: Normal"
"10:31:37.8982680","worldofwarships.exe","4380","ReadFile","V:\Games\World of Warships\res\content\gameplay\russia\misc\RM154\RM154.model","SUCCESS","Offset: 0, Length: 451, Priority: Normal"
"10:31:37.8982875","worldofwarships.exe","4380","ReadFile","V:\Games\World of Warships\res\content\gameplay\russia\misc\RM154\RM154.model","SUCCESS","Offset: 0, Length: 451, I/O Flags: Non-cached, Paging I/O, Priority: Normal"
"10:31:37.8985851","worldofwarships.exe","4380","ReadFile","V:\Games\World of Warships\res\content\gameplay\russia\misc\RM154\RM154.model","SUCCESS","Offset: 0, Length: 451, Priority: Normal"
"10:31:37.9517305","worldofwarships.exe","4380","ReadFile","V:\Games\World of Warships\res\content\gameplay\russia\misc\RM155\RM155.model","SUCCESS","Offset: 0, Length: 451, Priority: Normal"
"10:31:37.9517500","worldofwarships.exe","4380","ReadFile","V:\Games\World of Warships\res\content\gameplay\russia\misc\RM155\RM155.model","SUCCESS","Offset: 0, Length: 451, I/O Flags: Non-cached, Paging I/O, Priority: Normal"
"10:31:37.9520125","worldofwarships.exe","4380","ReadFile","V:\Games\World of Warships\res\content\gameplay\russia\misc\RM155\RM155.model","SUCCESS","Offset: 0, Length: 451, Priority: Normal"
"10:31:38.0571407","worldofwarships.exe","4380","ReadFile","V:\Games\World of Warships\res\content\gameplay\russia\misc\RM083\RM083.model","SUCCESS","Offset: 0, Length: 451, Priority: Normal"
"10:31:38.0571611","worldofwarships.exe","4380","ReadFile","V:\Games\World of Warships\res\content\gameplay\russia\misc\RM083\RM083.model","SUCCESS","Offset: 0, Length: 451, I/O Flags: Non-cached, Paging I/O, Priority: Normal"
"10:31:38.0574527","worldofwarships.exe","4380","ReadFile","V:\Games\World of Warships\res\content\gameplay\russia\misc\RM083\RM083.model","SUCCESS","Offset: 0, Length: 451, Priority: Normal"
