<RSC003_Murmansk_1944.xml>
  <sections>
    <bow>
      <model>russia\ship\cruiser\RSC003_Murmansk_1944\RSC003_Murmansk_1944_bow_ports.model</model>
        <node>
           <name>MP_RM075_Fairlead</name>
           <model>russia\misc\RM075\RM075.model</model>
        </node>
        <node>
           <name>MP_RM111_Bollard</name>
           <model>russia\misc\RM111\RM111.model</model>
        </node>
        <node>
           <name>MP_RM141_Signal_Lamp</name>
           <model>russia\misc\RM141\RM141.model</model>
        </node>
        <node>
           <name>MP_RM076_Fairlead</name>
           <model>russia\misc\RM076\RM076.model</model>
        </node>
        <node>
           <name>MP_RM118_Capstan</name>
           <model>russia\misc\RM118\RM118.model</model>
        </node>
        <node>
           <name>MP_RM075_Fairlead_INDEX_1</name>
           <model>russia\misc\RM075\RM075.model</model>
        </node>
        <node>
           <name>MP_CM011_Fire_Fighting_Gear</name>
           <model>common\misc\CM011\CM011.model</model>
        </node>
        <node>
           <name>MP_RM110_Hatch</name>
           <model>russia\misc\RM110\RM110.model</model>
        </node>
        <node>
           <name>MP_RM143_Capstan</name>
           <model>russia\misc\RM143\RM143.model</model>
        </node>
        <node>
           <name>MP_RM114_Fairlead</name>
           <model>russia\misc\RM114\RM114.model</model>
        </node>
        <node>
           <name>MP_RM110_Hatch_INDEX_1</name>
           <model>russia\misc\RM110\RM110.model</model>
        </node>
        <node>
           <name>MP_RM162_Hatch</name>
           <model>russia\misc\RM162\RM162.model</model>
        </node>
        <node>
           <name>MP_RM118_Capstan_INDEX_1</name>
           <model>russia\misc\RM118\RM118.model</model>
        </node>
        <node>
           <name>MP_RM121_Signal_Trap</name>
           <model>russia\misc\RM121\RM121.model</model>
        </node>
        <node>
           <name>MP_RM075_Fairlead_INDEX_2</name>
           <model>russia\misc\RM075\RM075.model</model>
        </node>
        <node>
           <name>MP_RM114_Fairlead_INDEX_1</name>
           <model>russia\misc\RM114\RM114.model</model>
        </node>
        <node>
           <name>MP_RM075_Fairlead_INDEX_3</name>
           <model>russia\misc\RM075\RM075.model</model>
        </node>
        <node>
           <name>MP_RM121_Signal_Trap_INDEX_1</name>
           <model>russia\misc\RM121\RM121.model</model>
        </node>
        <node>
           <name>HP_Fire_Burn_1</name>
           <model>UNKNOWN_ITEM</model>
        </node>
    </bow>
    <midfront>
      <model>russia\ship\cruiser\RSC003_Murmansk_1944\RSC003_Murmansk_1944_MidFront_ports.model</model>
        <node>
           <name>HP_RRS_1</name>
           <model>russia\radar\search\RRS010_Radar_SG\RRS010_Radar_SG.model</model>
        </node>
        <node>
           <name>HP_RRF_1</name>
           <model>russia\radar\fcontrol\RRF012_Radar_Mk3\RRF012_Radar_Mk3.model</model>
        </node>
        <node>
           <name>HP_RGM_2</name>
           <model>russia\gun\main\RGM017_6in53_Mk13_Single\RGM017_6in53_Mk13_Single.model</model>
        </node>
        <node>
           <name>HP_RGM_3</name>
           <model>russia\gun\main\RGM017_6in53_Mk13_Single\RGM017_6in53_Mk13_Single.model</model>
        </node>
        <node>
           <name>HP_RGM_5</name>
           <model>russia\gun\main\RGM016_6in53_Mk13_Single\RGM016_6in53_Mk13_Single.model</model>
        </node>
        <node>
           <name>HP_RGM_4</name>
           <model>russia\gun\main\RGM016_6in53_Mk13_Single\RGM016_6in53_Mk13_Single.model</model>
        </node>
        <node>
           <name>HP_RGM_1</name>
           <model>russia\gun\main\RGM015_6in53_Mk16_Twin\RGM015_6in53_Mk16_Twin.model</model>
        </node>
        <node>
           <name>HP_RGA_10</name>
           <model>russia\gun\aaircraft\RGA013_3in50_Mk22_Mod2\RGA013_3in50_Mk22_Mod2.model</model>
        </node>
        <node>
           <name>HP_RGA_11</name>
           <model>russia\gun\aaircraft\RGA013_3in50_Mk22_Mod2\RGA013_3in50_Mk22_Mod2.model</model>
        </node>
        <node>
           <name>HP_RGA_5</name>
           <model>russia\gun\aaircraft\RGA012_20mm_Oerlikon_MK4\RGA012_20mm_Oerlikon_MK4.model</model>
        </node>
        <node>
           <name>HP_RGA_7</name>
           <model>russia\gun\aaircraft\RGA012_20mm_Oerlikon_MK4\RGA012_20mm_Oerlikon_MK4.model</model>
        </node>
        <node>
           <name>HP_RGA_9</name>
           <model>russia\gun\aaircraft\RGA012_20mm_Oerlikon_MK4\RGA012_20mm_Oerlikon_MK4.model</model>
        </node>
        <node>
           <name>HP_RGA_3</name>
           <model>russia\gun\aaircraft\RGA012_20mm_Oerlikon_MK4\RGA012_20mm_Oerlikon_MK4.model</model>
        </node>
        <node>
           <name>HP_RGA_2</name>
           <model>russia\gun\aaircraft\RGA012_20mm_Oerlikon_MK4\RGA012_20mm_Oerlikon_MK4.model</model>
        </node>
        <node>
           <name>HP_RGA_6</name>
           <model>russia\gun\aaircraft\RGA012_20mm_Oerlikon_MK4\RGA012_20mm_Oerlikon_MK4.model</model>
        </node>
        <node>
           <name>HP_RGA_4</name>
           <model>russia\gun\aaircraft\RGA012_20mm_Oerlikon_MK4\RGA012_20mm_Oerlikon_MK4.model</model>
        </node>
        <node>
           <name>HP_RGA_8</name>
           <model>russia\gun\aaircraft\RGA012_20mm_Oerlikon_MK4\RGA012_20mm_Oerlikon_MK4.model</model>
        </node>
        <node>
           <name>HP_RGA_1</name>
           <model>russia\gun\aaircraft\RGA011_40mm_Bofors_Mk1\RGA011_40mm_Bofors_Mk1.model</model>
        </node>
        <node>
           <name>HP_RF_1</name>
           <model>russia\finder\RF008_Rangefinder_6m\RF008_Rangefinder_6m.model</model>
        </node>
        <node>
           <name>HP_RD_2</name>
           <model>russia\director\RD013_Director_mk16\RD013_Director_mk16.model</model>
        </node>
        <node>
           <name>HP_RD_3</name>
           <model>russia\director\RD007_Torpedo_director\RD007_Torpedo_director.model</model>
        </node>
        <node>
           <name>HP_RD_1</name>
           <model>russia\director\RD005_Director_Mk51\RD005_Director_Mk51.model</model>
        </node>
        <node>
           <name>HP_flag_1</name>
           <model>russia\misc\RM001\RM001.model</model>
        </node>
        <node>
           <name>HP_flag_2</name>
           <model>russia\misc\RM001\RM001.model</model>
        </node>
        <node>
           <name>HP_flag_3</name>
           <model>russia\misc\RM001\RM001.model</model>
        </node>
        <node>
           <name>HP_flag_4</name>
           <model>russia\misc\RM001\RM001.model</model>
        </node>
        <node>
           <name>MP_RM100_Reel</name>
           <model>russia\misc\RM100\RM100.model</model>
        </node>
        <node>
           <name>MP_RM117_Davit</name>
           <model>russia\misc\RM117\RM117.model</model>
        </node>
        <node>
           <name>MP_RM085_Running_Lights_L</name>
           <model>russia\misc\RM085\RM085.model</model>
        </node>
        <node>
           <name>MP_AM374_Fender</name>
           <model>usa\misc\AM374\AM374.model</model>
        </node>
        <node>
           <name>MP_AM374_Fender_INDEX_1</name>
           <model>usa\misc\AM374\AM374.model</model>
        </node>
        <node>
           <name>MP_RM116_Crane_Beam</name>
           <model>russia\misc\RM116\RM116.model</model>
        </node>
        <node>
           <name>MP_RM153_Multipole_Switch</name>
           <model>russia\misc\RM153\RM153.model</model>
        </node>
        <node>
           <name>MP_CM029_Emergency_Box</name>
           <model>common\misc\CM029\CM029.model</model>
        </node>
        <node>
           <name>MP_RM075_Fairlead</name>
           <model>russia\misc\RM075\RM075.model</model>
        </node>
        <node>
           <name>MP_RM080_Davit</name>
           <model>russia\misc\RM080\RM080.model</model>
        </node>
        <node>
           <name>MP_RM099_Spare_barrel_tube</name>
           <model>russia\misc\RM099\RM099.model</model>
        </node>
        <node>
           <name>MP_RM131_Headphones_locker</name>
           <model>russia\misc\RM131\RM131.model</model>
        </node>
        <node>
           <name>MP_RM130_Switch_box</name>
           <model>russia\misc\RM130\RM130.model</model>
        </node>
        <node>
           <name>MP_AM374_Fender_INDEX_2</name>
           <model>usa\misc\AM374\AM374.model</model>
        </node>
        <node>
           <name>MP_RM111_Bollard</name>
           <model>russia\misc\RM111\RM111.model</model>
        </node>
        <node>
           <name>MP_RM093_Wind_Intensity</name>
           <model>russia\misc\RM093\RM093.model</model>
        </node>
        <node>
           <name>MP_RM008_Voice_Tube</name>
           <model>russia\misc\RM008\RM008.model</model>
        </node>
        <node>
           <name>MP_RM092_Wind_Direction</name>
           <model>russia\misc\RM092\RM092.model</model>
        </node>
        <node>
           <name>MP_RM141_Signal_Lamp</name>
           <model>russia\misc\RM141\RM141.model</model>
        </node>
        <node>
           <name>MP_RM130_Switch_box_INDEX_1</name>
           <model>russia\misc\RM130\RM130.model</model>
        </node>
        <node>
           <name>MP_RM153_Multipole_Switch_INDEX_1</name>
           <model>russia\misc\RM153\RM153.model</model>
        </node>
        <node>
           <name>MP_RM076_Fairlead</name>
           <model>russia\misc\RM076\RM076.model</model>
        </node>
        <node>
           <name>MP_CM012_Fire_Hose_Rack_1</name>
           <model>common\misc\CM012\CM012.model</model>
        </node>
        <node>
           <name>MP_AM465_Fire_Extinguisher</name>
           <model>usa\misc\AM465\AM465.model</model>
        </node>
        <node>
           <name>MP_RM145_Turtles_Box</name>
           <model>russia\misc\RM145\RM145.model</model>
        </node>
        <node>
           <name>MP_RM097_Sky_Lookout_1</name>
           <model>russia\misc\RM097\RM097.model</model>
        </node>
        <node>
           <name>MP_RM148_Ammunition_Box</name>
           <model>russia\misc\RM148\RM148.model</model>
        </node>
        <node>
           <name>MP_AM465_Fire_Extinguisher_INDEX_1</name>
           <model>usa\misc\AM465\AM465.model</model>
        </node>
        <node>
           <name>MP_RM054_Life_buoy</name>
           <model>russia\misc\RM054\RM054.model</model>
        </node>
        <node>
           <name>MP_RM003_Yawl_20ft</name>
           <model>russia\misc\RM003\RM003.model</model>
        </node>
        <node>
           <name>MP_RM101_RDF</name>
           <model>russia\misc\RM101\RM101.model</model>
        </node>
        <node>
           <name>MP_RM125_Eng_Order_Tele_Ind</name>
           <model>russia\misc\RM125\RM125.model</model>
        </node>
        <node>
           <name>MP_RM145_Turtles_Box_INDEX_1</name>
           <model>russia\misc\RM145\RM145.model</model>
        </node>
        <node>
           <name>MP_RM127_Speakerphone</name>
           <model>russia\misc\RM127\RM127.model</model>
        </node>
        <node>
           <name>MP_CM012_Fire_Hose_Rack_1_INDEX_1</name>
           <model>common\misc\CM012\CM012.model</model>
        </node>
        <node>
           <name>MP_RM099_Spare_barrel_tube_INDEX_1</name>
           <model>russia\misc\RM099\RM099.model</model>
        </node>
        <node>
           <name>MP_CM014_Fuel_Oil_Hose</name>
           <model>common\misc\CM014\CM014.model</model>
        </node>
        <node>
           <name>MP_RM153_Multipole_Switch_INDEX_2</name>
           <model>russia\misc\RM153\RM153.model</model>
        </node>
        <node>
           <name>MP_RM105_Signal_Lamp</name>
           <model>russia\misc\RM105\RM105.model</model>
        </node>
        <node>
           <name>MP_RM131_Headphones_locker_INDEX_1</name>
           <model>russia\misc\RM131\RM131.model</model>
        </node>
        <node>
           <name>MP_RM054_Life_buoy_INDEX_1</name>
           <model>russia\misc\RM054\RM054.model</model>
        </node>
        <node>
           <name>MP_RM097_Sky_Lookout_1_INDEX_1</name>
           <model>russia\misc\RM097\RM097.model</model>
        </node>
        <node>
           <name>MP_RM103_Signal_Lamp_G</name>
           <model>russia\misc\RM103\RM103.model</model>
        </node>
        <node>
           <name>MP_CM014_Fuel_Oil_Hose_INDEX_1</name>
           <model>common\misc\CM014\CM014.model</model>
        </node>
        <node>
           <name>MP_RM102_Signal_Lamp_R</name>
           <model>russia\misc\RM102\RM102.model</model>
        </node>
        <node>
           <name>MP_CM004_Barbette_Out</name>
           <model>common\misc\CM004\CM004.model</model>
        </node>
        <node>
           <name>MP_RM117_Davit_INDEX_1</name>
           <model>russia\misc\RM117\RM117.model</model>
        </node>
        <node>
           <name>MP_RM124_MC_Box</name>
           <model>russia\misc\RM124\RM124.model</model>
        </node>
        <node>
           <name>MP_RM080_Davit_INDEX_1</name>
           <model>russia\misc\RM080\RM080.model</model>
        </node>
        <node>
           <name>MP_RM148_Ammunition_Box_INDEX_1</name>
           <model>russia\misc\RM148\RM148.model</model>
        </node>
        <node>
           <name>MP_RM145_Turtles_Box_INDEX_2</name>
           <model>russia\misc\RM145\RM145.model</model>
        </node>
        <node>
           <name>MP_RM096_Paravane</name>
           <model>russia\misc\RM096\RM096.model</model>
        </node>
        <node>
           <name>MP_RM087_Fightin_Light</name>
           <model>russia\misc\RM087\RM087.model</model>
        </node>
        <node>
           <name>MP_RM128_Siren</name>
           <model>russia\misc\RM128\RM128.model</model>
        </node>
        <node>
           <name>MP_RM087_Fightin_Light_INDEX_1</name>
           <model>russia\misc\RM087\RM087.model</model>
        </node>
        <node>
           <name>MP_RM145_Turtles_Box_INDEX_3</name>
           <model>russia\misc\RM145\RM145.model</model>
        </node>
        <node>
           <name>MP_RM104_Telephone</name>
           <model>russia\misc\RM104\RM104.model</model>
        </node>
        <node>
           <name>MP_CM012_Fire_Hose_Rack_1_INDEX_2</name>
           <model>common\misc\CM012\CM012.model</model>
        </node>
        <node>
           <name>MP_RM148_Ammunition_Box_INDEX_2</name>
           <model>russia\misc\RM148\RM148.model</model>
        </node>
        <node>
           <name>MP_AM072_Ships_bell</name>
           <model>usa\misc\AM072\AM072.model</model>
        </node>
        <node>
           <name>MP_RM097_Sky_Lookout_1_INDEX_2</name>
           <model>russia\misc\RM097\RM097.model</model>
        </node>
        <node>
           <name>MP_RM138_Ventilation</name>
           <model>russia\misc\RM138\RM138.model</model>
        </node>
        <node>
           <name>MP_RM131_Headphones_locker_INDEX_2</name>
           <model>russia\misc\RM131\RM131.model</model>
        </node>
        <node>
           <name>MP_RM054_Life_buoy_INDEX_2</name>
           <model>russia\misc\RM054\RM054.model</model>
        </node>
        <node>
           <name>MP_RM103_Signal_Lamp_G_INDEX_1</name>
           <model>russia\misc\RM103\RM103.model</model>
        </node>
        <node>
           <name>MP_RM081_Compass_Binnacle</name>
           <model>russia\misc\RM081\RM081.model</model>
        </node>
        <node>
           <name>MP_RM008_Voice_Tube_INDEX_1</name>
           <model>russia\misc\RM008\RM008.model</model>
        </node>
        <node>
           <name>MP_RM099_Spare_barrel_tube_INDEX_2</name>
           <model>russia\misc\RM099\RM099.model</model>
        </node>
        <node>
           <name>MP_RM099_Spare_barrel_tube_INDEX_3</name>
           <model>russia\misc\RM099\RM099.model</model>
        </node>
        <node>
           <name>MP_RM127_Speakerphone_INDEX_1</name>
           <model>russia\misc\RM127\RM127.model</model>
        </node>
        <node>
           <name>MP_RM140_Alarm_Tool</name>
           <model>russia\misc\RM140\RM140.model</model>
        </node>
        <node>
           <name>MP_RM116_Crane_Beam_INDEX_1</name>
           <model>russia\misc\RM116\RM116.model</model>
        </node>
        <node>
           <name>MP_RM145_Turtles_Box_INDEX_4</name>
           <model>russia\misc\RM145\RM145.model</model>
        </node>
        <node>
           <name>MP_RM080_Davit_INDEX_2</name>
           <model>russia\misc\RM080\RM080.model</model>
        </node>
        <node>
           <name>MP_RM153_Multipole_Switch_INDEX_3</name>
           <model>russia\misc\RM153\RM153.model</model>
        </node>
        <node>
           <name>MP_RM077_Reel</name>
           <model>russia\misc\RM077\RM077.model</model>
        </node>
        <node>
           <name>MP_RM086_Running_Lights_FW</name>
           <model>russia\misc\RM086\RM086.model</model>
        </node>
        <node>
           <name>MP_RM136_Wind_Speed_Direction</name>
           <model>russia\misc\RM136\RM136.model</model>
        </node>
        <node>
           <name>MP_CM082_Rope</name>
           <model>common\misc\CM082\CM082.model</model>
        </node>
        <node>
           <name>MP_RM141_Signal_Lamp_INDEX_1</name>
           <model>russia\misc\RM141\RM141.model</model>
        </node>
        <node>
           <name>MP_RM100_Reel_INDEX_1</name>
           <model>russia\misc\RM100\RM100.model</model>
        </node>
        <node>
           <name>MP_RM145_Turtles_Box_INDEX_5</name>
           <model>russia\misc\RM145\RM145.model</model>
        </node>
        <node>
           <name>MP_RM131_Headphones_locker_INDEX_3</name>
           <model>russia\misc\RM131\RM131.model</model>
        </node>
        <node>
           <name>MP_RM077_Reel_INDEX_1</name>
           <model>russia\misc\RM077\RM077.model</model>
        </node>
        <node>
           <name>MP_RM075_Fairlead_INDEX_1</name>
           <model>russia\misc\RM075\RM075.model</model>
        </node>
        <node>
           <name>MP_RM145_Turtles_Box_INDEX_6</name>
           <model>russia\misc\RM145\RM145.model</model>
        </node>
        <node>
           <name>MP_CM029_Emergency_Box_INDEX_1</name>
           <model>common\misc\CM029\CM029.model</model>
        </node>
        <node>
           <name>MP_RM094_Flag_Box</name>
           <model>russia\misc\RM094\RM094.model</model>
        </node>
        <node>
           <name>MP_RM054_Life_buoy_INDEX_3</name>
           <model>russia\misc\RM054\RM054.model</model>
        </node>
        <node>
           <name>MP_RM008_Voice_Tube_INDEX_2</name>
           <model>russia\misc\RM008\RM008.model</model>
        </node>
        <node>
           <name>MP_AM465_Fire_Extinguisher_INDEX_2</name>
           <model>usa\misc\AM465\AM465.model</model>
        </node>
        <node>
           <name>MP_CM030_Swab_Rack_2</name>
           <model>common\misc\CM030\CM030.model</model>
        </node>
        <node>
           <name>MP_RM111_Bollard_INDEX_1</name>
           <model>russia\misc\RM111\RM111.model</model>
        </node>
        <node>
           <name>MP_RM117_Davit_INDEX_2</name>
           <model>russia\misc\RM117\RM117.model</model>
        </node>
        <node>
           <name>MP_RM100_Reel_INDEX_2</name>
           <model>russia\misc\RM100\RM100.model</model>
        </node>
        <node>
           <name>MP_AM374_Fender_INDEX_3</name>
           <model>usa\misc\AM374\AM374.model</model>
        </node>
        <node>
           <name>MP_RM080_Davit_INDEX_3</name>
           <model>russia\misc\RM080\RM080.model</model>
        </node>
        <node>
           <name>MP_CM012_Fire_Hose_Rack_1_INDEX_3</name>
           <model>common\misc\CM012\CM012.model</model>
        </node>
        <node>
           <name>MP_RM126_Rudder_Ind</name>
           <model>russia\misc\RM126\RM126.model</model>
        </node>
        <node>
           <name>MP_RM054_Life_buoy_INDEX_4</name>
           <model>russia\misc\RM054\RM054.model</model>
        </node>
        <node>
           <name>MP_RM148_Ammunition_Box_INDEX_3</name>
           <model>russia\misc\RM148\RM148.model</model>
        </node>
        <node>
           <name>MP_AM465_Fire_Extinguisher_INDEX_3</name>
           <model>usa\misc\AM465\AM465.model</model>
        </node>
        <node>
           <name>MP_RM054_Life_buoy_INDEX_5</name>
           <model>russia\misc\RM054\RM054.model</model>
        </node>
        <node>
           <name>MP_CM014_Fuel_Oil_Hose_INDEX_2</name>
           <model>common\misc\CM014\CM014.model</model>
        </node>
        <node>
           <name>MP_RM076_Fairlead_INDEX_1</name>
           <model>russia\misc\RM076\RM076.model</model>
        </node>
        <node>
           <name>MP_RM097_Sky_Lookout_1_INDEX_3</name>
           <model>russia\misc\RM097\RM097.model</model>
        </node>
        <node>
           <name>MP_RM072_Searchlight_900mm</name>
           <model>russia\misc\RM072\RM072.model</model>
        </node>
        <node>
           <name>MP_RM145_Turtles_Box_INDEX_7</name>
           <model>russia\misc\RM145\RM145.model</model>
        </node>
        <node>
           <name>MP_RM054_Life_buoy_INDEX_6</name>
           <model>russia\misc\RM054\RM054.model</model>
        </node>
        <node>
           <name>MP_RM124_MC_Box_INDEX_1</name>
           <model>russia\misc\RM124\RM124.model</model>
        </node>
        <node>
           <name>MP_CM011_Fire_Fighting_Gear</name>
           <model>common\misc\CM011\CM011.model</model>
        </node>
        <node>
           <name>MP_RM082_Pelorus_Mk7</name>
           <model>russia\misc\RM082\RM082.model</model>
        </node>
        <node>
           <name>MP_RM111_Bollard_INDEX_2</name>
           <model>russia\misc\RM111\RM111.model</model>
        </node>
        <node>
           <name>MP_RM124_MC_Box_INDEX_2</name>
           <model>russia\misc\RM124\RM124.model</model>
        </node>
        <node>
           <name>MP_RM094_Flag_Box_INDEX_1</name>
           <model>russia\misc\RM094\RM094.model</model>
        </node>
        <node>
           <name>MP_CM014_Fuel_Oil_Hose_INDEX_3</name>
           <model>common\misc\CM014\CM014.model</model>
        </node>
        <node>
           <name>MP_CM029_Emergency_Box_INDEX_2</name>
           <model>common\misc\CM029\CM029.model</model>
        </node>
        <node>
           <name>MP_RM100_Reel_INDEX_3</name>
           <model>russia\misc\RM100\RM100.model</model>
        </node>
        <node>
           <name>MP_RM156_Searchlight</name>
           <model>russia\misc\RM156\RM156.model</model>
        </node>
        <node>
           <name>MP_RM084_Running_Lights_R</name>
           <model>russia\misc\RM084\RM084.model</model>
        </node>
        <node>
           <name>MP_RM131_Headphones_locker_INDEX_4</name>
           <model>russia\misc\RM131\RM131.model</model>
        </node>
        <node>
           <name>MP_RM086_Running_Lights_FW_INDEX_1</name>
           <model>russia\misc\RM086\RM086.model</model>
        </node>
        <node>
           <name>MP_AM374_Fender_INDEX_4</name>
           <model>usa\misc\AM374\AM374.model</model>
        </node>
        <node>
           <name>MP_RM097_Sky_Lookout_1_INDEX_4</name>
           <model>russia\misc\RM097\RM097.model</model>
        </node>
        <node>
           <name>MP_AM072_Ships_bell_INDEX_1</name>
           <model>usa\misc\AM072\AM072.model</model>
        </node>
        <node>
           <name>MP_CM012_Fire_Hose_Rack_1_INDEX_4</name>
           <model>common\misc\CM012\CM012.model</model>
        </node>
        <node>
           <name>MP_RM139_Insulator</name>
           <model>russia\misc\RM139\RM139.model</model>
        </node>
        <node>
           <name>MP_RM131_Headphones_locker_INDEX_5</name>
           <model>russia\misc\RM131\RM131.model</model>
        </node>
        <node>
           <name>MP_CM051_Fire_Fighting_Gear</name>
           <model>common\misc\CM051\CM051.model</model>
        </node>
        <node>
           <name>MP_RM072_Searchlight_900mm_INDEX_1</name>
           <model>russia\misc\RM072\RM072.model</model>
        </node>
        <node>
           <name>MP_RM008_Voice_Tube_INDEX_3</name>
           <model>russia\misc\RM008\RM008.model</model>
        </node>
        <node>
           <name>MP_AM465_Fire_Extinguisher_INDEX_4</name>
           <model>usa\misc\AM465\AM465.model</model>
        </node>
        <node>
           <name>MP_RM008_Voice_Tube_INDEX_4</name>
           <model>russia\misc\RM008\RM008.model</model>
        </node>
        <node>
           <name>MP_RM095_Floater_Net_Basket</name>
           <model>russia\misc\RM095\RM095.model</model>
        </node>
        <node>
           <name>MP_AM465_Fire_Extinguisher_INDEX_5</name>
           <model>usa\misc\AM465\AM465.model</model>
        </node>
        <node>
           <name>MP_RM133_Binoculars</name>
           <model>russia\misc\RM133\RM133.model</model>
        </node>
        <node>
           <name>MP_RM156_Searchlight_INDEX_1</name>
           <model>russia\misc\RM156\RM156.model</model>
        </node>
        <node>
           <name>MP_RM102_Signal_Lamp_R_INDEX_1</name>
           <model>russia\misc\RM102\RM102.model</model>
        </node>
        <node>
           <name>MP_RM096_Paravane_INDEX_1</name>
           <model>russia\misc\RM096\RM096.model</model>
        </node>
        <node>
           <name>MP_RM139_Insulator_INDEX_1</name>
           <model>russia\misc\RM139\RM139.model</model>
        </node>
        <node>
           <name>MP_CM025_Stairway_Big_R</name>
           <model>common\misc\CM025\CM025.model</model>
        </node>
        <node>
           <name>MP_RM095_Floater_Net_Basket_INDEX_1</name>
           <model>russia\misc\RM095\RM095.model</model>
        </node>
        <node>
           <name>MP_RM131_Headphones_locker_INDEX_6</name>
           <model>russia\misc\RM131\RM131.model</model>
        </node>
        <node>
           <name>MP_RM104_Telephone_INDEX_1</name>
           <model>russia\misc\RM104\RM104.model</model>
        </node>
        <node>
           <name>MP_RM116_Crane_Beam_INDEX_2</name>
           <model>russia\misc\RM116\RM116.model</model>
        </node>
        <node>
           <name>MP_RM054_Life_buoy_INDEX_7</name>
           <model>russia\misc\RM054\RM054.model</model>
        </node>
        <node>
           <name>MP_RM138_Ventilation_INDEX_1</name>
           <model>russia\misc\RM138\RM138.model</model>
        </node>
        <node>
           <name>MP_CM029_Emergency_Box_INDEX_3</name>
           <model>common\misc\CM029\CM029.model</model>
        </node>
        <node>
           <name>MP_RM008_Voice_Tube_INDEX_5</name>
           <model>russia\misc\RM008\RM008.model</model>
        </node>
        <node>
           <name>MP_RM145_Turtles_Box_INDEX_8</name>
           <model>russia\misc\RM145\RM145.model</model>
        </node>
        <node>
           <name>MP_RM144_Boat_Winch</name>
           <model>russia\misc\RM144\RM144.model</model>
        </node>
        <node>
           <name>MP_RM124_MC_Box_INDEX_3</name>
           <model>russia\misc\RM124\RM124.model</model>
        </node>
        <node>
           <name>MP_CM011_Fire_Fighting_Gear_INDEX_1</name>
           <model>common\misc\CM011\CM011.model</model>
        </node>
        <node>
           <name>MP_CM011_Fire_Fighting_Gear_INDEX_2</name>
           <model>common\misc\CM011\CM011.model</model>
        </node>
        <node>
           <name>MP_RM153_Multipole_Switch_INDEX_4</name>
           <model>russia\misc\RM153\RM153.model</model>
        </node>
        <node>
           <name>MP_RM087_Fightin_Light_INDEX_2</name>
           <model>russia\misc\RM087\RM087.model</model>
        </node>
        <node>
           <name>MP_AM157_Telephone</name>
           <model>usa\misc\AM157\AM157.model</model>
        </node>
        <node>
           <name>MP_RM138_Ventilation_INDEX_2</name>
           <model>russia\misc\RM138\RM138.model</model>
        </node>
        <node>
           <name>MP_RM130_Switch_box_INDEX_2</name>
           <model>russia\misc\RM130\RM130.model</model>
        </node>
        <node>
           <name>MP_CM029_Emergency_Box_INDEX_4</name>
           <model>common\misc\CM029\CM029.model</model>
        </node>
        <node>
           <name>MP_RM054_Life_buoy_INDEX_8</name>
           <model>russia\misc\RM054\RM054.model</model>
        </node>
        <node>
           <name>MP_RM103_Signal_Lamp_G_INDEX_2</name>
           <model>russia\misc\RM103\RM103.model</model>
        </node>
        <node>
           <name>MP_RM145_Turtles_Box_INDEX_9</name>
           <model>russia\misc\RM145\RM145.model</model>
        </node>
        <node>
           <name>MP_RM003_Yawl_20ft_INDEX_1</name>
           <model>russia\misc\RM003\RM003.model</model>
        </node>
        <node>
           <name>MP_RM138_Ventilation_INDEX_3</name>
           <model>russia\misc\RM138\RM138.model</model>
        </node>
        <node>
           <name>MP_RM153_Multipole_Switch_INDEX_5</name>
           <model>russia\misc\RM153\RM153.model</model>
        </node>
        <node>
           <name>MP_RM153_Multipole_Switch_INDEX_6</name>
           <model>russia\misc\RM153\RM153.model</model>
        </node>
        <node>
           <name>MP_RM139_Insulator_INDEX_2</name>
           <model>russia\misc\RM139\RM139.model</model>
        </node>
        <node>
           <name>MP_RM124_MC_Box_INDEX_4</name>
           <model>russia\misc\RM124\RM124.model</model>
        </node>
        <node>
           <name>MP_RM117_Davit_INDEX_3</name>
           <model>russia\misc\RM117\RM117.model</model>
        </node>
        <node>
           <name>MP_RM054_Life_buoy_INDEX_9</name>
           <model>russia\misc\RM054\RM054.model</model>
        </node>
        <node>
           <name>MP_RM109_Ventilation</name>
           <model>russia\misc\RM109\RM109.model</model>
        </node>
        <node>
           <name>MP_CM012_Fire_Hose_Rack_1_INDEX_5</name>
           <model>common\misc\CM012\CM012.model</model>
        </node>
        <node>
           <name>MP_RM130_Switch_box_INDEX_3</name>
           <model>russia\misc\RM130\RM130.model</model>
        </node>
        <node>
           <name>MP_RM133_Binoculars_INDEX_1</name>
           <model>russia\misc\RM133\RM133.model</model>
        </node>
        <node>
           <name>MP_AM374_Fender_INDEX_5</name>
           <model>usa\misc\AM374\AM374.model</model>
        </node>
        <node>
           <name>MP_RM008_Voice_Tube_INDEX_6</name>
           <model>russia\misc\RM008\RM008.model</model>
        </node>
        <node>
           <name>MP_RM075_Fairlead_INDEX_2</name>
           <model>russia\misc\RM075\RM075.model</model>
        </node>
        <node>
           <name>MP_RM145_Turtles_Box_INDEX_10</name>
           <model>russia\misc\RM145\RM145.model</model>
        </node>
        <node>
           <name>MP_CM029_Emergency_Box_INDEX_5</name>
           <model>common\misc\CM029\CM029.model</model>
        </node>
        <node>
           <name>MP_RM124_MC_Box_INDEX_5</name>
           <model>russia\misc\RM124\RM124.model</model>
        </node>
        <node>
           <name>MP_RM128_Siren_INDEX_1</name>
           <model>russia\misc\RM128\RM128.model</model>
        </node>
        <node>
           <name>MP_RM133_Binoculars_INDEX_2</name>
           <model>russia\misc\RM133\RM133.model</model>
        </node>
        <node>
           <name>MP_RM153_Multipole_Switch_INDEX_7</name>
           <model>russia\misc\RM153\RM153.model</model>
        </node>
        <node>
           <name>MP_CM030_Swab_Rack_2_INDEX_1</name>
           <model>common\misc\CM030\CM030.model</model>
        </node>
        <node>
           <name>MP_RM097_Sky_Lookout_1_INDEX_5</name>
           <model>russia\misc\RM097\RM097.model</model>
        </node>
        <node>
           <name>MP_RM116_Crane_Beam_INDEX_3</name>
           <model>russia\misc\RM116\RM116.model</model>
        </node>
        <node>
           <name>MP_RM008_Voice_Tube_INDEX_7</name>
           <model>russia\misc\RM008\RM008.model</model>
        </node>
        <node>
           <name>MP_CM024_Stairway_Big_L</name>
           <model>common\misc\CM024\CM024.model</model>
        </node>
        <node>
           <name>MP_RM054_Life_buoy_INDEX_10</name>
           <model>russia\misc\RM054\RM054.model</model>
        </node>
        <node>
           <name>MP_CM029_Emergency_Box_INDEX_6</name>
           <model>common\misc\CM029\CM029.model</model>
        </node>
        <node>
           <name>MP_RM131_Headphones_locker_INDEX_7</name>
           <model>russia\misc\RM131\RM131.model</model>
        </node>
        <node>
           <name>MP_RM087_Fightin_Light_INDEX_3</name>
           <model>russia\misc\RM087\RM087.model</model>
        </node>
        <node>
           <name>MP_RM008_Voice_Tube_INDEX_8</name>
           <model>russia\misc\RM008\RM008.model</model>
        </node>
        <node>
           <name>MP_RM145_Turtles_Box_INDEX_11</name>
           <model>russia\misc\RM145\RM145.model</model>
        </node>
        <node>
           <name>MP_RM138_Ventilation_INDEX_4</name>
           <model>russia\misc\RM138\RM138.model</model>
        </node>
        <node>
           <name>MP_RM105_Signal_Lamp_INDEX_1</name>
           <model>russia\misc\RM105\RM105.model</model>
        </node>
        <node>
           <name>MP_CM029_Emergency_Box_INDEX_7</name>
           <model>common\misc\CM029\CM029.model</model>
        </node>
        <node>
           <name>MP_RM153_Multipole_Switch_INDEX_8</name>
           <model>russia\misc\RM153\RM153.model</model>
        </node>
        <node>
           <name>MP_RM133_Binoculars_INDEX_3</name>
           <model>russia\misc\RM133\RM133.model</model>
        </node>
        <node>
           <name>MP_RM133_Binoculars_INDEX_4</name>
           <model>russia\misc\RM133\RM133.model</model>
        </node>
        <node>
           <name>MP_RM020_Speaker</name>
           <model>russia\misc\RM020\RM020.model</model>
        </node>
        <node>
           <name>MP_RM124_MC_Box_INDEX_6</name>
           <model>russia\misc\RM124\RM124.model</model>
        </node>
        <node>
           <name>MP_CM082_Rope_INDEX_1</name>
           <model>common\misc\CM082\CM082.model</model>
        </node>
        <node>
           <name>MP_RM103_Signal_Lamp_G_INDEX_3</name>
           <model>russia\misc\RM103\RM103.model</model>
        </node>
        <node>
           <name>MP_RM132_Seat</name>
           <model>russia\misc\RM132\RM132.model</model>
        </node>
        <node>
           <name>MP_RM082_Pelorus_Mk7_INDEX_1</name>
           <model>russia\misc\RM082\RM082.model</model>
        </node>
        <node>
           <name>MP_RM142_Boat</name>
           <model>russia\misc\RM142\RM142.model</model>
        </node>
        <node>
           <name>MP_RM142_Boat_INDEX_1</name>
           <model>russia\misc\RM142\RM142.model</model>
        </node>
        <node>
           <name>MP_RM142_Boat_INDEX_2</name>
           <model>russia\misc\RM142\RM142.model</model>
        </node>
        <node>
           <name>MP_RM142_Boat_INDEX_3</name>
           <model>russia\misc\RM142\RM142.model</model>
        </node>
        <node>
           <name>MP_RM142_Boat_INDEX_4</name>
           <model>russia\misc\RM142\RM142.model</model>
        </node>
        <node>
           <name>MP_RM142_Boat_INDEX_5</name>
           <model>russia\misc\RM142\RM142.model</model>
        </node>
        <node>
           <name>MP_RM142_Boat_INDEX_6</name>
           <model>russia\misc\RM142\RM142.model</model>
        </node>
        <node>
           <name>MP_RM142_Boat_INDEX_7</name>
           <model>russia\misc\RM142\RM142.model</model>
        </node>
        <node>
           <name>MP_RM142_Boat_INDEX_8</name>
           <model>russia\misc\RM142\RM142.model</model>
        </node>
        <node>
           <name>MP_RM142_Boat_INDEX_9</name>
           <model>russia\misc\RM142\RM142.model</model>
        </node>
        <node>
           <name>MP_RM142_Boat_INDEX_10</name>
           <model>russia\misc\RM142\RM142.model</model>
        </node>
        <node>
           <name>MP_RM142_Boat_INDEX_11</name>
           <model>russia\misc\RM142\RM142.model</model>
        </node>
        <node>
           <name>MP_RM067_Ammunition_Box</name>
           <model>russia\misc\RM067\RM067.model</model>
        </node>
        <node>
           <name>MP_RM067_Ammunition_Box_INDEX_1</name>
           <model>russia\misc\RM067\RM067.model</model>
        </node>
        <node>
           <name>MP_RM067_Ammunition_Box_INDEX_2</name>
           <model>russia\misc\RM067\RM067.model</model>
        </node>
        <node>
           <name>MP_RM067_Ammunition_Box_INDEX_3</name>
           <model>russia\misc\RM067\RM067.model</model>
        </node>
        <node>
           <name>MP_RM065_Ammunition_Box</name>
           <model>russia\misc\RM065\RM065.model</model>
        </node>
        <node>
           <name>MP_RM065_Ammunition_Box_INDEX_1</name>
           <model>russia\misc\RM065\RM065.model</model>
        </node>
        <node>
           <name>MP_RM065_Ammunition_Box_INDEX_2</name>
           <model>russia\misc\RM065\RM065.model</model>
        </node>
        <node>
           <name>MP_RM065_Ammunition_Box_INDEX_3</name>
           <model>russia\misc\RM065\RM065.model</model>
        </node>
        <node>
           <name>MP_RM065_Ammunition_Box_INDEX_4</name>
           <model>russia\misc\RM065\RM065.model</model>
        </node>
        <node>
           <name>MP_RM065_Ammunition_Box_INDEX_5</name>
           <model>russia\misc\RM065\RM065.model</model>
        </node>
        <node>
           <name>MP_RM065_Ammunition_Box_INDEX_6</name>
           <model>russia\misc\RM065\RM065.model</model>
        </node>
        <node>
           <name>MP_RM185_Fakel_MO</name>
           <model>russia\misc\RM185\RM185.model</model>
        </node>
        <node>
           <name>MP_RM030_Hatch</name>
           <model>russia\misc\RM030\RM030.model</model>
        </node>
        <node>
           <name>MP_RM030_Hatch_INDEX_1</name>
           <model>russia\misc\RM030\RM030.model</model>
        </node>
        <node>
           <name>HP_Fire_Burn_2</name>
           <model>UNKNOWN_ITEM</model>
        </node>
        <node>
           <name>HP_Smoke_1</name>
           <model>UNKNOWN_ITEM</model>
        </node>
        <node>
           <name>HP_Smoke_2</name>
           <model>UNKNOWN_ITEM</model>
        </node>
        <node>
           <name>HP_Smoke_3</name>
           <model>UNKNOWN_ITEM</model>
        </node>
        <node>
           <name>HP_NoseWave_Speed</name>
           <model>UNKNOWN_ITEM</model>
        </node>
        <node>
           <name>HP_Smoke_4</name>
           <model>UNKNOWN_ITEM</model>
        </node>
    </midfront>
    <midback>
      <model>russia\ship\cruiser\RSC003_Murmansk_1944\RSC003_Murmansk_1944_MidBack_ports.model</model>
        <node>
           <name>HP_RC_1</name>
           <model>russia\catapult\RC001_Catapult_1\RC001_Catapult_1.model</model>
        </node>
        <node>
           <name>HP_RC_2</name>
           <model>russia\catapult\RC001_Catapult_1\RC001_Catapult_1.model</model>
        </node>
        <node>
           <name>HP_RD_8</name>
           <model>russia\director\RD005_Director_Mk51\RD005_Director_Mk51.model</model>
        </node>
        <node>
           <name>HP_RD_9</name>
           <model>russia\director\RD005_Director_Mk51\RD005_Director_Mk51.model</model>
        </node>
        <node>
           <name>HP_RD_5</name>
           <model>russia\director\RD005_Director_Mk51\RD005_Director_Mk51.model</model>
        </node>
        <node>
           <name>HP_RD_4</name>
           <model>russia\director\RD006_Director_Mk7\RD006_Director_Mk7.model</model>
        </node>
        <node>
           <name>HP_RD_7</name>
           <model>russia\director\RD006_Director_Mk7\RD006_Director_Mk7.model</model>
        </node>
        <node>
           <name>HP_RD_6</name>
           <model>russia\director\RD005_Director_Mk51\RD005_Director_Mk51.model</model>
        </node>
        <node>
           <name>HP_RF_2</name>
           <model>russia\finder\RF009_Rangefinder_3_6m\RF009_Rangefinder_3_6m.model</model>
        </node>
        <node>
           <name>HP_RGA_23</name>
           <model>russia\gun\aaircraft\RGA011_40mm_Bofors_Mk1\RGA011_40mm_Bofors_Mk1.model</model>
        </node>
        <node>
           <name>HP_RGA_22</name>
           <model>russia\gun\aaircraft\RGA011_40mm_Bofors_Mk1\RGA011_40mm_Bofors_Mk1.model</model>
        </node>
        <node>
           <name>HP_RGA_17</name>
           <model>russia\gun\aaircraft\RGA012_20mm_Oerlikon_MK4\RGA012_20mm_Oerlikon_MK4.model</model>
        </node>
        <node>
           <name>HP_RGA_18</name>
           <model>russia\gun\aaircraft\RGA012_20mm_Oerlikon_MK4\RGA012_20mm_Oerlikon_MK4.model</model>
        </node>
        <node>
           <name>HP_RGA_19</name>
           <model>russia\gun\aaircraft\RGA012_20mm_Oerlikon_MK4\RGA012_20mm_Oerlikon_MK4.model</model>
        </node>
        <node>
           <name>HP_RGA_16</name>
           <model>russia\gun\aaircraft\RGA012_20mm_Oerlikon_MK4\RGA012_20mm_Oerlikon_MK4.model</model>
        </node>
        <node>
           <name>HP_RGA_21</name>
           <model>russia\gun\aaircraft\RGA012_20mm_Oerlikon_MK4\RGA012_20mm_Oerlikon_MK4.model</model>
        </node>
        <node>
           <name>HP_RGA_20</name>
           <model>russia\gun\aaircraft\RGA012_20mm_Oerlikon_MK4\RGA012_20mm_Oerlikon_MK4.model</model>
        </node>
        <node>
           <name>HP_RGA_12</name>
           <model>russia\gun\aaircraft\RGA013_3in50_Mk22_Mod2\RGA013_3in50_Mk22_Mod2.model</model>
        </node>
        <node>
           <name>HP_RGA_14</name>
           <model>russia\gun\aaircraft\RGA013_3in50_Mk22_Mod2\RGA013_3in50_Mk22_Mod2.model</model>
        </node>
        <node>
           <name>HP_RGA_13</name>
           <model>russia\gun\aaircraft\RGA013_3in50_Mk22_Mod2\RGA013_3in50_Mk22_Mod2.model</model>
        </node>
        <node>
           <name>HP_RGA_15</name>
           <model>russia\gun\aaircraft\RGA013_3in50_Mk22_Mod2\RGA013_3in50_Mk22_Mod2.model</model>
        </node>
        <node>
           <name>HP_RGM_8</name>
           <model>russia\gun\main\RGM015_6in53_Mk16_Twin\RGM015_6in53_Mk16_Twin.model</model>
        </node>
        <node>
           <name>HP_RGM_7</name>
           <model>russia\gun\main\RGM017_6in53_Mk13_Single\RGM017_6in53_Mk13_Single.model</model>
        </node>
        <node>
           <name>HP_RGM_6</name>
           <model>russia\gun\main\RGM017_6in53_Mk13_Single\RGM017_6in53_Mk13_Single.model</model>
        </node>
        <node>
           <name>HP_RGT_2</name>
           <model>russia\gun\torpedo\RGT018_21in_Torpedo_Tubes_Triple\RGT018_21in_Torpedo_Tubes_Triple.model</model>
        </node>
        <node>
           <name>HP_RGT_1</name>
           <model>russia\gun\torpedo\RGT018_21in_Torpedo_Tubes_Triple\RGT018_21in_Torpedo_Tubes_Triple.model</model>
        </node>
        <node>
           <name>HP_RRF_2</name>
           <model>russia\radar\fcontrol\RRF012_Radar_Mk3\RRF012_Radar_Mk3.model</model>
        </node>
        <node>
           <name>HP_RRS_2</name>
           <model>russia\radar\search\RRS010_Radar_SG\RRS010_Radar_SG.model</model>
        </node>
        <node>
           <name>HP_RRS_3</name>
           <model>russia\radar\search\RRS011_Radar_SK\RRS011_Radar_SK.model</model>
        </node>
        <node>
           <name>HP_flag_nation</name>
           <model>russia\misc\RM001\RM001.model</model>
        </node>
        <node>
           <name>MP_RM145_Turtles_Box</name>
           <model>russia\misc\RM145\RM145.model</model>
        </node>
        <node>
           <name>MP_CM029_Emergency_Box</name>
           <model>common\misc\CM029\CM029.model</model>
        </node>
        <node>
           <name>MP_RM142_Boat</name>
           <model>russia\misc\RM142\RM142.model</model>
        </node>
        <node>
           <name>MP_CM012_Fire_Hose_Rack_1</name>
           <model>common\misc\CM012\CM012.model</model>
        </node>
        <node>
           <name>MP_RM145_Turtles_Box_INDEX_1</name>
           <model>russia\misc\RM145\RM145.model</model>
        </node>
        <node>
           <name>MP_CM007_Boat_Stowage_1</name>
           <model>common\misc\CM007\CM007.model</model>
        </node>
        <node>
           <name>MP_CM029_Emergency_Box_INDEX_1</name>
           <model>common\misc\CM029\CM029.model</model>
        </node>
        <node>
           <name>MP_RM020_Speaker</name>
           <model>russia\misc\RM020\RM020.model</model>
        </node>
        <node>
           <name>MP_RM148_Ammunition_Box</name>
           <model>russia\misc\RM148\RM148.model</model>
        </node>
        <node>
           <name>MP_RM075_Fairlead</name>
           <model>russia\misc\RM075\RM075.model</model>
        </node>
        <node>
           <name>MP_RM149_Signal_Lamp</name>
           <model>russia\misc\RM149\RM149.model</model>
        </node>
        <node>
           <name>MP_RM142_Boat_INDEX_1</name>
           <model>russia\misc\RM142\RM142.model</model>
        </node>
        <node>
           <name>MP_CM012_Fire_Hose_Rack_1_INDEX_1</name>
           <model>common\misc\CM012\CM012.model</model>
        </node>
        <node>
           <name>MP_CM029_Emergency_Box_INDEX_2</name>
           <model>common\misc\CM029\CM029.model</model>
        </node>
        <node>
           <name>MP_CM012_Fire_Hose_Rack_1_INDEX_2</name>
           <model>common\misc\CM012\CM012.model</model>
        </node>
        <node>
           <name>MP_RM158_Depth_Charge_Thrower</name>
           <model>russia\misc\RM158\RM158.model</model>
        </node>
        <node>
           <name>MP_RM008_Voice_Tube</name>
           <model>russia\misc\RM008\RM008.model</model>
        </node>
        <node>
           <name>MP_CM007_Boat_Stowage_1_INDEX_1</name>
           <model>common\misc\CM007\CM007.model</model>
        </node>
        <node>
           <name>MP_RM075_Fairlead_INDEX_1</name>
           <model>russia\misc\RM075\RM075.model</model>
        </node>
        <node>
           <name>MP_RM159_Screened_Speed_Light</name>
           <model>russia\misc\RM159\RM159.model</model>
        </node>
        <node>
           <name>MP_RM111_Bollard</name>
           <model>russia\misc\RM111\RM111.model</model>
        </node>
        <node>
           <name>MP_RM149_Signal_Lamp_INDEX_1</name>
           <model>russia\misc\RM149\RM149.model</model>
        </node>
        <node>
           <name>MP_RM054_Life_buoy</name>
           <model>russia\misc\RM054\RM054.model</model>
        </node>
        <node>
           <name>MP_RM095_Floater_Net_Basket</name>
           <model>russia\misc\RM095\RM095.model</model>
        </node>
        <node>
           <name>MP_CM011_Fire_Fighting_Gear</name>
           <model>common\misc\CM011\CM011.model</model>
        </node>
        <node>
           <name>MP_RM142_Boat_INDEX_2</name>
           <model>russia\misc\RM142\RM142.model</model>
        </node>
        <node>
           <name>MP_RM153_Multipole_Switch</name>
           <model>russia\misc\RM153\RM153.model</model>
        </node>
        <node>
           <name>MP_RM139_Insulator</name>
           <model>russia\misc\RM139\RM139.model</model>
        </node>
        <node>
           <name>MP_CM051_Fire_Fighting_Gear</name>
           <model>common\misc\CM051\CM051.model</model>
        </node>
        <node>
           <name>MP_RM130_Switch_box</name>
           <model>russia\misc\RM130\RM130.model</model>
        </node>
        <node>
           <name>MP_RM002_Whaleboat_28ft</name>
           <model>russia\misc\RM002\RM002.model</model>
        </node>
        <node>
           <name>MP_CM014_Fuel_Oil_Hose</name>
           <model>common\misc\CM014\CM014.model</model>
        </node>
        <node>
           <name>MP_RM100_Reel</name>
           <model>russia\misc\RM100\RM100.model</model>
        </node>
        <node>
           <name>MP_RM124_MC_Box</name>
           <model>russia\misc\RM124\RM124.model</model>
        </node>
        <node>
           <name>MP_RM111_Bollard_INDEX_1</name>
           <model>russia\misc\RM111\RM111.model</model>
        </node>
        <node>
           <name>MP_RM097_Sky_Lookout_1</name>
           <model>russia\misc\RM097\RM097.model</model>
        </node>
        <node>
           <name>MP_AM015_Mk6_Depth_Charge_</name>
           <model>usa\misc\AM015\AM015.model</model>
        </node>
        <node>
           <name>MP_CM012_Fire_Hose_Rack_1_INDEX_3</name>
           <model>common\misc\CM012\CM012.model</model>
        </node>
        <node>
           <name>MP_RM008_Voice_Tube_INDEX_1</name>
           <model>russia\misc\RM008\RM008.model</model>
        </node>
        <node>
           <name>MP_RM120_Davit</name>
           <model>russia\misc\RM120\RM120.model</model>
        </node>
        <node>
           <name>MP_CM001_Propeller3_L</name>
           <model>common\misc\CM001\CM001.model</model>
        </node>
        <node>
           <name>MP_RM054_Life_buoy_INDEX_1</name>
           <model>russia\misc\RM054\RM054.model</model>
        </node>
        <node>
           <name>MP_RM153_Multipole_Switch_INDEX_1</name>
           <model>russia\misc\RM153\RM153.model</model>
        </node>
        <node>
           <name>MP_CM029_Emergency_Box_INDEX_3</name>
           <model>common\misc\CM029\CM029.model</model>
        </node>
        <node>
           <name>MP_CM011_Fire_Fighting_Gear_INDEX_1</name>
           <model>common\misc\CM011\CM011.model</model>
        </node>
        <node>
           <name>MP_RM115_Floater_Net_Basket</name>
           <model>russia\misc\RM115\RM115.model</model>
        </node>
        <node>
           <name>MP_RM109_Ventilation</name>
           <model>russia\misc\RM109\RM109.model</model>
        </node>
        <node>
           <name>MP_RM142_Boat_INDEX_3</name>
           <model>russia\misc\RM142\RM142.model</model>
        </node>
        <node>
           <name>MP_AM015_Mk6_Depth_Charge__INDEX_1</name>
           <model>usa\misc\AM015\AM015.model</model>
        </node>
        <node>
           <name>MP_RM152_Ventilation</name>
           <model>russia\misc\RM152\RM152.model</model>
        </node>
        <node>
           <name>MP_RM142_Boat_INDEX_4</name>
           <model>russia\misc\RM142\RM142.model</model>
        </node>
        <node>
           <name>MP_RM139_Insulator_INDEX_1</name>
           <model>russia\misc\RM139\RM139.model</model>
        </node>
        <node>
           <name>MP_RM142_Boat_INDEX_5</name>
           <model>russia\misc\RM142\RM142.model</model>
        </node>
        <node>
           <name>MP_RM095_Floater_Net_Basket_INDEX_1</name>
           <model>russia\misc\RM095\RM095.model</model>
        </node>
        <node>
           <name>MP_RM008_Voice_Tube_INDEX_2</name>
           <model>russia\misc\RM008\RM008.model</model>
        </node>
        <node>
           <name>MP_CM029_Emergency_Box_INDEX_4</name>
           <model>common\misc\CM029\CM029.model</model>
        </node>
        <node>
           <name>MP_RM054_Life_buoy_INDEX_2</name>
           <model>russia\misc\RM054\RM054.model</model>
        </node>
        <node>
           <name>MP_RM138_Ventilation</name>
           <model>russia\misc\RM138\RM138.model</model>
        </node>
        <node>
           <name>MP_RM153_Multipole_Switch_INDEX_2</name>
           <model>russia\misc\RM153\RM153.model</model>
        </node>
        <node>
           <name>MP_RM109_Ventilation_INDEX_1</name>
           <model>russia\misc\RM109\RM109.model</model>
        </node>
        <node>
           <name>MP_RM138_Ventilation_INDEX_1</name>
           <model>russia\misc\RM138\RM138.model</model>
        </node>
        <node>
           <name>MP_RM100_Reel_INDEX_1</name>
           <model>russia\misc\RM100\RM100.model</model>
        </node>
        <node>
           <name>MP_RM145_Turtles_Box_INDEX_2</name>
           <model>russia\misc\RM145\RM145.model</model>
        </node>
        <node>
           <name>MP_RM142_Boat_INDEX_6</name>
           <model>russia\misc\RM142\RM142.model</model>
        </node>
        <node>
           <name>MP_RM075_Fairlead_INDEX_2</name>
           <model>russia\misc\RM075\RM075.model</model>
        </node>
        <node>
           <name>MP_RM137_Elec_Panel</name>
           <model>russia\misc\RM137\RM137.model</model>
        </node>
        <node>
           <name>MP_RM145_Turtles_Box_INDEX_3</name>
           <model>russia\misc\RM145\RM145.model</model>
        </node>
        <node>
           <name>MP_RM109_Ventilation_INDEX_2</name>
           <model>russia\misc\RM109\RM109.model</model>
        </node>
        <node>
           <name>MP_RM111_Bollard_INDEX_2</name>
           <model>russia\misc\RM111\RM111.model</model>
        </node>
        <node>
           <name>MP_RM115_Floater_Net_Basket_INDEX_1</name>
           <model>russia\misc\RM115\RM115.model</model>
        </node>
        <node>
           <name>MP_RM008_Voice_Tube_INDEX_3</name>
           <model>russia\misc\RM008\RM008.model</model>
        </node>
        <node>
           <name>MP_CM029_Emergency_Box_INDEX_5</name>
           <model>common\misc\CM029\CM029.model</model>
        </node>
        <node>
           <name>MP_RM145_Turtles_Box_INDEX_4</name>
           <model>russia\misc\RM145\RM145.model</model>
        </node>
        <node>
           <name>MP_CM011_Fire_Fighting_Gear_INDEX_2</name>
           <model>common\misc\CM011\CM011.model</model>
        </node>
        <node>
           <name>MP_CM004_Barbette_Out</name>
           <model>common\misc\CM004\CM004.model</model>
        </node>
        <node>
           <name>MP_RM111_Bollard_INDEX_3</name>
           <model>russia\misc\RM111\RM111.model</model>
        </node>
        <node>
           <name>MP_RM153_Multipole_Switch_INDEX_3</name>
           <model>russia\misc\RM153\RM153.model</model>
        </node>
        <node>
           <name>MP_RM158_Depth_Charge_Thrower_INDEX_1</name>
           <model>russia\misc\RM158\RM158.model</model>
        </node>
        <node>
           <name>MP_RM115_Floater_Net_Basket_INDEX_2</name>
           <model>russia\misc\RM115\RM115.model</model>
        </node>
        <node>
           <name>MP_CM012_Fire_Hose_Rack_1_INDEX_4</name>
           <model>common\misc\CM012\CM012.model</model>
        </node>
        <node>
           <name>MP_RM115_Floater_Net_Basket_INDEX_3</name>
           <model>russia\misc\RM115\RM115.model</model>
        </node>
        <node>
           <name>MP_RM073_Searchlight_900mm</name>
           <model>russia\misc\RM073\RM073.model</model>
        </node>
        <node>
           <name>MP_RM105_Signal_Lamp</name>
           <model>russia\misc\RM105\RM105.model</model>
        </node>
        <node>
           <name>MP_RM142_Boat_INDEX_7</name>
           <model>russia\misc\RM142\RM142.model</model>
        </node>
        <node>
           <name>MP_RM145_Turtles_Box_INDEX_5</name>
           <model>russia\misc\RM145\RM145.model</model>
        </node>
        <node>
           <name>MP_RM138_Ventilation_INDEX_2</name>
           <model>russia\misc\RM138\RM138.model</model>
        </node>
        <node>
           <name>MP_RM145_Turtles_Box_INDEX_6</name>
           <model>russia\misc\RM145\RM145.model</model>
        </node>
        <node>
           <name>MP_RM120_Davit_INDEX_1</name>
           <model>russia\misc\RM120\RM120.model</model>
        </node>
        <node>
           <name>MP_CM051_Fire_Fighting_Gear_INDEX_1</name>
           <model>common\misc\CM051\CM051.model</model>
        </node>
        <node>
           <name>MP_CM012_Fire_Hose_Rack_1_INDEX_5</name>
           <model>common\misc\CM012\CM012.model</model>
        </node>
        <node>
           <name>MP_CM007_Boat_Stowage_1_INDEX_2</name>
           <model>common\misc\CM007\CM007.model</model>
        </node>
        <node>
           <name>MP_RM138_Ventilation_INDEX_3</name>
           <model>russia\misc\RM138\RM138.model</model>
        </node>
        <node>
           <name>MP_RM075_Fairlead_INDEX_3</name>
           <model>russia\misc\RM075\RM075.model</model>
        </node>
        <node>
           <name>MP_RM124_MC_Box_INDEX_1</name>
           <model>russia\misc\RM124\RM124.model</model>
        </node>
        <node>
           <name>MP_RM086_Running_Lights_FW</name>
           <model>russia\misc\RM086\RM086.model</model>
        </node>
        <node>
           <name>MP_CM029_Emergency_Box_INDEX_6</name>
           <model>common\misc\CM029\CM029.model</model>
        </node>
        <node>
           <name>MP_RM115_Floater_Net_Basket_INDEX_4</name>
           <model>russia\misc\RM115\RM115.model</model>
        </node>
        <node>
           <name>MP_RM129_Director_Train_Indicator</name>
           <model>russia\misc\RM129\RM129.model</model>
        </node>
        <node>
           <name>MP_RM111_Bollard_INDEX_4</name>
           <model>russia\misc\RM111\RM111.model</model>
        </node>
        <node>
           <name>MP_RM076_Fairlead</name>
           <model>russia\misc\RM076\RM076.model</model>
        </node>
        <node>
           <name>MP_RM142_Boat_INDEX_8</name>
           <model>russia\misc\RM142\RM142.model</model>
        </node>
        <node>
           <name>MP_RM109_Ventilation_INDEX_3</name>
           <model>russia\misc\RM109\RM109.model</model>
        </node>
        <node>
           <name>MP_RM145_Turtles_Box_INDEX_7</name>
           <model>russia\misc\RM145\RM145.model</model>
        </node>
        <node>
           <name>MP_AM015_Mk6_Depth_Charge__INDEX_2</name>
           <model>usa\misc\AM015\AM015.model</model>
        </node>
        <node>
           <name>MP_RM082_Pelorus_Mk7</name>
           <model>russia\misc\RM082\RM082.model</model>
        </node>
        <node>
           <name>MP_RM138_Ventilation_INDEX_4</name>
           <model>russia\misc\RM138\RM138.model</model>
        </node>
        <node>
           <name>MP_CM007_Boat_Stowage_1_INDEX_3</name>
           <model>common\misc\CM007\CM007.model</model>
        </node>
        <node>
           <name>MP_RM138_Ventilation_INDEX_5</name>
           <model>russia\misc\RM138\RM138.model</model>
        </node>
        <node>
           <name>MP_CM014_Fuel_Oil_Hose_INDEX_1</name>
           <model>common\misc\CM014\CM014.model</model>
        </node>
        <node>
           <name>MP_CM012_Fire_Hose_Rack_1_INDEX_6</name>
           <model>common\misc\CM012\CM012.model</model>
        </node>
        <node>
           <name>MP_CM032_Propeller3_R</name>
           <model>common\misc\CM032\CM032.model</model>
        </node>
        <node>
           <name>MP_RM100_Reel_INDEX_2</name>
           <model>russia\misc\RM100\RM100.model</model>
        </node>
        <node>
           <name>MP_RM153_Multipole_Switch_INDEX_4</name>
           <model>russia\misc\RM153\RM153.model</model>
        </node>
        <node>
           <name>MP_CM011_Fire_Fighting_Gear_INDEX_3</name>
           <model>common\misc\CM011\CM011.model</model>
        </node>
        <node>
           <name>MP_RM115_Floater_Net_Basket_INDEX_5</name>
           <model>russia\misc\RM115\RM115.model</model>
        </node>
        <node>
           <name>MP_RM054_Life_buoy_INDEX_3</name>
           <model>russia\misc\RM054\RM054.model</model>
        </node>
        <node>
           <name>MP_RM054_Life_buoy_INDEX_4</name>
           <model>russia\misc\RM054\RM054.model</model>
        </node>
        <node>
           <name>MP_RM008_Voice_Tube_INDEX_4</name>
           <model>russia\misc\RM008\RM008.model</model>
        </node>
        <node>
           <name>MP_CM014_Fuel_Oil_Hose_INDEX_2</name>
           <model>common\misc\CM014\CM014.model</model>
        </node>
        <node>
           <name>MP_RM100_Reel_INDEX_3</name>
           <model>russia\misc\RM100\RM100.model</model>
        </node>
        <node>
           <name>MP_RM073_Searchlight_900mm_INDEX_1</name>
           <model>russia\misc\RM073\RM073.model</model>
        </node>
        <node>
           <name>MP_RM111_Bollard_INDEX_5</name>
           <model>russia\misc\RM111\RM111.model</model>
        </node>
        <node>
           <name>MP_RM082_Pelorus_Mk7_INDEX_1</name>
           <model>russia\misc\RM082\RM082.model</model>
        </node>
        <node>
           <name>MP_CM014_Fuel_Oil_Hose_INDEX_3</name>
           <model>common\misc\CM014\CM014.model</model>
        </node>
        <node>
           <name>MP_RM097_Sky_Lookout_1_INDEX_1</name>
           <model>russia\misc\RM097\RM097.model</model>
        </node>
        <node>
           <name>MP_RM105_Signal_Lamp_INDEX_1</name>
           <model>russia\misc\RM105\RM105.model</model>
        </node>
        <node>
           <name>MP_RM075_Fairlead_INDEX_4</name>
           <model>russia\misc\RM075\RM075.model</model>
        </node>
        <node>
           <name>MP_CM011_Fire_Fighting_Gear_INDEX_4</name>
           <model>common\misc\CM011\CM011.model</model>
        </node>
        <node>
           <name>MP_RM075_Fairlead_INDEX_5</name>
           <model>russia\misc\RM075\RM075.model</model>
        </node>
        <node>
           <name>MP_RM002_Whaleboat_28ft_INDEX_1</name>
           <model>russia\misc\RM002\RM002.model</model>
        </node>
        <node>
           <name>MP_RM141_Signal_Lamp</name>
           <model>russia\misc\RM141\RM141.model</model>
        </node>
        <node>
           <name>MP_RM124_MC_Box_INDEX_2</name>
           <model>russia\misc\RM124\RM124.model</model>
        </node>
        <node>
           <name>MP_RM109_Ventilation_INDEX_4</name>
           <model>russia\misc\RM109\RM109.model</model>
        </node>
        <node>
           <name>MP_RM153_Multipole_Switch_INDEX_5</name>
           <model>russia\misc\RM153\RM153.model</model>
        </node>
        <node>
           <name>MP_RM075_Fairlead_INDEX_6</name>
           <model>russia\misc\RM075\RM075.model</model>
        </node>
        <node>
           <name>MP_RM141_Signal_Lamp_INDEX_1</name>
           <model>russia\misc\RM141\RM141.model</model>
        </node>
        <node>
           <name>MP_RM008_Voice_Tube_INDEX_5</name>
           <model>russia\misc\RM008\RM008.model</model>
        </node>
        <node>
           <name>MP_RM076_Fairlead_INDEX_1</name>
           <model>russia\misc\RM076\RM076.model</model>
        </node>
        <node>
           <name>MP_AM015_Mk6_Depth_Charge__INDEX_3</name>
           <model>usa\misc\AM015\AM015.model</model>
        </node>
        <node>
           <name>MP_RM153_Multipole_Switch_INDEX_6</name>
           <model>russia\misc\RM153\RM153.model</model>
        </node>
        <node>
           <name>MP_RM142_Boat_INDEX_9</name>
           <model>russia\misc\RM142\RM142.model</model>
        </node>
        <node>
           <name>MP_RM100_Reel_INDEX_4</name>
           <model>russia\misc\RM100\RM100.model</model>
        </node>
        <node>
           <name>MP_RM144_Boat_Winch</name>
           <model>russia\misc\RM144\RM144.model</model>
        </node>
        <node>
           <name>MP_RM153_Multipole_Switch_INDEX_7</name>
           <model>russia\misc\RM153\RM153.model</model>
        </node>
        <node>
           <name>MP_RM148_Ammunition_Box_INDEX_1</name>
           <model>russia\misc\RM148\RM148.model</model>
        </node>
        <node>
           <name>MP_RM076_Fairlead_INDEX_2</name>
           <model>russia\misc\RM076\RM076.model</model>
        </node>
        <node>
           <name>MP_RM142_Boat_INDEX_10</name>
           <model>russia\misc\RM142\RM142.model</model>
        </node>
        <node>
           <name>MP_RM075_Fairlead_INDEX_7</name>
           <model>russia\misc\RM075\RM075.model</model>
        </node>
        <node>
           <name>MP_AM015_Mk6_Depth_Charge__INDEX_4</name>
           <model>usa\misc\AM015\AM015.model</model>
        </node>
        <node>
           <name>MP_RM054_Life_buoy_INDEX_5</name>
           <model>russia\misc\RM054\RM054.model</model>
        </node>
        <node>
           <name>MP_RM128_Siren</name>
           <model>russia\misc\RM128\RM128.model</model>
        </node>
        <node>
           <name>MP_RM109_Ventilation_INDEX_5</name>
           <model>russia\misc\RM109\RM109.model</model>
        </node>
        <node>
           <name>MP_AM015_Mk6_Depth_Charge__INDEX_5</name>
           <model>usa\misc\AM015\AM015.model</model>
        </node>
        <node>
           <name>MP_RM054_Life_buoy_INDEX_6</name>
           <model>russia\misc\RM054\RM054.model</model>
        </node>
        <node>
           <name>MP_RM094_Flag_Box</name>
           <model>russia\misc\RM094\RM094.model</model>
        </node>
        <node>
           <name>MP_RM094_Flag_Box_INDEX_1</name>
           <model>russia\misc\RM094\RM094.model</model>
        </node>
        <node>
           <name>MP_RM139_Insulator_INDEX_2</name>
           <model>russia\misc\RM139\RM139.model</model>
        </node>
        <node>
           <name>MP_RM145_Turtles_Box_INDEX_8</name>
           <model>russia\misc\RM145\RM145.model</model>
        </node>
        <node>
           <name>MP_RM076_Fairlead_INDEX_3</name>
           <model>russia\misc\RM076\RM076.model</model>
        </node>
        <node>
           <name>MP_RM127_Speakerphone</name>
           <model>russia\misc\RM127\RM127.model</model>
        </node>
        <node>
           <name>MP_RM100_Reel_INDEX_5</name>
           <model>russia\misc\RM100\RM100.model</model>
        </node>
        <node>
           <name>MP_RM066_Ammunition_Box</name>
           <model>russia\misc\RM066\RM066.model</model>
        </node>
        <node>
           <name>MP_RM066_Ammunition_Box_INDEX_1</name>
           <model>russia\misc\RM066\RM066.model</model>
        </node>
        <node>
           <name>MP_RM067_Ammunition_Box</name>
           <model>russia\misc\RM067\RM067.model</model>
        </node>
        <node>
           <name>MP_RM067_Ammunition_Box_INDEX_1</name>
           <model>russia\misc\RM067\RM067.model</model>
        </node>
        <node>
           <name>MP_RM065_Ammunition_Box</name>
           <model>russia\misc\RM065\RM065.model</model>
        </node>
        <node>
           <name>MP_RM065_Ammunition_Box_INDEX_1</name>
           <model>russia\misc\RM065\RM065.model</model>
        </node>
        <node>
           <name>MP_RM065_Ammunition_Box_INDEX_2</name>
           <model>russia\misc\RM065\RM065.model</model>
        </node>
        <node>
           <name>MP_RM065_Ammunition_Box_INDEX_3</name>
           <model>russia\misc\RM065\RM065.model</model>
        </node>
        <node>
           <name>MP_RM185_Fakel_MO</name>
           <model>russia\misc\RM185\RM185.model</model>
        </node>
        <node>
           <name>MP_RM030_Hatch</name>
           <model>russia\misc\RM030\RM030.model</model>
        </node>
        <node>
           <name>MP_RM030_Hatch_INDEX_1</name>
           <model>russia\misc\RM030\RM030.model</model>
        </node>
        <node>
           <name>MP_RM030_Hatch_INDEX_2</name>
           <model>russia\misc\RM030\RM030.model</model>
        </node>
        <node>
           <name>HP_Fire_Burn_3</name>
           <model>UNKNOWN_ITEM</model>
        </node>
    </midback>
    <stern>
      <model>russia\ship\cruiser\RSC003_Murmansk_1944\RSC003_Murmansk_1944_Stern_ports.model</model>
        <node>
           <name>MP_RM154_Steern_Light</name>
           <model>russia\misc\RM154\RM154.model</model>
        </node>
        <node>
           <name>MP_RM155_Wake_Light</name>
           <model>russia\misc\RM155\RM155.model</model>
        </node>
        <node>
           <name>MP_RM111_Bollard</name>
           <model>russia\misc\RM111\RM111.model</model>
        </node>
        <node>
           <name>MP_CM032_Propeller3_R</name>
           <model>common\misc\CM032\CM032.model</model>
        </node>
        <node>
           <name>MP_CM001_Propeller3_L</name>
           <model>common\misc\CM001\CM001.model</model>
        </node>
        <node>
           <name>MP_RM083_Running_Lights_B</name>
           <model>russia\misc\RM083\RM083.model</model>
        </node>
        <node>
           <name>HP_Fire_Burn_4</name>
           <model>UNKNOWN_ITEM</model>
        </node>
    </stern>
  </sections>
</RSC003_Murmansk_1944.xml>
