<ASC004_St_Louis_1906.xml>
  <sections>
    <bow>
      <model>usa\ship\cruiser\ASC004_St_Louis_1906\ASC004_St_Louis_1906_bow_ports.model</model>
        <node>
           <name>HP_AGS_1</name>
           <model>usa\gun\secondary\AGS050_3in50_Mk4\AGS050_3in50_Mk4.model</model>
        </node>
        <node>
           <name>HP_AGS_2</name>
           <model>usa\gun\secondary\AGS050_3in50_Mk4\AGS050_3in50_Mk4.model</model>
        </node>
        <node>
           <name>HP_AGS_4</name>
           <model>usa\gun\secondary\AGS050_3in50_Mk4\AGS050_3in50_Mk4.model</model>
        </node>
        <node>
           <name>HP_AGS_3</name>
           <model>usa\gun\secondary\AGS050_3in50_Mk4\AGS050_3in50_Mk4.model</model>
        </node>
        <node>
           <name>HP_AGM_1</name>
           <model>usa\gun\secondary\AGS044_6in50_MK6\AGS044_6in50_MK6.model</model>
        </node>
        <node>
           <name>MP_AM579ASC004Bow_0_0</name>
           <model>usa\misc\AM579ASC004Bow\AM579ASC004Bow.model</model>
        </node>
        <node>
           <name>MP_CM042ASC004Bow_0_0</name>
           <model>common\misc\CM042ASC004Bow\CM042ASC004Bow.model</model>
        </node>
        <node>
           <name>MP_CM041ASC004Bow_0_0</name>
           <model>common\misc\CM041ASC004Bow\CM041ASC004Bow.model</model>
        </node>
        <node>
           <name>MP_AM278ASC004Bow_0_0</name>
           <model>usa\misc\AM278ASC004Bow\AM278ASC004Bow.model</model>
        </node>
        <node>
           <name>MP_CM031ASC004Bow_0_0</name>
           <model>common\misc\CM031ASC004Bow\CM031ASC004Bow.model</model>
        </node>
        <node>
           <name>MP_AM268ASC004Bow_0_0</name>
           <model>usa\misc\AM268ASC004Bow\AM268ASC004Bow.model</model>
        </node>
        <node>
           <name>MP_AM267ASC004Bow_0_0</name>
           <model>usa\misc\AM267ASC004Bow\AM267ASC004Bow.model</model>
        </node>
        <node>
           <name>MP_AM279_Hatch</name>
           <model>usa\misc\AM279\AM279.model</model>
        </node>
        <node>
           <name>HP_Fire_Burn_1</name>
           <model>UNKNOWN_ITEM</model>
        </node>
    </bow>
    <midfront>
      <model>usa\ship\cruiser\ASC004_St_Louis_1906\ASC004_St_Louis_1906_MidFront_ports.model</model>
        <node>
           <name>HP_AF_1</name>
           <model>usa\finder\AF061_Rangefinder\AF061_Rangefinder.model</model>
        </node>
        <node>
           <name>HP_AF_2</name>
           <model>usa\finder\AF061_Rangefinder\AF061_Rangefinder.model</model>
        </node>
        <node>
           <name>HP_AGS_6</name>
           <model>usa\gun\secondary\AGS050_3in50_Mk4\AGS050_3in50_Mk4.model</model>
        </node>
        <node>
           <name>HP_AGS_5</name>
           <model>usa\gun\secondary\AGS050_3in50_Mk4\AGS050_3in50_Mk4.model</model>
        </node>
        <node>
           <name>HP_AGM_2</name>
           <model>usa\gun\secondary\AGS047_6in50_MK6\AGS047_6in50_MK6.model</model>
        </node>
        <node>
           <name>HP_AGM_3</name>
           <model>usa\gun\secondary\AGS046_6in50_MK6\AGS046_6in50_MK6.model</model>
        </node>
        <node>
           <name>HP_AGM_4</name>
           <model>usa\gun\secondary\AGS047_6in50_MK6\AGS047_6in50_MK6.model</model>
        </node>
        <node>
           <name>HP_AGM_5</name>
           <model>usa\gun\secondary\AGS046_6in50_MK6\AGS046_6in50_MK6.model</model>
        </node>
        <node>
           <name>HP_AGS_7</name>
           <model>usa\gun\secondary\AGS050_3in50_Mk4\AGS050_3in50_Mk4.model</model>
        </node>
        <node>
           <name>HP_AGS_8</name>
           <model>usa\gun\secondary\AGS050_3in50_Mk4\AGS050_3in50_Mk4.model</model>
        </node>
        <node>
           <name>HP_AGS_10</name>
           <model>usa\gun\secondary\AGS050_3in50_Mk4\AGS050_3in50_Mk4.model</model>
        </node>
        <node>
           <name>HP_AGS_9</name>
           <model>usa\gun\secondary\AGS050_3in50_Mk4\AGS050_3in50_Mk4.model</model>
        </node>
        <node>
           <name>HP_flag_1</name>
           <model>usa\misc\AM032\AM032.model</model>
        </node>
        <node>
           <name>HP_flag_2</name>
           <model>usa\misc\AM032\AM032.model</model>
        </node>
        <node>
           <name>HP_flag_3</name>
           <model>usa\misc\AM032\AM032.model</model>
        </node>
        <node>
           <name>HP_flag_4</name>
           <model>usa\misc\AM032\AM032.model</model>
        </node>
        <node>
           <name>MP_AM529ASC004MidFront_0_0</name>
           <model>usa\misc\AM529ASC004MidFront\AM529ASC004MidFront.model</model>
        </node>
        <node>
           <name>MP_AM579ASC004MidFront_0_0</name>
           <model>usa\misc\AM579ASC004MidFront\AM579ASC004MidFront.model</model>
        </node>
        <node>
           <name>MP_CM011ASC004MidFront_0_0</name>
           <model>common\misc\CM011ASC004MidFront\CM011ASC004MidFront.model</model>
        </node>
        <node>
           <name>MP_AM343ASC004MidFront_0_0</name>
           <model>usa\misc\AM343ASC004MidFront\AM343ASC004MidFront.model</model>
        </node>
        <node>
           <name>MP_AM264ASC004MidFront_0_0</name>
           <model>usa\misc\AM264ASC004MidFront\AM264ASC004MidFront.model</model>
        </node>
        <node>
           <name>MP_CM056_Ships_bell</name>
           <model>common\misc\CM056\CM056.model</model>
        </node>
        <node>
           <name>MP_AM492ASC004MidFront_0_0</name>
           <model>usa\misc\AM492ASC004MidFront\AM492ASC004MidFront.model</model>
        </node>
        <node>
           <name>MP_AM580ASC004MidFront_0_0</name>
           <model>usa\misc\AM580ASC004MidFront\AM580ASC004MidFront.model</model>
        </node>
        <node>
           <name>MP_CM012ASC004MidFront_0_0</name>
           <model>common\misc\CM012ASC004MidFront\CM012ASC004MidFront.model</model>
        </node>
        <node>
           <name>MP_AM263ASC004MidFront_0_0</name>
           <model>usa\misc\AM263ASC004MidFront\AM263ASC004MidFront.model</model>
        </node>
        <node>
           <name>MP_AM344_Running_Lights_R</name>
           <model>usa\misc\AM344\AM344.model</model>
        </node>
        <node>
           <name>MP_AM581ASC004MidFront_0_0</name>
           <model>usa\misc\AM581ASC004MidFront\AM581ASC004MidFront.model</model>
        </node>
        <node>
           <name>MP_AM494ASC004MidFront_0_0</name>
           <model>usa\misc\AM494ASC004MidFront\AM494ASC004MidFront.model</model>
        </node>
        <node>
           <name>MP_AM406ASC004MidFront_0_0</name>
           <model>usa\misc\AM406ASC004MidFront\AM406ASC004MidFront.model</model>
        </node>
        <node>
           <name>MP_AM582ASC004MidFront_0_0</name>
           <model>usa\misc\AM582ASC004MidFront\AM582ASC004MidFront.model</model>
        </node>
        <node>
           <name>MP_AM272ASC004MidFront_0_0</name>
           <model>usa\misc\AM272ASC004MidFront\AM272ASC004MidFront.model</model>
        </node>
        <node>
           <name>MP_AM281ASC004MidFront_0_0</name>
           <model>usa\misc\AM281ASC004MidFront\AM281ASC004MidFront.model</model>
        </node>
        <node>
           <name>MP_AM270_Compass_Binnacle</name>
           <model>usa\misc\AM270\AM270.model</model>
        </node>
        <node>
           <name>MP_AM578ASC004MidFront_0_0</name>
           <model>usa\misc\AM578ASC004MidFront\AM578ASC004MidFront.model</model>
        </node>
        <node>
           <name>MP_AM276ASC004MidFront_0_0</name>
           <model>usa\misc\AM276ASC004MidFront\AM276ASC004MidFront.model</model>
        </node>
        <node>
           <name>MP_AM345_Runnng_Lights_L</name>
           <model>usa\misc\AM345\AM345.model</model>
        </node>
        <node>
           <name>MP_AM392ASC004MidFront_0_0</name>
           <model>usa\misc\AM392ASC004MidFront\AM392ASC004MidFront.model</model>
        </node>
        <node>
           <name>MP_AM279ASC004MidFront_0_0</name>
           <model>usa\misc\AM279ASC004MidFront\AM279ASC004MidFront.model</model>
        </node>
        <node>
           <name>MP_AM225ASC004MidFront_0_0</name>
           <model>usa\misc\AM225ASC004MidFront\AM225ASC004MidFront.model</model>
        </node>
        <node>
           <name>MP_AM268ASC004MidFront_0_0</name>
           <model>usa\misc\AM268ASC004MidFront\AM268ASC004MidFront.model</model>
        </node>
        <node>
           <name>MP_AM267ASC004MidFront_0_0</name>
           <model>usa\misc\AM267ASC004MidFront\AM267ASC004MidFront.model</model>
        </node>
        <node>
           <name>MP_AM273_Gyro_Repeater</name>
           <model>usa\misc\AM273\AM273.model</model>
        </node>
        <node>
           <name>MP_AM583ASC004MidFront_0_0</name>
           <model>usa\misc\AM583ASC004MidFront\AM583ASC004MidFront.model</model>
        </node>
        <node>
           <name>MP_AM380ASC004MidFront_0_0</name>
           <model>usa\misc\AM380ASC004MidFront\AM380ASC004MidFront.model</model>
        </node>
        <node>
           <name>MP_AM274_Turning_Indicator</name>
           <model>usa\misc\AM274\AM274.model</model>
        </node>
        <node>
           <name>MP_AM495ASC004MidFront_0_0</name>
           <model>usa\misc\AM495ASC004MidFront\AM495ASC004MidFront.model</model>
        </node>
        <node>
           <name>MP_AM379ASC004MidFront_0_0</name>
           <model>usa\misc\AM379ASC004MidFront\AM379ASC004MidFront.model</model>
        </node>
        <node>
           <name>MP_CM030_Swab_Rack_2</name>
           <model>common\misc\CM030\CM030.model</model>
        </node>
        <node>
           <name>MP_CM040_Steering_Wheel</name>
           <model>common\misc\CM040\CM040.model</model>
        </node>
        <node>
           <name>MP_CM019ASC004MidFront_0_0</name>
           <model>common\misc\CM019ASC004MidFront\CM019ASC004MidFront.model</model>
        </node>
        <node>
           <name>MP_AM275_Voice_Tube</name>
           <model>usa\misc\AM275\AM275.model</model>
        </node>
        <node>
           <name>MP_AM152ASC004MidFront_0_0</name>
           <model>usa\misc\AM152ASC004MidFront\AM152ASC004MidFront.model</model>
        </node>
        <node>
           <name>HP_Smoke_1</name>
           <model>UNKNOWN_ITEM</model>
        </node>
        <node>
           <name>HP_Smoke_2</name>
           <model>UNKNOWN_ITEM</model>
        </node>
        <node>
           <name>HP_Smoke_3</name>
           <model>UNKNOWN_ITEM</model>
        </node>
        <node>
           <name>HP_Fire_Burn_2</name>
           <model>UNKNOWN_ITEM</model>
        </node>
        <node>
           <name>HP_NoseWave_Speed</name>
           <model>UNKNOWN_ITEM</model>
        </node>
    </midfront>
    <midback>
      <model>usa\ship\cruiser\ASC004_St_Louis_1906\ASC004_St_Louis_1906_MidBack_ports.model</model>
        <node>
           <name>HP_AGM_6</name>
           <model>usa\gun\secondary\AGS047_6in50_MK6\AGS047_6in50_MK6.model</model>
        </node>
        <node>
           <name>HP_AGM_7</name>
           <model>usa\gun\secondary\AGS046_6in50_MK6\AGS046_6in50_MK6.model</model>
        </node>
        <node>
           <name>HP_AGM_8</name>
           <model>usa\gun\secondary\AGS047_6in50_MK6\AGS047_6in50_MK6.model</model>
        </node>
        <node>
           <name>HP_AGM_9</name>
           <model>usa\gun\secondary\AGS046_6in50_MK6\AGS046_6in50_MK6.model</model>
        </node>
        <node>
           <name>HP_AF_3</name>
           <model>usa\finder\AF061_Rangefinder\AF061_Rangefinder.model</model>
        </node>
        <node>
           <name>HP_AF_4</name>
           <model>usa\finder\AF061_Rangefinder\AF061_Rangefinder.model</model>
        </node>
        <node>
           <name>HP_AGS_13</name>
           <model>usa\gun\secondary\AGS050_3in50_Mk4\AGS050_3in50_Mk4.model</model>
        </node>
        <node>
           <name>HP_AGS_14</name>
           <model>usa\gun\secondary\AGS050_3in50_Mk4\AGS050_3in50_Mk4.model</model>
        </node>
        <node>
           <name>HP_AGS_12</name>
           <model>usa\gun\secondary\AGS050_3in50_Mk4\AGS050_3in50_Mk4.model</model>
        </node>
        <node>
           <name>HP_AGS_11</name>
           <model>usa\gun\secondary\AGS050_3in50_Mk4\AGS050_3in50_Mk4.model</model>
        </node>
        <node>
           <name>MP_CM011_Fire_Fighting_Gear</name>
           <model>common\misc\CM011\CM011.model</model>
        </node>
        <node>
           <name>MP_AM225ASC004MidBack_0_0</name>
           <model>usa\misc\AM225ASC004MidBack\AM225ASC004MidBack.model</model>
        </node>
        <node>
           <name>MP_CM031ASC004MidBack_0_0</name>
           <model>common\misc\CM031ASC004MidBack\CM031ASC004MidBack.model</model>
        </node>
        <node>
           <name>MP_AM279ASC004MidBack_0_0</name>
           <model>usa\misc\AM279ASC004MidBack\AM279ASC004MidBack.model</model>
        </node>
        <node>
           <name>MP_AM492ASC004MidBack_0_0</name>
           <model>usa\misc\AM492ASC004MidBack\AM492ASC004MidBack.model</model>
        </node>
        <node>
           <name>MP_AM495ASC004MidBack_0_0</name>
           <model>usa\misc\AM495ASC004MidBack\AM495ASC004MidBack.model</model>
        </node>
        <node>
           <name>MP_CM044ASC004MidBack_0_0</name>
           <model>common\misc\CM044ASC004MidBack\CM044ASC004MidBack.model</model>
        </node>
        <node>
           <name>MP_AM263ASC004MidBack_0_0</name>
           <model>usa\misc\AM263ASC004MidBack\AM263ASC004MidBack.model</model>
        </node>
        <node>
           <name>MP_AM264ASC004MidBack_0_0</name>
           <model>usa\misc\AM264ASC004MidBack\AM264ASC004MidBack.model</model>
        </node>
        <node>
           <name>MP_AM580ASC004MidBack_0_0</name>
           <model>usa\misc\AM580ASC004MidBack\AM580ASC004MidBack.model</model>
        </node>
        <node>
           <name>MP_AM581ASC004MidBack_0_0</name>
           <model>usa\misc\AM581ASC004MidBack\AM581ASC004MidBack.model</model>
        </node>
        <node>
           <name>MP_AM392ASC004MidBack_0_0</name>
           <model>usa\misc\AM392ASC004MidBack\AM392ASC004MidBack.model</model>
        </node>
        <node>
           <name>MP_AM579ASC004MidBack_0_0</name>
           <model>usa\misc\AM579ASC004MidBack\AM579ASC004MidBack.model</model>
        </node>
        <node>
           <name>MP_CM043ASC004MidBack_0_0</name>
           <model>common\misc\CM043ASC004MidBack\CM043ASC004MidBack.model</model>
        </node>
        <node>
           <name>MP_CM030_Swab_Rack_2</name>
           <model>common\misc\CM030\CM030.model</model>
        </node>
        <node>
           <name>MP_AM270_Compass_Binnacle</name>
           <model>usa\misc\AM270\AM270.model</model>
        </node>
        <node>
           <name>MP_AM578ASC004MidBack_0_0</name>
           <model>usa\misc\AM578ASC004MidBack\AM578ASC004MidBack.model</model>
        </node>
        <node>
           <name>MP_AM494ASC004MidBack_0_0</name>
           <model>usa\misc\AM494ASC004MidBack\AM494ASC004MidBack.model</model>
        </node>
        <node>
           <name>MP_AM379ASC004MidBack_0_0</name>
           <model>usa\misc\AM379ASC004MidBack\AM379ASC004MidBack.model</model>
        </node>
        <node>
           <name>MP_AM583ASC004MidBack_0_0</name>
           <model>usa\misc\AM583ASC004MidBack\AM583ASC004MidBack.model</model>
        </node>
        <node>
           <name>MP_AM268ASC004MidBack_0_0</name>
           <model>usa\misc\AM268ASC004MidBack\AM268ASC004MidBack.model</model>
        </node>
        <node>
           <name>MP_CM012_Fire_Hose_Rack_1</name>
           <model>common\misc\CM012\CM012.model</model>
        </node>
        <node>
           <name>HP_flag_nation</name>
           <model>usa\misc\AM032\AM032.model</model>
        </node>
        <node>
           <name>HP_Smoke_4</name>
           <model>UNKNOWN_ITEM</model>
        </node>
        <node>
           <name>HP_Fire_Burn_3</name>
           <model>UNKNOWN_ITEM</model>
        </node>
    </midback>
    <stern>
      <model>usa\ship\cruiser\ASC004_St_Louis_1906\ASC004_St_Louis_1906_Stern_ports.model</model>
        <node>
           <name>HP_AGM_10</name>
           <model>usa\gun\secondary\AGS044_6in50_MK6\AGS044_6in50_MK6.model</model>
        </node>
        <node>
           <name>HP_AGS_15</name>
           <model>usa\gun\secondary\AGS050_3in50_Mk4\AGS050_3in50_Mk4.model</model>
        </node>
        <node>
           <name>HP_AGS_16</name>
           <model>usa\gun\secondary\AGS050_3in50_Mk4\AGS050_3in50_Mk4.model</model>
        </node>
        <node>
           <name>HP_AGS_17</name>
           <model>usa\gun\secondary\AGS050_3in50_Mk4\AGS050_3in50_Mk4.model</model>
        </node>
        <node>
           <name>HP_AGS_18</name>
           <model>usa\gun\secondary\AGS050_3in50_Mk4\AGS050_3in50_Mk4.model</model>
        </node>
        <node>
           <name>MP_CM031_Bullet_shell</name>
           <model>common\misc\CM031\CM031.model</model>
        </node>
        <node>
           <name>MP_AM267ASC004Stern_0_0</name>
           <model>usa\misc\AM267ASC004Stern\AM267ASC004Stern.model</model>
        </node>
        <node>
           <name>MP_AM268ASC004Stern_0_0</name>
           <model>usa\misc\AM268ASC004Stern\AM268ASC004Stern.model</model>
        </node>
        <node>
           <name>MP_AM265ASC004Stern_0_0</name>
           <model>usa\misc\AM265ASC004Stern\AM265ASC004Stern.model</model>
        </node>
        <node>
           <name>MP_AM579ASC004Stern_0_0</name>
           <model>usa\misc\AM579ASC004Stern\AM579ASC004Stern.model</model>
        </node>
        <node>
           <name>MP_CM032_Propeller3_R</name>
           <model>common\misc\CM032\CM032.model</model>
        </node>
        <node>
           <name>MP_AM577ASC004Stern_0_0</name>
           <model>usa\misc\AM577ASC004Stern\AM577ASC004Stern.model</model>
        </node>
        <node>
           <name>MP_AM529ASC004Stern_0_0</name>
           <model>usa\misc\AM529ASC004Stern\AM529ASC004Stern.model</model>
        </node>
        <node>
           <name>MP_AM279_Hatch</name>
           <model>usa\misc\AM279\AM279.model</model>
        </node>
        <node>
           <name>MP_AM581_Ammunition_Box</name>
           <model>usa\misc\AM581\AM581.model</model>
        </node>
        <node>
           <name>MP_AM281_Boat_Winch</name>
           <model>usa\misc\AM281\AM281.model</model>
        </node>
        <node>
           <name>MP_CM001_Propeller3_L</name>
           <model>common\misc\CM001\CM001.model</model>
        </node>
        <node>
           <name>MP_AM580_Signal_Lamp</name>
           <model>usa\misc\AM580\AM580.model</model>
        </node>
        <node>
           <name>HP_Fire_Burn_4</name>
           <model>UNKNOWN_ITEM</model>
        </node>
    </stern>
  </sections>
</ASC004_St_Louis_1906.xml>
