<JSC005_Furutaka_1926.xml>
  <sections>
    <bow>
      <model>japan\ship\cruiser\JSC005_Furutaka_1926\JSC005_Furutaka_1926_bow_ports.model</model>
        <node>
           <name>HP_JGM_1</name>
           <model>japan\gun\main\JGM121_203mm\JGM121_203mm.model</model>
        </node>
        <node>
           <name>HP_JGM_2</name>
           <model>japan\gun\main\JGM121_203mm\JGM121_203mm.model</model>
        </node>
        <node>
           <name>MP_CM087_Anchor_down</name>
           <model>common\misc\CM087\CM087.model</model>
        </node>
        <node>
           <name>MP_CM086_Anchor_top</name>
           <model>common\misc\CM086\CM086.model</model>
        </node>
        <node>
           <name>MP_JM029_Leadsman_Platform</name>
           <model>japan\misc\JM029\JM029.model</model>
        </node>
        <node>
           <name>MP_JM064_Bollards_2</name>
           <model>japan\misc\JM064\JM064.model</model>
        </node>
        <node>
           <name>MP_JM064_Bollards_2_INDEX_1</name>
           <model>japan\misc\JM064\JM064.model</model>
        </node>
        <node>
           <name>MP_JM064_Bollards_2_INDEX_2</name>
           <model>japan\misc\JM064\JM064.model</model>
        </node>
        <node>
           <name>MP_JM064_Bollards_2_INDEX_3</name>
           <model>japan\misc\JM064\JM064.model</model>
        </node>
        <node>
           <name>MP_JM017_Ventilators_1</name>
           <model>japan\misc\JM017\JM017.model</model>
        </node>
        <node>
           <name>MP_JM017_Ventilators_1_INDEX_1</name>
           <model>japan\misc\JM017\JM017.model</model>
        </node>
        <node>
           <name>MP_JM061_Deck_Hatch_10</name>
           <model>japan\misc\JM061\JM061.model</model>
        </node>
        <node>
           <name>MP_JM061_Deck_Hatch_10_INDEX_1</name>
           <model>japan\misc\JM061\JM061.model</model>
        </node>
        <node>
           <name>MP_JM061_Deck_Hatch_10_INDEX_2</name>
           <model>japan\misc\JM061\JM061.model</model>
        </node>
        <node>
           <name>MP_JM014_Reels_2</name>
           <model>japan\misc\JM014\JM014.model</model>
        </node>
        <node>
           <name>MP_JM014_Reels_2_INDEX_1</name>
           <model>japan\misc\JM014\JM014.model</model>
        </node>
        <node>
           <name>MP_JM014_Reels_2_INDEX_2</name>
           <model>japan\misc\JM014\JM014.model</model>
        </node>
        <node>
           <name>MP_JM141_Break_Handwheel_1</name>
           <model>japan\misc\JM141\JM141.model</model>
        </node>
        <node>
           <name>MP_JM141_Break_Handwheel_1_INDEX_1</name>
           <model>japan\misc\JM141\JM141.model</model>
        </node>
        <node>
           <name>MP_JM033_Roller_Fairled</name>
           <model>japan\misc\JM033\JM033.model</model>
        </node>
        <node>
           <name>MP_JM033_Roller_Fairled_INDEX_1</name>
           <model>japan\misc\JM033\JM033.model</model>
        </node>
        <node>
           <name>MP_JM127_Ventilators_11</name>
           <model>japan\misc\JM127\JM127.model</model>
        </node>
        <node>
           <name>MP_JM125_Signal_Lamp_3</name>
           <model>japan\misc\JM125\JM125.model</model>
        </node>
        <node>
           <name>MP_JM202_Fender</name>
           <model>japan\misc\JM202\JM202.model</model>
        </node>
        <node>
           <name>MP_JM202_Fender_INDEX_1</name>
           <model>japan\misc\JM202\JM202.model</model>
        </node>
        <node>
           <name>MP_CM009_Life_Buoy_2</name>
           <model>common\misc\CM009\CM009.model</model>
        </node>
        <node>
           <name>MP_CM012_Fire_Hose_Rack_1</name>
           <model>common\misc\CM012\CM012.model</model>
        </node>
        <node>
           <name>MP_CM011_Fire_Fighting_Gear</name>
           <model>common\misc\CM011\CM011.model</model>
        </node>
        <node>
           <name>MP_CM011_Fire_Fighting_Gear_INDEX_1</name>
           <model>common\misc\CM011\CM011.model</model>
        </node>
        <node>
           <name>MP_CM012_Fire_Hose_Rack_1_INDEX_1</name>
           <model>common\misc\CM012\CM012.model</model>
        </node>
        <node>
           <name>MP_CM019_Wood_Box_2</name>
           <model>common\misc\CM019\CM019.model</model>
        </node>
        <node>
           <name>MP_CM014_Fuel_Oil_Hose</name>
           <model>common\misc\CM014\CM014.model</model>
        </node>
        <node>
           <name>MP_CM062_Emergency_Box</name>
           <model>common\misc\CM062\CM062.model</model>
        </node>
        <node>
           <name>MP_CM062_Emergency_Box_INDEX_1</name>
           <model>common\misc\CM062\CM062.model</model>
        </node>
        <node>
           <name>MP_JM191_SanBox</name>
           <model>japan\misc\JM191\JM191.model</model>
        </node>
        <node>
           <name>MP_JM191_SanBox_INDEX_1</name>
           <model>japan\misc\JM191\JM191.model</model>
        </node>
        <node>
           <name>MP_CM004_Barbette_Out</name>
           <model>common\misc\CM004\CM004.model</model>
        </node>
        <node>
           <name>MP_CM004_Barbette_Out_INDEX_1</name>
           <model>common\misc\CM004\CM004.model</model>
        </node>
        <node>
           <name>MP_JM027_Fairlead_2</name>
           <model>japan\misc\JM027\JM027.model</model>
        </node>
        <node>
           <name>MP_JM027_Fairlead_2_INDEX_1</name>
           <model>japan\misc\JM027\JM027.model</model>
        </node>
        <node>
           <name>MP_JM127_Ventilators_11_INDEX_1</name>
           <model>japan\misc\JM127\JM127.model</model>
        </node>
        <node>
           <name>MP_JM021_Ventilators_5</name>
           <model>japan\misc\JM021\JM021.model</model>
        </node>
        <node>
           <name>MP_JM021_Ventilators_5_INDEX_1</name>
           <model>japan\misc\JM021\JM021.model</model>
        </node>
        <node>
           <name>MP_JM021_Ventilators_5_INDEX_2</name>
           <model>japan\misc\JM021\JM021.model</model>
        </node>
        <node>
           <name>MP_JM021_Ventilators_5_INDEX_3</name>
           <model>japan\misc\JM021\JM021.model</model>
        </node>
        <node>
           <name>MP_JM029_Leadsman_Platform_INDEX_1</name>
           <model>japan\misc\JM029\JM029.model</model>
        </node>
        <node>
           <name>MP_JM202_Fender_INDEX_2</name>
           <model>japan\misc\JM202\JM202.model</model>
        </node>
        <node>
           <name>MP_JM202_Fender_INDEX_3</name>
           <model>japan\misc\JM202\JM202.model</model>
        </node>
        <node>
           <name>MP_CM086_Anchor_top_INDEX_1</name>
           <model>common\misc\CM086\CM086.model</model>
        </node>
        <node>
           <name>MP_CM087_Anchor_down_INDEX_1</name>
           <model>common\misc\CM087\CM087.model</model>
        </node>
        <node>
           <name>MP_JM023_Ventilators_7</name>
           <model>japan\misc\JM023\JM023.model</model>
        </node>
        <node>
           <name>MP_JM310_Chrysanthemum_full</name>
           <model>japan\misc\JM310\JM310.model</model>
        </node>
        <node>
           <name>HP_Fire_Burn_1</name>
           <model>UNKNOWN_ITEM</model>
        </node>
    </bow>
    <midfront>
      <model>japan\ship\cruiser\JSC005_Furutaka_1926\JSC005_Furutaka_1926_MidFront_ports.model</model>
        <node>
           <name>HP_JD_1</name>
           <model>japan\director\JD022_Director_Type_95_Mod1\JD022_Director_Type_95_Mod1.model</model>
        </node>
        <node>
           <name>HP_JD_2</name>
           <model>japan\director\JD085_Director_Type_94\JD085_Director_Type_94.model</model>
        </node>
        <node>
           <name>HP_JD_3</name>
           <model>japan\director\JD085_Director_Type_94\JD085_Director_Type_94.model</model>
        </node>
        <node>
           <name>HP_JD_4</name>
           <model>japan\director\JD022_Director_Type_95_Mod1\JD022_Director_Type_95_Mod1.model</model>
        </node>
        <node>
           <name>HP_JF_1</name>
           <model>japan\finder\JF009_Rangefinder_4_5m\JF009_Rangefinder_4_5m.model</model>
        </node>
        <node>
           <name>HP_JF_2</name>
           <model>japan\finder\JF009_Rangefinder_4_5m\JF009_Rangefinder_4_5m.model</model>
        </node>
        <node>
           <name>HP_JGA_1</name>
           <model>japan\gun\aaircraft\JGA052_7_7mmLewis\JGA052_7_7mmLewis.model</model>
        </node>
        <node>
           <name>HP_JGA_2</name>
           <model>japan\gun\aaircraft\JGA052_7_7mmLewis\JGA052_7_7mmLewis.model</model>
        </node>
        <node>
           <name>HP_JGM_3</name>
           <model>japan\gun\main\JGM121_203mm\JGM121_203mm.model</model>
        </node>
        <node>
           <name>HP_JGS_1</name>
           <model>japan\gun\secondary\JGS045_76mm40_Type3\JGS045_76mm40_Type3.model</model>
        </node>
        <node>
           <name>HP_JGS_2</name>
           <model>japan\gun\secondary\JGS045_76mm40_Type3\JGS045_76mm40_Type3.model</model>
        </node>
        <node>
           <name>HP_JGS_3</name>
           <model>japan\gun\secondary\JGS045_76mm40_Type3\JGS045_76mm40_Type3.model</model>
        </node>
        <node>
           <name>HP_JGS_4</name>
           <model>japan\gun\secondary\JGS045_76mm40_Type3\JGS045_76mm40_Type3.model</model>
        </node>
        <node>
           <name>HP_flag_1</name>
           <model>japan\misc\JM001\JM001.model</model>
        </node>
        <node>
           <name>HP_flag_2</name>
           <model>japan\misc\JM001\JM001.model</model>
        </node>
        <node>
           <name>HP_flag_3</name>
           <model>japan\misc\JM001\JM001.model</model>
        </node>
        <node>
           <name>HP_flag_4</name>
           <model>japan\misc\JM001\JM001.model</model>
        </node>
        <node>
           <name>MP_JM113_Flag_Box</name>
           <model>japan\misc\JM113\JM113.model</model>
        </node>
        <node>
           <name>MP_JM017_Ventilators_1</name>
           <model>japan\misc\JM017\JM017.model</model>
        </node>
        <node>
           <name>MP_JM017_Ventilators_1_INDEX_1</name>
           <model>japan\misc\JM017\JM017.model</model>
        </node>
        <node>
           <name>MP_JM019_Ventilators_3</name>
           <model>japan\misc\JM019\JM019.model</model>
        </node>
        <node>
           <name>MP_JM019_Ventilators_3_INDEX_1</name>
           <model>japan\misc\JM019\JM019.model</model>
        </node>
        <node>
           <name>MP_JM019_Ventilators_3_INDEX_2</name>
           <model>japan\misc\JM019\JM019.model</model>
        </node>
        <node>
           <name>MP_JM017_Ventilators_1_INDEX_2</name>
           <model>japan\misc\JM017\JM017.model</model>
        </node>
        <node>
           <name>MP_JM017_Ventilators_1_INDEX_3</name>
           <model>japan\misc\JM017\JM017.model</model>
        </node>
        <node>
           <name>MP_JM017_Ventilators_1_INDEX_4</name>
           <model>japan\misc\JM017\JM017.model</model>
        </node>
        <node>
           <name>MP_JM019_Ventilators_3_INDEX_3</name>
           <model>japan\misc\JM019\JM019.model</model>
        </node>
        <node>
           <name>MP_JM061_Deck_Hatch_10</name>
           <model>japan\misc\JM061\JM061.model</model>
        </node>
        <node>
           <name>MP_JM061_Deck_Hatch_10_INDEX_1</name>
           <model>japan\misc\JM061\JM061.model</model>
        </node>
        <node>
           <name>MP_JM092_Running_Lights_R</name>
           <model>japan\misc\JM092\JM092.model</model>
        </node>
        <node>
           <name>MP_JM093_Running_Lights_L</name>
           <model>japan\misc\JM093\JM093.model</model>
        </node>
        <node>
           <name>MP_JM010_Deck_Lamp</name>
           <model>japan\misc\JM010\JM010.model</model>
        </node>
        <node>
           <name>MP_JM010_Deck_Lamp_INDEX_1</name>
           <model>japan\misc\JM010\JM010.model</model>
        </node>
        <node>
           <name>MP_JM107_Binocular_2</name>
           <model>japan\misc\JM107\JM107.model</model>
        </node>
        <node>
           <name>MP_JM107_Binocular_2_INDEX_1</name>
           <model>japan\misc\JM107\JM107.model</model>
        </node>
        <node>
           <name>MP_JM107_Binocular_2_INDEX_2</name>
           <model>japan\misc\JM107\JM107.model</model>
        </node>
        <node>
           <name>MP_JM096_Davit_3</name>
           <model>japan\misc\JM096\JM096.model</model>
        </node>
        <node>
           <name>MP_JM037_Cutter_9m</name>
           <model>japan\misc\JM037\JM037.model</model>
        </node>
        <node>
           <name>MP_CM017_Boat_Stowage_3</name>
           <model>common\misc\CM017\CM017.model</model>
        </node>
        <node>
           <name>MP_CM017_Boat_Stowage_3_INDEX_1</name>
           <model>common\misc\CM017\CM017.model</model>
        </node>
        <node>
           <name>MP_CM017_Boat_Stowage_3_INDEX_2</name>
           <model>common\misc\CM017\CM017.model</model>
        </node>
        <node>
           <name>MP_JM037_Cutter_9m_INDEX_1</name>
           <model>japan\misc\JM037\JM037.model</model>
        </node>
        <node>
           <name>MP_CM017_Boat_Stowage_3_INDEX_3</name>
           <model>common\misc\CM017\CM017.model</model>
        </node>
        <node>
           <name>MP_CM017_Boat_Stowage_3_INDEX_4</name>
           <model>common\misc\CM017\CM017.model</model>
        </node>
        <node>
           <name>MP_CM017_Boat_Stowage_3_INDEX_5</name>
           <model>common\misc\CM017\CM017.model</model>
        </node>
        <node>
           <name>MP_JM225_Motor_Boats_9m</name>
           <model>japan\misc\JM225\JM225.model</model>
        </node>
        <node>
           <name>MP_CM017_Boat_Stowage_3_INDEX_6</name>
           <model>common\misc\CM017\CM017.model</model>
        </node>
        <node>
           <name>MP_CM017_Boat_Stowage_3_INDEX_7</name>
           <model>common\misc\CM017\CM017.model</model>
        </node>
        <node>
           <name>MP_CM017_Boat_Stowage_3_INDEX_8</name>
           <model>common\misc\CM017\CM017.model</model>
        </node>
        <node>
           <name>MP_JM035_Dinghy_6m</name>
           <model>japan\misc\JM035\JM035.model</model>
        </node>
        <node>
           <name>MP_CM016_Boat_Stowage_2</name>
           <model>common\misc\CM016\CM016.model</model>
        </node>
        <node>
           <name>MP_CM016_Boat_Stowage_2_INDEX_1</name>
           <model>common\misc\CM016\CM016.model</model>
        </node>
        <node>
           <name>MP_CM016_Boat_Stowage_2_INDEX_2</name>
           <model>common\misc\CM016\CM016.model</model>
        </node>
        <node>
           <name>MP_JM225_Motor_Boats_9m_INDEX_1</name>
           <model>japan\misc\JM225\JM225.model</model>
        </node>
        <node>
           <name>MP_JM037_Cutter_9m_INDEX_2</name>
           <model>japan\misc\JM037\JM037.model</model>
        </node>
        <node>
           <name>MP_JM032_Electric_Deck_Winch</name>
           <model>japan\misc\JM032\JM032.model</model>
        </node>
        <node>
           <name>MP_JM032_Electric_Deck_Winch_INDEX_1</name>
           <model>japan\misc\JM032\JM032.model</model>
        </node>
        <node>
           <name>MP_CM009_Life_Buoy_2</name>
           <model>common\misc\CM009\CM009.model</model>
        </node>
        <node>
           <name>MP_CM009_Life_Buoy_2_INDEX_1</name>
           <model>common\misc\CM009\CM009.model</model>
        </node>
        <node>
           <name>MP_CM009_Life_Buoy_2_INDEX_2</name>
           <model>common\misc\CM009\CM009.model</model>
        </node>
        <node>
           <name>MP_CM012_Fire_Hose_Rack_1</name>
           <model>common\misc\CM012\CM012.model</model>
        </node>
        <node>
           <name>MP_CM014_Fuel_Oil_Hose</name>
           <model>common\misc\CM014\CM014.model</model>
        </node>
        <node>
           <name>MP_CM011_Fire_Fighting_Gear</name>
           <model>common\misc\CM011\CM011.model</model>
        </node>
        <node>
           <name>MP_CM012_Fire_Hose_Rack_1_INDEX_1</name>
           <model>common\misc\CM012\CM012.model</model>
        </node>
        <node>
           <name>MP_CM011_Fire_Fighting_Gear_INDEX_1</name>
           <model>common\misc\CM011\CM011.model</model>
        </node>
        <node>
           <name>MP_CM014_Fuel_Oil_Hose_INDEX_1</name>
           <model>common\misc\CM014\CM014.model</model>
        </node>
        <node>
           <name>MP_CM030_Swab_Rack_2</name>
           <model>common\misc\CM030\CM030.model</model>
        </node>
        <node>
           <name>MP_CM030_Swab_Rack_2_INDEX_1</name>
           <model>common\misc\CM030\CM030.model</model>
        </node>
        <node>
           <name>MP_CM062_Emergency_Box</name>
           <model>common\misc\CM062\CM062.model</model>
        </node>
        <node>
           <name>MP_CM062_Emergency_Box_INDEX_1</name>
           <model>common\misc\CM062\CM062.model</model>
        </node>
        <node>
           <name>MP_CM062_Emergency_Box_INDEX_2</name>
           <model>common\misc\CM062\CM062.model</model>
        </node>
        <node>
           <name>MP_CM062_Emergency_Box_INDEX_3</name>
           <model>common\misc\CM062\CM062.model</model>
        </node>
        <node>
           <name>MP_CM062_Emergency_Box_INDEX_4</name>
           <model>common\misc\CM062\CM062.model</model>
        </node>
        <node>
           <name>MP_CM062_Emergency_Box_INDEX_5</name>
           <model>common\misc\CM062\CM062.model</model>
        </node>
        <node>
           <name>MP_CM062_Emergency_Box_INDEX_6</name>
           <model>common\misc\CM062\CM062.model</model>
        </node>
        <node>
           <name>MP_CM062_Emergency_Box_INDEX_7</name>
           <model>common\misc\CM062\CM062.model</model>
        </node>
        <node>
           <name>MP_CM062_Emergency_Box_INDEX_8</name>
           <model>common\misc\CM062\CM062.model</model>
        </node>
        <node>
           <name>MP_CM062_Emergency_Box_INDEX_9</name>
           <model>common\misc\CM062\CM062.model</model>
        </node>
        <node>
           <name>MP_CM062_Emergency_Box_INDEX_10</name>
           <model>common\misc\CM062\CM062.model</model>
        </node>
        <node>
           <name>MP_CM062_Emergency_Box_INDEX_11</name>
           <model>common\misc\CM062\CM062.model</model>
        </node>
        <node>
           <name>MP_CM062_Emergency_Box_INDEX_12</name>
           <model>common\misc\CM062\CM062.model</model>
        </node>
        <node>
           <name>MP_CM062_Emergency_Box_INDEX_13</name>
           <model>common\misc\CM062\CM062.model</model>
        </node>
        <node>
           <name>MP_CM062_Emergency_Box_INDEX_14</name>
           <model>common\misc\CM062\CM062.model</model>
        </node>
        <node>
           <name>MP_CM062_Emergency_Box_INDEX_15</name>
           <model>common\misc\CM062\CM062.model</model>
        </node>
        <node>
           <name>MP_JM191_SanBox</name>
           <model>japan\misc\JM191\JM191.model</model>
        </node>
        <node>
           <name>MP_JM191_SanBox_INDEX_1</name>
           <model>japan\misc\JM191\JM191.model</model>
        </node>
        <node>
           <name>MP_JM191_SanBox_INDEX_2</name>
           <model>japan\misc\JM191\JM191.model</model>
        </node>
        <node>
           <name>MP_JM191_SanBox_INDEX_3</name>
           <model>japan\misc\JM191\JM191.model</model>
        </node>
        <node>
           <name>MP_JM191_SanBox_INDEX_4</name>
           <model>japan\misc\JM191\JM191.model</model>
        </node>
        <node>
           <name>MP_JM237_Speaker_tube_1</name>
           <model>japan\misc\JM237\JM237.model</model>
        </node>
        <node>
           <name>MP_JM237_Speaker_tube_1_INDEX_1</name>
           <model>japan\misc\JM237\JM237.model</model>
        </node>
        <node>
           <name>MP_JM237_Speaker_tube_1_INDEX_2</name>
           <model>japan\misc\JM237\JM237.model</model>
        </node>
        <node>
           <name>MP_JM158_Main_Wheel</name>
           <model>japan\misc\JM158\JM158.model</model>
        </node>
        <node>
           <name>MP_JM165_Telegraph_Engine</name>
           <model>japan\misc\JM165\JM165.model</model>
        </node>
        <node>
           <name>MP_JM164_Turning_Indicator</name>
           <model>japan\misc\JM164\JM164.model</model>
        </node>
        <node>
           <name>MP_JM242_Speaker_tube_group_R</name>
           <model>japan\misc\JM242\JM242.model</model>
        </node>
        <node>
           <name>MP_JM242_Speaker_tube_group_R_INDEX_1</name>
           <model>japan\misc\JM242\JM242.model</model>
        </node>
        <node>
           <name>MP_JM259_Gauge_8</name>
           <model>japan\misc\JM259\JM259.model</model>
        </node>
        <node>
           <name>MP_JM249_Gauge_1</name>
           <model>japan\misc\JM249\JM249.model</model>
        </node>
        <node>
           <name>MP_JM250_Gauge_2</name>
           <model>japan\misc\JM250\JM250.model</model>
        </node>
        <node>
           <name>MP_JM251_Gauge_3</name>
           <model>japan\misc\JM251\JM251.model</model>
        </node>
        <node>
           <name>MP_JM251_Gauge_3_INDEX_1</name>
           <model>japan\misc\JM251\JM251.model</model>
        </node>
        <node>
           <name>MP_JM249_Gauge_1_INDEX_1</name>
           <model>japan\misc\JM249\JM249.model</model>
        </node>
        <node>
           <name>MP_JM259_Gauge_8_INDEX_1</name>
           <model>japan\misc\JM259\JM259.model</model>
        </node>
        <node>
           <name>MP_JM250_Gauge_2_INDEX_1</name>
           <model>japan\misc\JM250\JM250.model</model>
        </node>
        <node>
           <name>MP_JM258_Double_Gauge_2</name>
           <model>japan\misc\JM258\JM258.model</model>
        </node>
        <node>
           <name>MP_JM255_Double_Gauge</name>
           <model>japan\misc\JM255\JM255.model</model>
        </node>
        <node>
           <name>MP_JM268_Wall_indicator</name>
           <model>japan\misc\JM268\JM268.model</model>
        </node>
        <node>
           <name>MP_JM261_Fuse_box_1</name>
           <model>japan\misc\JM261\JM261.model</model>
        </node>
        <node>
           <name>MP_JM262_Fuse_Box_2</name>
           <model>japan\misc\JM262\JM262.model</model>
        </node>
        <node>
           <name>MP_JM263_Small_fuse_box</name>
           <model>japan\misc\JM263\JM263.model</model>
        </node>
        <node>
           <name>MP_JM263_Small_fuse_box_INDEX_1</name>
           <model>japan\misc\JM263\JM263.model</model>
        </node>
        <node>
           <name>MP_JM262_Fuse_Box_2_INDEX_1</name>
           <model>japan\misc\JM262\JM262.model</model>
        </node>
        <node>
           <name>MP_JM261_Fuse_box_1_INDEX_1</name>
           <model>japan\misc\JM261\JM261.model</model>
        </node>
        <node>
           <name>MP_JM267_Wall_ring</name>
           <model>japan\misc\JM267\JM267.model</model>
        </node>
        <node>
           <name>MP_JM246_Roof_binocular</name>
           <model>japan\misc\JM246\JM246.model</model>
        </node>
        <node>
           <name>MP_JM246_Roof_binocular_INDEX_1</name>
           <model>japan\misc\JM246\JM246.model</model>
        </node>
        <node>
           <name>MP_JM257_Clock</name>
           <model>japan\misc\JM257\JM257.model</model>
        </node>
        <node>
           <name>MP_JM254_Gauge_6</name>
           <model>japan\misc\JM254\JM254.model</model>
        </node>
        <node>
           <name>MP_JM251_Gauge_3_INDEX_2</name>
           <model>japan\misc\JM251\JM251.model</model>
        </node>
        <node>
           <name>MP_JM256_Gauge_7</name>
           <model>japan\misc\JM256\JM256.model</model>
        </node>
        <node>
           <name>MP_JM257_Clock_INDEX_1</name>
           <model>japan\misc\JM257\JM257.model</model>
        </node>
        <node>
           <name>MP_JM251_Gauge_3_INDEX_3</name>
           <model>japan\misc\JM251\JM251.model</model>
        </node>
        <node>
           <name>MP_JM249_Gauge_1_INDEX_2</name>
           <model>japan\misc\JM249\JM249.model</model>
        </node>
        <node>
           <name>MP_JM268_Wall_indicator_INDEX_1</name>
           <model>japan\misc\JM268\JM268.model</model>
        </node>
        <node>
           <name>MP_JM247_Electric_gauge_L</name>
           <model>japan\misc\JM247\JM247.model</model>
        </node>
        <node>
           <name>MP_JM248_Electric_gauge_R</name>
           <model>japan\misc\JM248\JM248.model</model>
        </node>
        <node>
           <name>MP_JM268_Wall_indicator_INDEX_2</name>
           <model>japan\misc\JM268\JM268.model</model>
        </node>
        <node>
           <name>MP_JM260_Gauge_9</name>
           <model>japan\misc\JM260\JM260.model</model>
        </node>
        <node>
           <name>MP_JM265_Wall_trigger_2</name>
           <model>japan\misc\JM265\JM265.model</model>
        </node>
        <node>
           <name>MP_JM264_Wall_trigger_1</name>
           <model>japan\misc\JM264\JM264.model</model>
        </node>
        <node>
           <name>MP_JM266_Wall_trigger_3</name>
           <model>japan\misc\JM266\JM266.model</model>
        </node>
        <node>
           <name>MP_JM258_Double_Gauge_2_INDEX_1</name>
           <model>japan\misc\JM258\JM258.model</model>
        </node>
        <node>
           <name>MP_JM250_Gauge_2_INDEX_2</name>
           <model>japan\misc\JM250\JM250.model</model>
        </node>
        <node>
           <name>MP_JM249_Gauge_1_INDEX_3</name>
           <model>japan\misc\JM249\JM249.model</model>
        </node>
        <node>
           <name>MP_JM252_Gauge_4</name>
           <model>japan\misc\JM252\JM252.model</model>
        </node>
        <node>
           <name>MP_JM253_Gauge_5</name>
           <model>japan\misc\JM253\JM253.model</model>
        </node>
        <node>
           <name>MP_JM258_Double_Gauge_2_INDEX_2</name>
           <model>japan\misc\JM258\JM258.model</model>
        </node>
        <node>
           <name>MP_JM250_Gauge_2_INDEX_3</name>
           <model>japan\misc\JM250\JM250.model</model>
        </node>
        <node>
           <name>MP_JM270_Speaking_trumpet</name>
           <model>japan\misc\JM270\JM270.model</model>
        </node>
        <node>
           <name>MP_JM268_Wall_indicator_INDEX_3</name>
           <model>japan\misc\JM268\JM268.model</model>
        </node>
        <node>
           <name>MP_JM251_Gauge_3_INDEX_4</name>
           <model>japan\misc\JM251\JM251.model</model>
        </node>
        <node>
           <name>MP_JM249_Gauge_1_INDEX_4</name>
           <model>japan\misc\JM249\JM249.model</model>
        </node>
        <node>
           <name>MP_JM257_Clock_INDEX_2</name>
           <model>japan\misc\JM257\JM257.model</model>
        </node>
        <node>
           <name>MP_JM263_Small_fuse_box_INDEX_2</name>
           <model>japan\misc\JM263\JM263.model</model>
        </node>
        <node>
           <name>MP_JM249_Gauge_1_INDEX_5</name>
           <model>japan\misc\JM249\JM249.model</model>
        </node>
        <node>
           <name>MP_JM251_Gauge_3_INDEX_5</name>
           <model>japan\misc\JM251\JM251.model</model>
        </node>
        <node>
           <name>MP_JM268_Wall_indicator_INDEX_4</name>
           <model>japan\misc\JM268\JM268.model</model>
        </node>
        <node>
           <name>MP_JM257_Clock_INDEX_3</name>
           <model>japan\misc\JM257\JM257.model</model>
        </node>
        <node>
           <name>MP_JM242_Speaker_tube_group_R_INDEX_2</name>
           <model>japan\misc\JM242\JM242.model</model>
        </node>
        <node>
           <name>MP_JM242_Speaker_tube_group_R_INDEX_3</name>
           <model>japan\misc\JM242\JM242.model</model>
        </node>
        <node>
           <name>MP_JM262_Fuse_Box_2_INDEX_2</name>
           <model>japan\misc\JM262\JM262.model</model>
        </node>
        <node>
           <name>MP_JM263_Small_fuse_box_INDEX_3</name>
           <model>japan\misc\JM263\JM263.model</model>
        </node>
        <node>
           <name>MP_JM261_Fuse_box_1_INDEX_2</name>
           <model>japan\misc\JM261\JM261.model</model>
        </node>
        <node>
           <name>MP_JM262_Fuse_Box_2_INDEX_3</name>
           <model>japan\misc\JM262\JM262.model</model>
        </node>
        <node>
           <name>MP_JM263_Small_fuse_box_INDEX_4</name>
           <model>japan\misc\JM263\JM263.model</model>
        </node>
        <node>
           <name>MP_JM261_Fuse_box_1_INDEX_3</name>
           <model>japan\misc\JM261\JM261.model</model>
        </node>
        <node>
           <name>MP_JM244_Gyro_2</name>
           <model>japan\misc\JM244\JM244.model</model>
        </node>
        <node>
           <name>MP_JM258_Double_Gauge_2_INDEX_3</name>
           <model>japan\misc\JM258\JM258.model</model>
        </node>
        <node>
           <name>MP_JM250_Gauge_2_INDEX_4</name>
           <model>japan\misc\JM250\JM250.model</model>
        </node>
        <node>
           <name>MP_JM259_Gauge_8_INDEX_2</name>
           <model>japan\misc\JM259\JM259.model</model>
        </node>
        <node>
           <name>MP_JM251_Gauge_3_INDEX_6</name>
           <model>japan\misc\JM251\JM251.model</model>
        </node>
        <node>
           <name>MP_JM249_Gauge_1_INDEX_6</name>
           <model>japan\misc\JM249\JM249.model</model>
        </node>
        <node>
           <name>MP_JM265_Wall_trigger_2_INDEX_1</name>
           <model>japan\misc\JM265\JM265.model</model>
        </node>
        <node>
           <name>MP_JM256_Gauge_7_INDEX_1</name>
           <model>japan\misc\JM256\JM256.model</model>
        </node>
        <node>
           <name>MP_JM256_Gauge_7_INDEX_2</name>
           <model>japan\misc\JM256\JM256.model</model>
        </node>
        <node>
           <name>MP_JM265_Wall_trigger_2_INDEX_2</name>
           <model>japan\misc\JM265\JM265.model</model>
        </node>
        <node>
           <name>MP_JM259_Gauge_8_INDEX_3</name>
           <model>japan\misc\JM259\JM259.model</model>
        </node>
        <node>
           <name>MP_JM249_Gauge_1_INDEX_7</name>
           <model>japan\misc\JM249\JM249.model</model>
        </node>
        <node>
           <name>MP_JM250_Gauge_2_INDEX_5</name>
           <model>japan\misc\JM250\JM250.model</model>
        </node>
        <node>
           <name>MP_JM251_Gauge_3_INDEX_7</name>
           <model>japan\misc\JM251\JM251.model</model>
        </node>
        <node>
           <name>MP_JM258_Double_Gauge_2_INDEX_4</name>
           <model>japan\misc\JM258\JM258.model</model>
        </node>
        <node>
           <name>MP_JM254_Gauge_6_INDEX_1</name>
           <model>japan\misc\JM254\JM254.model</model>
        </node>
        <node>
           <name>MP_JM256_Gauge_7_INDEX_3</name>
           <model>japan\misc\JM256\JM256.model</model>
        </node>
        <node>
           <name>MP_JM264_Wall_trigger_1_INDEX_1</name>
           <model>japan\misc\JM264\JM264.model</model>
        </node>
        <node>
           <name>MP_JM266_Wall_trigger_3_INDEX_1</name>
           <model>japan\misc\JM266\JM266.model</model>
        </node>
        <node>
           <name>MP_JM265_Wall_trigger_2_INDEX_3</name>
           <model>japan\misc\JM265\JM265.model</model>
        </node>
        <node>
           <name>MP_JM268_Wall_indicator_INDEX_5</name>
           <model>japan\misc\JM268\JM268.model</model>
        </node>
        <node>
           <name>MP_JM253_Gauge_5_INDEX_1</name>
           <model>japan\misc\JM253\JM253.model</model>
        </node>
        <node>
           <name>MP_JM245_Roof_speaker_tube</name>
           <model>japan\misc\JM245\JM245.model</model>
        </node>
        <node>
           <name>MP_JM059_Deck_Hatch_8</name>
           <model>japan\misc\JM059\JM059.model</model>
        </node>
        <node>
           <name>MP_JM059_Deck_Hatch_8_INDEX_1</name>
           <model>japan\misc\JM059\JM059.model</model>
        </node>
        <node>
           <name>MP_JM060_Deck_Hatch_9</name>
           <model>japan\misc\JM060\JM060.model</model>
        </node>
        <node>
           <name>MP_JM060_Deck_Hatch_9_INDEX_1</name>
           <model>japan\misc\JM060\JM060.model</model>
        </node>
        <node>
           <name>MP_JM060_Deck_Hatch_9_INDEX_2</name>
           <model>japan\misc\JM060\JM060.model</model>
        </node>
        <node>
           <name>MP_JM059_Deck_Hatch_8_INDEX_2</name>
           <model>japan\misc\JM059\JM059.model</model>
        </node>
        <node>
           <name>MP_JM059_Deck_Hatch_8_INDEX_3</name>
           <model>japan\misc\JM059\JM059.model</model>
        </node>
        <node>
           <name>MP_JM060_Deck_Hatch_9_INDEX_3</name>
           <model>japan\misc\JM060\JM060.model</model>
        </node>
        <node>
           <name>MP_JM059_Deck_Hatch_8_INDEX_4</name>
           <model>japan\misc\JM059\JM059.model</model>
        </node>
        <node>
           <name>MP_CM004_Barbette_Out</name>
           <model>common\misc\CM004\CM004.model</model>
        </node>
        <node>
           <name>MP_JM113_Flag_Box_INDEX_1</name>
           <model>japan\misc\JM113\JM113.model</model>
        </node>
        <node>
           <name>MP_CM057_Accommodation_Ladder_Closed</name>
           <model>common\misc\CM057\CM057.model</model>
        </node>
        <node>
           <name>MP_JM146_Searchlight_900mm</name>
           <model>japan\misc\JM146\JM146.model</model>
        </node>
        <node>
           <name>MP_JM146_Searchlight_900mm_INDEX_1</name>
           <model>japan\misc\JM146\JM146.model</model>
        </node>
        <node>
           <name>MP_JM146_Searchlight_900mm_INDEX_2</name>
           <model>japan\misc\JM146\JM146.model</model>
        </node>
        <node>
           <name>MP_JM125_Signal_Lamp_3</name>
           <model>japan\misc\JM125\JM125.model</model>
        </node>
        <node>
           <name>MP_JM125_Signal_Lamp_3_INDEX_1</name>
           <model>japan\misc\JM125\JM125.model</model>
        </node>
        <node>
           <name>MP_JM009_Signal_Lamp</name>
           <model>japan\misc\JM009\JM009.model</model>
        </node>
        <node>
           <name>MP_JM009_Signal_Lamp_INDEX_1</name>
           <model>japan\misc\JM009\JM009.model</model>
        </node>
        <node>
           <name>MP_JM031_Wind_Intensity</name>
           <model>japan\misc\JM031\JM031.model</model>
        </node>
        <node>
           <name>MP_JM030_Wind_Direction</name>
           <model>japan\misc\JM030\JM030.model</model>
        </node>
        <node>
           <name>MP_JM061_Deck_Hatch_10_INDEX_2</name>
           <model>japan\misc\JM061\JM061.model</model>
        </node>
        <node>
           <name>MP_JM061_Deck_Hatch_10_INDEX_3</name>
           <model>japan\misc\JM061\JM061.model</model>
        </node>
        <node>
           <name>MP_JM107_Binocular_2_INDEX_3</name>
           <model>japan\misc\JM107\JM107.model</model>
        </node>
        <node>
           <name>MP_JM107_Binocular_2_INDEX_4</name>
           <model>japan\misc\JM107\JM107.model</model>
        </node>
        <node>
           <name>MP_JM107_Binocular_2_INDEX_5</name>
           <model>japan\misc\JM107\JM107.model</model>
        </node>
        <node>
           <name>MP_JM107_Binocular_2_INDEX_6</name>
           <model>japan\misc\JM107\JM107.model</model>
        </node>
        <node>
           <name>MP_JM237_Speaker_tube_1_INDEX_3</name>
           <model>japan\misc\JM237\JM237.model</model>
        </node>
        <node>
           <name>MP_JM237_Speaker_tube_1_INDEX_4</name>
           <model>japan\misc\JM237\JM237.model</model>
        </node>
        <node>
           <name>MP_JM237_Speaker_tube_1_INDEX_5</name>
           <model>japan\misc\JM237\JM237.model</model>
        </node>
        <node>
           <name>MP_JM237_Speaker_tube_1_INDEX_6</name>
           <model>japan\misc\JM237\JM237.model</model>
        </node>
        <node>
           <name>MP_JM270_Speaking_trumpet_INDEX_1</name>
           <model>japan\misc\JM270\JM270.model</model>
        </node>
        <node>
           <name>MP_JM249_Gauge_1_INDEX_8</name>
           <model>japan\misc\JM249\JM249.model</model>
        </node>
        <node>
           <name>MP_JM248_Electric_gauge_R_INDEX_1</name>
           <model>japan\misc\JM248\JM248.model</model>
        </node>
        <node>
           <name>MP_JM247_Electric_gauge_L_INDEX_1</name>
           <model>japan\misc\JM247\JM247.model</model>
        </node>
        <node>
           <name>MP_JM270_Speaking_trumpet_INDEX_2</name>
           <model>japan\misc\JM270\JM270.model</model>
        </node>
        <node>
           <name>MP_JM268_Wall_indicator_INDEX_6</name>
           <model>japan\misc\JM268\JM268.model</model>
        </node>
        <node>
           <name>MP_JM258_Double_Gauge_2_INDEX_5</name>
           <model>japan\misc\JM258\JM258.model</model>
        </node>
        <node>
           <name>MP_JM250_Gauge_2_INDEX_6</name>
           <model>japan\misc\JM250\JM250.model</model>
        </node>
        <node>
           <name>MP_JM256_Gauge_7_INDEX_4</name>
           <model>japan\misc\JM256\JM256.model</model>
        </node>
        <node>
           <name>MP_JM258_Double_Gauge_2_INDEX_6</name>
           <model>japan\misc\JM258\JM258.model</model>
        </node>
        <node>
           <name>MP_JM251_Gauge_3_INDEX_8</name>
           <model>japan\misc\JM251\JM251.model</model>
        </node>
        <node>
           <name>MP_JM262_Fuse_Box_2_INDEX_4</name>
           <model>japan\misc\JM262\JM262.model</model>
        </node>
        <node>
           <name>MP_JM261_Fuse_box_1_INDEX_4</name>
           <model>japan\misc\JM261\JM261.model</model>
        </node>
        <node>
           <name>MP_JM256_Gauge_7_INDEX_5</name>
           <model>japan\misc\JM256\JM256.model</model>
        </node>
        <node>
           <name>MP_JM259_Gauge_8_INDEX_4</name>
           <model>japan\misc\JM259\JM259.model</model>
        </node>
        <node>
           <name>MP_JM249_Gauge_1_INDEX_9</name>
           <model>japan\misc\JM249\JM249.model</model>
        </node>
        <node>
           <name>MP_JM250_Gauge_2_INDEX_7</name>
           <model>japan\misc\JM250\JM250.model</model>
        </node>
        <node>
           <name>MP_JM251_Gauge_3_INDEX_9</name>
           <model>japan\misc\JM251\JM251.model</model>
        </node>
        <node>
           <name>MP_JM268_Wall_indicator_INDEX_7</name>
           <model>japan\misc\JM268\JM268.model</model>
        </node>
        <node>
           <name>MP_JM258_Double_Gauge_2_INDEX_7</name>
           <model>japan\misc\JM258\JM258.model</model>
        </node>
        <node>
           <name>MP_JM258_Double_Gauge_2_INDEX_8</name>
           <model>japan\misc\JM258\JM258.model</model>
        </node>
        <node>
           <name>MP_JM256_Gauge_7_INDEX_6</name>
           <model>japan\misc\JM256\JM256.model</model>
        </node>
        <node>
           <name>MP_JM249_Gauge_1_INDEX_10</name>
           <model>japan\misc\JM249\JM249.model</model>
        </node>
        <node>
           <name>MP_JM259_Gauge_8_INDEX_5</name>
           <model>japan\misc\JM259\JM259.model</model>
        </node>
        <node>
           <name>MP_JM256_Gauge_7_INDEX_7</name>
           <model>japan\misc\JM256\JM256.model</model>
        </node>
        <node>
           <name>MP_JM262_Fuse_Box_2_INDEX_5</name>
           <model>japan\misc\JM262\JM262.model</model>
        </node>
        <node>
           <name>MP_JM237_Speaker_tube_1_INDEX_7</name>
           <model>japan\misc\JM237\JM237.model</model>
        </node>
        <node>
           <name>MP_JM237_Speaker_tube_1_INDEX_8</name>
           <model>japan\misc\JM237\JM237.model</model>
        </node>
        <node>
           <name>MP_JM237_Speaker_tube_1_INDEX_9</name>
           <model>japan\misc\JM237\JM237.model</model>
        </node>
        <node>
           <name>MP_JM237_Speaker_tube_1_INDEX_10</name>
           <model>japan\misc\JM237\JM237.model</model>
        </node>
        <node>
           <name>MP_JM237_Speaker_tube_1_INDEX_11</name>
           <model>japan\misc\JM237\JM237.model</model>
        </node>
        <node>
           <name>MP_JM237_Speaker_tube_1_INDEX_12</name>
           <model>japan\misc\JM237\JM237.model</model>
        </node>
        <node>
           <name>MP_JM107_Binocular_2_INDEX_7</name>
           <model>japan\misc\JM107\JM107.model</model>
        </node>
        <node>
           <name>MP_JM107_Binocular_2_INDEX_8</name>
           <model>japan\misc\JM107\JM107.model</model>
        </node>
        <node>
           <name>MP_JM107_Binocular_2_INDEX_9</name>
           <model>japan\misc\JM107\JM107.model</model>
        </node>
        <node>
           <name>MP_JM107_Binocular_2_INDEX_10</name>
           <model>japan\misc\JM107\JM107.model</model>
        </node>
        <node>
           <name>MP_JM107_Binocular_2_INDEX_11</name>
           <model>japan\misc\JM107\JM107.model</model>
        </node>
        <node>
           <name>MP_JM107_Binocular_2_INDEX_12</name>
           <model>japan\misc\JM107\JM107.model</model>
        </node>
        <node>
           <name>MP_JM280_Telegraph_Engine</name>
           <model>japan\misc\JM280\JM280.model</model>
        </node>
        <node>
           <name>MP_JM202_Fender</name>
           <model>japan\misc\JM202\JM202.model</model>
        </node>
        <node>
           <name>MP_JM202_Fender_INDEX_1</name>
           <model>japan\misc\JM202\JM202.model</model>
        </node>
        <node>
           <name>MP_JM202_Fender_INDEX_2</name>
           <model>japan\misc\JM202\JM202.model</model>
        </node>
        <node>
           <name>MP_JM202_Fender_INDEX_3</name>
           <model>japan\misc\JM202\JM202.model</model>
        </node>
        <node>
           <name>MP_JM237_Speaker_tube_1_INDEX_13</name>
           <model>japan\misc\JM237\JM237.model</model>
        </node>
        <node>
           <name>MP_JM237_Speaker_tube_1_INDEX_14</name>
           <model>japan\misc\JM237\JM237.model</model>
        </node>
        <node>
           <name>MP_JM237_Speaker_tube_1_INDEX_15</name>
           <model>japan\misc\JM237\JM237.model</model>
        </node>
        <node>
           <name>MP_JM237_Speaker_tube_1_INDEX_16</name>
           <model>japan\misc\JM237\JM237.model</model>
        </node>
        <node>
           <name>MP_JM002_Paravane</name>
           <model>japan\misc\JM002\JM002.model</model>
        </node>
        <node>
           <name>MP_JM002_Paravane_INDEX_1</name>
           <model>japan\misc\JM002\JM002.model</model>
        </node>
        <node>
           <name>MP_JM297_Signal_platorm</name>
           <model>japan\misc\JM297\JM297.model</model>
        </node>
        <node>
           <name>MP_CM057_Accommodation_Ladder_Closed_INDEX_1</name>
           <model>common\misc\CM057\CM057.model</model>
        </node>
        <node>
           <name>MP_JM019_Ventilators_3_INDEX_4</name>
           <model>japan\misc\JM019\JM019.model</model>
        </node>
        <node>
           <name>MP_JM297_Signal_platorm_INDEX_1</name>
           <model>japan\misc\JM297\JM297.model</model>
        </node>
        <node>
           <name>MP_JM006_Binocular_1</name>
           <model>japan\misc\JM006\JM006.model</model>
        </node>
        <node>
           <name>MP_JM006_Binocular_1_INDEX_1</name>
           <model>japan\misc\JM006\JM006.model</model>
        </node>
        <node>
           <name>MP_JM297_Signal_platorm_INDEX_2</name>
           <model>japan\misc\JM297\JM297.model</model>
        </node>
        <node>
           <name>MP_JM212_Torpedo_Bogie</name>
           <model>japan\misc\JM212\JM212.model</model>
        </node>
        <node>
           <name>MP_JM212_Torpedo_Bogie_INDEX_1</name>
           <model>japan\misc\JM212\JM212.model</model>
        </node>
        <node>
           <name>MP_JM096_Davit_3_INDEX_1</name>
           <model>japan\misc\JM096\JM096.model</model>
        </node>
        <node>
           <name>MP_JM019_Ventilators_3_INDEX_5</name>
           <model>japan\misc\JM019\JM019.model</model>
        </node>
        <node>
           <name>HP_Smoke_1</name>
           <model>UNKNOWN_ITEM</model>
        </node>
        <node>
           <name>HP_Smoke_2</name>
           <model>UNKNOWN_ITEM</model>
        </node>
        <node>
           <name>HP_NoseWave_Speed</name>
           <model>UNKNOWN_ITEM</model>
        </node>
        <node>
           <name>HP_Fire_Burn_2</name>
           <model>UNKNOWN_ITEM</model>
        </node>
    </midfront>
    <midback>
      <model>japan\ship\cruiser\JSC005_Furutaka_1926\JSC005_Furutaka_1926_MidBack_ports.model</model>
        <node>
           <name>HP_JC_1</name>
           <model>japan\catapult\JC001_Catapult_Shiki2\JC001_Catapult_Shiki2.model</model>
        </node>
        <node>
           <name>HP_JGM_4</name>
           <model>japan\gun\main\JGM121_203mm\JGM121_203mm.model</model>
        </node>
        <node>
           <name>HP_JGM_5</name>
           <model>japan\gun\main\JGM121_203mm\JGM121_203mm.model</model>
        </node>
        <node>
           <name>HP_JGM_6</name>
           <model>japan\gun\main\JGM121_203mm\JGM121_203mm.model</model>
        </node>
        <node>
           <name>HP_JGT_1</name>
           <model>japan\gun\torpedo\JGT027_610mm3_Type_93L\JGT027_610mm3_Type_93L.model</model>
        </node>
        <node>
           <name>HP_JGT_2</name>
           <model>japan\gun\torpedo\JGT028_610mm3_Type_93R\JGT028_610mm3_Type_93R.model</model>
        </node>
        <node>
           <name>MP_JM013_Reels_1</name>
           <model>japan\misc\JM013\JM013.model</model>
        </node>
        <node>
           <name>MP_JM013_Reels_1_INDEX_1</name>
           <model>japan\misc\JM013\JM013.model</model>
        </node>
        <node>
           <name>MP_JM064_Bollards_2</name>
           <model>japan\misc\JM064\JM064.model</model>
        </node>
        <node>
           <name>MP_JM064_Bollards_2_INDEX_1</name>
           <model>japan\misc\JM064\JM064.model</model>
        </node>
        <node>
           <name>MP_JM027_Fairlead_2</name>
           <model>japan\misc\JM027\JM027.model</model>
        </node>
        <node>
           <name>MP_JM027_Fairlead_2_INDEX_1</name>
           <model>japan\misc\JM027\JM027.model</model>
        </node>
        <node>
           <name>MP_JM019_Ventilators_3</name>
           <model>japan\misc\JM019\JM019.model</model>
        </node>
        <node>
           <name>MP_JM019_Ventilators_3_INDEX_1</name>
           <model>japan\misc\JM019\JM019.model</model>
        </node>
        <node>
           <name>MP_JM017_Ventilators_1</name>
           <model>japan\misc\JM017\JM017.model</model>
        </node>
        <node>
           <name>MP_JM017_Ventilators_1_INDEX_1</name>
           <model>japan\misc\JM017\JM017.model</model>
        </node>
        <node>
           <name>MP_JM019_Ventilators_3_INDEX_2</name>
           <model>japan\misc\JM019\JM019.model</model>
        </node>
        <node>
           <name>MP_JM178_Winch</name>
           <model>japan\misc\JM178\JM178.model</model>
        </node>
        <node>
           <name>MP_JM135_Runway_Lights_Back</name>
           <model>japan\misc\JM135\JM135.model</model>
        </node>
        <node>
           <name>MP_CM009_Life_Buoy_2</name>
           <model>common\misc\CM009\CM009.model</model>
        </node>
        <node>
           <name>MP_CM014_Fuel_Oil_Hose</name>
           <model>common\misc\CM014\CM014.model</model>
        </node>
        <node>
           <name>MP_CM012_Fire_Hose_Rack_1</name>
           <model>common\misc\CM012\CM012.model</model>
        </node>
        <node>
           <name>MP_CM011_Fire_Fighting_Gear</name>
           <model>common\misc\CM011\CM011.model</model>
        </node>
        <node>
           <name>MP_CM012_Fire_Hose_Rack_1_INDEX_1</name>
           <model>common\misc\CM012\CM012.model</model>
        </node>
        <node>
           <name>MP_CM011_Fire_Fighting_Gear_INDEX_1</name>
           <model>common\misc\CM011\CM011.model</model>
        </node>
        <node>
           <name>MP_CM062_Emergency_Box</name>
           <model>common\misc\CM062\CM062.model</model>
        </node>
        <node>
           <name>MP_CM062_Emergency_Box_INDEX_1</name>
           <model>common\misc\CM062\CM062.model</model>
        </node>
        <node>
           <name>MP_JM191_SanBox</name>
           <model>japan\misc\JM191\JM191.model</model>
        </node>
        <node>
           <name>MP_JM191_SanBox_INDEX_1</name>
           <model>japan\misc\JM191\JM191.model</model>
        </node>
        <node>
           <name>MP_JM191_SanBox_INDEX_2</name>
           <model>japan\misc\JM191\JM191.model</model>
        </node>
        <node>
           <name>MP_JM202_Fender</name>
           <model>japan\misc\JM202\JM202.model</model>
        </node>
        <node>
           <name>MP_JM202_Fender_INDEX_1</name>
           <model>japan\misc\JM202\JM202.model</model>
        </node>
        <node>
           <name>MP_JM219_Barbette_TA</name>
           <model>japan\misc\JM219\JM219.model</model>
        </node>
        <node>
           <name>MP_JM219_Barbette_TA_INDEX_1</name>
           <model>japan\misc\JM219\JM219.model</model>
        </node>
        <node>
           <name>MP_CM004_Barbette_Out</name>
           <model>common\misc\CM004\CM004.model</model>
        </node>
        <node>
           <name>MP_CM004_Barbette_Out_INDEX_1</name>
           <model>common\misc\CM004\CM004.model</model>
        </node>
        <node>
           <name>MP_CM004_Barbette_Out_INDEX_2</name>
           <model>common\misc\CM004\CM004.model</model>
        </node>
        <node>
           <name>MP_JM125_Signal_Lamp_3</name>
           <model>japan\misc\JM125\JM125.model</model>
        </node>
        <node>
           <name>MP_JM061_Deck_Hatch_10</name>
           <model>japan\misc\JM061\JM061.model</model>
        </node>
        <node>
           <name>MP_CM011_Fire_Fighting_Gear_INDEX_2</name>
           <model>common\misc\CM011\CM011.model</model>
        </node>
        <node>
           <name>MP_CM011_Fire_Fighting_Gear_INDEX_3</name>
           <model>common\misc\CM011\CM011.model</model>
        </node>
        <node>
           <name>MP_JM178_Winch_INDEX_1</name>
           <model>japan\misc\JM178\JM178.model</model>
        </node>
        <node>
           <name>MP_JM202_Fender_INDEX_2</name>
           <model>japan\misc\JM202\JM202.model</model>
        </node>
        <node>
           <name>MP_JM202_Fender_INDEX_3</name>
           <model>japan\misc\JM202\JM202.model</model>
        </node>
        <node>
           <name>MP_CM009_Life_Buoy_2_INDEX_1</name>
           <model>common\misc\CM009\CM009.model</model>
        </node>
        <node>
           <name>HP_Fire_Burn_3</name>
           <model>UNKNOWN_ITEM</model>
        </node>
        <node>
           <name>HP_Smoke_3</name>
           <model>UNKNOWN_ITEM</model>
        </node>
    </midback>
    <stern>
      <model>japan\ship\cruiser\JSC005_Furutaka_1926\JSC005_Furutaka_1926_Stern_ports.model</model>
        <node>
           <name>HP_flag_nation</name>
           <model>japan\misc\JM001\JM001.model</model>
        </node>
        <node>
           <name>MP_JM064_Bollards_2</name>
           <model>japan\misc\JM064\JM064.model</model>
        </node>
        <node>
           <name>MP_JM064_Bollards_2_INDEX_1</name>
           <model>japan\misc\JM064\JM064.model</model>
        </node>
        <node>
           <name>MP_JM027_Fairlead_2</name>
           <model>japan\misc\JM027\JM027.model</model>
        </node>
        <node>
           <name>MP_JM027_Fairlead_2_INDEX_1</name>
           <model>japan\misc\JM027\JM027.model</model>
        </node>
        <node>
           <name>MP_JM171_CraneR</name>
           <model>japan\misc\JM171\JM171.model</model>
        </node>
        <node>
           <name>MP_JM170_CraneL</name>
           <model>japan\misc\JM170\JM170.model</model>
        </node>
        <node>
           <name>MP_CM064_Anchor_Stern</name>
           <model>common\misc\CM064\CM064.model</model>
        </node>
        <node>
           <name>MP_JM019_Ventilators_3</name>
           <model>japan\misc\JM019\JM019.model</model>
        </node>
        <node>
           <name>MP_JM019_Ventilators_3_INDEX_1</name>
           <model>japan\misc\JM019\JM019.model</model>
        </node>
        <node>
           <name>MP_JM019_Ventilators_3_INDEX_2</name>
           <model>japan\misc\JM019\JM019.model</model>
        </node>
        <node>
           <name>MP_JM019_Ventilators_3_INDEX_3</name>
           <model>japan\misc\JM019\JM019.model</model>
        </node>
        <node>
           <name>MP_JM019_Ventilators_3_INDEX_4</name>
           <model>japan\misc\JM019\JM019.model</model>
        </node>
        <node>
           <name>MP_JM019_Ventilators_3_INDEX_5</name>
           <model>japan\misc\JM019\JM019.model</model>
        </node>
        <node>
           <name>MP_JM061_Deck_Hatch_10</name>
           <model>japan\misc\JM061\JM061.model</model>
        </node>
        <node>
           <name>MP_JM044_After_Capstan</name>
           <model>japan\misc\JM044\JM044.model</model>
        </node>
        <node>
           <name>MP_JM014_Reels_2</name>
           <model>japan\misc\JM014\JM014.model</model>
        </node>
        <node>
           <name>MP_JM014_Reels_2_INDEX_1</name>
           <model>japan\misc\JM014\JM014.model</model>
        </node>
        <node>
           <name>MP_JM125_Signal_Lamp_3</name>
           <model>japan\misc\JM125\JM125.model</model>
        </node>
        <node>
           <name>MP_JM014_Reels_2_INDEX_2</name>
           <model>japan\misc\JM014\JM014.model</model>
        </node>
        <node>
           <name>MP_CM001_Propeller3_L</name>
           <model>common\misc\CM001\CM001.model</model>
        </node>
        <node>
           <name>MP_CM001_Propeller3_L_INDEX_1</name>
           <model>common\misc\CM001\CM001.model</model>
        </node>
        <node>
           <name>MP_CM032_Propeller3_R</name>
           <model>common\misc\CM032\CM032.model</model>
        </node>
        <node>
           <name>MP_CM032_Propeller3_R_INDEX_1</name>
           <model>common\misc\CM032\CM032.model</model>
        </node>
        <node>
           <name>MP_CM008_Life_Buoy_1</name>
           <model>common\misc\CM008\CM008.model</model>
        </node>
        <node>
           <name>MP_CM008_Life_Buoy_1_INDEX_1</name>
           <model>common\misc\CM008\CM008.model</model>
        </node>
        <node>
           <name>MP_JM035_Dinghy_6m</name>
           <model>japan\misc\JM035\JM035.model</model>
        </node>
        <node>
           <name>MP_CM016_Boat_Stowage_2</name>
           <model>common\misc\CM016\CM016.model</model>
        </node>
        <node>
           <name>MP_CM016_Boat_Stowage_2_INDEX_1</name>
           <model>common\misc\CM016\CM016.model</model>
        </node>
        <node>
           <name>MP_CM016_Boat_Stowage_2_INDEX_2</name>
           <model>common\misc\CM016\CM016.model</model>
        </node>
        <node>
           <name>MP_JM035_Dinghy_6m_INDEX_1</name>
           <model>japan\misc\JM035\JM035.model</model>
        </node>
        <node>
           <name>MP_CM016_Boat_Stowage_2_INDEX_3</name>
           <model>common\misc\CM016\CM016.model</model>
        </node>
        <node>
           <name>MP_CM016_Boat_Stowage_2_INDEX_4</name>
           <model>common\misc\CM016\CM016.model</model>
        </node>
        <node>
           <name>MP_CM016_Boat_Stowage_2_INDEX_5</name>
           <model>common\misc\CM016\CM016.model</model>
        </node>
        <node>
           <name>MP_CM064_Anchor_Stern_INDEX_1</name>
           <model>common\misc\CM064\CM064.model</model>
        </node>
        <node>
           <name>HP_Fire_Burn_4</name>
           <model>UNKNOWN_ITEM</model>
        </node>
    </stern>
  </sections>
</JSC005_Furutaka_1926.xml>
