<?xml version="1.0"?>
<PatchCache version="1.1"><File Filename="D:\StarWarsGalaxies\data_sku1_00.tre" TimeStamp="1098736652" ServerTimeStamp="0" Size="104853089" CRC="-1199130615"/><File Filename="D:\StarWarsGalaxies\data_sku1_01.tre" TimeStamp="1098736664" ServerTimeStamp="0" Size="104861757" CRC="452392258"/><File Filename="D:\StarWarsGalaxies\data_sku1_02.tre" TimeStamp="1098736674" ServerTimeStamp="0" Size="105217918" CRC="-2002058896"/><File Filename="D:\StarWarsGalaxies\data_sku1_03.tre" TimeStamp="1098736685" ServerTimeStamp="0" Size="104461486" CRC="-686974770"/><File Filename="D:\StarWarsGalaxies\data_sku1_04.tre" TimeStamp="1098736696" ServerTimeStamp="0" Size="104915626" CRC="1684615749"/><File Filename="D:\StarWarsGalaxies\data_sku1_05.tre" TimeStamp="1098736697" ServerTimeStamp="0" Size="7576262" CRC="1145136893"/><File Filename="D:\StarWarsGalaxies\data_sku1_06.tre" TimeStamp="1098736701" ServerTimeStamp="0" Size="22566812" CRC="1551978806"/><File Filename="D:\StarWarsGalaxies\data_sku1_07.tre" TimeStamp="1098736701" ServerTimeStamp="0" Size="2333549" CRC="1442942168"/><File Filename="D:\StarWarsGalaxies\hotfix_sku1_29_client_00.tre" TimeStamp="1138752168" ServerTimeStamp="0" Size="1672218" CRC="1333668199"/><File Filename="D:\StarWarsGalaxies\patch_sku1_12_00.tre" TimeStamp="1105629147" ServerTimeStamp="0" Size="6257317" CRC="1173412472"/><File Filename="D:\StarWarsGalaxies\patch_sku1_13_00.tre" TimeStamp="1107992152" ServerTimeStamp="0" Size="21315" CRC="-803824456"/><File Filename="D:\StarWarsGalaxies\patch_sku1_14_00.tre" TimeStamp="1111603314" ServerTimeStamp="0" Size="944" CRC="-1142417378"/><File Filename="D:\StarWarsGalaxies\patch_sku1_15_00.tre" TimeStamp="1113515290" ServerTimeStamp="0" Size="76279094" CRC="-1037534659"/><File Filename="D:\StarWarsGalaxies\patch_sku1_16_00.tre" TimeStamp="1114418492" ServerTimeStamp="0" Size="1556636" CRC="-2115044155"/><File Filename="D:\StarWarsGalaxies\patch_sku1_17_00.tre" TimeStamp="1117010850" ServerTimeStamp="0" Size="9039" CRC="-1178785686"/><File Filename="D:\StarWarsGalaxies\patch_sku1_18_client_00.tre" TimeStamp="1118777104" ServerTimeStamp="0" Size="541" CRC="-1511453493"/><File Filename="D:\StarWarsGalaxies\patch_sku1_19_client_00.tre" TimeStamp="1119993380" ServerTimeStamp="0" Size="2709431" CRC="934345709"/><File Filename="D:\StarWarsGalaxies\patch_sku1_19_shared_00.tre" TimeStamp="1119993380" ServerTimeStamp="0" Size="4068" CRC="-90520313"/><File Filename="D:\StarWarsGalaxies\patch_sku1_23_client_00.tre" TimeStamp="1125097246" ServerTimeStamp="0" Size="126621" CRC="1407017138"/><File Filename="D:\StarWarsGalaxies\patch_sku1_24_client_00.tre" TimeStamp="1128616982" ServerTimeStamp="0" Size="47663807" CRC="422309012"/><File Filename="D:\StarWarsGalaxies\patch_sku1_24_shared_00.tre" TimeStamp="1128616982" ServerTimeStamp="0" Size="169285" CRC="1245315471"/><File Filename="D:\StarWarsGalaxies\patch_sku1_26_client_00.tre" TimeStamp="1129779632" ServerTimeStamp="0" Size="2995122" CRC="169197301"/><File Filename="D:\StarWarsGalaxies\patch_sku1_28_client_00.tre" TimeStamp="1134386274" ServerTimeStamp="0" Size="6436786" CRC="-1245150608"/><File Filename="D:\StarWarsGalaxies\patch_sku1_28_shared_00.tre" TimeStamp="1134386274" ServerTimeStamp="0" Size="52753" CRC="1622057263"/></PatchCache>
