<?xml version="1.0"?>
<PatchCache version="1.1"><File Filename="D:\StarWarsGalaxies\bottom.tre" TimeStamp="1122050286" ServerTimeStamp="2089879211" Size="16205884" CRC="2084812737"/><File Filename="D:\StarWarsGalaxies\data_animation_00.tre" TimeStamp="1122050316" ServerTimeStamp="0" Size="58966791" CRC="-537258238"/><File Filename="D:\StarWarsGalaxies\data_music_00.tre" TimeStamp="1122050356" ServerTimeStamp="0" Size="77322894" CRC="-774172746"/><File Filename="D:\StarWarsGalaxies\data_other_00.tre" TimeStamp="1122050376" ServerTimeStamp="0" Size="46546173" CRC="-1620167376"/><File Filename="D:\StarWarsGalaxies\data_sample_00.tre" TimeStamp="1122050424" ServerTimeStamp="0" Size="104636589" CRC="-255241016"/><File Filename="D:\StarWarsGalaxies\data_sample_01.tre" TimeStamp="1122050468" ServerTimeStamp="0" Size="104848649" CRC="1995093399"/><File Filename="D:\StarWarsGalaxies\data_sample_02.tre" TimeStamp="1122050512" ServerTimeStamp="0" Size="104806646" CRC="1264608768"/><File Filename="D:\StarWarsGalaxies\data_sample_03.tre" TimeStamp="1122050558" ServerTimeStamp="0" Size="104479178" CRC="-266683948"/><File Filename="D:\StarWarsGalaxies\data_sample_04.tre" TimeStamp="1122050574" ServerTimeStamp="0" Size="33887496" CRC="-752517956"/><File Filename="D:\StarWarsGalaxies\data_skeletal_mesh_00.tre" TimeStamp="1122050626" ServerTimeStamp="0" Size="104259690" CRC="-1245677155"/><File Filename="D:\StarWarsGalaxies\data_skeletal_mesh_01.tre" TimeStamp="1122050648" ServerTimeStamp="0" Size="42575909" CRC="-1044207506"/><File Filename="D:\StarWarsGalaxies\data_static_mesh_00.tre" TimeStamp="1122050708" ServerTimeStamp="0" Size="104681322" CRC="-2014725363"/><File Filename="D:\StarWarsGalaxies\data_static_mesh_01.tre" TimeStamp="1122050766" ServerTimeStamp="0" Size="94719985" CRC="657857521"/><File Filename="D:\StarWarsGalaxies\data_texture_00.tre" TimeStamp="1122050828" ServerTimeStamp="0" Size="104816351" CRC="-1648786709"/><File Filename="D:\StarWarsGalaxies\data_texture_01.tre" TimeStamp="1122050890" ServerTimeStamp="0" Size="104831553" CRC="-1365479217"/><File Filename="D:\StarWarsGalaxies\data_texture_02.tre" TimeStamp="1122050952" ServerTimeStamp="0" Size="104923301" CRC="1794800927"/><File Filename="D:\StarWarsGalaxies\data_texture_03.tre" TimeStamp="1122051014" ServerTimeStamp="0" Size="104659874" CRC="634954954"/><File Filename="D:\StarWarsGalaxies\data_texture_04.tre" TimeStamp="1122051078" ServerTimeStamp="0" Size="104887073" CRC="1773158413"/><File Filename="D:\StarWarsGalaxies\data_texture_05.tre" TimeStamp="1122051144" ServerTimeStamp="0" Size="104820008" CRC="242128119"/><File Filename="D:\StarWarsGalaxies\data_texture_06.tre" TimeStamp="1122051202" ServerTimeStamp="0" Size="104773001" CRC="-1223368224"/><File Filename="D:\StarWarsGalaxies\data_texture_07.tre" TimeStamp="1122051244" ServerTimeStamp="0" Size="66226334" CRC="845085148"/><File Filename="D:\StarWarsGalaxies\default_patch.tre" TimeStamp="1122051244" ServerTimeStamp="0" Size="60331" CRC="496038490"/><File Filename="D:\StarWarsGalaxies\hotfix_29_client_00.tre" TimeStamp="1138752168" ServerTimeStamp="0" Size="2986244" CRC="1941221282"/><File Filename="D:\StarWarsGalaxies\hotfix_29_shared_00.tre" TimeStamp="1138752168" ServerTimeStamp="0" Size="757251" CRC="429231110"/><File Filename="D:\StarWarsGalaxies\patch_00.tre" TimeStamp="1122051256" ServerTimeStamp="0" Size="18779819" CRC="1349718843"/><File Filename="D:\StarWarsGalaxies\patch_01.tre" TimeStamp="1122051268" ServerTimeStamp="0" Size="17757229" CRC="-1079051166"/><File Filename="D:\StarWarsGalaxies\patch_02.tre" TimeStamp="1122051270" ServerTimeStamp="0" Size="3396766" CRC="-1263218304"/><File Filename="D:\StarWarsGalaxies\patch_03.tre" TimeStamp="1122051282" ServerTimeStamp="0" Size="20870097" CRC="-6908976"/><File Filename="D:\StarWarsGalaxies\patch_04.tre" TimeStamp="1122051300" ServerTimeStamp="0" Size="27137114" CRC="1593821599"/><File Filename="D:\StarWarsGalaxies\patch_05.tre" TimeStamp="1122051316" ServerTimeStamp="0" Size="25827774" CRC="332849820"/><File Filename="D:\StarWarsGalaxies\patch_06.tre" TimeStamp="1122051342" ServerTimeStamp="0" Size="40724726" CRC="-470190488"/><File Filename="D:\StarWarsGalaxies\patch_07.tre" TimeStamp="1122051366" ServerTimeStamp="0" Size="40567157" CRC="1183749582"/><File Filename="D:\StarWarsGalaxies\patch_08.tre" TimeStamp="1122051388" ServerTimeStamp="0" Size="36984057" CRC="-88057633"/><File Filename="D:\StarWarsGalaxies\patch_09.tre" TimeStamp="1122051424" ServerTimeStamp="0" Size="57214055" CRC="-75576101"/><File Filename="D:\StarWarsGalaxies\patch_10.tre" TimeStamp="1122051442" ServerTimeStamp="0" Size="33429694" CRC="89022828"/><File Filename="D:\StarWarsGalaxies\patch_11_00.tre" TimeStamp="1122051506" ServerTimeStamp="0" Size="103221850" CRC="-1455031796"/><File Filename="D:\StarWarsGalaxies\patch_11_01.tre" TimeStamp="1122051524" ServerTimeStamp="0" Size="28868084" CRC="-1261631486"/><File Filename="D:\StarWarsGalaxies\patch_11_02.tre" TimeStamp="1122051540" ServerTimeStamp="0" Size="28713778" CRC="285523994"/><File Filename="D:\StarWarsGalaxies\patch_11_03.tre" TimeStamp="1122051546" ServerTimeStamp="0" Size="7517816" CRC="-122386708"/><File Filename="D:\StarWarsGalaxies\patch_12_00.tre" TimeStamp="1122051566" ServerTimeStamp="0" Size="32863489" CRC="-1891846701"/><File Filename="D:\StarWarsGalaxies\patch_13_00.tre" TimeStamp="1122051568" ServerTimeStamp="0" Size="6032263" CRC="628049539"/><File Filename="D:\StarWarsGalaxies\patch_14_00.tre" TimeStamp="1122051586" ServerTimeStamp="0" Size="36469339" CRC="400033172"/><File Filename="D:\StarWarsGalaxies\patch_15_00.tre" TimeStamp="1122051650" ServerTimeStamp="0" Size="104355270" CRC="-1842811"/><File Filename="D:\StarWarsGalaxies\patch_15_01.tre" TimeStamp="1113515238" ServerTimeStamp="0" Size="104881663" CRC="-938947872"/><File Filename="D:\StarWarsGalaxies\patch_15_02.tre" TimeStamp="1113515268" ServerTimeStamp="0" Size="76498147" CRC="-439210298"/><File Filename="D:\StarWarsGalaxies\patch_16_00.tre" TimeStamp="1114418492" ServerTimeStamp="0" Size="26584666" CRC="1764451096"/><File Filename="D:\StarWarsGalaxies\patch_17_00.tre" TimeStamp="1117010850" ServerTimeStamp="0" Size="56385141" CRC="471885600"/><File Filename="D:\StarWarsGalaxies\patch_18_client_00.tre" TimeStamp="1118777102" ServerTimeStamp="0" Size="1135529" CRC="1413674706"/><File Filename="D:\StarWarsGalaxies\patch_18_shared_00.tre" TimeStamp="1118777104" ServerTimeStamp="0" Size="1770486" CRC="-1161446288"/><File Filename="D:\StarWarsGalaxies\patch_19_client_00.tre" TimeStamp="1119993377" ServerTimeStamp="0" Size="10985558" CRC="-464440969"/><File Filename="D:\StarWarsGalaxies\patch_19_shared_00.tre" TimeStamp="1119993379" ServerTimeStamp="0" Size="2156419" CRC="1282319586"/><File Filename="D:\StarWarsGalaxies\patch_20_client_00.tre" TimeStamp="1121436278" ServerTimeStamp="0" Size="22326935" CRC="-1148470983"/><File Filename="D:\StarWarsGalaxies\patch_20_shared_00.tre" TimeStamp="1121436278" ServerTimeStamp="0" Size="2283894" CRC="1780080313"/><File Filename="D:\StarWarsGalaxies\patch_23_client_00.tre" TimeStamp="1125097244" ServerTimeStamp="0" Size="18082800" CRC="-170496917"/><File Filename="D:\StarWarsGalaxies\patch_23_shared_00.tre" TimeStamp="1125097246" ServerTimeStamp="0" Size="15445899" CRC="-1206036671"/><File Filename="D:\StarWarsGalaxies\patch_24_client_00.tre" TimeStamp="1128535110" ServerTimeStamp="0" Size="104857042" CRC="1952455444"/><File Filename="D:\StarWarsGalaxies\patch_24_client_01.tre" TimeStamp="1128616974" ServerTimeStamp="0" Size="87593041" CRC="1544055796"/><File Filename="D:\StarWarsGalaxies\patch_24_shared_00.tre" TimeStamp="1128616976" ServerTimeStamp="0" Size="15582880" CRC="-776781787"/><File Filename="D:\StarWarsGalaxies\patch_25_client_00.tre" TimeStamp="1129677116" ServerTimeStamp="0" Size="8918562" CRC="132241167"/><File Filename="D:\StarWarsGalaxies\patch_25_shared_00.tre" TimeStamp="1129677118" ServerTimeStamp="0" Size="5713512" CRC="-1784875863"/><File Filename="D:\StarWarsGalaxies\patch_26_client_00.tre" TimeStamp="1129779626" ServerTimeStamp="0" Size="104785564" CRC="-1918327180"/><File Filename="D:\StarWarsGalaxies\patch_26_client_01.tre" TimeStamp="1129779629" ServerTimeStamp="0" Size="37424377" CRC="1275574759"/><File Filename="D:\StarWarsGalaxies\patch_26_shared_00.tre" TimeStamp="1129779630" ServerTimeStamp="0" Size="6975420" CRC="-1865743682"/><File Filename="D:\StarWarsGalaxies\patch_27_client_00.tre" TimeStamp="1131747378" ServerTimeStamp="0" Size="100752161" CRC="-1640093430"/><File Filename="D:\StarWarsGalaxies\patch_27_client_01.tre" TimeStamp="1131747394" ServerTimeStamp="0" Size="103031176" CRC="291196848"/><File Filename="D:\StarWarsGalaxies\patch_27_client_02.tre" TimeStamp="1131747398" ServerTimeStamp="0" Size="44477448" CRC="848135945"/><File Filename="D:\StarWarsGalaxies\patch_27_shared_00.tre" TimeStamp="1131747400" ServerTimeStamp="0" Size="8387319" CRC="-1219950766"/><File Filename="D:\StarWarsGalaxies\patch_28_client_00.tre" TimeStamp="1134386274" ServerTimeStamp="0" Size="11343429" CRC="338977054"/><File Filename="D:\StarWarsGalaxies\patch_28_shared_00.tre" TimeStamp="1134386274" ServerTimeStamp="0" Size="4640503" CRC="-1069165632"/></PatchCache>
