<?xml version="1.0"?>
<PatchCache version="1.1"><File Filename="Activision SLA French v. 10-31-03.doc" TimeStamp="1129216030" ServerTimeStamp="1067534696" Size="57856" CRC="22165164"/><File Filename="Activision SLA German v. 10-31-03.doc" TimeStamp="1129216030" ServerTimeStamp="1067534696" Size="46592" CRC="-954579474"/><File Filename="Activision SLA Italian v. 10-31-03.doc" TimeStamp="1129216030" ServerTimeStamp="1067534696" Size="45056" CRC="351889183"/><File Filename="Activision SLA Spanish v. 10-31-03.doc" TimeStamp="1129216030" ServerTimeStamp="1067534696" Size="43008" CRC="-1964074012"/><File Filename="Activision SLA UK v. 10-31-03.doc" TimeStamp="1129216030" ServerTimeStamp="1067534696" Size="44032" CRC="1209012822"/><File Filename="binkw32.dll" TimeStamp="1138667987" ServerTimeStamp="1138682366" Size="192512" CRC="300370463"/><File Filename="BugTool.exe" TimeStamp="1138667929" ServerTimeStamp="1054847702" Size="458838" CRC="26615874"/><File Filename="Canada_SWG_Manual_French.pdf" TimeStamp="1138667971" ServerTimeStamp="1115838900" Size="664002" CRC="-1650772508"/><File Filename="client.cfg" TimeStamp="1138667988" ServerTimeStamp="1057941856" Size="112" CRC="1671518464"/><File Filename="data_skufree_animation_00_client.tre" TimeStamp="1129744788" ServerTimeStamp="1129768970" Size="7254844" CRC="2072740552"/><File Filename="data_skufree_music_00_client.tre" TimeStamp="1129744786" ServerTimeStamp="1129768987" Size="68638811" CRC="-1257170733"/><File Filename="data_skufree_other_00_client.tre" TimeStamp="1129744780" ServerTimeStamp="1129768988" Size="6561459" CRC="-1310027492"/><File Filename="data_skufree_other_00_shared.tre" TimeStamp="1129744780" ServerTimeStamp="1129768990" Size="7101148" CRC="111774558"/><File Filename="data_skufree_sample_00_client.tre" TimeStamp="1129744780" ServerTimeStamp="1129769012" Size="104702622" CRC="-969079100"/><File Filename="data_skufree_sample_01_client.tre" TimeStamp="1129744772" ServerTimeStamp="1129769029" Size="77486994" CRC="1908354332"/><File Filename="data_skufree_skeletal_mesh_00_client.tre" TimeStamp="1129744766" ServerTimeStamp="1129769045" Size="60278855" CRC="-973067000"/><File Filename="data_skufree_static_mesh_00_client.tre" TimeStamp="1129744762" ServerTimeStamp="1129769057" Size="55035959" CRC="-1021260311"/><File Filename="data_skufree_texture_00_client.tre" TimeStamp="1129744756" ServerTimeStamp="1129769077" Size="104816266" CRC="1779326780"/><File Filename="data_skufree_texture_01_client.tre" TimeStamp="1129744744" ServerTimeStamp="1129769098" Size="104678424" CRC="-679596453"/><File Filename="data_skufree_texture_02_client.tre" TimeStamp="1129744732" ServerTimeStamp="1129769112" Size="70572065" CRC="1452982083"/><File Filename="data_skufree_video_00_client.tre" TimeStamp="1129744726" ServerTimeStamp="1129769116" Size="23263548" CRC="1898035041"/><File Filename="dbghelp.dll" TimeStamp="1138667992" ServerTimeStamp="1029181840" Size="676864" CRC="-1112511961"/><File Filename="dbghelp_6.3.17.0.dll" TimeStamp="1138670687" ServerTimeStamp="1138682366" Size="940032" CRC="2049163570"/><File Filename="dpvs.dll" TimeStamp="1138667996" ServerTimeStamp="1106651950" Size="160256" CRC="-844838175"/><File Filename="gl05_r.dll" TimeStamp="1138978522" ServerTimeStamp="1138752678" Size="1650769" CRC="72492149"/><File Filename="gl06_r.dll" TimeStamp="1138978523" ServerTimeStamp="1138752678" Size="1622101" CRC="2126671031"/><File Filename="gl07_r.dll" TimeStamp="1138978524" ServerTimeStamp="1138752680" Size="1634390" CRC="615510919"/><File Filename="hotfix_skufree_3_client_00.tre" TimeStamp="1138978549" ServerTimeStamp="1138752248" Size="2120467" CRC="1074475447"/><File Filename="hotfix_skufree_3_shared_00.tre" TimeStamp="1138978552" ServerTimeStamp="1138752248" Size="662696" CRC="-662757595"/><File Filename="live.cfg" TimeStamp="1138668020" ServerTimeStamp="1131749518" Size="323" CRC="-1553059318"/><File Filename="login.cfg" TimeStamp="1138668021" ServerTimeStamp="1132046988" Size="257" CRC="309042091"/><File Filename="LP_Diagnostics.exe" TimeStamp="1138667916" ServerTimeStamp="1115841554" Size="580608" CRC="-1849273173"/><File Filename="miles\mssdsp.flt" TimeStamp="1138667922" ServerTimeStamp="1130756984" Size="113664" CRC="1227462601"/><File Filename="miles\Msseax.m3d" TimeStamp="1138667920" ServerTimeStamp="1130756984" Size="143872" CRC="-1186782713"/><File Filename="miles\mssmp3.asi" TimeStamp="1138667924" ServerTimeStamp="1130756984" Size="149504" CRC="1842844227"/><File Filename="miles\msssoft.m3d" TimeStamp="1138667926" ServerTimeStamp="1130756984" Size="79360" CRC="504527599"/><File Filename="Mss32.dll" TimeStamp="1138667932" ServerTimeStamp="1115826242" Size="374272" CRC="-1233354900"/><File Filename="patch_skufree_1_client_00.tre" TimeStamp="1138668484" ServerTimeStamp="1131719260" Size="104848324" CRC="-388892626"/><File Filename="patch_skufree_1_client_01.tre" TimeStamp="1138670138" ServerTimeStamp="1131719268" Size="88188137" CRC="-467733630"/><File Filename="patch_skufree_1_client_02.tre" TimeStamp="1138670488" ServerTimeStamp="1131719277" Size="103031176" CRC="291196848"/><File Filename="patch_skufree_1_client_03.tre" TimeStamp="1138670659" ServerTimeStamp="1131719282" Size="44674101" CRC="1800319381"/><File Filename="patch_skufree_1_shared_00.tre" TimeStamp="1138670682" ServerTimeStamp="1131719282" Size="2040750" CRC="-2025115513"/><File Filename="patch_skufree_2_client_00.tre" TimeStamp="1138670927" ServerTimeStamp="1134386666" Size="66133606" CRC="2071550042"/><File Filename="patch_skufree_2_shared_00.tre" TimeStamp="1138670947" ServerTimeStamp="1134386666" Size="3063759" CRC="28334372"/><File Filename="preload.cfg" TimeStamp="1138668021" ServerTimeStamp="1058356002" Size="2018" CRC="-651223430"/><File Filename="qt-mt305.dll" TimeStamp="1138668032" ServerTimeStamp="1046796714" Size="3563520" CRC="-2062899097"/><File Filename="skufree_client.toc" TimeStamp="1138978521" ServerTimeStamp="1138752252" Size="2824152" CRC="1274391354"/><File Filename="SOE TOU English v. 10-31-03.doc" TimeStamp="1129216032" ServerTimeStamp="1067534700" Size="55296" CRC="916186317"/><File Filename="SOE TOU French v. 10-31-03.doc" TimeStamp="1129216032" ServerTimeStamp="1067534700" Size="53760" CRC="-1009978968"/><File Filename="SOE TOU German v. 10-31-03.doc" TimeStamp="1129216032" ServerTimeStamp="1067534700" Size="83968" CRC="-2028772453"/><File Filename="SOE TOU Italian v. 10-31-03.doc" TimeStamp="1129216032" ServerTimeStamp="1067534700" Size="86528" CRC="-1332310383"/><File Filename="SOE TOU Spanish v. 10-31-03.doc" TimeStamp="1129216032" ServerTimeStamp="1067534700" Size="62976" CRC="-243454654"/><File Filename="string\en\live_motd.stf" TimeStamp="1138667927" ServerTimeStamp="1131812313" Size="839" CRC="1232878286"/><File Filename="SwgClientSetup_r.exe" TimeStamp="1138978521" ServerTimeStamp="1138752786" Size="442368" CRC="45846535"/><File Filename="SwgClient_r.exe" TimeStamp="1138978520" ServerTimeStamp="1138752784" Size="24350806" CRC="-984610478"/><File Filename="TREFix.exe" TimeStamp="1138667980" ServerTimeStamp="1088433802" Size="126976" CRC="2110697918"/><File Filename="TREFix.txt" TimeStamp="1138667984" ServerTimeStamp="1088433802" Size="2406" CRC="-177916852"/><File Filename="unicows.dll" TimeStamp="1138670683" ServerTimeStamp="1105616168" Size="218112" CRC="1560906499"/></PatchCache>
