<?xml version="1.0" encoding="utf-8"?>
<OffsetFinderTemplate xmlns:xsi="http://www.w3.org/2001/XMLSchema-instance" xmlns:xsd="http://www.w3.org/2001/XMLSchema">
  <Header>
    <FormatName>FSB Cutter</FormatName>
    <Author>Infernus Animositas</Author>
  </Header>
  <SearchParameters>
    <SearchString>FSB</SearchString>
    <TreatSearchStringAsHex>false</TreatSearchStringAsHex>
    <StartingOffset />
    <UseModOffsetForSearchString>false</UseModOffsetForSearchString>
    <SearchStringOffset>0</SearchStringOffset>
    <OutputFileExtension>.fsb</OutputFileExtension>
    <MinimumSizeForCutting>0</MinimumSizeForCutting>
    <CutParameters>
      <CutStyle>terminator</CutStyle>
      <TerminatorString>FSB</TerminatorString>
      <IncludeTerminatorInSize>false</IncludeTerminatorInSize>
    </CutParameters>
    <AddExtraBytes>false</AddExtraBytes>
    <AddExtraByteSize>0</AddExtraByteSize>
  </SearchParameters>
  <NotesOrWarnings />
</OffsetFinderTemplate>