<ASA022_Ranger_1941.xml>
  <sections>
    <bow>
      <model>usa\ship\aircarrier\ASA022_Ranger_1941\ASA022_Ranger_1941_bow_ports.model</model>
        <node>
           <name>HP_AD_1</name>
           <model>usa\director\AD003_Director_Mk51\AD003_Director_Mk51.model</model>
        </node>
        <node>
           <name>HP_AGA_9</name>
           <model>usa\gun\aaircraft\AGA013_1in_Mk2_Mod2\AGA013_1in_Mk2_Mod2.model</model>
        </node>
        <node>
           <name>HP_AGA_1</name>
           <model>usa\gun\aaircraft\AGA013_1in_Mk2_Mod2\AGA013_1in_Mk2_Mod2.model</model>
        </node>
        <node>
           <name>HP_AGA_8</name>
           <model>usa\gun\aaircraft\AGA013_1in_Mk2_Mod2\AGA013_1in_Mk2_Mod2.model</model>
        </node>
        <node>
           <name>HP_AGA_3</name>
           <model>usa\gun\aaircraft\AGA055_Browning_M2_Mod2\AGA055_Browning_M2_Mod2.model</model>
        </node>
        <node>
           <name>HP_AGA_5</name>
           <model>usa\gun\aaircraft\AGA055_Browning_M2_Mod2\AGA055_Browning_M2_Mod2.model</model>
        </node>
        <node>
           <name>HP_AGA_4</name>
           <model>usa\gun\aaircraft\AGA055_Browning_M2_Mod2\AGA055_Browning_M2_Mod2.model</model>
        </node>
        <node>
           <name>HP_AGA_6</name>
           <model>usa\gun\aaircraft\AGA055_Browning_M2_Mod2\AGA055_Browning_M2_Mod2.model</model>
        </node>
        <node>
           <name>HP_AGA_2</name>
           <model>usa\gun\aaircraft\AGA055_Browning_M2_Mod2\AGA055_Browning_M2_Mod2.model</model>
        </node>
        <node>
           <name>HP_AGA_7</name>
           <model>usa\gun\aaircraft\AGA055_Browning_M2_Mod2\AGA055_Browning_M2_Mod2.model</model>
        </node>
        <node>
           <name>HP_AGS_4</name>
           <model>usa\gun\secondary\AGS007_5in25_Mk19_Mod6\AGS007_5in25_Mk19_Mod6.model</model>
        </node>
        <node>
           <name>HP_AGS_2</name>
           <model>usa\gun\secondary\AGS007_5in25_Mk19_Mod6\AGS007_5in25_Mk19_Mod6.model</model>
        </node>
        <node>
           <name>HP_AGS_1</name>
           <model>usa\gun\secondary\AGS007_5in25_Mk19_Mod6\AGS007_5in25_Mk19_Mod6.model</model>
        </node>
        <node>
           <name>HP_AGS_3</name>
           <model>usa\gun\secondary\AGS007_5in25_Mk19_Mod6\AGS007_5in25_Mk19_Mod6.model</model>
        </node>
        <node>
           <name>MP_CM006_Anchor_2</name>
           <model>common\misc\CM006\CM006.model</model>
        </node>
        <node>
           <name>MP_AM077_Paravane</name>
           <model>usa\misc\AM077\AM077.model</model>
        </node>
        <node>
           <name>MP_CM006_Anchor_2_INDEX_1</name>
           <model>common\misc\CM006\CM006.model</model>
        </node>
        <node>
           <name>MP_AM288_Franklin_Life_Buoy</name>
           <model>usa\misc\AM288\AM288.model</model>
        </node>
        <node>
           <name>MP_AM288_Franklin_Life_Buoy_INDEX_1</name>
           <model>usa\misc\AM288\AM288.model</model>
        </node>
        <node>
           <name>MP_AM077_Paravane_INDEX_1</name>
           <model>usa\misc\AM077\AM077.model</model>
        </node>
        <node>
           <name>MP_AM349_Bollard</name>
           <model>usa\misc\AM349\AM349.model</model>
        </node>
        <node>
           <name>MP_AM349_Bollard_INDEX_1</name>
           <model>usa\misc\AM349\AM349.model</model>
        </node>
        <node>
           <name>MP_AM349_Bollard_INDEX_2</name>
           <model>usa\misc\AM349\AM349.model</model>
        </node>
        <node>
           <name>MP_AM349_Bollard_INDEX_3</name>
           <model>usa\misc\AM349\AM349.model</model>
        </node>
        <node>
           <name>MP_AM347_Fairlead</name>
           <model>usa\misc\AM347\AM347.model</model>
        </node>
        <node>
           <name>MP_AM347_Fairlead_INDEX_1</name>
           <model>usa\misc\AM347\AM347.model</model>
        </node>
        <node>
           <name>MP_AM347_Fairlead_INDEX_2</name>
           <model>usa\misc\AM347\AM347.model</model>
        </node>
        <node>
           <name>MP_AM347_Fairlead_INDEX_3</name>
           <model>usa\misc\AM347\AM347.model</model>
        </node>
        <node>
           <name>MP_AM347_Fairlead_INDEX_4</name>
           <model>usa\misc\AM347\AM347.model</model>
        </node>
        <node>
           <name>MP_AM347_Fairlead_INDEX_5</name>
           <model>usa\misc\AM347\AM347.model</model>
        </node>
        <node>
           <name>MP_CM029_Emergency_Box</name>
           <model>common\misc\CM029\CM029.model</model>
        </node>
        <node>
           <name>MP_CM029_Emergency_Box_INDEX_1</name>
           <model>common\misc\CM029\CM029.model</model>
        </node>
        <node>
           <name>MP_CM012_Fire_Hose_Rack_1</name>
           <model>common\misc\CM012\CM012.model</model>
        </node>
        <node>
           <name>MP_CM012_Fire_Hose_Rack_1_INDEX_1</name>
           <model>common\misc\CM012\CM012.model</model>
        </node>
        <node>
           <name>MP_CM011_Fire_Fighting_Gear</name>
           <model>common\misc\CM011\CM011.model</model>
        </node>
        <node>
           <name>MP_CM011_Fire_Fighting_Gear_INDEX_1</name>
           <model>common\misc\CM011\CM011.model</model>
        </node>
        <node>
           <name>MP_AM023_Hatch_1</name>
           <model>usa\misc\AM023\AM023.model</model>
        </node>
        <node>
           <name>MP_AM023_Hatch_1_INDEX_1</name>
           <model>usa\misc\AM023\AM023.model</model>
        </node>
        <node>
           <name>MP_CM013_Fire_Hose_Rack_2</name>
           <model>common\misc\CM013\CM013.model</model>
        </node>
        <node>
           <name>MP_CM013_Fire_Hose_Rack_2_INDEX_1</name>
           <model>common\misc\CM013\CM013.model</model>
        </node>
        <node>
           <name>MP_CM011_Fire_Fighting_Gear_INDEX_2</name>
           <model>common\misc\CM011\CM011.model</model>
        </node>
        <node>
           <name>MP_CM012_Fire_Hose_Rack_1_INDEX_2</name>
           <model>common\misc\CM012\CM012.model</model>
        </node>
        <node>
           <name>MP_AM029_Ammunition_Box3</name>
           <model>usa\misc\AM029\AM029.model</model>
        </node>
        <node>
           <name>MP_AM029_Ammunition_Box3_INDEX_1</name>
           <model>usa\misc\AM029\AM029.model</model>
        </node>
        <node>
           <name>MP_AM029_Ammunition_Box3_INDEX_2</name>
           <model>usa\misc\AM029\AM029.model</model>
        </node>
        <node>
           <name>MP_AM029_Ammunition_Box3_INDEX_3</name>
           <model>usa\misc\AM029\AM029.model</model>
        </node>
        <node>
           <name>MP_AM029_Ammunition_Box3_INDEX_4</name>
           <model>usa\misc\AM029\AM029.model</model>
        </node>
        <node>
           <name>MP_AM029_Ammunition_Box3_INDEX_5</name>
           <model>usa\misc\AM029\AM029.model</model>
        </node>
        <node>
           <name>MP_CM051_Fire_Fighting_Gear</name>
           <model>common\misc\CM051\CM051.model</model>
        </node>
        <node>
           <name>MP_CM051_Fire_Fighting_Gear_INDEX_1</name>
           <model>common\misc\CM051\CM051.model</model>
        </node>
        <node>
           <name>MP_AM026_Break_Handwheel_1</name>
           <model>usa\misc\AM026\AM026.model</model>
        </node>
        <node>
           <name>MP_AM026_Break_Handwheel_1_INDEX_1</name>
           <model>usa\misc\AM026\AM026.model</model>
        </node>
        <node>
           <name>MP_AM189_Gasoline_Station</name>
           <model>usa\misc\AM189\AM189.model</model>
        </node>
        <node>
           <name>MP_AM189_Gasoline_Station_INDEX_1</name>
           <model>usa\misc\AM189\AM189.model</model>
        </node>
        <node>
           <name>MP_AM189_Gasoline_Station_INDEX_2</name>
           <model>usa\misc\AM189\AM189.model</model>
        </node>
        <node>
           <name>MP_AM189_Gasoline_Station_INDEX_3</name>
           <model>usa\misc\AM189\AM189.model</model>
        </node>
        <node>
           <name>MP_AM103_Hatch_4</name>
           <model>usa\misc\AM103\AM103.model</model>
        </node>
        <node>
           <name>MP_AM103_Hatch_4_INDEX_1</name>
           <model>usa\misc\AM103\AM103.model</model>
        </node>
        <node>
           <name>MP_AM537_Elec_Panel</name>
           <model>usa\misc\AM537\AM537.model</model>
        </node>
        <node>
           <name>MP_AM537_Elec_Panel_INDEX_1</name>
           <model>usa\misc\AM537\AM537.model</model>
        </node>
        <node>
           <name>MP_AM537_Elec_Panel_INDEX_2</name>
           <model>usa\misc\AM537\AM537.model</model>
        </node>
        <node>
           <name>MP_AM537_Elec_Panel_INDEX_3</name>
           <model>usa\misc\AM537\AM537.model</model>
        </node>
        <node>
           <name>MP_AM537_Elec_Panel_INDEX_4</name>
           <model>usa\misc\AM537\AM537.model</model>
        </node>
        <node>
           <name>MP_AM129_Turtles_box</name>
           <model>usa\misc\AM129\AM129.model</model>
        </node>
        <node>
           <name>MP_AM129_Turtles_box_INDEX_1</name>
           <model>usa\misc\AM129\AM129.model</model>
        </node>
        <node>
           <name>MP_AM129_Turtles_box_INDEX_2</name>
           <model>usa\misc\AM129\AM129.model</model>
        </node>
        <node>
           <name>MP_AM129_Turtles_box_INDEX_3</name>
           <model>usa\misc\AM129\AM129.model</model>
        </node>
        <node>
           <name>MP_AM129_Turtles_box_INDEX_4</name>
           <model>usa\misc\AM129\AM129.model</model>
        </node>
        <node>
           <name>MP_AM148_Hatch_8</name>
           <model>usa\misc\AM148\AM148.model</model>
        </node>
        <node>
           <name>MP_AM548_Break_Handwheel</name>
           <model>usa\misc\AM548\AM548.model</model>
        </node>
        <node>
           <name>MP_AM548_Break_Handwheel_INDEX_1</name>
           <model>usa\misc\AM548\AM548.model</model>
        </node>
        <node>
           <name>MP_AM008_Reels_3</name>
           <model>usa\misc\AM008\AM008.model</model>
        </node>
        <node>
           <name>MP_AM008_Reels_3_INDEX_1</name>
           <model>usa\misc\AM008\AM008.model</model>
        </node>
        <node>
           <name>MP_AM008_Reels_3_INDEX_2</name>
           <model>usa\misc\AM008\AM008.model</model>
        </node>
        <node>
           <name>MP_AM165_Ventilation_1</name>
           <model>usa\misc\AM165\AM165.model</model>
        </node>
        <node>
           <name>HP_LiftOffPoint</name>
           <model>usa\aircraft\bomber\AAB001_Douglas_TBD\AAB001_Douglas_TBD.model</model>
        </node>
        <node>
           <name>HP_Fire_Burn_1</name>
           <model>UNKNOWN_ITEM</model>
        </node>
    </bow>
    <midfront>
      <model>usa\ship\aircarrier\ASA022_Ranger_1941\ASA022_Ranger_1941_MidFront_ports.model</model>
        <node>
           <name>HP_AD_2</name>
           <model>usa\director\AD003_Director_Mk51\AD003_Director_Mk51.model</model>
        </node>
        <node>
           <name>HP_AD_3</name>
           <model>usa\director\AD003_Director_Mk51\AD003_Director_Mk51.model</model>
        </node>
        <node>
           <name>MP_AM057_Boat_3</name>
           <model>usa\misc\AM057\AM057.model</model>
        </node>
        <node>
           <name>MP_AM057_Boat_3_INDEX_1</name>
           <model>usa\misc\AM057\AM057.model</model>
        </node>
        <node>
           <name>MP_AM057_Boat_3_INDEX_2</name>
           <model>usa\misc\AM057\AM057.model</model>
        </node>
        <node>
           <name>MP_AM057_Boat_3_INDEX_3</name>
           <model>usa\misc\AM057\AM057.model</model>
        </node>
        <node>
           <name>MP_AM057_Boat_3_INDEX_4</name>
           <model>usa\misc\AM057\AM057.model</model>
        </node>
        <node>
           <name>MP_AM057_Boat_3_INDEX_5</name>
           <model>usa\misc\AM057\AM057.model</model>
        </node>
        <node>
           <name>MP_AM057_Boat_3_INDEX_6</name>
           <model>usa\misc\AM057\AM057.model</model>
        </node>
        <node>
           <name>MP_AM057_Boat_3_INDEX_7</name>
           <model>usa\misc\AM057\AM057.model</model>
        </node>
        <node>
           <name>MP_AM091_Whaleboat_26ft</name>
           <model>usa\misc\AM091\AM091.model</model>
        </node>
        <node>
           <name>MP_AM037_Searchlight_900mm</name>
           <model>usa\misc\AM037\AM037.model</model>
        </node>
        <node>
           <name>MP_AM037_Searchlight_900mm_INDEX_1</name>
           <model>usa\misc\AM037\AM037.model</model>
        </node>
        <node>
           <name>MP_CM017_Boat_Stowage_3</name>
           <model>common\misc\CM017\CM017.model</model>
        </node>
        <node>
           <name>MP_CM017_Boat_Stowage_3_INDEX_1</name>
           <model>common\misc\CM017\CM017.model</model>
        </node>
        <node>
           <name>MP_CM026_Stairway_Small_L</name>
           <model>common\misc\CM026\CM026.model</model>
        </node>
        <node>
           <name>MP_CM027_Stairway_Small_R</name>
           <model>common\misc\CM027\CM027.model</model>
        </node>
        <node>
           <name>MP_AM047_Running_Lights_R</name>
           <model>usa\misc\AM047\AM047.model</model>
        </node>
        <node>
           <name>MP_AM048_Running_Lights_L</name>
           <model>usa\misc\AM048\AM048.model</model>
        </node>
        <node>
           <name>MP_AM350_Filling_connection</name>
           <model>usa\misc\AM350\AM350.model</model>
        </node>
        <node>
           <name>MP_AM347_Fairlead</name>
           <model>usa\misc\AM347\AM347.model</model>
        </node>
        <node>
           <name>MP_AM347_Fairlead_INDEX_1</name>
           <model>usa\misc\AM347\AM347.model</model>
        </node>
        <node>
           <name>MP_AM347_Fairlead_INDEX_2</name>
           <model>usa\misc\AM347\AM347.model</model>
        </node>
        <node>
           <name>MP_AM347_Fairlead_INDEX_3</name>
           <model>usa\misc\AM347\AM347.model</model>
        </node>
        <node>
           <name>MP_AM349_Bollard</name>
           <model>usa\misc\AM349\AM349.model</model>
        </node>
        <node>
           <name>MP_AM349_Bollard_INDEX_1</name>
           <model>usa\misc\AM349\AM349.model</model>
        </node>
        <node>
           <name>MP_CM008_Life_Buoy_1</name>
           <model>common\misc\CM008\CM008.model</model>
        </node>
        <node>
           <name>MP_CM008_Life_Buoy_1_INDEX_1</name>
           <model>common\misc\CM008\CM008.model</model>
        </node>
        <node>
           <name>MP_CM008_Life_Buoy_1_INDEX_2</name>
           <model>common\misc\CM008\CM008.model</model>
        </node>
        <node>
           <name>MP_CM029_Emergency_Box</name>
           <model>common\misc\CM029\CM029.model</model>
        </node>
        <node>
           <name>MP_CM029_Emergency_Box_INDEX_1</name>
           <model>common\misc\CM029\CM029.model</model>
        </node>
        <node>
           <name>MP_CM029_Emergency_Box_INDEX_2</name>
           <model>common\misc\CM029\CM029.model</model>
        </node>
        <node>
           <name>MP_CM012_Fire_Hose_Rack_1</name>
           <model>common\misc\CM012\CM012.model</model>
        </node>
        <node>
           <name>MP_CM012_Fire_Hose_Rack_1_INDEX_1</name>
           <model>common\misc\CM012\CM012.model</model>
        </node>
        <node>
           <name>MP_CM012_Fire_Hose_Rack_1_INDEX_2</name>
           <model>common\misc\CM012\CM012.model</model>
        </node>
        <node>
           <name>MP_CM012_Fire_Hose_Rack_1_INDEX_3</name>
           <model>common\misc\CM012\CM012.model</model>
        </node>
        <node>
           <name>MP_CM011_Fire_Fighting_Gear</name>
           <model>common\misc\CM011\CM011.model</model>
        </node>
        <node>
           <name>MP_CM011_Fire_Fighting_Gear_INDEX_1</name>
           <model>common\misc\CM011\CM011.model</model>
        </node>
        <node>
           <name>MP_CM011_Fire_Fighting_Gear_INDEX_2</name>
           <model>common\misc\CM011\CM011.model</model>
        </node>
        <node>
           <name>MP_CM011_Fire_Fighting_Gear_INDEX_3</name>
           <model>common\misc\CM011\CM011.model</model>
        </node>
        <node>
           <name>MP_CM013_Fire_Hose_Rack_2</name>
           <model>common\misc\CM013\CM013.model</model>
        </node>
        <node>
           <name>MP_CM013_Fire_Hose_Rack_2_INDEX_1</name>
           <model>common\misc\CM013\CM013.model</model>
        </node>
        <node>
           <name>MP_CM051_Fire_Fighting_Gear</name>
           <model>common\misc\CM051\CM051.model</model>
        </node>
        <node>
           <name>MP_CM051_Fire_Fighting_Gear_INDEX_1</name>
           <model>common\misc\CM051\CM051.model</model>
        </node>
        <node>
           <name>MP_AM189_Gasoline_Station</name>
           <model>usa\misc\AM189\AM189.model</model>
        </node>
        <node>
           <name>MP_AM189_Gasoline_Station_INDEX_1</name>
           <model>usa\misc\AM189\AM189.model</model>
        </node>
        <node>
           <name>MP_AM537_Elec_Panel</name>
           <model>usa\misc\AM537\AM537.model</model>
        </node>
        <node>
           <name>MP_AM442_Multipole_Switch</name>
           <model>usa\misc\AM442\AM442.model</model>
        </node>
        <node>
           <name>MP_AM537_Elec_Panel_INDEX_1</name>
           <model>usa\misc\AM537\AM537.model</model>
        </node>
        <node>
           <name>MP_AM442_Multipole_Switch_INDEX_1</name>
           <model>usa\misc\AM442\AM442.model</model>
        </node>
        <node>
           <name>MP_AM173_Insulator_1</name>
           <model>usa\misc\AM173\AM173.model</model>
        </node>
        <node>
           <name>MP_AM468_Filling_connection</name>
           <model>usa\misc\AM468\AM468.model</model>
        </node>
        <node>
           <name>MP_AM469_Filling_connection</name>
           <model>usa\misc\AM469\AM469.model</model>
        </node>
        <node>
           <name>MP_CM008_Life_Buoy_1_INDEX_3</name>
           <model>common\misc\CM008\CM008.model</model>
        </node>
        <node>
           <name>MP_AM189_Gasoline_Station_INDEX_2</name>
           <model>usa\misc\AM189\AM189.model</model>
        </node>
        <node>
           <name>MP_AM189_Gasoline_Station_INDEX_3</name>
           <model>usa\misc\AM189\AM189.model</model>
        </node>
        <node>
           <name>HP_DeckStart</name>
           <model>usa\aircraft\bomber\AAB001_Douglas_TBD\AAB001_Douglas_TBD.model</model>
        </node>
        <node>
           <name>HP_Deck_19</name>
           <model>usa\aircraft\dive\AAD002_Curtiss_SBC4\AAD002_Curtiss_SBC4.model</model>
        </node>
        <node>
           <name>HP_Deck_20</name>
           <model>usa\aircraft\dive\AAD002_Curtiss_SBC4\AAD002_Curtiss_SBC4.model</model>
        </node>
        <node>
           <name>HP_Deck_21</name>
           <model>usa\aircraft\dive\AAD002_Curtiss_SBC4\AAD002_Curtiss_SBC4.model</model>
        </node>
        <node>
           <name>HP_Deck_22</name>
           <model>usa\aircraft\dive\AAD002_Curtiss_SBC4\AAD002_Curtiss_SBC4.model</model>
        </node>
        <node>
           <name>HP_Deck_23</name>
           <model>usa\aircraft\dive\AAD002_Curtiss_SBC4\AAD002_Curtiss_SBC4.model</model>
        </node>
        <node>
           <name>HP_Deck_18</name>
           <model>usa\aircraft\dive\AAD002_Curtiss_SBC4\AAD002_Curtiss_SBC4.model</model>
        </node>
        <node>
           <name>HP_Fire_Burn_2</name>
           <model>UNKNOWN_ITEM</model>
        </node>
        <node>
           <name>HP_NoseWave_Speed</name>
           <model>UNKNOWN_ITEM</model>
        </node>
    </midfront>
    <midback>
      <model>usa\ship\aircarrier\ASA022_Ranger_1941\ASA022_Ranger_1941_MidBack_ports.model</model>
        <node>
           <name>HP_AD_5</name>
           <model>usa\director\AD003_Director_Mk51\AD003_Director_Mk51.model</model>
        </node>
        <node>
           <name>HP_AD_4</name>
           <model>usa\director\AD003_Director_Mk51\AD003_Director_Mk51.model</model>
        </node>
        <node>
           <name>HP_AF_1</name>
           <model>usa\finder\AF062_Director_Mk33\AF062_Director_Mk33.model</model>
        </node>
        <node>
           <name>HP_AF_2</name>
           <model>usa\finder\AF062_Director_Mk33\AF062_Director_Mk33.model</model>
        </node>
        <node>
           <name>HP_AGA_11</name>
           <model>usa\gun\aaircraft\AGA013_1in_Mk2_Mod2\AGA013_1in_Mk2_Mod2.model</model>
        </node>
        <node>
           <name>HP_AGA_10</name>
           <model>usa\gun\aaircraft\AGA013_1in_Mk2_Mod2\AGA013_1in_Mk2_Mod2.model</model>
        </node>
        <node>
           <name>HP_AGA_14</name>
           <model>usa\gun\aaircraft\AGA055_Browning_M2_Mod2\AGA055_Browning_M2_Mod2.model</model>
        </node>
        <node>
           <name>HP_AGA_13</name>
           <model>usa\gun\aaircraft\AGA055_Browning_M2_Mod2\AGA055_Browning_M2_Mod2.model</model>
        </node>
        <node>
           <name>HP_AGA_15</name>
           <model>usa\gun\aaircraft\AGA055_Browning_M2_Mod2\AGA055_Browning_M2_Mod2.model</model>
        </node>
        <node>
           <name>HP_AGA_16</name>
           <model>usa\gun\aaircraft\AGA055_Browning_M2_Mod2\AGA055_Browning_M2_Mod2.model</model>
        </node>
        <node>
           <name>HP_AGA_12</name>
           <model>usa\gun\aaircraft\AGA055_Browning_M2_Mod2\AGA055_Browning_M2_Mod2.model</model>
        </node>
        <node>
           <name>HP_AGA_17</name>
           <model>usa\gun\aaircraft\AGA055_Browning_M2_Mod2\AGA055_Browning_M2_Mod2.model</model>
        </node>
        <node>
           <name>HP_ARS_1</name>
           <model>usa\radar\search\ARS026_Radar_CXAM1\ARS026_Radar_CXAM1.model</model>
        </node>
        <node>
           <name>HP_flag_1</name>
           <model>usa\misc\AM032\AM032.model</model>
        </node>
        <node>
           <name>HP_flag_2</name>
           <model>usa\misc\AM032\AM032.model</model>
        </node>
        <node>
           <name>HP_flag_3</name>
           <model>usa\misc\AM032\AM032.model</model>
        </node>
        <node>
           <name>HP_flag_4</name>
           <model>usa\misc\AM032\AM032.model</model>
        </node>
        <node>
           <name>HP_flag_nation</name>
           <model>usa\misc\AM032\AM032.model</model>
        </node>
        <node>
           <name>MP_AM057_Boat_3</name>
           <model>usa\misc\AM057\AM057.model</model>
        </node>
        <node>
           <name>MP_AM057_Boat_3_INDEX_1</name>
           <model>usa\misc\AM057\AM057.model</model>
        </node>
        <node>
           <name>MP_AM091_Whaleboat_26ft</name>
           <model>usa\misc\AM091\AM091.model</model>
        </node>
        <node>
           <name>MP_AM091_Whaleboat_26ft_INDEX_1</name>
           <model>usa\misc\AM091\AM091.model</model>
        </node>
        <node>
           <name>MP_CM008_Life_Buoy_1</name>
           <model>common\misc\CM008\CM008.model</model>
        </node>
        <node>
           <name>MP_CM009_Life_Buoy_2</name>
           <model>common\misc\CM009\CM009.model</model>
        </node>
        <node>
           <name>MP_AM038_Searchlight_600mm</name>
           <model>usa\misc\AM038\AM038.model</model>
        </node>
        <node>
           <name>MP_AM038_Searchlight_600mm_INDEX_1</name>
           <model>usa\misc\AM038\AM038.model</model>
        </node>
        <node>
           <name>MP_CM017_Boat_Stowage_3</name>
           <model>common\misc\CM017\CM017.model</model>
        </node>
        <node>
           <name>MP_CM017_Boat_Stowage_3_INDEX_1</name>
           <model>common\misc\CM017\CM017.model</model>
        </node>
        <node>
           <name>MP_CM017_Boat_Stowage_3_INDEX_2</name>
           <model>common\misc\CM017\CM017.model</model>
        </node>
        <node>
           <name>MP_CM017_Boat_Stowage_3_INDEX_3</name>
           <model>common\misc\CM017\CM017.model</model>
        </node>
        <node>
           <name>MP_CM025_Stairway_Big_R</name>
           <model>common\misc\CM025\CM025.model</model>
        </node>
        <node>
           <name>MP_CM024_Stairway_Big_L</name>
           <model>common\misc\CM024\CM024.model</model>
        </node>
        <node>
           <name>MP_AM025_Pelorus_Mk7</name>
           <model>usa\misc\AM025\AM025.model</model>
        </node>
        <node>
           <name>MP_AM350_Filling_connection</name>
           <model>usa\misc\AM350\AM350.model</model>
        </node>
        <node>
           <name>MP_AM351_Flag_Box</name>
           <model>usa\misc\AM351\AM351.model</model>
        </node>
        <node>
           <name>MP_AM351_Flag_Box_INDEX_1</name>
           <model>usa\misc\AM351\AM351.model</model>
        </node>
        <node>
           <name>MP_AM354_Flight_Control_Light_L</name>
           <model>usa\misc\AM354\AM354.model</model>
        </node>
        <node>
           <name>MP_AM353_Flight_Control_Light_R</name>
           <model>usa\misc\AM353\AM353.model</model>
        </node>
        <node>
           <name>MP_AM355_Boat_Winch</name>
           <model>usa\misc\AM355\AM355.model</model>
        </node>
        <node>
           <name>MP_AM355_Boat_Winch_INDEX_1</name>
           <model>usa\misc\AM355\AM355.model</model>
        </node>
        <node>
           <name>MP_AM347_Fairlead</name>
           <model>usa\misc\AM347\AM347.model</model>
        </node>
        <node>
           <name>MP_AM347_Fairlead_INDEX_1</name>
           <model>usa\misc\AM347\AM347.model</model>
        </node>
        <node>
           <name>MP_AM350_Filling_connection_INDEX_1</name>
           <model>usa\misc\AM350\AM350.model</model>
        </node>
        <node>
           <name>MP_AM071_Signal_Lamp_2</name>
           <model>usa\misc\AM071\AM071.model</model>
        </node>
        <node>
           <name>MP_AM025_Pelorus_Mk7_INDEX_1</name>
           <model>usa\misc\AM025\AM025.model</model>
        </node>
        <node>
           <name>MP_AM111_Telescope_1</name>
           <model>usa\misc\AM111\AM111.model</model>
        </node>
        <node>
           <name>MP_AM111_Telescope_1_INDEX_1</name>
           <model>usa\misc\AM111\AM111.model</model>
        </node>
        <node>
           <name>MP_AM152_Log_Desk</name>
           <model>usa\misc\AM152\AM152.model</model>
        </node>
        <node>
           <name>MP_AM348_Aircraft_Cran</name>
           <model>usa\misc\AM348\AM348.model</model>
        </node>
        <node>
           <name>MP_AM348_Aircraft_Cran_INDEX_1</name>
           <model>usa\misc\AM348\AM348.model</model>
        </node>
        <node>
           <name>MP_AM348_Aircraft_Cran_INDEX_2</name>
           <model>usa\misc\AM348\AM348.model</model>
        </node>
        <node>
           <name>MP_CM008_Life_Buoy_1_INDEX_1</name>
           <model>common\misc\CM008\CM008.model</model>
        </node>
        <node>
           <name>MP_CM008_Life_Buoy_1_INDEX_2</name>
           <model>common\misc\CM008\CM008.model</model>
        </node>
        <node>
           <name>MP_CM008_Life_Buoy_1_INDEX_3</name>
           <model>common\misc\CM008\CM008.model</model>
        </node>
        <node>
           <name>MP_CM008_Life_Buoy_1_INDEX_4</name>
           <model>common\misc\CM008\CM008.model</model>
        </node>
        <node>
           <name>MP_CM029_Emergency_Box</name>
           <model>common\misc\CM029\CM029.model</model>
        </node>
        <node>
           <name>MP_CM029_Emergency_Box_INDEX_1</name>
           <model>common\misc\CM029\CM029.model</model>
        </node>
        <node>
           <name>MP_CM029_Emergency_Box_INDEX_2</name>
           <model>common\misc\CM029\CM029.model</model>
        </node>
        <node>
           <name>MP_CM029_Emergency_Box_INDEX_3</name>
           <model>common\misc\CM029\CM029.model</model>
        </node>
        <node>
           <name>MP_CM029_Emergency_Box_INDEX_4</name>
           <model>common\misc\CM029\CM029.model</model>
        </node>
        <node>
           <name>MP_CM029_Emergency_Box_INDEX_5</name>
           <model>common\misc\CM029\CM029.model</model>
        </node>
        <node>
           <name>MP_CM029_Emergency_Box_INDEX_6</name>
           <model>common\misc\CM029\CM029.model</model>
        </node>
        <node>
           <name>MP_CM029_Emergency_Box_INDEX_7</name>
           <model>common\misc\CM029\CM029.model</model>
        </node>
        <node>
           <name>MP_CM012_Fire_Hose_Rack_1</name>
           <model>common\misc\CM012\CM012.model</model>
        </node>
        <node>
           <name>MP_CM012_Fire_Hose_Rack_1_INDEX_1</name>
           <model>common\misc\CM012\CM012.model</model>
        </node>
        <node>
           <name>MP_CM012_Fire_Hose_Rack_1_INDEX_2</name>
           <model>common\misc\CM012\CM012.model</model>
        </node>
        <node>
           <name>MP_CM012_Fire_Hose_Rack_1_INDEX_3</name>
           <model>common\misc\CM012\CM012.model</model>
        </node>
        <node>
           <name>MP_CM012_Fire_Hose_Rack_1_INDEX_4</name>
           <model>common\misc\CM012\CM012.model</model>
        </node>
        <node>
           <name>MP_CM012_Fire_Hose_Rack_1_INDEX_5</name>
           <model>common\misc\CM012\CM012.model</model>
        </node>
        <node>
           <name>MP_CM012_Fire_Hose_Rack_1_INDEX_6</name>
           <model>common\misc\CM012\CM012.model</model>
        </node>
        <node>
           <name>MP_CM012_Fire_Hose_Rack_1_INDEX_7</name>
           <model>common\misc\CM012\CM012.model</model>
        </node>
        <node>
           <name>MP_CM012_Fire_Hose_Rack_1_INDEX_8</name>
           <model>common\misc\CM012\CM012.model</model>
        </node>
        <node>
           <name>MP_CM012_Fire_Hose_Rack_1_INDEX_9</name>
           <model>common\misc\CM012\CM012.model</model>
        </node>
        <node>
           <name>MP_CM011_Fire_Fighting_Gear</name>
           <model>common\misc\CM011\CM011.model</model>
        </node>
        <node>
           <name>MP_CM011_Fire_Fighting_Gear_INDEX_1</name>
           <model>common\misc\CM011\CM011.model</model>
        </node>
        <node>
           <name>MP_CM011_Fire_Fighting_Gear_INDEX_2</name>
           <model>common\misc\CM011\CM011.model</model>
        </node>
        <node>
           <name>MP_CM011_Fire_Fighting_Gear_INDEX_3</name>
           <model>common\misc\CM011\CM011.model</model>
        </node>
        <node>
           <name>MP_CM011_Fire_Fighting_Gear_INDEX_4</name>
           <model>common\misc\CM011\CM011.model</model>
        </node>
        <node>
           <name>MP_CM011_Fire_Fighting_Gear_INDEX_5</name>
           <model>common\misc\CM011\CM011.model</model>
        </node>
        <node>
           <name>MP_AM063_Wind_Direction</name>
           <model>usa\misc\AM063\AM063.model</model>
        </node>
        <node>
           <name>MP_AM144_Signal_Lamp_L</name>
           <model>usa\misc\AM144\AM144.model</model>
        </node>
        <node>
           <name>MP_AM143_Signal_Lamp_R</name>
           <model>usa\misc\AM143\AM143.model</model>
        </node>
        <node>
           <name>MP_AM375_Boat_Winch_R</name>
           <model>usa\misc\AM375\AM375.model</model>
        </node>
        <node>
           <name>MP_CM013_Fire_Hose_Rack_2</name>
           <model>common\misc\CM013\CM013.model</model>
        </node>
        <node>
           <name>MP_CM013_Fire_Hose_Rack_2_INDEX_1</name>
           <model>common\misc\CM013\CM013.model</model>
        </node>
        <node>
           <name>MP_CM011_Fire_Fighting_Gear_INDEX_6</name>
           <model>common\misc\CM011\CM011.model</model>
        </node>
        <node>
           <name>MP_CM011_Fire_Fighting_Gear_INDEX_7</name>
           <model>common\misc\CM011\CM011.model</model>
        </node>
        <node>
           <name>MP_CM011_Fire_Fighting_Gear_INDEX_8</name>
           <model>common\misc\CM011\CM011.model</model>
        </node>
        <node>
           <name>MP_CM051_Fire_Fighting_Gear</name>
           <model>common\misc\CM051\CM051.model</model>
        </node>
        <node>
           <name>MP_CM051_Fire_Fighting_Gear_INDEX_1</name>
           <model>common\misc\CM051\CM051.model</model>
        </node>
        <node>
           <name>MP_CM051_Fire_Fighting_Gear_INDEX_2</name>
           <model>common\misc\CM051\CM051.model</model>
        </node>
        <node>
           <name>MP_AM064_Wind_Intensity</name>
           <model>usa\misc\AM064\AM064.model</model>
        </node>
        <node>
           <name>MP_AM159_Voice_Tube</name>
           <model>usa\misc\AM159\AM159.model</model>
        </node>
        <node>
           <name>MP_AM157_Telephone</name>
           <model>usa\misc\AM157\AM157.model</model>
        </node>
        <node>
           <name>MP_AM025_Pelorus_Mk7_INDEX_2</name>
           <model>usa\misc\AM025\AM025.model</model>
        </node>
        <node>
           <name>MP_AM050_Fightin_Light</name>
           <model>usa\misc\AM050\AM050.model</model>
        </node>
        <node>
           <name>MP_AM433_MC_Box</name>
           <model>usa\misc\AM433\AM433.model</model>
        </node>
        <node>
           <name>MP_AM435_Rudder_Ind</name>
           <model>usa\misc\AM435\AM435.model</model>
        </node>
        <node>
           <name>MP_AM434_Eng_Order_Tele_Ind</name>
           <model>usa\misc\AM434\AM434.model</model>
        </node>
        <node>
           <name>MP_AM438_Speakerphone</name>
           <model>usa\misc\AM438\AM438.model</model>
        </node>
        <node>
           <name>MP_AM440_Switch_Box</name>
           <model>usa\misc\AM440\AM440.model</model>
        </node>
        <node>
           <name>MP_AM445_Switch_box_2</name>
           <model>usa\misc\AM445\AM445.model</model>
        </node>
        <node>
           <name>MP_AM446_Headphones_locker</name>
           <model>usa\misc\AM446\AM446.model</model>
        </node>
        <node>
           <name>MP_AM447_Seat</name>
           <model>usa\misc\AM447\AM447.model</model>
        </node>
        <node>
           <name>MP_AM444_Director_Train_Indicator</name>
           <model>usa\misc\AM444\AM444.model</model>
        </node>
        <node>
           <name>MP_AM440_Switch_Box_INDEX_1</name>
           <model>usa\misc\AM440\AM440.model</model>
        </node>
        <node>
           <name>MP_AM438_Speakerphone_INDEX_1</name>
           <model>usa\misc\AM438\AM438.model</model>
        </node>
        <node>
           <name>MP_AM050_Fightin_Light_INDEX_1</name>
           <model>usa\misc\AM050\AM050.model</model>
        </node>
        <node>
           <name>MP_AM159_Voice_Tube_INDEX_1</name>
           <model>usa\misc\AM159\AM159.model</model>
        </node>
        <node>
           <name>MP_AM010_Speaker_1</name>
           <model>usa\misc\AM010\AM010.model</model>
        </node>
        <node>
           <name>MP_AM295_Speaker_4</name>
           <model>usa\misc\AM295\AM295.model</model>
        </node>
        <node>
           <name>MP_AM295_Speaker_4_INDEX_1</name>
           <model>usa\misc\AM295\AM295.model</model>
        </node>
        <node>
           <name>MP_AM295_Speaker_4_INDEX_2</name>
           <model>usa\misc\AM295\AM295.model</model>
        </node>
        <node>
           <name>MP_AM295_Speaker_4_INDEX_3</name>
           <model>usa\misc\AM295\AM295.model</model>
        </node>
        <node>
           <name>MP_AM450_Antenna_YE_ZB</name>
           <model>usa\misc\AM450\AM450.model</model>
        </node>
        <node>
           <name>MP_AM061_Sky_Lookout_1</name>
           <model>usa\misc\AM061\AM061.model</model>
        </node>
        <node>
           <name>MP_AM061_Sky_Lookout_1_INDEX_1</name>
           <model>usa\misc\AM061\AM061.model</model>
        </node>
        <node>
           <name>MP_AM440_Switch_Box_INDEX_2</name>
           <model>usa\misc\AM440\AM440.model</model>
        </node>
        <node>
           <name>MP_AM440_Switch_Box_INDEX_3</name>
           <model>usa\misc\AM440\AM440.model</model>
        </node>
        <node>
           <name>MP_AM173_Insulator_1</name>
           <model>usa\misc\AM173\AM173.model</model>
        </node>
        <node>
           <name>MP_AM173_Insulator_1_INDEX_1</name>
           <model>usa\misc\AM173\AM173.model</model>
        </node>
        <node>
           <name>MP_AM173_Insulator_1_INDEX_2</name>
           <model>usa\misc\AM173\AM173.model</model>
        </node>
        <node>
           <name>MP_AM164_Signal_Lamp_4</name>
           <model>usa\misc\AM164\AM164.model</model>
        </node>
        <node>
           <name>MP_AM181_Siren_3</name>
           <model>usa\misc\AM181\AM181.model</model>
        </node>
        <node>
           <name>MP_AM598_Sound_Reproducer</name>
           <model>usa\misc\AM598\AM598.model</model>
        </node>
        <node>
           <name>MP_AM598_Sound_Reproducer_INDEX_1</name>
           <model>usa\misc\AM598\AM598.model</model>
        </node>
        <node>
           <name>MP_AM598_Sound_Reproducer_INDEX_2</name>
           <model>usa\misc\AM598\AM598.model</model>
        </node>
        <node>
           <name>MP_AM598_Sound_Reproducer_INDEX_3</name>
           <model>usa\misc\AM598\AM598.model</model>
        </node>
        <node>
           <name>MP_AM598_Sound_Reproducer_INDEX_4</name>
           <model>usa\misc\AM598\AM598.model</model>
        </node>
        <node>
           <name>MP_AM598_Sound_Reproducer_INDEX_5</name>
           <model>usa\misc\AM598\AM598.model</model>
        </node>
        <node>
           <name>MP_AM164_Signal_Lamp_4_INDEX_1</name>
           <model>usa\misc\AM164\AM164.model</model>
        </node>
        <node>
           <name>MP_AM537_Elec_Panel</name>
           <model>usa\misc\AM537\AM537.model</model>
        </node>
        <node>
           <name>MP_AM537_Elec_Panel_INDEX_1</name>
           <model>usa\misc\AM537\AM537.model</model>
        </node>
        <node>
           <name>MP_AM537_Elec_Panel_INDEX_2</name>
           <model>usa\misc\AM537\AM537.model</model>
        </node>
        <node>
           <name>MP_AM537_Elec_Panel_INDEX_3</name>
           <model>usa\misc\AM537\AM537.model</model>
        </node>
        <node>
           <name>MP_AM537_Elec_Panel_INDEX_4</name>
           <model>usa\misc\AM537\AM537.model</model>
        </node>
        <node>
           <name>MP_AM537_Elec_Panel_INDEX_5</name>
           <model>usa\misc\AM537\AM537.model</model>
        </node>
        <node>
           <name>MP_AM445_Switch_box_2_INDEX_1</name>
           <model>usa\misc\AM445\AM445.model</model>
        </node>
        <node>
           <name>MP_AM164_Signal_Lamp_4_INDEX_2</name>
           <model>usa\misc\AM164\AM164.model</model>
        </node>
        <node>
           <name>MP_AM164_Signal_Lamp_4_INDEX_3</name>
           <model>usa\misc\AM164\AM164.model</model>
        </node>
        <node>
           <name>MP_AM129_Turtles_box</name>
           <model>usa\misc\AM129\AM129.model</model>
        </node>
        <node>
           <name>MP_AM129_Turtles_box_INDEX_1</name>
           <model>usa\misc\AM129\AM129.model</model>
        </node>
        <node>
           <name>MP_AM535_Elec_Panel</name>
           <model>usa\misc\AM535\AM535.model</model>
        </node>
        <node>
           <name>MP_AM535_Elec_Panel_INDEX_1</name>
           <model>usa\misc\AM535\AM535.model</model>
        </node>
        <node>
           <name>MP_AM536_Elec_Panel</name>
           <model>usa\misc\AM536\AM536.model</model>
        </node>
        <node>
           <name>MP_AM537_Elec_Panel_INDEX_6</name>
           <model>usa\misc\AM537\AM537.model</model>
        </node>
        <node>
           <name>MP_AM129_Turtles_box_INDEX_2</name>
           <model>usa\misc\AM129\AM129.model</model>
        </node>
        <node>
           <name>MP_AM129_Turtles_box_INDEX_3</name>
           <model>usa\misc\AM129\AM129.model</model>
        </node>
        <node>
           <name>MP_CM088_Swab_Rack</name>
           <model>common\misc\CM088\CM088.model</model>
        </node>
        <node>
           <name>MP_AM490_Trash_Can</name>
           <model>usa\misc\AM490\AM490.model</model>
        </node>
        <node>
           <name>MP_AM449_Binoculars</name>
           <model>usa\misc\AM449\AM449.model</model>
        </node>
        <node>
           <name>MP_AM449_Binoculars_INDEX_1</name>
           <model>usa\misc\AM449\AM449.model</model>
        </node>
        <node>
           <name>MP_AM449_Binoculars_INDEX_2</name>
           <model>usa\misc\AM449\AM449.model</model>
        </node>
        <node>
           <name>MP_AM464_Chair</name>
           <model>usa\misc\AM464\AM464.model</model>
        </node>
        <node>
           <name>MP_AM173_Insulator_1_INDEX_3</name>
           <model>usa\misc\AM173\AM173.model</model>
        </node>
        <node>
           <name>MP_AM445_Switch_box_2_INDEX_2</name>
           <model>usa\misc\AM445\AM445.model</model>
        </node>
        <node>
           <name>MP_AM218_Hatch</name>
           <model>usa\misc\AM218\AM218.model</model>
        </node>
        <node>
           <name>MP_AM164_Signal_Lamp_4_INDEX_4</name>
           <model>usa\misc\AM164\AM164.model</model>
        </node>
        <node>
           <name>MP_CM013_Fire_Hose_Rack_2_INDEX_2</name>
           <model>common\misc\CM013\CM013.model</model>
        </node>
        <node>
           <name>MP_CM051_Fire_Fighting_Gear_INDEX_3</name>
           <model>common\misc\CM051\CM051.model</model>
        </node>
        <node>
           <name>MP_CM013_Fire_Hose_Rack_2_INDEX_3</name>
           <model>common\misc\CM013\CM013.model</model>
        </node>
        <node>
           <name>MP_CM051_Fire_Fighting_Gear_INDEX_4</name>
           <model>common\misc\CM051\CM051.model</model>
        </node>
        <node>
           <name>MP_AM178_Ammunition_Box_9</name>
           <model>usa\misc\AM178\AM178.model</model>
        </node>
        <node>
           <name>MP_AM178_Ammunition_Box_9_INDEX_1</name>
           <model>usa\misc\AM178\AM178.model</model>
        </node>
        <node>
           <name>MP_AM178_Ammunition_Box_9_INDEX_2</name>
           <model>usa\misc\AM178\AM178.model</model>
        </node>
        <node>
           <name>MP_CM014_Fuel_Oil_Hose</name>
           <model>common\misc\CM014\CM014.model</model>
        </node>
        <node>
           <name>MP_CM014_Fuel_Oil_Hose_INDEX_1</name>
           <model>common\misc\CM014\CM014.model</model>
        </node>
        <node>
           <name>MP_CM014_Fuel_Oil_Hose_INDEX_2</name>
           <model>common\misc\CM014\CM014.model</model>
        </node>
        <node>
           <name>MP_CM014_Fuel_Oil_Hose_INDEX_3</name>
           <model>common\misc\CM014\CM014.model</model>
        </node>
        <node>
           <name>MP_CM014_Fuel_Oil_Hose_INDEX_4</name>
           <model>common\misc\CM014\CM014.model</model>
        </node>
        <node>
           <name>MP_CM014_Fuel_Oil_Hose_INDEX_5</name>
           <model>common\misc\CM014\CM014.model</model>
        </node>
        <node>
           <name>MP_CM014_Fuel_Oil_Hose_INDEX_6</name>
           <model>common\misc\CM014\CM014.model</model>
        </node>
        <node>
           <name>HP_Deck_10</name>
           <model>usa\aircraft\bomber\AAB001_Douglas_TBD\AAB001_Douglas_TBD.model</model>
        </node>
        <node>
           <name>HP_Deck_11</name>
           <model>usa\aircraft\bomber\AAB001_Douglas_TBD\AAB001_Douglas_TBD.model</model>
        </node>
        <node>
           <name>HP_Deck_12</name>
           <model>usa\aircraft\dive\AAD002_Curtiss_SBC4\AAD002_Curtiss_SBC4.model</model>
        </node>
        <node>
           <name>HP_Deck_13</name>
           <model>usa\aircraft\dive\AAD002_Curtiss_SBC4\AAD002_Curtiss_SBC4.model</model>
        </node>
        <node>
           <name>HP_Deck_14</name>
           <model>usa\aircraft\dive\AAD002_Curtiss_SBC4\AAD002_Curtiss_SBC4.model</model>
        </node>
        <node>
           <name>HP_Deck_15</name>
           <model>usa\aircraft\dive\AAD002_Curtiss_SBC4\AAD002_Curtiss_SBC4.model</model>
        </node>
        <node>
           <name>HP_Deck_16</name>
           <model>usa\aircraft\dive\AAD002_Curtiss_SBC4\AAD002_Curtiss_SBC4.model</model>
        </node>
        <node>
           <name>HP_Deck_17</name>
           <model>usa\aircraft\dive\AAD002_Curtiss_SBC4\AAD002_Curtiss_SBC4.model</model>
        </node>
        <node>
           <name>HP_Fire_Burn_3</name>
           <model>UNKNOWN_ITEM</model>
        </node>
    </midback>
    <stern>
      <model>usa\ship\aircarrier\ASA022_Ranger_1941\ASA022_Ranger_1941_Stern_ports.model</model>
        <node>
           <name>HP_AGA_19</name>
           <model>usa\gun\aaircraft\AGA055_Browning_M2_Mod2\AGA055_Browning_M2_Mod2.model</model>
        </node>
        <node>
           <name>HP_AGA_18</name>
           <model>usa\gun\aaircraft\AGA055_Browning_M2_Mod2\AGA055_Browning_M2_Mod2.model</model>
        </node>
        <node>
           <name>HP_AGS_7</name>
           <model>usa\gun\secondary\AGS007_5in25_Mk19_Mod6\AGS007_5in25_Mk19_Mod6.model</model>
        </node>
        <node>
           <name>HP_AGS_5</name>
           <model>usa\gun\secondary\AGS007_5in25_Mk19_Mod6\AGS007_5in25_Mk19_Mod6.model</model>
        </node>
        <node>
           <name>HP_AGS_8</name>
           <model>usa\gun\secondary\AGS007_5in25_Mk19_Mod6\AGS007_5in25_Mk19_Mod6.model</model>
        </node>
        <node>
           <name>HP_AGS_6</name>
           <model>usa\gun\secondary\AGS007_5in25_Mk19_Mod6\AGS007_5in25_Mk19_Mod6.model</model>
        </node>
        <node>
           <name>HP_AGA_23</name>
           <model>usa\gun\aaircraft\AGA055_Browning_M2_Mod2\AGA055_Browning_M2_Mod2.model</model>
        </node>
        <node>
           <name>HP_AGA_20</name>
           <model>usa\gun\aaircraft\AGA055_Browning_M2_Mod2\AGA055_Browning_M2_Mod2.model</model>
        </node>
        <node>
           <name>HP_AGA_29</name>
           <model>usa\gun\aaircraft\AGA055_Browning_M2_Mod2\AGA055_Browning_M2_Mod2.model</model>
        </node>
        <node>
           <name>HP_AGA_21</name>
           <model>usa\gun\aaircraft\AGA055_Browning_M2_Mod2\AGA055_Browning_M2_Mod2.model</model>
        </node>
        <node>
           <name>HP_AGA_25</name>
           <model>usa\gun\aaircraft\AGA055_Browning_M2_Mod2\AGA055_Browning_M2_Mod2.model</model>
        </node>
        <node>
           <name>HP_AGA_24</name>
           <model>usa\gun\aaircraft\AGA055_Browning_M2_Mod2\AGA055_Browning_M2_Mod2.model</model>
        </node>
        <node>
           <name>HP_AGA_28</name>
           <model>usa\gun\aaircraft\AGA055_Browning_M2_Mod2\AGA055_Browning_M2_Mod2.model</model>
        </node>
        <node>
           <name>HP_AGA_27</name>
           <model>usa\gun\aaircraft\AGA055_Browning_M2_Mod2\AGA055_Browning_M2_Mod2.model</model>
        </node>
        <node>
           <name>HP_AGA_22</name>
           <model>usa\gun\aaircraft\AGA055_Browning_M2_Mod2\AGA055_Browning_M2_Mod2.model</model>
        </node>
        <node>
           <name>HP_AGA_26</name>
           <model>usa\gun\aaircraft\AGA055_Browning_M2_Mod2\AGA055_Browning_M2_Mod2.model</model>
        </node>
        <node>
           <name>HP_AGA_30</name>
           <model>usa\gun\aaircraft\AGA013_1in_Mk2_Mod2\AGA013_1in_Mk2_Mod2.model</model>
        </node>
        <node>
           <name>HP_AD_6</name>
           <model>usa\director\AD003_Director_Mk51\AD003_Director_Mk51.model</model>
        </node>
        <node>
           <name>MP_AM057_Boat_3</name>
           <model>usa\misc\AM057\AM057.model</model>
        </node>
        <node>
           <name>MP_AM057_Boat_3_INDEX_1</name>
           <model>usa\misc\AM057\AM057.model</model>
        </node>
        <node>
           <name>MP_AM057_Boat_3_INDEX_2</name>
           <model>usa\misc\AM057\AM057.model</model>
        </node>
        <node>
           <name>MP_AM057_Boat_3_INDEX_3</name>
           <model>usa\misc\AM057\AM057.model</model>
        </node>
        <node>
           <name>MP_AM057_Boat_3_INDEX_4</name>
           <model>usa\misc\AM057\AM057.model</model>
        </node>
        <node>
           <name>MP_CM001_Propeller3_L</name>
           <model>common\misc\CM001\CM001.model</model>
        </node>
        <node>
           <name>MP_CM032_Propeller3_R</name>
           <model>common\misc\CM032\CM032.model</model>
        </node>
        <node>
           <name>MP_AM288_Franklin_Life_Buoy</name>
           <model>usa\misc\AM288\AM288.model</model>
        </node>
        <node>
           <name>MP_AM288_Franklin_Life_Buoy_INDEX_1</name>
           <model>usa\misc\AM288\AM288.model</model>
        </node>
        <node>
           <name>MP_AM200_Screened_speed_light</name>
           <model>usa\misc\AM200\AM200.model</model>
        </node>
        <node>
           <name>MP_AM349_Bollard</name>
           <model>usa\misc\AM349\AM349.model</model>
        </node>
        <node>
           <name>MP_AM349_Bollard_INDEX_1</name>
           <model>usa\misc\AM349\AM349.model</model>
        </node>
        <node>
           <name>MP_AM347_Fairlead</name>
           <model>usa\misc\AM347\AM347.model</model>
        </node>
        <node>
           <name>MP_AM347_Fairlead_INDEX_1</name>
           <model>usa\misc\AM347\AM347.model</model>
        </node>
        <node>
           <name>MP_AM347_Fairlead_INDEX_2</name>
           <model>usa\misc\AM347\AM347.model</model>
        </node>
        <node>
           <name>MP_AM347_Fairlead_INDEX_3</name>
           <model>usa\misc\AM347\AM347.model</model>
        </node>
        <node>
           <name>MP_AM347_Fairlead_INDEX_4</name>
           <model>usa\misc\AM347\AM347.model</model>
        </node>
        <node>
           <name>MP_AM347_Fairlead_INDEX_5</name>
           <model>usa\misc\AM347\AM347.model</model>
        </node>
        <node>
           <name>MP_AM349_Bollard_INDEX_2</name>
           <model>usa\misc\AM349\AM349.model</model>
        </node>
        <node>
           <name>MP_AM349_Bollard_INDEX_3</name>
           <model>usa\misc\AM349\AM349.model</model>
        </node>
        <node>
           <name>MP_AM352_Stern_Light</name>
           <model>usa\misc\AM352\AM352.model</model>
        </node>
        <node>
           <name>MP_AM070_Loading_Machine</name>
           <model>usa\misc\AM070\AM070.model</model>
        </node>
        <node>
           <name>MP_CM008_Life_Buoy_1</name>
           <model>common\misc\CM008\CM008.model</model>
        </node>
        <node>
           <name>MP_CM008_Life_Buoy_1_INDEX_1</name>
           <model>common\misc\CM008\CM008.model</model>
        </node>
        <node>
           <name>MP_CM008_Life_Buoy_1_INDEX_2</name>
           <model>common\misc\CM008\CM008.model</model>
        </node>
        <node>
           <name>MP_CM008_Life_Buoy_1_INDEX_3</name>
           <model>common\misc\CM008\CM008.model</model>
        </node>
        <node>
           <name>MP_CM029_Emergency_Box</name>
           <model>common\misc\CM029\CM029.model</model>
        </node>
        <node>
           <name>MP_CM029_Emergency_Box_INDEX_1</name>
           <model>common\misc\CM029\CM029.model</model>
        </node>
        <node>
           <name>MP_CM029_Emergency_Box_INDEX_2</name>
           <model>common\misc\CM029\CM029.model</model>
        </node>
        <node>
           <name>MP_CM029_Emergency_Box_INDEX_3</name>
           <model>common\misc\CM029\CM029.model</model>
        </node>
        <node>
           <name>MP_CM029_Emergency_Box_INDEX_4</name>
           <model>common\misc\CM029\CM029.model</model>
        </node>
        <node>
           <name>MP_CM029_Emergency_Box_INDEX_5</name>
           <model>common\misc\CM029\CM029.model</model>
        </node>
        <node>
           <name>MP_CM029_Emergency_Box_INDEX_6</name>
           <model>common\misc\CM029\CM029.model</model>
        </node>
        <node>
           <name>MP_CM029_Emergency_Box_INDEX_7</name>
           <model>common\misc\CM029\CM029.model</model>
        </node>
        <node>
           <name>MP_CM029_Emergency_Box_INDEX_8</name>
           <model>common\misc\CM029\CM029.model</model>
        </node>
        <node>
           <name>MP_CM029_Emergency_Box_INDEX_9</name>
           <model>common\misc\CM029\CM029.model</model>
        </node>
        <node>
           <name>MP_AM072_Ships_bell</name>
           <model>usa\misc\AM072\AM072.model</model>
        </node>
        <node>
           <name>MP_CM012_Fire_Hose_Rack_1</name>
           <model>common\misc\CM012\CM012.model</model>
        </node>
        <node>
           <name>MP_CM012_Fire_Hose_Rack_1_INDEX_1</name>
           <model>common\misc\CM012\CM012.model</model>
        </node>
        <node>
           <name>MP_CM012_Fire_Hose_Rack_1_INDEX_2</name>
           <model>common\misc\CM012\CM012.model</model>
        </node>
        <node>
           <name>MP_CM012_Fire_Hose_Rack_1_INDEX_3</name>
           <model>common\misc\CM012\CM012.model</model>
        </node>
        <node>
           <name>MP_CM012_Fire_Hose_Rack_1_INDEX_4</name>
           <model>common\misc\CM012\CM012.model</model>
        </node>
        <node>
           <name>MP_CM012_Fire_Hose_Rack_1_INDEX_5</name>
           <model>common\misc\CM012\CM012.model</model>
        </node>
        <node>
           <name>MP_CM012_Fire_Hose_Rack_1_INDEX_6</name>
           <model>common\misc\CM012\CM012.model</model>
        </node>
        <node>
           <name>MP_CM011_Fire_Fighting_Gear</name>
           <model>common\misc\CM011\CM011.model</model>
        </node>
        <node>
           <name>MP_CM011_Fire_Fighting_Gear_INDEX_1</name>
           <model>common\misc\CM011\CM011.model</model>
        </node>
        <node>
           <name>MP_CM011_Fire_Fighting_Gear_INDEX_2</name>
           <model>common\misc\CM011\CM011.model</model>
        </node>
        <node>
           <name>MP_CM011_Fire_Fighting_Gear_INDEX_3</name>
           <model>common\misc\CM011\CM011.model</model>
        </node>
        <node>
           <name>MP_CM011_Fire_Fighting_Gear_INDEX_4</name>
           <model>common\misc\CM011\CM011.model</model>
        </node>
        <node>
           <name>MP_CM011_Fire_Fighting_Gear_INDEX_5</name>
           <model>common\misc\CM011\CM011.model</model>
        </node>
        <node>
           <name>MP_CM011_Fire_Fighting_Gear_INDEX_6</name>
           <model>common\misc\CM011\CM011.model</model>
        </node>
        <node>
           <name>MP_AM023_Hatch_1</name>
           <model>usa\misc\AM023\AM023.model</model>
        </node>
        <node>
           <name>MP_AM046_Running_Lights_B</name>
           <model>usa\misc\AM046\AM046.model</model>
        </node>
        <node>
           <name>MP_AM028_Ammunition_Box2</name>
           <model>usa\misc\AM028\AM028.model</model>
        </node>
        <node>
           <name>MP_AM029_Ammunition_Box3</name>
           <model>usa\misc\AM029\AM029.model</model>
        </node>
        <node>
           <name>MP_AM028_Ammunition_Box2_INDEX_1</name>
           <model>usa\misc\AM028\AM028.model</model>
        </node>
        <node>
           <name>MP_AM028_Ammunition_Box2_INDEX_2</name>
           <model>usa\misc\AM028\AM028.model</model>
        </node>
        <node>
           <name>MP_AM028_Ammunition_Box2_INDEX_3</name>
           <model>usa\misc\AM028\AM028.model</model>
        </node>
        <node>
           <name>MP_AM029_Ammunition_Box3_INDEX_1</name>
           <model>usa\misc\AM029\AM029.model</model>
        </node>
        <node>
           <name>MP_AM029_Ammunition_Box3_INDEX_2</name>
           <model>usa\misc\AM029\AM029.model</model>
        </node>
        <node>
           <name>MP_AM029_Ammunition_Box3_INDEX_3</name>
           <model>usa\misc\AM029\AM029.model</model>
        </node>
        <node>
           <name>MP_AM029_Ammunition_Box3_INDEX_4</name>
           <model>usa\misc\AM029\AM029.model</model>
        </node>
        <node>
           <name>MP_AM029_Ammunition_Box3_INDEX_5</name>
           <model>usa\misc\AM029\AM029.model</model>
        </node>
        <node>
           <name>MP_AM029_Ammunition_Box3_INDEX_6</name>
           <model>usa\misc\AM029\AM029.model</model>
        </node>
        <node>
           <name>MP_AM029_Ammunition_Box3_INDEX_7</name>
           <model>usa\misc\AM029\AM029.model</model>
        </node>
        <node>
           <name>MP_AM029_Ammunition_Box3_INDEX_8</name>
           <model>usa\misc\AM029\AM029.model</model>
        </node>
        <node>
           <name>MP_AM029_Ammunition_Box3_INDEX_9</name>
           <model>usa\misc\AM029\AM029.model</model>
        </node>
        <node>
           <name>MP_CM009_Life_Buoy_2</name>
           <model>common\misc\CM009\CM009.model</model>
        </node>
        <node>
           <name>MP_CM009_Life_Buoy_2_INDEX_1</name>
           <model>common\misc\CM009\CM009.model</model>
        </node>
        <node>
           <name>MP_CM009_Life_Buoy_2_INDEX_2</name>
           <model>common\misc\CM009\CM009.model</model>
        </node>
        <node>
           <name>MP_CM013_Fire_Hose_Rack_2</name>
           <model>common\misc\CM013\CM013.model</model>
        </node>
        <node>
           <name>MP_CM013_Fire_Hose_Rack_2_INDEX_1</name>
           <model>common\misc\CM013\CM013.model</model>
        </node>
        <node>
           <name>MP_AM007_Reels_2</name>
           <model>usa\misc\AM007\AM007.model</model>
        </node>
        <node>
           <name>MP_CM011_Fire_Fighting_Gear_INDEX_7</name>
           <model>common\misc\CM011\CM011.model</model>
        </node>
        <node>
           <name>MP_CM011_Fire_Fighting_Gear_INDEX_8</name>
           <model>common\misc\CM011\CM011.model</model>
        </node>
        <node>
           <name>MP_CM012_Fire_Hose_Rack_1_INDEX_7</name>
           <model>common\misc\CM012\CM012.model</model>
        </node>
        <node>
           <name>MP_CM012_Fire_Hose_Rack_1_INDEX_8</name>
           <model>common\misc\CM012\CM012.model</model>
        </node>
        <node>
           <name>MP_AM088_Capstan_1</name>
           <model>usa\misc\AM088\AM088.model</model>
        </node>
        <node>
           <name>MP_CM051_Fire_Fighting_Gear</name>
           <model>common\misc\CM051\CM051.model</model>
        </node>
        <node>
           <name>MP_CM051_Fire_Fighting_Gear_INDEX_1</name>
           <model>common\misc\CM051\CM051.model</model>
        </node>
        <node>
           <name>MP_AM189_Gasoline_Station</name>
           <model>usa\misc\AM189\AM189.model</model>
        </node>
        <node>
           <name>MP_AM189_Gasoline_Station_INDEX_1</name>
           <model>usa\misc\AM189\AM189.model</model>
        </node>
        <node>
           <name>MP_CM029_Emergency_Box_INDEX_10</name>
           <model>common\misc\CM029\CM029.model</model>
        </node>
        <node>
           <name>MP_CM029_Emergency_Box_INDEX_11</name>
           <model>common\misc\CM029\CM029.model</model>
        </node>
        <node>
           <name>MP_CM009_Life_Buoy_2_INDEX_3</name>
           <model>common\misc\CM009\CM009.model</model>
        </node>
        <node>
           <name>MP_CM009_Life_Buoy_2_INDEX_4</name>
           <model>common\misc\CM009\CM009.model</model>
        </node>
        <node>
           <name>MP_AM129_Turtles_box</name>
           <model>usa\misc\AM129\AM129.model</model>
        </node>
        <node>
           <name>MP_AM129_Turtles_box_INDEX_1</name>
           <model>usa\misc\AM129\AM129.model</model>
        </node>
        <node>
           <name>MP_AM129_Turtles_box_INDEX_2</name>
           <model>usa\misc\AM129\AM129.model</model>
        </node>
        <node>
           <name>MP_AM129_Turtles_box_INDEX_3</name>
           <model>usa\misc\AM129\AM129.model</model>
        </node>
        <node>
           <name>MP_AM129_Turtles_box_INDEX_4</name>
           <model>usa\misc\AM129\AM129.model</model>
        </node>
        <node>
           <name>MP_AM535_Elec_Panel</name>
           <model>usa\misc\AM535\AM535.model</model>
        </node>
        <node>
           <name>MP_AM537_Elec_Panel</name>
           <model>usa\misc\AM537\AM537.model</model>
        </node>
        <node>
           <name>MP_AM537_Elec_Panel_INDEX_1</name>
           <model>usa\misc\AM537\AM537.model</model>
        </node>
        <node>
           <name>MP_AM536_Elec_Panel</name>
           <model>usa\misc\AM536\AM536.model</model>
        </node>
        <node>
           <name>MP_AM536_Elec_Panel_INDEX_1</name>
           <model>usa\misc\AM536\AM536.model</model>
        </node>
        <node>
           <name>MP_AM225_Searchlight_900mm</name>
           <model>usa\misc\AM225\AM225.model</model>
        </node>
        <node>
           <name>MP_AM225_Searchlight_900mm_INDEX_1</name>
           <model>usa\misc\AM225\AM225.model</model>
        </node>
        <node>
           <name>MP_AM108_Reels_4</name>
           <model>usa\misc\AM108\AM108.model</model>
        </node>
        <node>
           <name>MP_AM108_Reels_4_INDEX_1</name>
           <model>usa\misc\AM108\AM108.model</model>
        </node>
        <node>
           <name>MP_AM007_Reels_2_INDEX_1</name>
           <model>usa\misc\AM007\AM007.model</model>
        </node>
        <node>
           <name>MP_AM007_Reels_2_INDEX_2</name>
           <model>usa\misc\AM007\AM007.model</model>
        </node>
        <node>
           <name>MP_AM044_Boat_Winch</name>
           <model>usa\misc\AM044\AM044.model</model>
        </node>
        <node>
           <name>MP_AM007_Reels_2_INDEX_3</name>
           <model>usa\misc\AM007\AM007.model</model>
        </node>
        <node>
           <name>MP_AM007_Reels_2_INDEX_4</name>
           <model>usa\misc\AM007\AM007.model</model>
        </node>
        <node>
           <name>HP_DisappearPoint</name>
           <model>usa\aircraft\bomber\AAB001_Douglas_TBD\AAB001_Douglas_TBD.model</model>
        </node>
        <node>
           <name>HP_Deck_00</name>
           <model>usa\aircraft\fighter\AAF001_Grumman_F3F\AAF001_Grumman_F3F.model</model>
        </node>
        <node>
           <name>HP_Deck_01</name>
           <model>usa\aircraft\fighter\AAF001_Grumman_F3F\AAF001_Grumman_F3F.model</model>
        </node>
        <node>
           <name>HP_Deck_02</name>
           <model>usa\aircraft\fighter\AAF001_Grumman_F3F\AAF001_Grumman_F3F.model</model>
        </node>
        <node>
           <name>HP_Deck_03</name>
           <model>usa\aircraft\fighter\AAF001_Grumman_F3F\AAF001_Grumman_F3F.model</model>
        </node>
        <node>
           <name>HP_Deck_04</name>
           <model>usa\aircraft\fighter\AAF001_Grumman_F3F\AAF001_Grumman_F3F.model</model>
        </node>
        <node>
           <name>HP_Deck_05</name>
           <model>usa\aircraft\fighter\AAF001_Grumman_F3F\AAF001_Grumman_F3F.model</model>
        </node>
        <node>
           <name>HP_Deck_06</name>
           <model>usa\aircraft\bomber\AAB001_Douglas_TBD\AAB001_Douglas_TBD.model</model>
        </node>
        <node>
           <name>HP_Deck_07</name>
           <model>usa\aircraft\bomber\AAB001_Douglas_TBD\AAB001_Douglas_TBD.model</model>
        </node>
        <node>
           <name>HP_Deck_08</name>
           <model>usa\aircraft\bomber\AAB001_Douglas_TBD\AAB001_Douglas_TBD.model</model>
        </node>
        <node>
           <name>HP_DeckLand</name>
           <model>usa\aircraft\bomber\AAB001_Douglas_TBD\AAB001_Douglas_TBD.model</model>
        </node>
        <node>
           <name>HP_Deck_09</name>
           <model>usa\aircraft\bomber\AAB001_Douglas_TBD\AAB001_Douglas_TBD.model</model>
        </node>
        <node>
           <name>HP_Smoke_1</name>
           <model>UNKNOWN_ITEM</model>
        </node>
        <node>
           <name>HP_Smoke_2</name>
           <model>UNKNOWN_ITEM</model>
        </node>
        <node>
           <name>HP_Smoke_3</name>
           <model>UNKNOWN_ITEM</model>
        </node>
        <node>
           <name>HP_Smoke_4</name>
           <model>UNKNOWN_ITEM</model>
        </node>
        <node>
           <name>HP_Smoke_5</name>
           <model>UNKNOWN_ITEM</model>
        </node>
        <node>
           <name>HP_Smoke_6</name>
           <model>UNKNOWN_ITEM</model>
        </node>
        <node>
           <name>HP_Fire_Burn_4</name>
           <model>UNKNOWN_ITEM</model>
        </node>
    </stern>
  </sections>
</ASA022_Ranger_1941.xml>
