<BSB002_Warspite_1941.xml>
  <sections>
    <bow>
      <model>uk\ship\battleship\BSB002_Warspite_1941\BSB002_Warspite_1941_bow_ports.model</model>
        <node>
           <name>HP_BGM_1</name>
           <model>uk\gun\main\BGM009_15in42_MK1\BGM009_15in42_MK1.model</model>
        </node>
        <node>
           <name>MP_BM001_Paravane</name>
           <model>uk\misc\BM001\BM001.model</model>
        </node>
        <node>
           <name>MP_BM800_Ventilators_mushroom</name>
           <model>uk\misc\BM800\BM800.model</model>
        </node>
        <node>
           <name>MP_BM950_Anchor_top</name>
           <model>uk\misc\BM950\BM950.model</model>
        </node>
        <node>
           <name>MP_BM951_Anchor_down</name>
           <model>uk\misc\BM951\BM951.model</model>
        </node>
        <node>
           <name>MP_CM004_Barbette_Out</name>
           <model>common\misc\CM004\CM004.model</model>
        </node>
        <node>
           <name>MP_BM800_Ventilators_mushroom_INDEX_1</name>
           <model>uk\misc\BM800\BM800.model</model>
        </node>
        <node>
           <name>MP_BM800_Ventilators_mushroom_INDEX_2</name>
           <model>uk\misc\BM800\BM800.model</model>
        </node>
        <node>
           <name>MP_BM703_Locker</name>
           <model>uk\misc\BM703\BM703.model</model>
        </node>
        <node>
           <name>MP_BM950_Anchor_top_INDEX_1</name>
           <model>uk\misc\BM950\BM950.model</model>
        </node>
        <node>
           <name>MP_BM801_Ventilators_mushroom</name>
           <model>uk\misc\BM801\BM801.model</model>
        </node>
        <node>
           <name>MP_BM801_Ventilators_mushroom_INDEX_1</name>
           <model>uk\misc\BM801\BM801.model</model>
        </node>
        <node>
           <name>MP_BM951_Anchor_down_INDEX_1</name>
           <model>uk\misc\BM951\BM951.model</model>
        </node>
        <node>
           <name>MP_BM800_Ventilators_mushroom_INDEX_3</name>
           <model>uk\misc\BM800\BM800.model</model>
        </node>
        <node>
           <name>MP_BM951_Anchor_down_INDEX_2</name>
           <model>uk\misc\BM951\BM951.model</model>
        </node>
        <node>
           <name>MP_BM700_Locker</name>
           <model>uk\misc\BM700\BM700.model</model>
        </node>
        <node>
           <name>MP_BM800_Ventilators_mushroom_INDEX_4</name>
           <model>uk\misc\BM800\BM800.model</model>
        </node>
        <node>
           <name>MP_BM800_Ventilators_mushroom_INDEX_5</name>
           <model>uk\misc\BM800\BM800.model</model>
        </node>
        <node>
           <name>MP_BM801_Ventilators_mushroom_INDEX_2</name>
           <model>uk\misc\BM801\BM801.model</model>
        </node>
        <node>
           <name>MP_BM800_Ventilators_mushroom_INDEX_6</name>
           <model>uk\misc\BM800\BM800.model</model>
        </node>
        <node>
           <name>MP_BM004_Reels</name>
           <model>uk\misc\BM004\BM004.model</model>
        </node>
        <node>
           <name>MP_BM800_Ventilators_mushroom_INDEX_7</name>
           <model>uk\misc\BM800\BM800.model</model>
        </node>
        <node>
           <name>MP_BM700_Locker_INDEX_1</name>
           <model>uk\misc\BM700\BM700.model</model>
        </node>
        <node>
           <name>MP_BM800_Ventilators_mushroom_INDEX_8</name>
           <model>uk\misc\BM800\BM800.model</model>
        </node>
        <node>
           <name>MP_BM800_Ventilators_mushroom_INDEX_9</name>
           <model>uk\misc\BM800\BM800.model</model>
        </node>
        <node>
           <name>MP_BM800_Ventilators_mushroom_INDEX_10</name>
           <model>uk\misc\BM800\BM800.model</model>
        </node>
        <node>
           <name>MP_BM950_Anchor_top_INDEX_2</name>
           <model>uk\misc\BM950\BM950.model</model>
        </node>
        <node>
           <name>MP_BM700_Locker_INDEX_2</name>
           <model>uk\misc\BM700\BM700.model</model>
        </node>
        <node>
           <name>MP_BM004_Reels_INDEX_1</name>
           <model>uk\misc\BM004\BM004.model</model>
        </node>
        <node>
           <name>MP_BM800_Ventilators_mushroom_INDEX_11</name>
           <model>uk\misc\BM800\BM800.model</model>
        </node>
        <node>
           <name>MP_BM800_Ventilators_mushroom_INDEX_12</name>
           <model>uk\misc\BM800\BM800.model</model>
        </node>
        <node>
           <name>MP_BM703_Locker_INDEX_1</name>
           <model>uk\misc\BM703\BM703.model</model>
        </node>
        <node>
           <name>MP_BM800_Ventilators_mushroom_INDEX_13</name>
           <model>uk\misc\BM800\BM800.model</model>
        </node>
        <node>
           <name>MP_BM957_Anchor_Capstan_big</name>
           <model>uk\misc\BM957\BM957.model</model>
        </node>
        <node>
           <name>MP_BM800_Ventilators_mushroom_INDEX_14</name>
           <model>uk\misc\BM800\BM800.model</model>
        </node>
        <node>
           <name>MP_BM954_hawse</name>
           <model>uk\misc\BM954\BM954.model</model>
        </node>
        <node>
           <name>MP_BM703_Locker_INDEX_2</name>
           <model>uk\misc\BM703\BM703.model</model>
        </node>
        <node>
           <name>MP_BM001_Paravane_INDEX_1</name>
           <model>uk\misc\BM001\BM001.model</model>
        </node>
        <node>
           <name>MP_BM800_Ventilators_mushroom_INDEX_15</name>
           <model>uk\misc\BM800\BM800.model</model>
        </node>
        <node>
           <name>MP_BM954_hawse_INDEX_1</name>
           <model>uk\misc\BM954\BM954.model</model>
        </node>
        <node>
           <name>MP_BM800_Ventilators_mushroom_INDEX_16</name>
           <model>uk\misc\BM800\BM800.model</model>
        </node>
        <node>
           <name>MP_BM800_Ventilators_mushroom_INDEX_17</name>
           <model>uk\misc\BM800\BM800.model</model>
        </node>
        <node>
           <name>MP_BM703_Locker_INDEX_3</name>
           <model>uk\misc\BM703\BM703.model</model>
        </node>
        <node>
           <name>MP_BM800_Ventilators_mushroom_INDEX_18</name>
           <model>uk\misc\BM800\BM800.model</model>
        </node>
        <node>
           <name>MP_BM801_Ventilators_mushroom_INDEX_3</name>
           <model>uk\misc\BM801\BM801.model</model>
        </node>
        <node>
           <name>MP_BM700_Locker_INDEX_3</name>
           <model>uk\misc\BM700\BM700.model</model>
        </node>
        <node>
           <name>HP_Fire_Burn_1</name>
           <model>UNKNOWN_ITEM</model>
        </node>
    </bow>
    <midfront>
      <model>uk\ship\battleship\BSB002_Warspite_1941\BSB002_Warspite_1941_MidFront_ports.model</model>
        <node>
           <name>HP_BD_1</name>
           <model>uk\director\BD003_2pdr_with_radar_type282\BD003_2pdr_with_radar_type282.model</model>
        </node>
        <node>
           <name>HP_BD_2</name>
           <model>uk\director\BD003_2pdr_with_radar_type282\BD003_2pdr_with_radar_type282.model</model>
        </node>
        <node>
           <name>HP_BD_3</name>
           <model>uk\director\BD005_Director_Mk7_With_finder_15ft\BD005_Director_Mk7_With_finder_15ft.model</model>
        </node>
        <node>
           <name>HP_BD_4</name>
           <model>uk\director\BD006_4in_with_Radar_type285\BD006_4in_with_Radar_type285.model</model>
        </node>
        <node>
           <name>HP_BD_5</name>
           <model>uk\director\BD006_4in_with_Radar_type285\BD006_4in_with_Radar_type285.model</model>
        </node>
        <node>
           <name>HP_BF_1</name>
           <model>uk\finder\BF007_Rangefinder_9ft\BF007_Rangefinder_9ft.model</model>
        </node>
        <node>
           <name>HP_BF_2</name>
           <model>uk\finder\BF007_Rangefinder_9ft\BF007_Rangefinder_9ft.model</model>
        </node>
        <node>
           <name>HP_BGA_1</name>
           <model>uk\gun\aaircraft\BGA007_20mm_Oerlikon_MK4\BGA007_20mm_Oerlikon_MK4.model</model>
        </node>
        <node>
           <name>HP_BGA_2</name>
           <model>uk\gun\aaircraft\BGA007_20mm_Oerlikon_MK4\BGA007_20mm_Oerlikon_MK4.model</model>
        </node>
        <node>
           <name>HP_BGA_3</name>
           <model>uk\gun\aaircraft\BGA007_20mm_Oerlikon_MK4\BGA007_20mm_Oerlikon_MK4.model</model>
        </node>
        <node>
           <name>HP_BGA_4</name>
           <model>uk\gun\aaircraft\BGA007_20mm_Oerlikon_MK4\BGA007_20mm_Oerlikon_MK4.model</model>
        </node>
        <node>
           <name>HP_BGA_5</name>
           <model>uk\gun\aaircraft\BGA007_20mm_Oerlikon_MK4\BGA007_20mm_Oerlikon_MK4.model</model>
        </node>
        <node>
           <name>HP_BGA_6</name>
           <model>uk\gun\aaircraft\BGA007_20mm_Oerlikon_MK4\BGA007_20mm_Oerlikon_MK4.model</model>
        </node>
        <node>
           <name>HP_BGA_7</name>
           <model>uk\gun\aaircraft\BGA008_2_pdr_MkVIII_8barrel\BGA008_2_pdr_MkVIII_8barrel.model</model>
        </node>
        <node>
           <name>HP_BGA_8</name>
           <model>uk\gun\aaircraft\BGA008_2_pdr_MkVIII_8barrel\BGA008_2_pdr_MkVIII_8barrel.model</model>
        </node>
        <node>
           <name>HP_BGA_9</name>
           <model>uk\gun\aaircraft\BGA008_2_pdr_MkVIII_8barrel\BGA008_2_pdr_MkVIII_8barrel.model</model>
        </node>
        <node>
           <name>HP_BGA_10</name>
           <model>uk\gun\aaircraft\BGA008_2_pdr_MkVIII_8barrel\BGA008_2_pdr_MkVIII_8barrel.model</model>
        </node>
        <node>
           <name>HP_BGM_2</name>
           <model>uk\gun\main\BGM010_15in42_MK1_RF\BGM010_15in42_MK1_RF.model</model>
        </node>
        <node>
           <name>HP_BGS_1</name>
           <model>uk\gun\secondary\BGS011_152mm50_Type41\BGS011_152mm50_Type41.model</model>
        </node>
        <node>
           <name>HP_BGS_2</name>
           <model>uk\gun\secondary\BGS011_152mm50_Type41\BGS011_152mm50_Type41.model</model>
        </node>
        <node>
           <name>HP_BGS_3</name>
           <model>uk\gun\secondary\BGS011_152mm50_Type41\BGS011_152mm50_Type41.model</model>
        </node>
        <node>
           <name>HP_BGS_4</name>
           <model>uk\gun\secondary\BGS011_152mm50_Type41\BGS011_152mm50_Type41.model</model>
        </node>
        <node>
           <name>HP_BGS_5</name>
           <model>uk\gun\secondary\BGS011_152mm50_Type41\BGS011_152mm50_Type41.model</model>
        </node>
        <node>
           <name>HP_BGS_6</name>
           <model>uk\gun\secondary\BGS011_152mm50_Type41\BGS011_152mm50_Type41.model</model>
        </node>
        <node>
           <name>HP_BGS_7</name>
           <model>uk\gun\secondary\BGS006_4in45_QF_Mk_XIX\BGS006_4in45_QF_Mk_XIX.model</model>
        </node>
        <node>
           <name>HP_BGS_8</name>
           <model>uk\gun\secondary\BGS006_4in45_QF_Mk_XIX\BGS006_4in45_QF_Mk_XIX.model</model>
        </node>
        <node>
           <name>HP_BGS_9</name>
           <model>uk\gun\secondary\BGS011_152mm50_Type41\BGS011_152mm50_Type41.model</model>
        </node>
        <node>
           <name>HP_BGS_10</name>
           <model>uk\gun\secondary\BGS011_152mm50_Type41\BGS011_152mm50_Type41.model</model>
        </node>
        <node>
           <name>HP_BGS_11</name>
           <model>uk\gun\secondary\BGS006_4in45_QF_Mk_XIX\BGS006_4in45_QF_Mk_XIX.model</model>
        </node>
        <node>
           <name>HP_BGS_12</name>
           <model>uk\gun\secondary\BGS006_4in45_QF_Mk_XIX\BGS006_4in45_QF_Mk_XIX.model</model>
        </node>
        <node>
           <name>HP_flag_1</name>
           <model>uk\misc\BM002\BM002.model</model>
        </node>
        <node>
           <name>HP_flag_2</name>
           <model>uk\misc\BM002\BM002.model</model>
        </node>
        <node>
           <name>HP_flag_3</name>
           <model>uk\misc\BM002\BM002.model</model>
        </node>
        <node>
           <name>HP_flag_4</name>
           <model>uk\misc\BM002\BM002.model</model>
        </node>
        <node>
           <name>HP_BRS_1</name>
           <model>uk\radar\search\BRS009_Radar\BRS009_Radar.model</model>
        </node>
        <node>
           <name>MP_CM052_Fender</name>
           <model>common\misc\CM052\CM052.model</model>
        </node>
        <node>
           <name>MP_BM801_Ventilators_mushroom</name>
           <model>uk\misc\BM801\BM801.model</model>
        </node>
        <node>
           <name>MP_BM601_Binoculars_Bridge</name>
           <model>uk\misc\BM601\BM601.model</model>
        </node>
        <node>
           <name>MP_BM704_Locker</name>
           <model>uk\misc\BM704\BM704.model</model>
        </node>
        <node>
           <name>MP_BM851_Searchlight_20in</name>
           <model>uk\misc\BM851\BM851.model</model>
        </node>
        <node>
           <name>MP_BM703_Locker</name>
           <model>uk\misc\BM703\BM703.model</model>
        </node>
        <node>
           <name>MP_CM004_Barbette_Out</name>
           <model>common\misc\CM004\CM004.model</model>
        </node>
        <node>
           <name>MP_BM701_Locker</name>
           <model>uk\misc\BM701\BM701.model</model>
        </node>
        <node>
           <name>MP_BM702_Flag_box</name>
           <model>uk\misc\BM702\BM702.model</model>
        </node>
        <node>
           <name>MP_BM801_Ventilators_mushroom_INDEX_1</name>
           <model>uk\misc\BM801\BM801.model</model>
        </node>
        <node>
           <name>MP_BM800_Ventilators_mushroom</name>
           <model>uk\misc\BM800\BM800.model</model>
        </node>
        <node>
           <name>MP_CM012_Fire_Hose_Rack_1</name>
           <model>common\misc\CM012\CM012.model</model>
        </node>
        <node>
           <name>MP_BM704_Locker_INDEX_1</name>
           <model>uk\misc\BM704\BM704.model</model>
        </node>
        <node>
           <name>MP_BM505_Rubber_Boat</name>
           <model>uk\misc\BM505\BM505.model</model>
        </node>
        <node>
           <name>MP_BM701_Locker_INDEX_1</name>
           <model>uk\misc\BM701\BM701.model</model>
        </node>
        <node>
           <name>MP_BM504_Motor_Boat_45ft</name>
           <model>uk\misc\BM504\BM504.model</model>
        </node>
        <node>
           <name>MP_BM704_Locker_INDEX_2</name>
           <model>uk\misc\BM704\BM704.model</model>
        </node>
        <node>
           <name>MP_BM703_Locker_INDEX_1</name>
           <model>uk\misc\BM703\BM703.model</model>
        </node>
        <node>
           <name>MP_BM601_Binoculars_Bridge_INDEX_1</name>
           <model>uk\misc\BM601\BM601.model</model>
        </node>
        <node>
           <name>MP_BM852_Searchlight_44in</name>
           <model>uk\misc\BM852\BM852.model</model>
        </node>
        <node>
           <name>MP_BM703_Locker_INDEX_2</name>
           <model>uk\misc\BM703\BM703.model</model>
        </node>
        <node>
           <name>MP_CM012_Fire_Hose_Rack_1_INDEX_1</name>
           <model>common\misc\CM012\CM012.model</model>
        </node>
        <node>
           <name>MP_BM600_Sky_lookout</name>
           <model>uk\misc\BM600\BM600.model</model>
        </node>
        <node>
           <name>MP_BM703_Locker_INDEX_3</name>
           <model>uk\misc\BM703\BM703.model</model>
        </node>
        <node>
           <name>MP_BM800_Ventilators_mushroom_INDEX_1</name>
           <model>uk\misc\BM800\BM800.model</model>
        </node>
        <node>
           <name>MP_BM850_Signal_lamp_10in</name>
           <model>uk\misc\BM850\BM850.model</model>
        </node>
        <node>
           <name>MP_CM010_Fire_Hose_Reel</name>
           <model>common\misc\CM010\CM010.model</model>
        </node>
        <node>
           <name>MP_BM502_Pinnace_45ft</name>
           <model>uk\misc\BM502\BM502.model</model>
        </node>
        <node>
           <name>MP_BM001_Paravane</name>
           <model>uk\misc\BM001\BM001.model</model>
        </node>
        <node>
           <name>MP_CM030_Swab_Rack_2</name>
           <model>common\misc\CM030\CM030.model</model>
        </node>
        <node>
           <name>MP_BM700_Locker</name>
           <model>uk\misc\BM700\BM700.model</model>
        </node>
        <node>
           <name>MP_CM011_Fire_Fighting_Gear</name>
           <model>common\misc\CM011\CM011.model</model>
        </node>
        <node>
           <name>MP_BM505_Rubber_Boat_INDEX_1</name>
           <model>uk\misc\BM505\BM505.model</model>
        </node>
        <node>
           <name>MP_BM851_Searchlight_20in_INDEX_1</name>
           <model>uk\misc\BM851\BM851.model</model>
        </node>
        <node>
           <name>MP_BM505_Rubber_Boat_INDEX_2</name>
           <model>uk\misc\BM505\BM505.model</model>
        </node>
        <node>
           <name>MP_BM004_Reels</name>
           <model>uk\misc\BM004\BM004.model</model>
        </node>
        <node>
           <name>MP_BM504_Motor_Boat_45ft_INDEX_1</name>
           <model>uk\misc\BM504\BM504.model</model>
        </node>
        <node>
           <name>MP_BM004_Reels_INDEX_1</name>
           <model>uk\misc\BM004\BM004.model</model>
        </node>
        <node>
           <name>MP_BM800_Ventilators_mushroom_INDEX_2</name>
           <model>uk\misc\BM800\BM800.model</model>
        </node>
        <node>
           <name>MP_BM855_Running_Lights_L</name>
           <model>uk\misc\BM855\BM855.model</model>
        </node>
        <node>
           <name>MP_BM851_Searchlight_20in_INDEX_2</name>
           <model>uk\misc\BM851\BM851.model</model>
        </node>
        <node>
           <name>MP_BM702_Flag_box_INDEX_1</name>
           <model>uk\misc\BM702\BM702.model</model>
        </node>
        <node>
           <name>MP_BM602_Pelorus</name>
           <model>uk\misc\BM602\BM602.model</model>
        </node>
        <node>
           <name>MP_BM505_Rubber_Boat_INDEX_3</name>
           <model>uk\misc\BM505\BM505.model</model>
        </node>
        <node>
           <name>MP_BM703_Locker_INDEX_4</name>
           <model>uk\misc\BM703\BM703.model</model>
        </node>
        <node>
           <name>MP_BM800_Ventilators_mushroom_INDEX_3</name>
           <model>uk\misc\BM800\BM800.model</model>
        </node>
        <node>
           <name>MP_BM600_Sky_lookout_INDEX_1</name>
           <model>uk\misc\BM600\BM600.model</model>
        </node>
        <node>
           <name>MP_BM505_Rubber_Boat_INDEX_4</name>
           <model>uk\misc\BM505\BM505.model</model>
        </node>
        <node>
           <name>MP_CM011_Fire_Fighting_Gear_INDEX_1</name>
           <model>common\misc\CM011\CM011.model</model>
        </node>
        <node>
           <name>MP_BM603_Compass_Binnacle</name>
           <model>uk\misc\BM603\BM603.model</model>
        </node>
        <node>
           <name>MP_BM505_Rubber_Boat_INDEX_5</name>
           <model>uk\misc\BM505\BM505.model</model>
        </node>
        <node>
           <name>MP_BM800_Ventilators_mushroom_INDEX_4</name>
           <model>uk\misc\BM800\BM800.model</model>
        </node>
        <node>
           <name>MP_BM801_Ventilators_mushroom_INDEX_2</name>
           <model>uk\misc\BM801\BM801.model</model>
        </node>
        <node>
           <name>MP_BM850_Signal_lamp_10in_INDEX_1</name>
           <model>uk\misc\BM850\BM850.model</model>
        </node>
        <node>
           <name>MP_BM601_Binoculars_Bridge_INDEX_2</name>
           <model>uk\misc\BM601\BM601.model</model>
        </node>
        <node>
           <name>MP_BM800_Ventilators_mushroom_INDEX_5</name>
           <model>uk\misc\BM800\BM800.model</model>
        </node>
        <node>
           <name>MP_BM850_Signal_lamp_10in_INDEX_2</name>
           <model>uk\misc\BM850\BM850.model</model>
        </node>
        <node>
           <name>MP_BM704_Locker_INDEX_3</name>
           <model>uk\misc\BM704\BM704.model</model>
        </node>
        <node>
           <name>MP_BM703_Locker_INDEX_5</name>
           <model>uk\misc\BM703\BM703.model</model>
        </node>
        <node>
           <name>MP_BM004_Reels_INDEX_2</name>
           <model>uk\misc\BM004\BM004.model</model>
        </node>
        <node>
           <name>MP_BM701_Locker_INDEX_2</name>
           <model>uk\misc\BM701\BM701.model</model>
        </node>
        <node>
           <name>MP_BM701_Locker_INDEX_3</name>
           <model>uk\misc\BM701\BM701.model</model>
        </node>
        <node>
           <name>MP_BM704_Locker_INDEX_4</name>
           <model>uk\misc\BM704\BM704.model</model>
        </node>
        <node>
           <name>MP_BM600_Sky_lookout_INDEX_2</name>
           <model>uk\misc\BM600\BM600.model</model>
        </node>
        <node>
           <name>MP_BM800_Ventilators_mushroom_INDEX_6</name>
           <model>uk\misc\BM800\BM800.model</model>
        </node>
        <node>
           <name>MP_BM701_Locker_INDEX_4</name>
           <model>uk\misc\BM701\BM701.model</model>
        </node>
        <node>
           <name>MP_BM505_Rubber_Boat_INDEX_6</name>
           <model>uk\misc\BM505\BM505.model</model>
        </node>
        <node>
           <name>MP_BM700_Locker_INDEX_1</name>
           <model>uk\misc\BM700\BM700.model</model>
        </node>
        <node>
           <name>MP_BM703_Locker_INDEX_6</name>
           <model>uk\misc\BM703\BM703.model</model>
        </node>
        <node>
           <name>MP_BM800_Ventilators_mushroom_INDEX_7</name>
           <model>uk\misc\BM800\BM800.model</model>
        </node>
        <node>
           <name>MP_BM001_Paravane_INDEX_1</name>
           <model>uk\misc\BM001\BM001.model</model>
        </node>
        <node>
           <name>MP_CM030_Swab_Rack_2_INDEX_1</name>
           <model>common\misc\CM030\CM030.model</model>
        </node>
        <node>
           <name>MP_BM700_Locker_INDEX_2</name>
           <model>uk\misc\BM700\BM700.model</model>
        </node>
        <node>
           <name>MP_BM801_Ventilators_mushroom_INDEX_3</name>
           <model>uk\misc\BM801\BM801.model</model>
        </node>
        <node>
           <name>MP_BM850_Signal_lamp_10in_INDEX_3</name>
           <model>uk\misc\BM850\BM850.model</model>
        </node>
        <node>
           <name>MP_BM601_Binoculars_Bridge_INDEX_3</name>
           <model>uk\misc\BM601\BM601.model</model>
        </node>
        <node>
           <name>MP_CM011_Fire_Fighting_Gear_INDEX_2</name>
           <model>common\misc\CM011\CM011.model</model>
        </node>
        <node>
           <name>MP_BM700_Locker_INDEX_3</name>
           <model>uk\misc\BM700\BM700.model</model>
        </node>
        <node>
           <name>MP_BM503_Motor_Boat_35ft</name>
           <model>uk\misc\BM503\BM503.model</model>
        </node>
        <node>
           <name>MP_CM012_Fire_Hose_Rack_1_INDEX_2</name>
           <model>common\misc\CM012\CM012.model</model>
        </node>
        <node>
           <name>MP_CM030_Swab_Rack_2_INDEX_2</name>
           <model>common\misc\CM030\CM030.model</model>
        </node>
        <node>
           <name>MP_CM091_Semaphore</name>
           <model>common\misc\CM091\CM091.model</model>
        </node>
        <node>
           <name>MP_BM700_Locker_INDEX_4</name>
           <model>uk\misc\BM700\BM700.model</model>
        </node>
        <node>
           <name>MP_BM703_Locker_INDEX_7</name>
           <model>uk\misc\BM703\BM703.model</model>
        </node>
        <node>
           <name>MP_BM701_Locker_INDEX_5</name>
           <model>uk\misc\BM701\BM701.model</model>
        </node>
        <node>
           <name>MP_BM954_hawse</name>
           <model>uk\misc\BM954\BM954.model</model>
        </node>
        <node>
           <name>MP_BM505_Rubber_Boat_INDEX_7</name>
           <model>uk\misc\BM505\BM505.model</model>
        </node>
        <node>
           <name>MP_CM091_Semaphore_INDEX_1</name>
           <model>common\misc\CM091\CM091.model</model>
        </node>
        <node>
           <name>MP_BM852_Searchlight_44in_INDEX_1</name>
           <model>uk\misc\BM852\BM852.model</model>
        </node>
        <node>
           <name>MP_BM800_Ventilators_mushroom_INDEX_8</name>
           <model>uk\misc\BM800\BM800.model</model>
        </node>
        <node>
           <name>MP_BM604_Voice_Tube</name>
           <model>uk\misc\BM604\BM604.model</model>
        </node>
        <node>
           <name>MP_CM030_Swab_Rack_2_INDEX_3</name>
           <model>common\misc\CM030\CM030.model</model>
        </node>
        <node>
           <name>MP_BM004_Reels_INDEX_3</name>
           <model>uk\misc\BM004\BM004.model</model>
        </node>
        <node>
           <name>MP_CM030_Swab_Rack_2_INDEX_4</name>
           <model>common\misc\CM030\CM030.model</model>
        </node>
        <node>
           <name>MP_BM704_Locker_INDEX_5</name>
           <model>uk\misc\BM704\BM704.model</model>
        </node>
        <node>
           <name>MP_BM701_Locker_INDEX_6</name>
           <model>uk\misc\BM701\BM701.model</model>
        </node>
        <node>
           <name>MP_BM505_Rubber_Boat_INDEX_8</name>
           <model>uk\misc\BM505\BM505.model</model>
        </node>
        <node>
           <name>MP_BM702_Flag_box_INDEX_2</name>
           <model>uk\misc\BM702\BM702.model</model>
        </node>
        <node>
           <name>MP_BM601_Binoculars_Bridge_INDEX_4</name>
           <model>uk\misc\BM601\BM601.model</model>
        </node>
        <node>
           <name>MP_BM851_Searchlight_20in_INDEX_3</name>
           <model>uk\misc\BM851\BM851.model</model>
        </node>
        <node>
           <name>MP_BM852_Searchlight_44in_INDEX_2</name>
           <model>uk\misc\BM852\BM852.model</model>
        </node>
        <node>
           <name>MP_BM701_Locker_INDEX_7</name>
           <model>uk\misc\BM701\BM701.model</model>
        </node>
        <node>
           <name>MP_BM505_Rubber_Boat_INDEX_9</name>
           <model>uk\misc\BM505\BM505.model</model>
        </node>
        <node>
           <name>MP_BM004_Reels_INDEX_4</name>
           <model>uk\misc\BM004\BM004.model</model>
        </node>
        <node>
           <name>MP_BM800_Ventilators_mushroom_INDEX_9</name>
           <model>uk\misc\BM800\BM800.model</model>
        </node>
        <node>
           <name>MP_BM902_Cran</name>
           <model>uk\misc\BM902\BM902.model</model>
        </node>
        <node>
           <name>MP_CM052_Fender_INDEX_1</name>
           <model>common\misc\CM052\CM052.model</model>
        </node>
        <node>
           <name>MP_BM703_Locker_INDEX_8</name>
           <model>uk\misc\BM703\BM703.model</model>
        </node>
        <node>
           <name>MP_BM700_Locker_INDEX_5</name>
           <model>uk\misc\BM700\BM700.model</model>
        </node>
        <node>
           <name>MP_BM703_Locker_INDEX_9</name>
           <model>uk\misc\BM703\BM703.model</model>
        </node>
        <node>
           <name>MP_BM505_Rubber_Boat_INDEX_10</name>
           <model>uk\misc\BM505\BM505.model</model>
        </node>
        <node>
           <name>MP_BM852_Searchlight_44in_INDEX_3</name>
           <model>uk\misc\BM852\BM852.model</model>
        </node>
        <node>
           <name>MP_BM701_Locker_INDEX_8</name>
           <model>uk\misc\BM701\BM701.model</model>
        </node>
        <node>
           <name>MP_BM703_Locker_INDEX_10</name>
           <model>uk\misc\BM703\BM703.model</model>
        </node>
        <node>
           <name>MP_BM601_Binoculars_Bridge_INDEX_5</name>
           <model>uk\misc\BM601\BM601.model</model>
        </node>
        <node>
           <name>MP_BM800_Ventilators_mushroom_INDEX_10</name>
           <model>uk\misc\BM800\BM800.model</model>
        </node>
        <node>
           <name>MP_BM505_Rubber_Boat_INDEX_11</name>
           <model>uk\misc\BM505\BM505.model</model>
        </node>
        <node>
           <name>MP_BM701_Locker_INDEX_9</name>
           <model>uk\misc\BM701\BM701.model</model>
        </node>
        <node>
           <name>MP_BM704_Locker_INDEX_6</name>
           <model>uk\misc\BM704\BM704.model</model>
        </node>
        <node>
           <name>MP_BM800_Ventilators_mushroom_INDEX_11</name>
           <model>uk\misc\BM800\BM800.model</model>
        </node>
        <node>
           <name>MP_BM704_Locker_INDEX_7</name>
           <model>uk\misc\BM704\BM704.model</model>
        </node>
        <node>
           <name>MP_BM800_Ventilators_mushroom_INDEX_12</name>
           <model>uk\misc\BM800\BM800.model</model>
        </node>
        <node>
           <name>MP_CM030_Swab_Rack_2_INDEX_5</name>
           <model>common\misc\CM030\CM030.model</model>
        </node>
        <node>
           <name>MP_BM800_Ventilators_mushroom_INDEX_13</name>
           <model>uk\misc\BM800\BM800.model</model>
        </node>
        <node>
           <name>MP_BM703_Locker_INDEX_11</name>
           <model>uk\misc\BM703\BM703.model</model>
        </node>
        <node>
           <name>MP_BM601_Binoculars_Bridge_INDEX_6</name>
           <model>uk\misc\BM601\BM601.model</model>
        </node>
        <node>
           <name>MP_BM004_Reels_INDEX_5</name>
           <model>uk\misc\BM004\BM004.model</model>
        </node>
        <node>
           <name>MP_BM004_Reels_INDEX_6</name>
           <model>uk\misc\BM004\BM004.model</model>
        </node>
        <node>
           <name>MP_BM704_Locker_INDEX_8</name>
           <model>uk\misc\BM704\BM704.model</model>
        </node>
        <node>
           <name>MP_BM703_Locker_INDEX_12</name>
           <model>uk\misc\BM703\BM703.model</model>
        </node>
        <node>
           <name>MP_CM011_Fire_Fighting_Gear_INDEX_3</name>
           <model>common\misc\CM011\CM011.model</model>
        </node>
        <node>
           <name>MP_BM601_Binoculars_Bridge_INDEX_7</name>
           <model>uk\misc\BM601\BM601.model</model>
        </node>
        <node>
           <name>MP_CM011_Fire_Fighting_Gear_INDEX_4</name>
           <model>common\misc\CM011\CM011.model</model>
        </node>
        <node>
           <name>MP_BM004_Reels_INDEX_7</name>
           <model>uk\misc\BM004\BM004.model</model>
        </node>
        <node>
           <name>MP_BM505_Rubber_Boat_INDEX_12</name>
           <model>uk\misc\BM505\BM505.model</model>
        </node>
        <node>
           <name>MP_BM600_Sky_lookout_INDEX_3</name>
           <model>uk\misc\BM600\BM600.model</model>
        </node>
        <node>
           <name>MP_BM505_Rubber_Boat_INDEX_13</name>
           <model>uk\misc\BM505\BM505.model</model>
        </node>
        <node>
           <name>MP_BM800_Ventilators_mushroom_INDEX_14</name>
           <model>uk\misc\BM800\BM800.model</model>
        </node>
        <node>
           <name>MP_CM012_Fire_Hose_Rack_1_INDEX_3</name>
           <model>common\misc\CM012\CM012.model</model>
        </node>
        <node>
           <name>MP_CM052_Fender_INDEX_2</name>
           <model>common\misc\CM052\CM052.model</model>
        </node>
        <node>
           <name>MP_BM701_Locker_INDEX_10</name>
           <model>uk\misc\BM701\BM701.model</model>
        </node>
        <node>
           <name>MP_BM801_Ventilators_mushroom_INDEX_4</name>
           <model>uk\misc\BM801\BM801.model</model>
        </node>
        <node>
           <name>MP_BM854_Running_Lights_R</name>
           <model>uk\misc\BM854\BM854.model</model>
        </node>
        <node>
           <name>MP_BM505_Rubber_Boat_INDEX_14</name>
           <model>uk\misc\BM505\BM505.model</model>
        </node>
        <node>
           <name>MP_BM800_Ventilators_mushroom_INDEX_15</name>
           <model>uk\misc\BM800\BM800.model</model>
        </node>
        <node>
           <name>MP_BM701_Locker_INDEX_11</name>
           <model>uk\misc\BM701\BM701.model</model>
        </node>
        <node>
           <name>MP_BM800_Ventilators_mushroom_INDEX_16</name>
           <model>uk\misc\BM800\BM800.model</model>
        </node>
        <node>
           <name>MP_BM800_Ventilators_mushroom_INDEX_17</name>
           <model>uk\misc\BM800\BM800.model</model>
        </node>
        <node>
           <name>MP_BM801_Ventilators_mushroom_INDEX_5</name>
           <model>uk\misc\BM801\BM801.model</model>
        </node>
        <node>
           <name>MP_BM800_Ventilators_mushroom_INDEX_18</name>
           <model>uk\misc\BM800\BM800.model</model>
        </node>
        <node>
           <name>MP_BM902_Cran_INDEX_1</name>
           <model>uk\misc\BM902\BM902.model</model>
        </node>
        <node>
           <name>MP_BM700_Locker_INDEX_6</name>
           <model>uk\misc\BM700\BM700.model</model>
        </node>
        <node>
           <name>MP_BM954_hawse_INDEX_1</name>
           <model>uk\misc\BM954\BM954.model</model>
        </node>
        <node>
           <name>MP_BM800_Ventilators_mushroom_INDEX_19</name>
           <model>uk\misc\BM800\BM800.model</model>
        </node>
        <node>
           <name>MP_BM704_Locker_INDEX_9</name>
           <model>uk\misc\BM704\BM704.model</model>
        </node>
        <node>
           <name>MP_BM800_Ventilators_mushroom_INDEX_20</name>
           <model>uk\misc\BM800\BM800.model</model>
        </node>
        <node>
           <name>MP_BM505_Rubber_Boat_INDEX_15</name>
           <model>uk\misc\BM505\BM505.model</model>
        </node>
        <node>
           <name>MP_BM702_Flag_box_INDEX_3</name>
           <model>uk\misc\BM702\BM702.model</model>
        </node>
        <node>
           <name>MP_BM505_Rubber_Boat_INDEX_16</name>
           <model>uk\misc\BM505\BM505.model</model>
        </node>
        <node>
           <name>MP_BM800_Ventilators_mushroom_INDEX_21</name>
           <model>uk\misc\BM800\BM800.model</model>
        </node>
        <node>
           <name>MP_BM505_Rubber_Boat_INDEX_17</name>
           <model>uk\misc\BM505\BM505.model</model>
        </node>
        <node>
           <name>MP_BM604_Voice_Tube_INDEX_1</name>
           <model>uk\misc\BM604\BM604.model</model>
        </node>
        <node>
           <name>MP_CM052_Fender_INDEX_3</name>
           <model>common\misc\CM052\CM052.model</model>
        </node>
        <node>
           <name>HP_Smoke_1</name>
           <model>UNKNOWN_ITEM</model>
        </node>
        <node>
           <name>HP_Fire_Burn_2</name>
           <model>UNKNOWN_ITEM</model>
        </node>
    </midfront>
    <midback>
      <model>uk\ship\battleship\BSB002_Warspite_1941\BSB002_Warspite_1941_MidBack_ports.model</model>
        <node>
           <name>HP_BC_1</name>
           <model>uk\catapult\BC001_Catapult_1\BC001_Catapult_1.model</model>
        </node>
        <node>
           <name>HP_BD_6</name>
           <model>uk\director\BD003_2pdr_with_radar_type282\BD003_2pdr_with_radar_type282.model</model>
        </node>
        <node>
           <name>HP_BD_7</name>
           <model>uk\director\BD003_2pdr_with_radar_type282\BD003_2pdr_with_radar_type282.model</model>
        </node>
        <node>
           <name>HP_BD_8</name>
           <model>uk\director\BD004_Director_Mk7_With_finder_15ft_small\BD004_Director_Mk7_With_finder_15ft_small.model</model>
        </node>
        <node>
           <name>HP_BGA_11</name>
           <model>uk\gun\aaircraft\BGA007_20mm_Oerlikon_MK4\BGA007_20mm_Oerlikon_MK4.model</model>
        </node>
        <node>
           <name>HP_BGA_12</name>
           <model>uk\gun\aaircraft\BGA007_20mm_Oerlikon_MK4\BGA007_20mm_Oerlikon_MK4.model</model>
        </node>
        <node>
           <name>HP_BGM_3</name>
           <model>uk\gun\main\BGM010_15in42_MK1_RF\BGM010_15in42_MK1_RF.model</model>
        </node>
        <node>
           <name>HP_BRS_2</name>
           <model>uk\radar\search\BRS008_Radar\BRS008_Radar.model</model>
        </node>
        <node>
           <name>MP_BM801_Ventilators_mushroom</name>
           <model>uk\misc\BM801\BM801.model</model>
        </node>
        <node>
           <name>MP_BM954_hawse</name>
           <model>uk\misc\BM954\BM954.model</model>
        </node>
        <node>
           <name>MP_BM954_hawse_INDEX_1</name>
           <model>uk\misc\BM954\BM954.model</model>
        </node>
        <node>
           <name>MP_BM003_Night_lifebuoy</name>
           <model>uk\misc\BM003\BM003.model</model>
        </node>
        <node>
           <name>MP_BM703_Locker</name>
           <model>uk\misc\BM703\BM703.model</model>
        </node>
        <node>
           <name>MP_BM954_hawse_INDEX_2</name>
           <model>uk\misc\BM954\BM954.model</model>
        </node>
        <node>
           <name>MP_BM801_Ventilators_mushroom_INDEX_1</name>
           <model>uk\misc\BM801\BM801.model</model>
        </node>
        <node>
           <name>MP_CM012_Fire_Hose_Rack_1</name>
           <model>common\misc\CM012\CM012.model</model>
        </node>
        <node>
           <name>MP_BM704_Locker</name>
           <model>uk\misc\BM704\BM704.model</model>
        </node>
        <node>
           <name>MP_BM801_Ventilators_mushroom_INDEX_2</name>
           <model>uk\misc\BM801\BM801.model</model>
        </node>
        <node>
           <name>MP_BM703_Locker_INDEX_1</name>
           <model>uk\misc\BM703\BM703.model</model>
        </node>
        <node>
           <name>MP_BM505_Rubber_Boat</name>
           <model>uk\misc\BM505\BM505.model</model>
        </node>
        <node>
           <name>MP_BM704_Locker_INDEX_1</name>
           <model>uk\misc\BM704\BM704.model</model>
        </node>
        <node>
           <name>MP_CM090_Accommodation_Ladder</name>
           <model>common\misc\CM090\CM090.model</model>
        </node>
        <node>
           <name>MP_BM800_Ventilators_mushroom</name>
           <model>uk\misc\BM800\BM800.model</model>
        </node>
        <node>
           <name>MP_BM004_Reels</name>
           <model>uk\misc\BM004\BM004.model</model>
        </node>
        <node>
           <name>MP_BM801_Ventilators_mushroom_INDEX_3</name>
           <model>uk\misc\BM801\BM801.model</model>
        </node>
        <node>
           <name>MP_BM505_Rubber_Boat_INDEX_1</name>
           <model>uk\misc\BM505\BM505.model</model>
        </node>
        <node>
           <name>MP_BM703_Locker_INDEX_2</name>
           <model>uk\misc\BM703\BM703.model</model>
        </node>
        <node>
           <name>MP_CM011_Fire_Fighting_Gear</name>
           <model>common\misc\CM011\CM011.model</model>
        </node>
        <node>
           <name>MP_BM505_Rubber_Boat_INDEX_2</name>
           <model>uk\misc\BM505\BM505.model</model>
        </node>
        <node>
           <name>MP_BM703_Locker_INDEX_3</name>
           <model>uk\misc\BM703\BM703.model</model>
        </node>
        <node>
           <name>MP_BM004_Reels_INDEX_1</name>
           <model>uk\misc\BM004\BM004.model</model>
        </node>
        <node>
           <name>MP_BM703_Locker_INDEX_4</name>
           <model>uk\misc\BM703\BM703.model</model>
        </node>
        <node>
           <name>MP_CM052_Fender</name>
           <model>common\misc\CM052\CM052.model</model>
        </node>
        <node>
           <name>MP_BM800_Ventilators_mushroom_INDEX_1</name>
           <model>uk\misc\BM800\BM800.model</model>
        </node>
        <node>
           <name>MP_BM954_hawse_INDEX_3</name>
           <model>uk\misc\BM954\BM954.model</model>
        </node>
        <node>
           <name>MP_BM505_Rubber_Boat_INDEX_3</name>
           <model>uk\misc\BM505\BM505.model</model>
        </node>
        <node>
           <name>MP_CM030_Swab_Rack_2</name>
           <model>common\misc\CM030\CM030.model</model>
        </node>
        <node>
           <name>MP_BM501_Cutter_32ft</name>
           <model>uk\misc\BM501\BM501.model</model>
        </node>
        <node>
           <name>MP_BM800_Ventilators_mushroom_INDEX_2</name>
           <model>uk\misc\BM800\BM800.model</model>
        </node>
        <node>
           <name>MP_BM505_Rubber_Boat_INDEX_4</name>
           <model>uk\misc\BM505\BM505.model</model>
        </node>
        <node>
           <name>MP_CM004_Barbette_Out</name>
           <model>common\misc\CM004\CM004.model</model>
        </node>
        <node>
           <name>MP_BM003_Night_lifebuoy_INDEX_1</name>
           <model>uk\misc\BM003\BM003.model</model>
        </node>
        <node>
           <name>MP_BM800_Ventilators_mushroom_INDEX_3</name>
           <model>uk\misc\BM800\BM800.model</model>
        </node>
        <node>
           <name>MP_BM801_Ventilators_mushroom_INDEX_4</name>
           <model>uk\misc\BM801\BM801.model</model>
        </node>
        <node>
           <name>MP_CM012_Fire_Hose_Rack_1_INDEX_1</name>
           <model>common\misc\CM012\CM012.model</model>
        </node>
        <node>
           <name>MP_BM704_Locker_INDEX_2</name>
           <model>uk\misc\BM704\BM704.model</model>
        </node>
        <node>
           <name>MP_BM505_Rubber_Boat_INDEX_5</name>
           <model>uk\misc\BM505\BM505.model</model>
        </node>
        <node>
           <name>MP_CM011_Fire_Fighting_Gear_INDEX_1</name>
           <model>common\misc\CM011\CM011.model</model>
        </node>
        <node>
           <name>MP_BM704_Locker_INDEX_3</name>
           <model>uk\misc\BM704\BM704.model</model>
        </node>
        <node>
           <name>MP_BM800_Ventilators_mushroom_INDEX_4</name>
           <model>uk\misc\BM800\BM800.model</model>
        </node>
        <node>
           <name>MP_BM505_Rubber_Boat_INDEX_6</name>
           <model>uk\misc\BM505\BM505.model</model>
        </node>
        <node>
           <name>MP_BM004_Reels_INDEX_2</name>
           <model>uk\misc\BM004\BM004.model</model>
        </node>
        <node>
           <name>MP_CM011_Fire_Fighting_Gear_INDEX_2</name>
           <model>common\misc\CM011\CM011.model</model>
        </node>
        <node>
           <name>MP_CM052_Fender_INDEX_1</name>
           <model>common\misc\CM052\CM052.model</model>
        </node>
        <node>
           <name>MP_BM703_Locker_INDEX_5</name>
           <model>uk\misc\BM703\BM703.model</model>
        </node>
        <node>
           <name>MP_BM801_Ventilators_mushroom_INDEX_5</name>
           <model>uk\misc\BM801\BM801.model</model>
        </node>
        <node>
           <name>MP_BM500_GIG_30ft</name>
           <model>uk\misc\BM500\BM500.model</model>
        </node>
        <node>
           <name>MP_BM004_Reels_INDEX_3</name>
           <model>uk\misc\BM004\BM004.model</model>
        </node>
        <node>
           <name>MP_BM800_Ventilators_mushroom_INDEX_5</name>
           <model>uk\misc\BM800\BM800.model</model>
        </node>
        <node>
           <name>MP_CM030_Swab_Rack_2_INDEX_1</name>
           <model>common\misc\CM030\CM030.model</model>
        </node>
        <node>
           <name>MP_CM030_Swab_Rack_2_INDEX_2</name>
           <model>common\misc\CM030\CM030.model</model>
        </node>
        <node>
           <name>MP_CM030_Swab_Rack_2_INDEX_3</name>
           <model>common\misc\CM030\CM030.model</model>
        </node>
        <node>
           <name>MP_BM500_GIG_30ft_INDEX_1</name>
           <model>uk\misc\BM500\BM500.model</model>
        </node>
        <node>
           <name>MP_BM800_Ventilators_mushroom_INDEX_6</name>
           <model>uk\misc\BM800\BM800.model</model>
        </node>
        <node>
           <name>MP_CM012_Fire_Hose_Rack_1_INDEX_2</name>
           <model>common\misc\CM012\CM012.model</model>
        </node>
        <node>
           <name>MP_BM703_Locker_INDEX_6</name>
           <model>uk\misc\BM703\BM703.model</model>
        </node>
        <node>
           <name>MP_BM505_Rubber_Boat_INDEX_7</name>
           <model>uk\misc\BM505\BM505.model</model>
        </node>
        <node>
           <name>HP_Fire_Burn_3</name>
           <model>UNKNOWN_ITEM</model>
        </node>
        <node>
           <name>HP_NoseWave_Speed</name>
           <model>UNKNOWN_ITEM</model>
        </node>
    </midback>
    <stern>
      <model>uk\ship\battleship\BSB002_Warspite_1941\BSB002_Warspite_1941_Stern_ports.model</model>
        <node>
           <name>HP_BGA_13</name>
           <model>uk\gun\aaircraft\BGA007_20mm_Oerlikon_MK4\BGA007_20mm_Oerlikon_MK4.model</model>
        </node>
        <node>
           <name>HP_BGA_14</name>
           <model>uk\gun\aaircraft\BGA007_20mm_Oerlikon_MK4\BGA007_20mm_Oerlikon_MK4.model</model>
        </node>
        <node>
           <name>HP_BGA_15</name>
           <model>uk\gun\aaircraft\BGA007_20mm_Oerlikon_MK4\BGA007_20mm_Oerlikon_MK4.model</model>
        </node>
        <node>
           <name>HP_BGM_4</name>
           <model>uk\gun\main\BGM009_15in42_MK1\BGM009_15in42_MK1.model</model>
        </node>
        <node>
           <name>HP_flag_nation</name>
           <model>uk\misc\BM002\BM002.model</model>
        </node>
        <node>
           <name>MP_BM957_Anchor_Capstan_big</name>
           <model>uk\misc\BM957\BM957.model</model>
        </node>
        <node>
           <name>MP_BM801_Ventilators_mushroom</name>
           <model>uk\misc\BM801\BM801.model</model>
        </node>
        <node>
           <name>MP_BM800_Ventilators_mushroom</name>
           <model>uk\misc\BM800\BM800.model</model>
        </node>
        <node>
           <name>MP_BM800_Ventilators_mushroom_INDEX_1</name>
           <model>uk\misc\BM800\BM800.model</model>
        </node>
        <node>
           <name>MP_BM751_Deck_Hatch</name>
           <model>uk\misc\BM751\BM751.model</model>
        </node>
        <node>
           <name>MP_BM704_Locker</name>
           <model>uk\misc\BM704\BM704.model</model>
        </node>
        <node>
           <name>MP_CM059_Ladder_Cruiser</name>
           <model>common\misc\CM059\CM059.model</model>
        </node>
        <node>
           <name>MP_BM800_Ventilators_mushroom_INDEX_2</name>
           <model>uk\misc\BM800\BM800.model</model>
        </node>
        <node>
           <name>MP_BM750_Deck_Hatch</name>
           <model>uk\misc\BM750\BM750.model</model>
        </node>
        <node>
           <name>MP_BM704_Locker_INDEX_1</name>
           <model>uk\misc\BM704\BM704.model</model>
        </node>
        <node>
           <name>MP_CM059_Ladder_Cruiser_INDEX_1</name>
           <model>common\misc\CM059\CM059.model</model>
        </node>
        <node>
           <name>MP_BM703_Locker</name>
           <model>uk\misc\BM703\BM703.model</model>
        </node>
        <node>
           <name>MP_CM004_Barbette_Out</name>
           <model>common\misc\CM004\CM004.model</model>
        </node>
        <node>
           <name>MP_CM032_Propeller3_R</name>
           <model>common\misc\CM032\CM032.model</model>
        </node>
        <node>
           <name>MP_CM001_Propeller3_L</name>
           <model>common\misc\CM001\CM001.model</model>
        </node>
        <node>
           <name>MP_BM800_Ventilators_mushroom_INDEX_3</name>
           <model>uk\misc\BM800\BM800.model</model>
        </node>
        <node>
           <name>MP_BM704_Locker_INDEX_2</name>
           <model>uk\misc\BM704\BM704.model</model>
        </node>
        <node>
           <name>MP_BM704_Locker_INDEX_3</name>
           <model>uk\misc\BM704\BM704.model</model>
        </node>
        <node>
           <name>MP_BM750_Deck_Hatch_INDEX_1</name>
           <model>uk\misc\BM750\BM750.model</model>
        </node>
        <node>
           <name>MP_BM800_Ventilators_mushroom_INDEX_4</name>
           <model>uk\misc\BM800\BM800.model</model>
        </node>
        <node>
           <name>MP_BM704_Locker_INDEX_4</name>
           <model>uk\misc\BM704\BM704.model</model>
        </node>
        <node>
           <name>MP_BM704_Locker_INDEX_5</name>
           <model>uk\misc\BM704\BM704.model</model>
        </node>
        <node>
           <name>MP_BM800_Ventilators_mushroom_INDEX_5</name>
           <model>uk\misc\BM800\BM800.model</model>
        </node>
        <node>
           <name>MP_BM703_Locker_INDEX_1</name>
           <model>uk\misc\BM703\BM703.model</model>
        </node>
        <node>
           <name>MP_BM750_Deck_Hatch_INDEX_2</name>
           <model>uk\misc\BM750\BM750.model</model>
        </node>
        <node>
           <name>MP_BM800_Ventilators_mushroom_INDEX_6</name>
           <model>uk\misc\BM800\BM800.model</model>
        </node>
        <node>
           <name>MP_CM032_Propeller3_R_INDEX_1</name>
           <model>common\misc\CM032\CM032.model</model>
        </node>
        <node>
           <name>MP_CM001_Propeller3_L_INDEX_1</name>
           <model>common\misc\CM001\CM001.model</model>
        </node>
        <node>
           <name>MP_BM703_Locker_INDEX_2</name>
           <model>uk\misc\BM703\BM703.model</model>
        </node>
        <node>
           <name>MP_BM703_Locker_INDEX_3</name>
           <model>uk\misc\BM703\BM703.model</model>
        </node>
        <node>
           <name>MP_BM800_Ventilators_mushroom_INDEX_7</name>
           <model>uk\misc\BM800\BM800.model</model>
        </node>
        <node>
           <name>MP_BM800_Ventilators_mushroom_INDEX_8</name>
           <model>uk\misc\BM800\BM800.model</model>
        </node>
        <node>
           <name>MP_BM751_Deck_Hatch_INDEX_1</name>
           <model>uk\misc\BM751\BM751.model</model>
        </node>
        <node>
           <name>MP_BM750_Deck_Hatch_INDEX_3</name>
           <model>uk\misc\BM750\BM750.model</model>
        </node>
        <node>
           <name>HP_Fire_Burn_4</name>
           <model>UNKNOWN_ITEM</model>
        </node>
    </stern>
  </sections>
</BSB002_Warspite_1941.xml>
