<ASB011_Colorado_1921.xml>
  <sections>
    <bow>
      <model>usa\ship\battleship\ASB011_Colorado_1921\ASB011_Colorado_1921_bow_ports.model</model>
        <node>
           <name>HP_AGM_1</name>
           <model>usa\gun\main\AGM059_16in45_Mk1\AGM059_16in45_Mk1.model</model>
        </node>
        <node>
           <name>MP_CM011_Fire_Fighting_Gear</name>
           <model>common\misc\CM011\CM011.model</model>
        </node>
        <node>
           <name>MP_AM549_Life_Buoy</name>
           <model>usa\misc\AM549\AM549.model</model>
        </node>
        <node>
           <name>MP_CM006_Anchor_2</name>
           <model>common\misc\CM006\CM006.model</model>
        </node>
        <node>
           <name>MP_AM212_Ventilation</name>
           <model>usa\misc\AM212\AM212.model</model>
        </node>
        <node>
           <name>MP_AM549_Life_Buoy_INDEX_1</name>
           <model>usa\misc\AM549\AM549.model</model>
        </node>
        <node>
           <name>MP_AM549_Life_Buoy_INDEX_2</name>
           <model>usa\misc\AM549\AM549.model</model>
        </node>
        <node>
           <name>MP_AM308_Fairlead</name>
           <model>usa\misc\AM308\AM308.model</model>
        </node>
        <node>
           <name>MP_AM219_Bollard</name>
           <model>usa\misc\AM219\AM219.model</model>
        </node>
        <node>
           <name>MP_CM011_Fire_Fighting_Gear_INDEX_1</name>
           <model>common\misc\CM011\CM011.model</model>
        </node>
        <node>
           <name>MP_AM212_Ventilation_INDEX_1</name>
           <model>usa\misc\AM212\AM212.model</model>
        </node>
        <node>
           <name>MP_AM212_Ventilation_INDEX_2</name>
           <model>usa\misc\AM212\AM212.model</model>
        </node>
        <node>
           <name>MP_AM026_Break_Handwheel_1</name>
           <model>usa\misc\AM026\AM026.model</model>
        </node>
        <node>
           <name>MP_AM023_Hatch_1</name>
           <model>usa\misc\AM023\AM023.model</model>
        </node>
        <node>
           <name>MP_AM219_Bollard_INDEX_1</name>
           <model>usa\misc\AM219\AM219.model</model>
        </node>
        <node>
           <name>MP_AM024_Hatch_2</name>
           <model>usa\misc\AM024\AM024.model</model>
        </node>
        <node>
           <name>MP_AM024_Hatch_2_INDEX_1</name>
           <model>usa\misc\AM024\AM024.model</model>
        </node>
        <node>
           <name>MP_AM026_Break_Handwheel_1_INDEX_1</name>
           <model>usa\misc\AM026\AM026.model</model>
        </node>
        <node>
           <name>MP_CM006_Anchor_2_INDEX_1</name>
           <model>common\misc\CM006\CM006.model</model>
        </node>
        <node>
           <name>MP_AM212_Ventilation_INDEX_3</name>
           <model>usa\misc\AM212\AM212.model</model>
        </node>
        <node>
           <name>MP_AM308_Fairlead_INDEX_1</name>
           <model>usa\misc\AM308\AM308.model</model>
        </node>
        <node>
           <name>MP_AM049_Signal_Lamp_1</name>
           <model>usa\misc\AM049\AM049.model</model>
        </node>
        <node>
           <name>MP_AM304_Paravane_Gear_Fairlead</name>
           <model>usa\misc\AM304\AM304.model</model>
        </node>
        <node>
           <name>MP_AM023_Hatch_1_INDEX_1</name>
           <model>usa\misc\AM023\AM023.model</model>
        </node>
        <node>
           <name>MP_AM549_Life_Buoy_INDEX_3</name>
           <model>usa\misc\AM549\AM549.model</model>
        </node>
        <node>
           <name>MP_CM004_Barbette_Out</name>
           <model>common\misc\CM004\CM004.model</model>
        </node>
        <node>
           <name>MP_AM026_Break_Handwheel_1_INDEX_2</name>
           <model>usa\misc\AM026\AM026.model</model>
        </node>
        <node>
           <name>MP_AM023_Hatch_1_INDEX_2</name>
           <model>usa\misc\AM023\AM023.model</model>
        </node>
        <node>
           <name>MP_CM013_Fire_Hose_Rack_2</name>
           <model>common\misc\CM013\CM013.model</model>
        </node>
        <node>
           <name>MP_AM219_Bollard_INDEX_2</name>
           <model>usa\misc\AM219\AM219.model</model>
        </node>
        <node>
           <name>MP_CM013_Fire_Hose_Rack_2_INDEX_1</name>
           <model>common\misc\CM013\CM013.model</model>
        </node>
        <node>
           <name>MP_AM308_Fairlead_INDEX_2</name>
           <model>usa\misc\AM308\AM308.model</model>
        </node>
        <node>
           <name>MP_AM308_Fairlead_INDEX_3</name>
           <model>usa\misc\AM308\AM308.model</model>
        </node>
        <node>
           <name>MP_AM304_Paravane_Gear_Fairlead_INDEX_1</name>
           <model>usa\misc\AM304\AM304.model</model>
        </node>
        <node>
           <name>MP_AM212_Ventilation_INDEX_4</name>
           <model>usa\misc\AM212\AM212.model</model>
        </node>
        <node>
           <name>MP_CM006_Anchor_2_INDEX_2</name>
           <model>common\misc\CM006\CM006.model</model>
        </node>
        <node>
           <name>MP_AM549_Life_Buoy_INDEX_4</name>
           <model>usa\misc\AM549\AM549.model</model>
        </node>
        <node>
           <name>MP_AM219_Bollard_INDEX_3</name>
           <model>usa\misc\AM219\AM219.model</model>
        </node>
        <node>
           <name>MP_AM256_Ammunition_Box</name>
           <model>usa\misc\AM256\AM256.model</model>
        </node>
        <node>
           <name>MP_AM549_Life_Buoy_INDEX_5</name>
           <model>usa\misc\AM549\AM549.model</model>
        </node>
        <node>
           <name>MP_AM212_Ventilation_INDEX_5</name>
           <model>usa\misc\AM212\AM212.model</model>
        </node>
        <node>
           <name>HP_Fire_Burn_1</name>
           <model>UNKNOWN_ITEM</model>
        </node>
    </bow>
    <midfront>
      <model>usa\ship\battleship\ASB011_Colorado_1921\ASB011_Colorado_1921_MidFront_ports.model</model>
        <node>
           <name>HP_AD_1</name>
           <model>usa\director\AD054_Director_Mk7\AD054_Director_Mk7.model</model>
        </node>
        <node>
           <name>HP_AD_2</name>
           <model>usa\director\AD054_Director_Mk7\AD054_Director_Mk7.model</model>
        </node>
        <node>
           <name>HP_AD_3</name>
           <model>usa\director\AD055_Director_Mk11\AD055_Director_Mk11.model</model>
        </node>
        <node>
           <name>HP_AF_1</name>
           <model>usa\finder\AF050_Rangefinder_6m\AF050_Rangefinder_6m.model</model>
        </node>
        <node>
           <name>HP_AGA_1</name>
           <model>usa\gun\aaircraft\AGA060_3in23\AGA060_3in23.model</model>
        </node>
        <node>
           <name>HP_AGA_2</name>
           <model>usa\gun\aaircraft\AGA060_3in23\AGA060_3in23.model</model>
        </node>
        <node>
           <name>HP_AGA_3</name>
           <model>usa\gun\aaircraft\AGA060_3in23\AGA060_3in23.model</model>
        </node>
        <node>
           <name>HP_AGA_4</name>
           <model>usa\gun\aaircraft\AGA060_3in23\AGA060_3in23.model</model>
        </node>
        <node>
           <name>HP_AGA_5</name>
           <model>usa\gun\aaircraft\AGA060_3in23\AGA060_3in23.model</model>
        </node>
        <node>
           <name>HP_AGA_6</name>
           <model>usa\gun\aaircraft\AGA060_3in23\AGA060_3in23.model</model>
        </node>
        <node>
           <name>HP_AGA_7</name>
           <model>usa\gun\aaircraft\AGA060_3in23\AGA060_3in23.model</model>
        </node>
        <node>
           <name>HP_AGA_8</name>
           <model>usa\gun\aaircraft\AGA060_3in23\AGA060_3in23.model</model>
        </node>
        <node>
           <name>HP_AGM_2</name>
           <model>usa\gun\main\AGM059_16in45_Mk1\AGM059_16in45_Mk1.model</model>
        </node>
        <node>
           <name>HP_AGS_1</name>
           <model>usa\gun\secondary\AGS029_5in51_Mk_7\AGS029_5in51_Mk_7.model</model>
        </node>
        <node>
           <name>HP_AGS_2</name>
           <model>usa\gun\secondary\AGS029_5in51_Mk_7\AGS029_5in51_Mk_7.model</model>
        </node>
        <node>
           <name>HP_AGS_3</name>
           <model>usa\gun\secondary\AGS029_5in51_Mk_7\AGS029_5in51_Mk_7.model</model>
        </node>
        <node>
           <name>HP_AGS_4</name>
           <model>usa\gun\secondary\AGS029_5in51_Mk_7\AGS029_5in51_Mk_7.model</model>
        </node>
        <node>
           <name>HP_AGS_5</name>
           <model>usa\gun\secondary\AGS029_5in51_Mk_7\AGS029_5in51_Mk_7.model</model>
        </node>
        <node>
           <name>HP_AGS_6</name>
           <model>usa\gun\secondary\AGS029_5in51_Mk_7\AGS029_5in51_Mk_7.model</model>
        </node>
        <node>
           <name>HP_AGS_7</name>
           <model>usa\gun\secondary\AGS029_5in51_Mk_7\AGS029_5in51_Mk_7.model</model>
        </node>
        <node>
           <name>HP_AGS_8</name>
           <model>usa\gun\secondary\AGS029_5in51_Mk_7\AGS029_5in51_Mk_7.model</model>
        </node>
        <node>
           <name>HP_AGS_9</name>
           <model>usa\gun\secondary\AGS029_5in51_Mk_7\AGS029_5in51_Mk_7.model</model>
        </node>
        <node>
           <name>HP_AGS_10</name>
           <model>usa\gun\secondary\AGS029_5in51_Mk_7\AGS029_5in51_Mk_7.model</model>
        </node>
        <node>
           <name>HP_AGS_11</name>
           <model>usa\gun\secondary\AGS029_5in51_Mk_7\AGS029_5in51_Mk_7.model</model>
        </node>
        <node>
           <name>HP_AGS_12</name>
           <model>usa\gun\secondary\AGS029_5in51_Mk_7\AGS029_5in51_Mk_7.model</model>
        </node>
        <node>
           <name>HP_flag_1</name>
           <model>usa\misc\AM032\AM032.model</model>
        </node>
        <node>
           <name>HP_flag_2</name>
           <model>usa\misc\AM032\AM032.model</model>
        </node>
        <node>
           <name>HP_flag_3</name>
           <model>usa\misc\AM032\AM032.model</model>
        </node>
        <node>
           <name>HP_flag_4</name>
           <model>usa\misc\AM032\AM032.model</model>
        </node>
        <node>
           <name>MP_AM129_Turtles_box</name>
           <model>usa\misc\AM129\AM129.model</model>
        </node>
        <node>
           <name>MP_AM129_Turtles_box_INDEX_1</name>
           <model>usa\misc\AM129\AM129.model</model>
        </node>
        <node>
           <name>MP_AM374_Fender</name>
           <model>usa\misc\AM374\AM374.model</model>
        </node>
        <node>
           <name>MP_AM308_Fairlead</name>
           <model>usa\misc\AM308\AM308.model</model>
        </node>
        <node>
           <name>MP_AM024_Hatch_2</name>
           <model>usa\misc\AM024\AM024.model</model>
        </node>
        <node>
           <name>MP_AM256_Ammunition_Box</name>
           <model>usa\misc\AM256\AM256.model</model>
        </node>
        <node>
           <name>MP_AM129_Turtles_box_INDEX_2</name>
           <model>usa\misc\AM129\AM129.model</model>
        </node>
        <node>
           <name>MP_CM011_Fire_Fighting_Gear</name>
           <model>common\misc\CM011\CM011.model</model>
        </node>
        <node>
           <name>MP_AM250_Ammunition_Box</name>
           <model>usa\misc\AM250\AM250.model</model>
        </node>
        <node>
           <name>MP_AM250_Ammunition_Box_INDEX_1</name>
           <model>usa\misc\AM250\AM250.model</model>
        </node>
        <node>
           <name>MP_AM129_Turtles_box_INDEX_3</name>
           <model>usa\misc\AM129\AM129.model</model>
        </node>
        <node>
           <name>MP_AM230_Launch_40ft</name>
           <model>usa\misc\AM230\AM230.model</model>
        </node>
        <node>
           <name>MP_CM028_Swab_Rack</name>
           <model>common\misc\CM028\CM028.model</model>
        </node>
        <node>
           <name>MP_AM374_Fender_INDEX_1</name>
           <model>usa\misc\AM374\AM374.model</model>
        </node>
        <node>
           <name>MP_CM013_Fire_Hose_Rack_2</name>
           <model>common\misc\CM013\CM013.model</model>
        </node>
        <node>
           <name>MP_CM012_Fire_Hose_Rack_1</name>
           <model>common\misc\CM012\CM012.model</model>
        </node>
        <node>
           <name>MP_AM308_Fairlead_INDEX_1</name>
           <model>usa\misc\AM308\AM308.model</model>
        </node>
        <node>
           <name>MP_AM350_Filling_connection</name>
           <model>usa\misc\AM350\AM350.model</model>
        </node>
        <node>
           <name>MP_AM010_Speaker_1</name>
           <model>usa\misc\AM010\AM010.model</model>
        </node>
        <node>
           <name>MP_AM063_Wind_Direction</name>
           <model>usa\misc\AM063\AM063.model</model>
        </node>
        <node>
           <name>MP_AM091_Whaleboat_26ft</name>
           <model>usa\misc\AM091\AM091.model</model>
        </node>
        <node>
           <name>MP_CM011_Fire_Fighting_Gear_INDEX_1</name>
           <model>common\misc\CM011\CM011.model</model>
        </node>
        <node>
           <name>MP_AM228_Motor_boat_35ft</name>
           <model>usa\misc\AM228\AM228.model</model>
        </node>
        <node>
           <name>MP_CM012_Fire_Hose_Rack_1_INDEX_1</name>
           <model>common\misc\CM012\CM012.model</model>
        </node>
        <node>
           <name>MP_AM129_Turtles_box_INDEX_4</name>
           <model>usa\misc\AM129\AM129.model</model>
        </node>
        <node>
           <name>MP_AM306_Hatch</name>
           <model>usa\misc\AM306\AM306.model</model>
        </node>
        <node>
           <name>MP_AM461_6pdr_Saluting_Gun</name>
           <model>usa\misc\AM461\AM461.model</model>
        </node>
        <node>
           <name>MP_AM091_Whaleboat_26ft_INDEX_1</name>
           <model>usa\misc\AM091\AM091.model</model>
        </node>
        <node>
           <name>MP_AM308_Fairlead_INDEX_2</name>
           <model>usa\misc\AM308\AM308.model</model>
        </node>
        <node>
           <name>MP_CM010_Fire_Hose_Reel</name>
           <model>common\misc\CM010\CM010.model</model>
        </node>
        <node>
           <name>MP_AM036_Range_Concentration_Dia</name>
           <model>usa\misc\AM036\AM036.model</model>
        </node>
        <node>
           <name>MP_AM071_Signal_Lamp_2</name>
           <model>usa\misc\AM071\AM071.model</model>
        </node>
        <node>
           <name>MP_AM233_Ammunition_Box</name>
           <model>usa\misc\AM233\AM233.model</model>
        </node>
        <node>
           <name>MP_CM012_Fire_Hose_Rack_1_INDEX_2</name>
           <model>common\misc\CM012\CM012.model</model>
        </node>
        <node>
           <name>MP_AM065_Ammunition_Box_6</name>
           <model>usa\misc\AM065\AM065.model</model>
        </node>
        <node>
           <name>MP_AM306_Hatch_INDEX_1</name>
           <model>usa\misc\AM306\AM306.model</model>
        </node>
        <node>
           <name>MP_AM256_Ammunition_Box_INDEX_1</name>
           <model>usa\misc\AM256\AM256.model</model>
        </node>
        <node>
           <name>MP_AM023_Hatch_1</name>
           <model>usa\misc\AM023\AM023.model</model>
        </node>
        <node>
           <name>MP_AM250_Ammunition_Box_INDEX_2</name>
           <model>usa\misc\AM250\AM250.model</model>
        </node>
        <node>
           <name>MP_AM049_Signal_Lamp_1</name>
           <model>usa\misc\AM049\AM049.model</model>
        </node>
        <node>
           <name>MP_AM077_Paravane</name>
           <model>usa\misc\AM077\AM077.model</model>
        </node>
        <node>
           <name>MP_CM012_Fire_Hose_Rack_1_INDEX_3</name>
           <model>common\misc\CM012\CM012.model</model>
        </node>
        <node>
           <name>MP_CM012_Fire_Hose_Rack_1_INDEX_4</name>
           <model>common\misc\CM012\CM012.model</model>
        </node>
        <node>
           <name>MP_AM308_Fairlead_INDEX_3</name>
           <model>usa\misc\AM308\AM308.model</model>
        </node>
        <node>
           <name>MP_AM250_Ammunition_Box_INDEX_3</name>
           <model>usa\misc\AM250\AM250.model</model>
        </node>
        <node>
           <name>MP_AM308_Fairlead_INDEX_4</name>
           <model>usa\misc\AM308\AM308.model</model>
        </node>
        <node>
           <name>MP_CM012_Fire_Hose_Rack_1_INDEX_5</name>
           <model>common\misc\CM012\CM012.model</model>
        </node>
        <node>
           <name>MP_AM010_Speaker_1_INDEX_1</name>
           <model>usa\misc\AM010\AM010.model</model>
        </node>
        <node>
           <name>MP_AM024_Hatch_2_INDEX_1</name>
           <model>usa\misc\AM024\AM024.model</model>
        </node>
        <node>
           <name>MP_AM047_Running_Lights_R</name>
           <model>usa\misc\AM047\AM047.model</model>
        </node>
        <node>
           <name>MP_AM129_Turtles_box_INDEX_5</name>
           <model>usa\misc\AM129\AM129.model</model>
        </node>
        <node>
           <name>MP_AM250_Ammunition_Box_INDEX_4</name>
           <model>usa\misc\AM250\AM250.model</model>
        </node>
        <node>
           <name>MP_CM011_Fire_Fighting_Gear_INDEX_2</name>
           <model>common\misc\CM011\CM011.model</model>
        </node>
        <node>
           <name>MP_CM011_Fire_Fighting_Gear_INDEX_3</name>
           <model>common\misc\CM011\CM011.model</model>
        </node>
        <node>
           <name>MP_CM012_Fire_Hose_Rack_1_INDEX_6</name>
           <model>common\misc\CM012\CM012.model</model>
        </node>
        <node>
           <name>MP_AM233_Ammunition_Box_INDEX_1</name>
           <model>usa\misc\AM233\AM233.model</model>
        </node>
        <node>
           <name>MP_AM306_Hatch_INDEX_2</name>
           <model>usa\misc\AM306\AM306.model</model>
        </node>
        <node>
           <name>MP_AM223_Boat_Winch</name>
           <model>usa\misc\AM223\AM223.model</model>
        </node>
        <node>
           <name>MP_CM011_Fire_Fighting_Gear_INDEX_4</name>
           <model>common\misc\CM011\CM011.model</model>
        </node>
        <node>
           <name>MP_AM549_Life_Buoy</name>
           <model>usa\misc\AM549\AM549.model</model>
        </node>
        <node>
           <name>MP_AM151_Gyro_Repeater</name>
           <model>usa\misc\AM151\AM151.model</model>
        </node>
        <node>
           <name>MP_AM219_Bollard</name>
           <model>usa\misc\AM219\AM219.model</model>
        </node>
        <node>
           <name>MP_AM010_Speaker_1_INDEX_2</name>
           <model>usa\misc\AM010\AM010.model</model>
        </node>
        <node>
           <name>MP_AM064_Wind_Intensity</name>
           <model>usa\misc\AM064\AM064.model</model>
        </node>
        <node>
           <name>MP_CM011_Fire_Fighting_Gear_INDEX_5</name>
           <model>common\misc\CM011\CM011.model</model>
        </node>
        <node>
           <name>MP_AM129_Turtles_box_INDEX_6</name>
           <model>usa\misc\AM129\AM129.model</model>
        </node>
        <node>
           <name>MP_AM250_Ammunition_Box_INDEX_5</name>
           <model>usa\misc\AM250\AM250.model</model>
        </node>
        <node>
           <name>MP_AM250_Ammunition_Box_INDEX_6</name>
           <model>usa\misc\AM250\AM250.model</model>
        </node>
        <node>
           <name>MP_AM350_Filling_connection_INDEX_1</name>
           <model>usa\misc\AM350\AM350.model</model>
        </node>
        <node>
           <name>MP_AM306_Hatch_INDEX_3</name>
           <model>usa\misc\AM306\AM306.model</model>
        </node>
        <node>
           <name>MP_AM250_Ammunition_Box_INDEX_7</name>
           <model>usa\misc\AM250\AM250.model</model>
        </node>
        <node>
           <name>MP_CM010_Fire_Hose_Reel_INDEX_1</name>
           <model>common\misc\CM010\CM010.model</model>
        </node>
        <node>
           <name>MP_CM011_Fire_Fighting_Gear_INDEX_6</name>
           <model>common\misc\CM011\CM011.model</model>
        </node>
        <node>
           <name>MP_AM461_6pdr_Saluting_Gun_INDEX_1</name>
           <model>usa\misc\AM461\AM461.model</model>
        </node>
        <node>
           <name>MP_AM350_Filling_connection_INDEX_2</name>
           <model>usa\misc\AM350\AM350.model</model>
        </node>
        <node>
           <name>MP_AM250_Ammunition_Box_INDEX_8</name>
           <model>usa\misc\AM250\AM250.model</model>
        </node>
        <node>
           <name>MP_CM051_Fire_Fighting_Gear</name>
           <model>common\misc\CM051\CM051.model</model>
        </node>
        <node>
           <name>MP_AM142_Running_Lights_FW</name>
           <model>usa\misc\AM142\AM142.model</model>
        </node>
        <node>
           <name>MP_AM549_Life_Buoy_INDEX_1</name>
           <model>usa\misc\AM549\AM549.model</model>
        </node>
        <node>
           <name>MP_CM012_Fire_Hose_Rack_1_INDEX_7</name>
           <model>common\misc\CM012\CM012.model</model>
        </node>
        <node>
           <name>MP_AM219_Bollard_INDEX_1</name>
           <model>usa\misc\AM219\AM219.model</model>
        </node>
        <node>
           <name>MP_AM219_Bollard_INDEX_2</name>
           <model>usa\misc\AM219\AM219.model</model>
        </node>
        <node>
           <name>MP_AM250_Ammunition_Box_INDEX_9</name>
           <model>usa\misc\AM250\AM250.model</model>
        </node>
        <node>
           <name>MP_AM038_Searchlight_600mm</name>
           <model>usa\misc\AM038\AM038.model</model>
        </node>
        <node>
           <name>MP_AM209_Boat_Winch</name>
           <model>usa\misc\AM209\AM209.model</model>
        </node>
        <node>
           <name>MP_AM250_Ammunition_Box_INDEX_10</name>
           <model>usa\misc\AM250\AM250.model</model>
        </node>
        <node>
           <name>MP_AM129_Turtles_box_INDEX_7</name>
           <model>usa\misc\AM129\AM129.model</model>
        </node>
        <node>
           <name>MP_CM012_Fire_Hose_Rack_1_INDEX_8</name>
           <model>common\misc\CM012\CM012.model</model>
        </node>
        <node>
           <name>MP_AM170_Flag_Box_2</name>
           <model>usa\misc\AM170\AM170.model</model>
        </node>
        <node>
           <name>MP_AM010_Speaker_1_INDEX_3</name>
           <model>usa\misc\AM010\AM010.model</model>
        </node>
        <node>
           <name>MP_CM013_Fire_Hose_Rack_2_INDEX_1</name>
           <model>common\misc\CM013\CM013.model</model>
        </node>
        <node>
           <name>MP_AM129_Turtles_box_INDEX_8</name>
           <model>usa\misc\AM129\AM129.model</model>
        </node>
        <node>
           <name>MP_AM006_Reels_1</name>
           <model>usa\misc\AM006\AM006.model</model>
        </node>
        <node>
           <name>MP_AM229_Launch_50ft</name>
           <model>usa\misc\AM229\AM229.model</model>
        </node>
        <node>
           <name>MP_AM129_Turtles_box_INDEX_9</name>
           <model>usa\misc\AM129\AM129.model</model>
        </node>
        <node>
           <name>MP_AM461_6pdr_Saluting_Gun_INDEX_2</name>
           <model>usa\misc\AM461\AM461.model</model>
        </node>
        <node>
           <name>MP_AM250_Ammunition_Box_INDEX_11</name>
           <model>usa\misc\AM250\AM250.model</model>
        </node>
        <node>
           <name>MP_CM011_Fire_Fighting_Gear_INDEX_7</name>
           <model>common\misc\CM011\CM011.model</model>
        </node>
        <node>
           <name>MP_CM012_Fire_Hose_Rack_1_INDEX_9</name>
           <model>common\misc\CM012\CM012.model</model>
        </node>
        <node>
           <name>MP_AM549_Life_Buoy_INDEX_2</name>
           <model>usa\misc\AM549\AM549.model</model>
        </node>
        <node>
           <name>MP_AM048_Running_Lights_L</name>
           <model>usa\misc\AM048\AM048.model</model>
        </node>
        <node>
           <name>MP_AM072_Ships_bell</name>
           <model>usa\misc\AM072\AM072.model</model>
        </node>
        <node>
           <name>MP_AM250_Ammunition_Box_INDEX_12</name>
           <model>usa\misc\AM250\AM250.model</model>
        </node>
        <node>
           <name>MP_AM129_Turtles_box_INDEX_10</name>
           <model>usa\misc\AM129\AM129.model</model>
        </node>
        <node>
           <name>MP_CM010_Fire_Hose_Reel_INDEX_2</name>
           <model>common\misc\CM010\CM010.model</model>
        </node>
        <node>
           <name>MP_CM011_Fire_Fighting_Gear_INDEX_8</name>
           <model>common\misc\CM011\CM011.model</model>
        </node>
        <node>
           <name>MP_AM129_Turtles_box_INDEX_11</name>
           <model>usa\misc\AM129\AM129.model</model>
        </node>
        <node>
           <name>MP_AM233_Ammunition_Box_INDEX_2</name>
           <model>usa\misc\AM233\AM233.model</model>
        </node>
        <node>
           <name>MP_AM129_Turtles_box_INDEX_12</name>
           <model>usa\misc\AM129\AM129.model</model>
        </node>
        <node>
           <name>MP_CM051_Fire_Fighting_Gear_INDEX_1</name>
           <model>common\misc\CM051\CM051.model</model>
        </node>
        <node>
           <name>MP_CM011_Fire_Fighting_Gear_INDEX_9</name>
           <model>common\misc\CM011\CM011.model</model>
        </node>
        <node>
           <name>MP_AM250_Ammunition_Box_INDEX_13</name>
           <model>usa\misc\AM250\AM250.model</model>
        </node>
        <node>
           <name>MP_AM228_Motor_boat_35ft_INDEX_1</name>
           <model>usa\misc\AM228\AM228.model</model>
        </node>
        <node>
           <name>MP_AM308_Fairlead_INDEX_5</name>
           <model>usa\misc\AM308\AM308.model</model>
        </node>
        <node>
           <name>MP_AM129_Turtles_box_INDEX_13</name>
           <model>usa\misc\AM129\AM129.model</model>
        </node>
        <node>
           <name>MP_AM006_Reels_1_INDEX_1</name>
           <model>usa\misc\AM006\AM006.model</model>
        </node>
        <node>
           <name>MP_CM028_Swab_Rack_INDEX_1</name>
           <model>common\misc\CM028\CM028.model</model>
        </node>
        <node>
           <name>MP_AM129_Turtles_box_INDEX_14</name>
           <model>usa\misc\AM129\AM129.model</model>
        </node>
        <node>
           <name>MP_AM203_Crane_Deck</name>
           <model>usa\misc\AM203\AM203.model</model>
        </node>
        <node>
           <name>MP_AM049_Signal_Lamp_1_INDEX_1</name>
           <model>usa\misc\AM049\AM049.model</model>
        </node>
        <node>
           <name>MP_AM202_Crane</name>
           <model>usa\misc\AM202\AM202.model</model>
        </node>
        <node>
           <name>MP_AM010_Speaker_1_INDEX_4</name>
           <model>usa\misc\AM010\AM010.model</model>
        </node>
        <node>
           <name>MP_CM011_Fire_Fighting_Gear_INDEX_10</name>
           <model>common\misc\CM011\CM011.model</model>
        </node>
        <node>
           <name>MP_AM006_Reels_1_INDEX_2</name>
           <model>usa\misc\AM006\AM006.model</model>
        </node>
        <node>
           <name>MP_AM219_Bollard_INDEX_3</name>
           <model>usa\misc\AM219\AM219.model</model>
        </node>
        <node>
           <name>MP_AM549_Life_Buoy_INDEX_3</name>
           <model>usa\misc\AM549\AM549.model</model>
        </node>
        <node>
           <name>MP_CM012_Fire_Hose_Rack_1_INDEX_10</name>
           <model>common\misc\CM012\CM012.model</model>
        </node>
        <node>
           <name>MP_CM051_Fire_Fighting_Gear_INDEX_2</name>
           <model>common\misc\CM051\CM051.model</model>
        </node>
        <node>
           <name>MP_AM374_Fender_INDEX_2</name>
           <model>usa\misc\AM374\AM374.model</model>
        </node>
        <node>
           <name>MP_CM012_Fire_Hose_Rack_1_INDEX_11</name>
           <model>common\misc\CM012\CM012.model</model>
        </node>
        <node>
           <name>MP_AM038_Searchlight_600mm_INDEX_1</name>
           <model>usa\misc\AM038\AM038.model</model>
        </node>
        <node>
           <name>MP_CM013_Fire_Hose_Rack_2_INDEX_2</name>
           <model>common\misc\CM013\CM013.model</model>
        </node>
        <node>
           <name>MP_AM374_Fender_INDEX_3</name>
           <model>usa\misc\AM374\AM374.model</model>
        </node>
        <node>
           <name>MP_AM233_Ammunition_Box_INDEX_3</name>
           <model>usa\misc\AM233\AM233.model</model>
        </node>
        <node>
           <name>MP_AM129_Turtles_box_INDEX_15</name>
           <model>usa\misc\AM129\AM129.model</model>
        </node>
        <node>
           <name>MP_AM308_Fairlead_INDEX_6</name>
           <model>usa\misc\AM308\AM308.model</model>
        </node>
        <node>
           <name>MP_CM013_Fire_Hose_Rack_2_INDEX_3</name>
           <model>common\misc\CM013\CM013.model</model>
        </node>
        <node>
           <name>MP_AM306_Hatch_INDEX_4</name>
           <model>usa\misc\AM306\AM306.model</model>
        </node>
        <node>
           <name>MP_CM011_Fire_Fighting_Gear_INDEX_11</name>
           <model>common\misc\CM011\CM011.model</model>
        </node>
        <node>
           <name>MP_AM129_Turtles_box_INDEX_16</name>
           <model>usa\misc\AM129\AM129.model</model>
        </node>
        <node>
           <name>MP_AM306_Hatch_INDEX_5</name>
           <model>usa\misc\AM306\AM306.model</model>
        </node>
        <node>
           <name>MP_AM071_Signal_Lamp_2_INDEX_1</name>
           <model>usa\misc\AM071\AM071.model</model>
        </node>
        <node>
           <name>MP_CM011_Fire_Fighting_Gear_INDEX_12</name>
           <model>common\misc\CM011\CM011.model</model>
        </node>
        <node>
           <name>MP_AM212_Ventilation</name>
           <model>usa\misc\AM212\AM212.model</model>
        </node>
        <node>
           <name>MP_AM288_Franklin_Life_Buoy</name>
           <model>usa\misc\AM288\AM288.model</model>
        </node>
        <node>
           <name>MP_AM212_Ventilation_INDEX_1</name>
           <model>usa\misc\AM212\AM212.model</model>
        </node>
        <node>
           <name>MP_AM129_Turtles_box_INDEX_17</name>
           <model>usa\misc\AM129\AM129.model</model>
        </node>
        <node>
           <name>MP_AM129_Turtles_box_INDEX_18</name>
           <model>usa\misc\AM129\AM129.model</model>
        </node>
        <node>
           <name>MP_CM011_Fire_Fighting_Gear_INDEX_13</name>
           <model>common\misc\CM011\CM011.model</model>
        </node>
        <node>
           <name>MP_AM219_Bollard_INDEX_4</name>
           <model>usa\misc\AM219\AM219.model</model>
        </node>
        <node>
           <name>MP_AM223_Boat_Winch_INDEX_1</name>
           <model>usa\misc\AM223\AM223.model</model>
        </node>
        <node>
           <name>MP_AM023_Hatch_1_INDEX_1</name>
           <model>usa\misc\AM023\AM023.model</model>
        </node>
        <node>
           <name>MP_AM461_6pdr_Saluting_Gun_INDEX_3</name>
           <model>usa\misc\AM461\AM461.model</model>
        </node>
        <node>
           <name>MP_AM129_Turtles_box_INDEX_19</name>
           <model>usa\misc\AM129\AM129.model</model>
        </node>
        <node>
           <name>MP_AM350_Filling_connection_INDEX_3</name>
           <model>usa\misc\AM350\AM350.model</model>
        </node>
        <node>
           <name>MP_AM023_Hatch_1_INDEX_2</name>
           <model>usa\misc\AM023\AM023.model</model>
        </node>
        <node>
           <name>MP_AM071_Signal_Lamp_2_INDEX_2</name>
           <model>usa\misc\AM071\AM071.model</model>
        </node>
        <node>
           <name>MP_AM203_Crane_Deck_INDEX_1</name>
           <model>usa\misc\AM203\AM203.model</model>
        </node>
        <node>
           <name>MP_AM202_Crane_INDEX_1</name>
           <model>usa\misc\AM202\AM202.model</model>
        </node>
        <node>
           <name>MP_AM151_Gyro_Repeater_INDEX_1</name>
           <model>usa\misc\AM151\AM151.model</model>
        </node>
        <node>
           <name>MP_AM306_Hatch_INDEX_6</name>
           <model>usa\misc\AM306\AM306.model</model>
        </node>
        <node>
           <name>MP_AM229_Launch_50ft_INDEX_1</name>
           <model>usa\misc\AM229\AM229.model</model>
        </node>
        <node>
           <name>MP_AM308_Fairlead_INDEX_7</name>
           <model>usa\misc\AM308\AM308.model</model>
        </node>
        <node>
           <name>MP_AM071_Signal_Lamp_2_INDEX_3</name>
           <model>usa\misc\AM071\AM071.model</model>
        </node>
        <node>
           <name>MP_AM374_Fender_INDEX_4</name>
           <model>usa\misc\AM374\AM374.model</model>
        </node>
        <node>
           <name>MP_AM129_Turtles_box_INDEX_20</name>
           <model>usa\misc\AM129\AM129.model</model>
        </node>
        <node>
           <name>MP_AM230_Launch_40ft_INDEX_1</name>
           <model>usa\misc\AM230\AM230.model</model>
        </node>
        <node>
           <name>MP_AM308_Fairlead_INDEX_8</name>
           <model>usa\misc\AM308\AM308.model</model>
        </node>
        <node>
           <name>MP_AM157_Telephone</name>
           <model>usa\misc\AM157\AM157.model</model>
        </node>
        <node>
           <name>MP_AM077_Paravane_INDEX_1</name>
           <model>usa\misc\AM077\AM077.model</model>
        </node>
        <node>
           <name>MP_CM011_Fire_Fighting_Gear_INDEX_14</name>
           <model>common\misc\CM011\CM011.model</model>
        </node>
        <node>
           <name>MP_AM288_Franklin_Life_Buoy_INDEX_1</name>
           <model>usa\misc\AM288\AM288.model</model>
        </node>
        <node>
           <name>MP_AM308_Fairlead_INDEX_9</name>
           <model>usa\misc\AM308\AM308.model</model>
        </node>
        <node>
           <name>MP_AM129_Turtles_box_INDEX_21</name>
           <model>usa\misc\AM129\AM129.model</model>
        </node>
        <node>
           <name>MP_AM129_Turtles_box_INDEX_22</name>
           <model>usa\misc\AM129\AM129.model</model>
        </node>
        <node>
           <name>MP_CM010_Fire_Hose_Reel_INDEX_3</name>
           <model>common\misc\CM010\CM010.model</model>
        </node>
        <node>
           <name>MP_AM306_Hatch_INDEX_7</name>
           <model>usa\misc\AM306\AM306.model</model>
        </node>
        <node>
           <name>MP_CM012_Fire_Hose_Rack_1_INDEX_12</name>
           <model>common\misc\CM012\CM012.model</model>
        </node>
        <node>
           <name>MP_AM006_Reels_1_INDEX_3</name>
           <model>usa\misc\AM006\AM006.model</model>
        </node>
        <node>
           <name>MP_AM479_6_Fuel_at_sea_hose</name>
           <model>usa\misc\AM479\AM479.model</model>
        </node>
        <node>
           <name>MP_AM129_Turtles_box_INDEX_23</name>
           <model>usa\misc\AM129\AM129.model</model>
        </node>
        <node>
           <name>MP_AM219_Bollard_INDEX_5</name>
           <model>usa\misc\AM219\AM219.model</model>
        </node>
        <node>
           <name>MP_CM011_Fire_Fighting_Gear_INDEX_15</name>
           <model>common\misc\CM011\CM011.model</model>
        </node>
        <node>
           <name>MP_CM012_Fire_Hose_Rack_1_INDEX_13</name>
           <model>common\misc\CM012\CM012.model</model>
        </node>
        <node>
           <name>MP_AM010_Speaker_1_INDEX_5</name>
           <model>usa\misc\AM010\AM010.model</model>
        </node>
        <node>
           <name>MP_AM170_Flag_Box_2_INDEX_1</name>
           <model>usa\misc\AM170\AM170.model</model>
        </node>
        <node>
           <name>MP_CM004_Barbette_Out</name>
           <model>common\misc\CM004\CM004.model</model>
        </node>
        <node>
           <name>HP_NoseWave_Speed</name>
           <model>UNKNOWN_ITEM</model>
        </node>
        <node>
           <name>HP_Fire_Burn_2</name>
           <model>UNKNOWN_ITEM</model>
        </node>
    </midfront>
    <midback>
      <model>usa\ship\battleship\ASB011_Colorado_1921\ASB011_Colorado_1921_MidBack_ports.model</model>
        <node>
           <name>HP_AD_4</name>
           <model>usa\director\AD054_Director_Mk7\AD054_Director_Mk7.model</model>
        </node>
        <node>
           <name>HP_AD_5</name>
           <model>usa\director\AD054_Director_Mk7\AD054_Director_Mk7.model</model>
        </node>
        <node>
           <name>HP_AD_6</name>
           <model>usa\director\AD055_Director_Mk11\AD055_Director_Mk11.model</model>
        </node>
        <node>
           <name>HP_AGM_3</name>
           <model>usa\gun\main\AGM059_16in45_Mk1\AGM059_16in45_Mk1.model</model>
        </node>
        <node>
           <name>HP_AGM_4</name>
           <model>usa\gun\main\AGM059_16in45_Mk1\AGM059_16in45_Mk1.model</model>
        </node>
        <node>
           <name>MP_AM374_Fender</name>
           <model>usa\misc\AM374\AM374.model</model>
        </node>
        <node>
           <name>MP_AM210_Ventilation</name>
           <model>usa\misc\AM210\AM210.model</model>
        </node>
        <node>
           <name>MP_AM210_Ventilation_INDEX_1</name>
           <model>usa\misc\AM210\AM210.model</model>
        </node>
        <node>
           <name>MP_AM024_Hatch_2</name>
           <model>usa\misc\AM024\AM024.model</model>
        </node>
        <node>
           <name>MP_AM049_Signal_Lamp_1</name>
           <model>usa\misc\AM049\AM049.model</model>
        </node>
        <node>
           <name>MP_AM308_Fairlead</name>
           <model>usa\misc\AM308\AM308.model</model>
        </node>
        <node>
           <name>MP_CM025_Stairway_Big_R</name>
           <model>common\misc\CM025\CM025.model</model>
        </node>
        <node>
           <name>MP_AM549_Life_Buoy</name>
           <model>usa\misc\AM549\AM549.model</model>
        </node>
        <node>
           <name>MP_AM129_Turtles_box</name>
           <model>usa\misc\AM129\AM129.model</model>
        </node>
        <node>
           <name>MP_AM308_Fairlead_INDEX_1</name>
           <model>usa\misc\AM308\AM308.model</model>
        </node>
        <node>
           <name>MP_AM549_Life_Buoy_INDEX_1</name>
           <model>usa\misc\AM549\AM549.model</model>
        </node>
        <node>
           <name>MP_AM307_Hatch</name>
           <model>usa\misc\AM307\AM307.model</model>
        </node>
        <node>
           <name>MP_AM225_Searchlight_900mm</name>
           <model>usa\misc\AM225\AM225.model</model>
        </node>
        <node>
           <name>MP_AM129_Turtles_box_INDEX_1</name>
           <model>usa\misc\AM129\AM129.model</model>
        </node>
        <node>
           <name>MP_AM223_Boat_Winch</name>
           <model>usa\misc\AM223\AM223.model</model>
        </node>
        <node>
           <name>MP_CM011_Fire_Fighting_Gear</name>
           <model>common\misc\CM011\CM011.model</model>
        </node>
        <node>
           <name>MP_AM285_Hatch</name>
           <model>usa\misc\AM285\AM285.model</model>
        </node>
        <node>
           <name>MP_AM092_Sail_whaleboat_28ft</name>
           <model>usa\misc\AM092\AM092.model</model>
        </node>
        <node>
           <name>MP_AM308_Fairlead_INDEX_2</name>
           <model>usa\misc\AM308\AM308.model</model>
        </node>
        <node>
           <name>MP_AM049_Signal_Lamp_1_INDEX_1</name>
           <model>usa\misc\AM049\AM049.model</model>
        </node>
        <node>
           <name>MP_CM030_Swab_Rack_2</name>
           <model>common\misc\CM030\CM030.model</model>
        </node>
        <node>
           <name>MP_AM306_Hatch</name>
           <model>usa\misc\AM306\AM306.model</model>
        </node>
        <node>
           <name>MP_CM011_Fire_Fighting_Gear_INDEX_1</name>
           <model>common\misc\CM011\CM011.model</model>
        </node>
        <node>
           <name>MP_AM306_Hatch_INDEX_1</name>
           <model>usa\misc\AM306\AM306.model</model>
        </node>
        <node>
           <name>MP_AM549_Life_Buoy_INDEX_2</name>
           <model>usa\misc\AM549\AM549.model</model>
        </node>
        <node>
           <name>MP_AM092_Sail_whaleboat_28ft_INDEX_1</name>
           <model>usa\misc\AM092\AM092.model</model>
        </node>
        <node>
           <name>MP_AM374_Fender_INDEX_1</name>
           <model>usa\misc\AM374\AM374.model</model>
        </node>
        <node>
           <name>MP_AM049_Signal_Lamp_1_INDEX_2</name>
           <model>usa\misc\AM049\AM049.model</model>
        </node>
        <node>
           <name>MP_AM307_Hatch_INDEX_1</name>
           <model>usa\misc\AM307\AM307.model</model>
        </node>
        <node>
           <name>MP_CM011_Fire_Fighting_Gear_INDEX_2</name>
           <model>common\misc\CM011\CM011.model</model>
        </node>
        <node>
           <name>MP_AM036_Range_Concentration_Dia</name>
           <model>usa\misc\AM036\AM036.model</model>
        </node>
        <node>
           <name>MP_AM219_Bollard</name>
           <model>usa\misc\AM219\AM219.model</model>
        </node>
        <node>
           <name>MP_CM011_Fire_Fighting_Gear_INDEX_3</name>
           <model>common\misc\CM011\CM011.model</model>
        </node>
        <node>
           <name>MP_AM374_Fender_INDEX_2</name>
           <model>usa\misc\AM374\AM374.model</model>
        </node>
        <node>
           <name>MP_AM350_Filling_connection</name>
           <model>usa\misc\AM350\AM350.model</model>
        </node>
        <node>
           <name>MP_AM374_Fender_INDEX_3</name>
           <model>usa\misc\AM374\AM374.model</model>
        </node>
        <node>
           <name>MP_AM549_Life_Buoy_INDEX_3</name>
           <model>usa\misc\AM549\AM549.model</model>
        </node>
        <node>
           <name>MP_AM219_Bollard_INDEX_1</name>
           <model>usa\misc\AM219\AM219.model</model>
        </node>
        <node>
           <name>MP_AM308_Fairlead_INDEX_3</name>
           <model>usa\misc\AM308\AM308.model</model>
        </node>
        <node>
           <name>MP_AM210_Ventilation_INDEX_2</name>
           <model>usa\misc\AM210\AM210.model</model>
        </node>
        <node>
           <name>MP_AM046_Running_Lights_B</name>
           <model>usa\misc\AM046\AM046.model</model>
        </node>
        <node>
           <name>MP_AM210_Ventilation_INDEX_3</name>
           <model>usa\misc\AM210\AM210.model</model>
        </node>
        <node>
           <name>MP_AM219_Bollard_INDEX_2</name>
           <model>usa\misc\AM219\AM219.model</model>
        </node>
        <node>
           <name>MP_AM307_Hatch_INDEX_2</name>
           <model>usa\misc\AM307\AM307.model</model>
        </node>
        <node>
           <name>MP_AM024_Hatch_2_INDEX_1</name>
           <model>usa\misc\AM024\AM024.model</model>
        </node>
        <node>
           <name>MP_AM305_Capstan</name>
           <model>usa\misc\AM305\AM305.model</model>
        </node>
        <node>
           <name>MP_AM049_Signal_Lamp_1_INDEX_3</name>
           <model>usa\misc\AM049\AM049.model</model>
        </node>
        <node>
           <name>MP_AM225_Searchlight_900mm_INDEX_1</name>
           <model>usa\misc\AM225\AM225.model</model>
        </node>
        <node>
           <name>MP_AM219_Bollard_INDEX_3</name>
           <model>usa\misc\AM219\AM219.model</model>
        </node>
        <node>
           <name>MP_AM549_Life_Buoy_INDEX_4</name>
           <model>usa\misc\AM549\AM549.model</model>
        </node>
        <node>
           <name>MP_CM004_Barbette_Out</name>
           <model>common\misc\CM004\CM004.model</model>
        </node>
        <node>
           <name>MP_AM225_Searchlight_900mm_INDEX_2</name>
           <model>usa\misc\AM225\AM225.model</model>
        </node>
        <node>
           <name>MP_AM308_Fairlead_INDEX_4</name>
           <model>usa\misc\AM308\AM308.model</model>
        </node>
        <node>
           <name>MP_AM307_Hatch_INDEX_3</name>
           <model>usa\misc\AM307\AM307.model</model>
        </node>
        <node>
           <name>MP_AM210_Ventilation_INDEX_4</name>
           <model>usa\misc\AM210\AM210.model</model>
        </node>
        <node>
           <name>MP_AM210_Ventilation_INDEX_5</name>
           <model>usa\misc\AM210\AM210.model</model>
        </node>
        <node>
           <name>MP_AM200_Screened_speed_light</name>
           <model>usa\misc\AM200\AM200.model</model>
        </node>
        <node>
           <name>MP_AM225_Searchlight_900mm_INDEX_3</name>
           <model>usa\misc\AM225\AM225.model</model>
        </node>
        <node>
           <name>MP_CM004_Barbette_Out_INDEX_1</name>
           <model>common\misc\CM004\CM004.model</model>
        </node>
        <node>
           <name>MP_AM549_Life_Buoy_INDEX_5</name>
           <model>usa\misc\AM549\AM549.model</model>
        </node>
        <node>
           <name>MP_CM012_Fire_Hose_Rack_1</name>
           <model>common\misc\CM012\CM012.model</model>
        </node>
        <node>
           <name>MP_AM210_Ventilation_INDEX_6</name>
           <model>usa\misc\AM210\AM210.model</model>
        </node>
        <node>
           <name>MP_AM223_Boat_Winch_INDEX_1</name>
           <model>usa\misc\AM223\AM223.model</model>
        </node>
        <node>
           <name>MP_CM024_Stairway_Big_L</name>
           <model>common\misc\CM024\CM024.model</model>
        </node>
        <node>
           <name>MP_AM285_Hatch_INDEX_1</name>
           <model>usa\misc\AM285\AM285.model</model>
        </node>
        <node>
           <name>MP_AM308_Fairlead_INDEX_5</name>
           <model>usa\misc\AM308\AM308.model</model>
        </node>
        <node>
           <name>MP_CM012_Fire_Hose_Rack_1_INDEX_1</name>
           <model>common\misc\CM012\CM012.model</model>
        </node>
        <node>
           <name>MP_AM350_Filling_connection_INDEX_1</name>
           <model>usa\misc\AM350\AM350.model</model>
        </node>
        <node>
           <name>HP_flag_nation</name>
           <model>usa\misc\AM032\AM032.model</model>
        </node>
        <node>
           <name>HP_Fire_Burn_3</name>
           <model>UNKNOWN_ITEM</model>
        </node>
        <node>
           <name>HP_Smoke_2</name>
           <model>UNKNOWN_ITEM</model>
        </node>
        <node>
           <name>HP_Smoke_1</name>
           <model>UNKNOWN_ITEM</model>
        </node>
    </midback>
    <stern>
      <model>usa\ship\battleship\ASB011_Colorado_1921\ASB011_Colorado_1921_Stern_ports.model</model>
        <node>
           <name>HP_AC_1</name>
           <model>usa\catapult\AC001_Catapult_1\AC001_Catapult_1.model</model>
        </node>
        <node>
           <name>MP_AM549_Life_Buoy</name>
           <model>usa\misc\AM549\AM549.model</model>
        </node>
        <node>
           <name>MP_AM549_Life_Buoy_INDEX_1</name>
           <model>usa\misc\AM549\AM549.model</model>
        </node>
        <node>
           <name>MP_AM306_Hatch</name>
           <model>usa\misc\AM306\AM306.model</model>
        </node>
        <node>
           <name>MP_AM024_Hatch_2</name>
           <model>usa\misc\AM024\AM024.model</model>
        </node>
        <node>
           <name>MP_CM001_Propeller3_L</name>
           <model>common\misc\CM001\CM001.model</model>
        </node>
        <node>
           <name>MP_AM024_Hatch_2_INDEX_1</name>
           <model>usa\misc\AM024\AM024.model</model>
        </node>
        <node>
           <name>MP_AM219_Bollard</name>
           <model>usa\misc\AM219\AM219.model</model>
        </node>
        <node>
           <name>MP_AM308_Fairlead</name>
           <model>usa\misc\AM308\AM308.model</model>
        </node>
        <node>
           <name>MP_AM549_Life_Buoy_INDEX_2</name>
           <model>usa\misc\AM549\AM549.model</model>
        </node>
        <node>
           <name>MP_CM032_Propeller3_R</name>
           <model>common\misc\CM032\CM032.model</model>
        </node>
        <node>
           <name>MP_AM306_Hatch_INDEX_1</name>
           <model>usa\misc\AM306\AM306.model</model>
        </node>
        <node>
           <name>MP_AM219_Bollard_INDEX_1</name>
           <model>usa\misc\AM219\AM219.model</model>
        </node>
        <node>
           <name>MP_AM212_Ventilation</name>
           <model>usa\misc\AM212\AM212.model</model>
        </node>
        <node>
           <name>MP_AM308_Fairlead_INDEX_1</name>
           <model>usa\misc\AM308\AM308.model</model>
        </node>
        <node>
           <name>MP_AM212_Ventilation_INDEX_1</name>
           <model>usa\misc\AM212\AM212.model</model>
        </node>
        <node>
           <name>MP_AM219_Bollard_INDEX_2</name>
           <model>usa\misc\AM219\AM219.model</model>
        </node>
        <node>
           <name>MP_CM032_Propeller3_R_INDEX_1</name>
           <model>common\misc\CM032\CM032.model</model>
        </node>
        <node>
           <name>MP_AM024_Hatch_2_INDEX_2</name>
           <model>usa\misc\AM024\AM024.model</model>
        </node>
        <node>
           <name>MP_AM024_Hatch_2_INDEX_3</name>
           <model>usa\misc\AM024\AM024.model</model>
        </node>
        <node>
           <name>MP_AM308_Fairlead_INDEX_2</name>
           <model>usa\misc\AM308\AM308.model</model>
        </node>
        <node>
           <name>MP_AM549_Life_Buoy_INDEX_3</name>
           <model>usa\misc\AM549\AM549.model</model>
        </node>
        <node>
           <name>MP_AM049_Signal_Lamp_1</name>
           <model>usa\misc\AM049\AM049.model</model>
        </node>
        <node>
           <name>MP_AM219_Bollard_INDEX_3</name>
           <model>usa\misc\AM219\AM219.model</model>
        </node>
        <node>
           <name>MP_CM001_Propeller3_L_INDEX_1</name>
           <model>common\misc\CM001\CM001.model</model>
        </node>
        <node>
           <name>MP_AM308_Fairlead_INDEX_3</name>
           <model>usa\misc\AM308\AM308.model</model>
        </node>
        <node>
           <name>HP_Fire_Burn_4</name>
           <model>UNKNOWN_ITEM</model>
        </node>
    </stern>
  </sections>
</ASB011_Colorado_1921.xml>
