<JSC015_Tatsuta_1919.xml>
  <sections>
    <bow>
      <model>japan\ship\cruiser\JSC015_Tatsuta_1919\JSC015_Tatsuta_1919_bow_ports.model</model>
        <node>
           <name>MP_JM158_Main_Wheel</name>
           <model>japan\misc\JM158\JM158.model</model>
        </node>
        <node>
           <name>MP_JM189_Compass_Binnacle</name>
           <model>japan\misc\JM189\JM189.model</model>
        </node>
        <node>
           <name>MP_JM166JSC015Bow_0_0</name>
           <model>japan\misc\JM166JSC015Bow\JM166JSC015Bow.model</model>
        </node>
        <node>
           <name>MP_JM165_Telegraph_Engine</name>
           <model>japan\misc\JM165\JM165.model</model>
        </node>
        <node>
           <name>MP_JM014JSC015Bow_0_0</name>
           <model>japan\misc\JM014JSC015Bow\JM014JSC015Bow.model</model>
        </node>
        <node>
           <name>MP_JM006JSC015Bow_0_0</name>
           <model>japan\misc\JM006JSC015Bow\JM006JSC015Bow.model</model>
        </node>
        <node>
           <name>MP_JM033JSC015Bow_0_0</name>
           <model>japan\misc\JM033JSC015Bow\JM033JSC015Bow.model</model>
        </node>
        <node>
           <name>MP_JM125JSC015Bow_0_0</name>
           <model>japan\misc\JM125JSC015Bow\JM125JSC015Bow.model</model>
        </node>
        <node>
           <name>MP_JM027JSC015Bow_0_0</name>
           <model>japan\misc\JM027JSC015Bow\JM027JSC015Bow.model</model>
        </node>
        <node>
           <name>MP_JM028JSC015Bow_0_0</name>
           <model>japan\misc\JM028JSC015Bow\JM028JSC015Bow.model</model>
        </node>
        <node>
           <name>MP_CM012JSC015Bow_0_0</name>
           <model>common\misc\CM012JSC015Bow\CM012JSC015Bow.model</model>
        </node>
        <node>
           <name>MP_JM023_Ventilators_7</name>
           <model>japan\misc\JM023\JM023.model</model>
        </node>
        <node>
           <name>MP_JM024JSC015Bow_0_0</name>
           <model>japan\misc\JM024JSC015Bow\JM024JSC015Bow.model</model>
        </node>
        <node>
           <name>MP_JM191JSC015Bow_0_0</name>
           <model>japan\misc\JM191JSC015Bow\JM191JSC015Bow.model</model>
        </node>
        <node>
           <name>MP_JM202JSC015Bow_0_0</name>
           <model>japan\misc\JM202JSC015Bow\JM202JSC015Bow.model</model>
        </node>
        <node>
           <name>MP_CM011JSC015Bow_0_0</name>
           <model>common\misc\CM011JSC015Bow\CM011JSC015Bow.model</model>
        </node>
        <node>
           <name>MP_JM242_Speaker_tube_group_R</name>
           <model>japan\misc\JM242\JM242.model</model>
        </node>
        <node>
           <name>MP_JM237JSC015Bow_0_0</name>
           <model>japan\misc\JM237JSC015Bow\JM237JSC015Bow.model</model>
        </node>
        <node>
           <name>MP_JM238_Speaker_tube_2</name>
           <model>japan\misc\JM238\JM238.model</model>
        </node>
        <node>
           <name>MP_JM239JSC015Bow_0_0</name>
           <model>japan\misc\JM239JSC015Bow\JM239JSC015Bow.model</model>
        </node>
        <node>
           <name>MP_JM244_Gyro_2</name>
           <model>japan\misc\JM244\JM244.model</model>
        </node>
        <node>
           <name>MP_CM086JSC015Bow_0_0</name>
           <model>common\misc\CM086JSC015Bow\CM086JSC015Bow.model</model>
        </node>
        <node>
           <name>MP_CM087JSC015Bow_0_0</name>
           <model>common\misc\CM087JSC015Bow\CM087JSC015Bow.model</model>
        </node>
        <node>
           <name>MP_CM056_Ships_bell</name>
           <model>common\misc\CM056\CM056.model</model>
        </node>
        <node>
           <name>MP_JM111_Deck_Hatch_13</name>
           <model>japan\misc\JM111\JM111.model</model>
        </node>
        <node>
           <name>MP_JM278_Running_Lights_Oil_L</name>
           <model>japan\misc\JM278\JM278.model</model>
        </node>
        <node>
           <name>MP_JM279_Running_Lights_Oil_R</name>
           <model>japan\misc\JM279\JM279.model</model>
        </node>
        <node>
           <name>MP_JM146_Searchlight_900mm</name>
           <model>japan\misc\JM146\JM146.model</model>
        </node>
        <node>
           <name>MP_JM010JSC015Bow_0_0</name>
           <model>japan\misc\JM010JSC015Bow\JM010JSC015Bow.model</model>
        </node>
        <node>
           <name>MP_CM060JSC015Bow_0_0</name>
           <model>common\misc\CM060JSC015Bow\CM060JSC015Bow.model</model>
        </node>
        <node>
           <name>MP_JM099_Signal_Lamp_1</name>
           <model>japan\misc\JM099\JM099.model</model>
        </node>
        <node>
           <name>MP_JM059JSC015Bow_0_0</name>
           <model>japan\misc\JM059JSC015Bow\JM059JSC015Bow.model</model>
        </node>
        <node>
           <name>MP_JM011_Day_Light</name>
           <model>japan\misc\JM011\JM011.model</model>
        </node>
        <node>
           <name>MP_JM309JSC015Bow_0_0</name>
           <model>japan\misc\JM309JSC015Bow\JM309JSC015Bow.model</model>
        </node>
        <node>
           <name>MP_JM308JSC015Bow_0_0</name>
           <model>japan\misc\JM308JSC015Bow\JM308JSC015Bow.model</model>
        </node>
        <node>
           <name>MP_JM307JSC015Bow_0_0</name>
           <model>japan\misc\JM307JSC015Bow\JM307JSC015Bow.model</model>
        </node>
        <node>
           <name>MP_JM306_Chrysanthemum_mid</name>
           <model>japan\misc\JM306\JM306.model</model>
        </node>
        <node>
           <name>HP_JD_1</name>
           <model>japan\director\JD061_Torpedo_Director\JD061_Torpedo_Director.model</model>
        </node>
        <node>
           <name>HP_JD_2</name>
           <model>japan\director\JD061_Torpedo_Director\JD061_Torpedo_Director.model</model>
        </node>
        <node>
           <name>HP_JD_3</name>
           <model>japan\director\JD074_Director_Type_13\JD074_Director_Type_13.model</model>
        </node>
        <node>
           <name>HP_JF_1</name>
           <model>japan\finder\JF054_Rangefinder_2_5m\JF054_Rangefinder_2_5m.model</model>
        </node>
        <node>
           <name>HP_JGM_1</name>
           <model>japan\gun\main\JGM035_140mm50_Type_3Year\JGM035_140mm50_Type_3Year.model</model>
        </node>
        <node>
           <name>HP_JGM_2</name>
           <model>japan\gun\main\JGM035_140mm50_Type_3Year\JGM035_140mm50_Type_3Year.model</model>
        </node>
        <node>
           <name>HP_flag_1</name>
           <model>japan\misc\JM001\JM001.model</model>
        </node>
        <node>
           <name>HP_flag_2</name>
           <model>japan\misc\JM001\JM001.model</model>
        </node>
        <node>
           <name>HP_flag_3</name>
           <model>japan\misc\JM001\JM001.model</model>
        </node>
        <node>
           <name>HP_flag_4</name>
           <model>japan\misc\JM001\JM001.model</model>
        </node>
        <node>
           <name>HP_Fire_Burn_1</name>
           <model>UNKNOWN_ITEM</model>
        </node>
    </bow>
    <midfront>
      <model>japan\ship\cruiser\JSC015_Tatsuta_1919\JSC015_Tatsuta_1919_MidFront_ports.model</model>
        <node>
           <name>MP_JM160_Ventilation</name>
           <model>japan\misc\JM160\JM160.model</model>
        </node>
        <node>
           <name>MP_JM161JSC015MidFront_0_0</name>
           <model>japan\misc\JM161JSC015MidFront\JM161JSC015MidFront.model</model>
        </node>
        <node>
           <name>MP_JM163_Crane</name>
           <model>japan\misc\JM163\JM163.model</model>
        </node>
        <node>
           <name>MP_JM002JSC015MidFront_0_0</name>
           <model>japan\misc\JM002JSC015MidFront\JM002JSC015MidFront.model</model>
        </node>
        <node>
           <name>MP_JM037JSC015MidFront_0_0</name>
           <model>japan\misc\JM037JSC015MidFront\JM037JSC015MidFront.model</model>
        </node>
        <node>
           <name>MP_JM225_Motor_Boats_9m</name>
           <model>japan\misc\JM225\JM225.model</model>
        </node>
        <node>
           <name>MP_CM012JSC015MidFront_0_0</name>
           <model>common\misc\CM012JSC015MidFront\CM012JSC015MidFront.model</model>
        </node>
        <node>
           <name>MP_CM013JSC015MidFront_0_0</name>
           <model>common\misc\CM013JSC015MidFront\CM013JSC015MidFront.model</model>
        </node>
        <node>
           <name>MP_CM014JSC015MidFront_0_0</name>
           <model>common\misc\CM014JSC015MidFront\CM014JSC015MidFront.model</model>
        </node>
        <node>
           <name>MP_CM008JSC015MidFront_0_0</name>
           <model>common\misc\CM008JSC015MidFront\CM008JSC015MidFront.model</model>
        </node>
        <node>
           <name>MP_JM023JSC015MidFront_0_0</name>
           <model>japan\misc\JM023JSC015MidFront\JM023JSC015MidFront.model</model>
        </node>
        <node>
           <name>MP_JM053JSC015MidFront_0_0</name>
           <model>japan\misc\JM053JSC015MidFront\JM053JSC015MidFront.model</model>
        </node>
        <node>
           <name>MP_JM149JSC015MidFront_0_0</name>
           <model>japan\misc\JM149JSC015MidFront\JM149JSC015MidFront.model</model>
        </node>
        <node>
           <name>MP_JM191JSC015MidFront_0_0</name>
           <model>japan\misc\JM191JSC015MidFront\JM191JSC015MidFront.model</model>
        </node>
        <node>
           <name>MP_JM202JSC015MidFront_0_0</name>
           <model>japan\misc\JM202JSC015MidFront\JM202JSC015MidFront.model</model>
        </node>
        <node>
           <name>MP_CM011JSC015MidFront_0_0</name>
           <model>common\misc\CM011JSC015MidFront\CM011JSC015MidFront.model</model>
        </node>
        <node>
           <name>MP_CM030_Swab_Rack_2</name>
           <model>common\misc\CM030\CM030.model</model>
        </node>
        <node>
           <name>MP_CM028_Swab_Rack</name>
           <model>common\misc\CM028\CM028.model</model>
        </node>
        <node>
           <name>MP_JM219JSC015MidFront_0_0</name>
           <model>japan\misc\JM219JSC015MidFront\JM219JSC015MidFront.model</model>
        </node>
        <node>
           <name>MP_JM143JSC015MidFront_0_0</name>
           <model>japan\misc\JM143JSC015MidFront\JM143JSC015MidFront.model</model>
        </node>
        <node>
           <name>MP_JM060JSC015MidFront_0_0</name>
           <model>japan\misc\JM060JSC015MidFront\JM060JSC015MidFront.model</model>
        </node>
        <node>
           <name>MP_CM082JSC015MidFront_0_0</name>
           <model>common\misc\CM082JSC015MidFront\CM082JSC015MidFront.model</model>
        </node>
        <node>
           <name>HP_JGT_1</name>
           <model>japan\gun\torpedo\JGT108_533mm_Type_6\JGT108_533mm_Type_6.model</model>
        </node>
        <node>
           <name>HP_JGA_1</name>
           <model>japan\gun\aaircraft\JGA081_M_14_Schwarzlose_6_5mm\JGA081_M_14_Schwarzlose_6_5mm.model</model>
        </node>
        <node>
           <name>HP_JGA_2</name>
           <model>japan\gun\aaircraft\JGA081_M_14_Schwarzlose_6_5mm\JGA081_M_14_Schwarzlose_6_5mm.model</model>
        </node>
        <node>
           <name>HP_JGT_2</name>
           <model>japan\gun\torpedo\JGT108_533mm_Type_6\JGT108_533mm_Type_6.model</model>
        </node>
        <node>
           <name>HP_Smoke_1</name>
           <model>UNKNOWN_ITEM</model>
        </node>
        <node>
           <name>HP_Smoke_2</name>
           <model>UNKNOWN_ITEM</model>
        </node>
        <node>
           <name>HP_Smoke_3</name>
           <model>UNKNOWN_ITEM</model>
        </node>
        <node>
           <name>HP_Fire_Burn_2</name>
           <model>UNKNOWN_ITEM</model>
        </node>
        <node>
           <name>HP_NoseWave_Speed</name>
           <model>UNKNOWN_ITEM</model>
        </node>
    </midfront>
    <midback>
      <model>japan\ship\cruiser\JSC015_Tatsuta_1919\JSC015_Tatsuta_1919_MidBack_ports.model</model>
        <node>
           <name>MP_JM014JSC015MidBack_0_0</name>
           <model>japan\misc\JM014JSC015MidBack\JM014JSC015MidBack.model</model>
        </node>
        <node>
           <name>MP_CM012JSC015MidBack_0_0</name>
           <model>common\misc\CM012JSC015MidBack\CM012JSC015MidBack.model</model>
        </node>
        <node>
           <name>MP_CM013JSC015MidBack_0_0</name>
           <model>common\misc\CM013JSC015MidBack\CM013JSC015MidBack.model</model>
        </node>
        <node>
           <name>MP_CM008JSC015MidBack_0_0</name>
           <model>common\misc\CM008JSC015MidBack\CM008JSC015MidBack.model</model>
        </node>
        <node>
           <name>MP_JM022_Ventilators_6</name>
           <model>japan\misc\JM022\JM022.model</model>
        </node>
        <node>
           <name>MP_JM024_Ventilators_8</name>
           <model>japan\misc\JM024\JM024.model</model>
        </node>
        <node>
           <name>MP_JM023_Ventilators_7</name>
           <model>japan\misc\JM023\JM023.model</model>
        </node>
        <node>
           <name>MP_JM053_Deck_Hatch_2</name>
           <model>japan\misc\JM053\JM053.model</model>
        </node>
        <node>
           <name>MP_JM127_Ventilators_11</name>
           <model>japan\misc\JM127\JM127.model</model>
        </node>
        <node>
           <name>MP_JM015_Reels_3</name>
           <model>japan\misc\JM015\JM015.model</model>
        </node>
        <node>
           <name>MP_JM149JSC015MidBack_0_0</name>
           <model>japan\misc\JM149JSC015MidBack\JM149JSC015MidBack.model</model>
        </node>
        <node>
           <name>MP_JM191JSC015MidBack_0_0</name>
           <model>japan\misc\JM191JSC015MidBack\JM191JSC015MidBack.model</model>
        </node>
        <node>
           <name>MP_CM032_Propeller3_R</name>
           <model>common\misc\CM032\CM032.model</model>
        </node>
        <node>
           <name>MP_CM059JSC015MidBack_0_0</name>
           <model>common\misc\CM059JSC015MidBack\CM059JSC015MidBack.model</model>
        </node>
        <node>
           <name>MP_JM202JSC015MidBack_0_0</name>
           <model>japan\misc\JM202JSC015MidBack\JM202JSC015MidBack.model</model>
        </node>
        <node>
           <name>MP_CM011JSC015MidBack_0_0</name>
           <model>common\misc\CM011JSC015MidBack\CM011JSC015MidBack.model</model>
        </node>
        <node>
           <name>MP_JM158_Main_Wheel</name>
           <model>japan\misc\JM158\JM158.model</model>
        </node>
        <node>
           <name>MP_JM189_Compass_Binnacle</name>
           <model>japan\misc\JM189\JM189.model</model>
        </node>
        <node>
           <name>MP_JM165_Telegraph_Engine</name>
           <model>japan\misc\JM165\JM165.model</model>
        </node>
        <node>
           <name>MP_JM240JSC015MidBack_0_0</name>
           <model>japan\misc\JM240JSC015MidBack\JM240JSC015MidBack.model</model>
        </node>
        <node>
           <name>MP_JM237_Speaker_tube_1</name>
           <model>japan\misc\JM237\JM237.model</model>
        </node>
        <node>
           <name>MP_JM111_Deck_Hatch_13</name>
           <model>japan\misc\JM111\JM111.model</model>
        </node>
        <node>
           <name>MP_CM001_Propeller3_L</name>
           <model>common\misc\CM001\CM001.model</model>
        </node>
        <node>
           <name>MP_JM059JSC015MidBack_0_0</name>
           <model>japan\misc\JM059JSC015MidBack\JM059JSC015MidBack.model</model>
        </node>
        <node>
           <name>MP_JM209_Searchlight_early</name>
           <model>japan\misc\JM209\JM209.model</model>
        </node>
        <node>
           <name>MP_JM006JSC015MidBack_0_0</name>
           <model>japan\misc\JM006JSC015MidBack\JM006JSC015MidBack.model</model>
        </node>
        <node>
           <name>HP_JF_2</name>
           <model>japan\finder\JF054_Rangefinder_2_5m\JF054_Rangefinder_2_5m.model</model>
        </node>
        <node>
           <name>HP_JGM_3</name>
           <model>japan\gun\main\JGM035_140mm50_Type_3Year\JGM035_140mm50_Type_3Year.model</model>
        </node>
        <node>
           <name>HP_JGM_4</name>
           <model>japan\gun\main\JGM035_140mm50_Type_3Year\JGM035_140mm50_Type_3Year.model</model>
        </node>
        <node>
           <name>HP_JGA_3</name>
           <model>japan\gun\aaircraft\JGA081_M_14_Schwarzlose_6_5mm\JGA081_M_14_Schwarzlose_6_5mm.model</model>
        </node>
        <node>
           <name>HP_Fire_Burn_3</name>
           <model>UNKNOWN_ITEM</model>
        </node>
    </midback>
    <stern>
      <model>japan\ship\cruiser\JSC015_Tatsuta_1919\JSC015_Tatsuta_1919_Stern_ports.model</model>
        <node>
           <name>MP_JM125_Signal_Lamp_3</name>
           <model>japan\misc\JM125\JM125.model</model>
        </node>
        <node>
           <name>MP_JM055JSC015Stern_0_0</name>
           <model>japan\misc\JM055JSC015Stern\JM055JSC015Stern.model</model>
        </node>
        <node>
           <name>MP_JM065JSC015Stern_0_0</name>
           <model>japan\misc\JM065JSC015Stern\JM065JSC015Stern.model</model>
        </node>
        <node>
           <name>MP_JM044_After_Capstan</name>
           <model>japan\misc\JM044\JM044.model</model>
        </node>
        <node>
           <name>MP_JM276JSC015Stern_0_0</name>
           <model>japan\misc\JM276JSC015Stern\JM276JSC015Stern.model</model>
        </node>
        <node>
           <name>MP_JM027JSC015Stern_0_0</name>
           <model>japan\misc\JM027JSC015Stern\JM027JSC015Stern.model</model>
        </node>
        <node>
           <name>MP_JM187JSC015Stern_0_0</name>
           <model>japan\misc\JM187JSC015Stern\JM187JSC015Stern.model</model>
        </node>
        <node>
           <name>MP_JM188JSC015Stern_0_0</name>
           <model>japan\misc\JM188JSC015Stern\JM188JSC015Stern.model</model>
        </node>
        <node>
           <name>MP_JM007JSC015Stern_0_0</name>
           <model>japan\misc\JM007JSC015Stern\JM007JSC015Stern.model</model>
        </node>
        <node>
           <name>MP_JM156JSC015Stern_0_0</name>
           <model>japan\misc\JM156JSC015Stern\JM156JSC015Stern.model</model>
        </node>
        <node>
           <name>MP_JM078JSC015Stern_0_0</name>
           <model>japan\misc\JM078JSC015Stern\JM078JSC015Stern.model</model>
        </node>
        <node>
           <name>MP_CM001_Propeller3_L</name>
           <model>common\misc\CM001\CM001.model</model>
        </node>
        <node>
           <name>MP_JM059JSC015Stern_0_0</name>
           <model>japan\misc\JM059JSC015Stern\JM059JSC015Stern.model</model>
        </node>
        <node>
           <name>HP_flag_nation</name>
           <model>japan\misc\JM001\JM001.model</model>
        </node>
        <node>
           <name>HP_Fire_Burn_4</name>
           <model>UNKNOWN_ITEM</model>
        </node>
    </stern>
  </sections>
</JSC015_Tatsuta_1919.xml>
