<?xml version="1.0"?>
<Frames coords="left-bottom">
	<frame x="81" y="484" width="90" height="30" innerX="0" innerY="0" frameWidth="90" frameHeight="30" path="textures/digging/back_container.png" />
	<frame x="426" y="834" width="115" height="79" innerX="31" innerY="89" frameWidth="240" frameHeight="240" path="textures/digging/bg_mine_ryusha_01.png" />
	<frame x="713" y="776" width="119" height="114" innerX="40" innerY="126" frameWidth="240" frameHeight="240" path="textures/digging/bg_mine_ryusha_02.png" />
	<frame x="839" y="776" width="111" height="109" innerX="17" innerY="9" frameWidth="240" frameHeight="240" path="textures/digging/bg_mine_ryusha_03.png" />
	<frame x="713" y="692" width="199" height="77" innerX="5" innerY="87" frameWidth="240" frameHeight="240" path="textures/digging/bg_mine_ryusha_04.png" />
	<frame x="201" y="834" width="109" height="99" innerX="25" innerY="141" frameWidth="240" frameHeight="240" path="textures/digging/bg_mine_ryusha_05.png" />
	<frame x="75" y="327" width="160" height="148" innerX="39" innerY="0" frameWidth="240" frameHeight="240" path="textures/digging/bg_mine_ryusha_06.png" />
	<frame x="691" y="5" width="240" height="240" innerX="0" innerY="0" frameWidth="240" frameHeight="240" path="textures/digging/bg_mine_tile_01.png" />
	<frame x="85" y="76" width="240" height="240" innerX="0" innerY="0" frameWidth="240" frameHeight="240" path="textures/digging/bg_mine_tile_02.png" />
	<frame x="336" y="76" width="240" height="240" innerX="0" innerY="0" frameWidth="240" frameHeight="240" path="textures/digging/bg_mine_tile_03.png" />
	<frame x="692" y="256" width="240" height="240" innerX="0" innerY="0" frameWidth="240" frameHeight="240" path="textures/digging/bg_mine_tile_04.png" />
	<frame x="598" y="311" width="5" height="5" innerX="14" innerY="14" frameWidth="116" frameHeight="116" path="textures/digging/corner_left_bottom.png" />
	<frame x="990" y="483" width="5" height="5" innerX="14" innerY="97" frameWidth="116" frameHeight="116" path="textures/digging/corner_left_top.png" />
	<frame x="1012" y="499" width="5" height="5" innerX="97" innerY="14" frameWidth="116" frameHeight="116" path="textures/digging/corner_right_bottom.png" />
	<frame x="585" y="311" width="6" height="5" innerX="96" innerY="97" frameWidth="116" frameHeight="116" path="textures/digging/corner_right_top.png" />
	<frame x="941" y="485" width="8" height="10" innerX="1" innerY="0" frameWidth="10" frameHeight="10" path="textures/digging/dcp_1.png" />
	<frame x="587" y="76" width="12" height="9" innerX="0" innerY="0" frameWidth="12" frameHeight="9" path="textures/digging/dcp_2.png" />
	<frame x="957" y="775" width="61" height="84" innerX="4" innerY="2" frameWidth="88" frameHeight="88" path="textures/digging/dcs_1.png" />
	<frame x="941" y="189" width="76" height="84" innerX="4" innerY="2" frameWidth="88" frameHeight="88" path="textures/digging/dcs_2.png" />
	<frame x="938" y="892" width="81" height="84" innerX="4" innerY="2" frameWidth="88" frameHeight="88" path="textures/digging/dcs_3.png" />
	<frame x="172" y="607" width="646" height="50" innerX="0" innerY="0" frameWidth="646" frameHeight="50" path="textures/digging/depthMeter.png" count="8">
		<triangle>13,47; 18,17; 44,36</triangle>
		<triangle>13,47; 33,49; 44,36</triangle>
		<triangle>17,15; 18,17; 44,36</triangle>
		<triangle>17,15; 44,36; 386,28</triangle>
		<triangle>44,36; 386,28; 494,36</triangle>
		<triangle>386,28; 494,36; 640,4</triangle>
		<triangle>494,36; 515,49; 640,4</triangle>
		<triangle>515,49; 638,50; 640,4</triangle>
	</frame>
	<frame x="550" y="849" width="88" height="88" innerX="0" innerY="0" frameWidth="88" frameHeight="88" path="textures/digging/dg_1.png" />
	<frame x="841" y="894" width="88" height="88" innerX="0" innerY="0" frameWidth="88" frameHeight="88" path="textures/digging/dg_2.png" />
	<frame x="649" y="901" width="88" height="88" innerX="0" innerY="0" frameWidth="88" frameHeight="88" path="textures/digging/dg_3.png" />
	<frame x="428" y="922" width="88" height="88" innerX="0" innerY="0" frameWidth="88" frameHeight="88" path="textures/digging/dg_4.png" />
	<frame x="707" y="998" width="88" height="16" innerX="14" innerY="7" frameWidth="116" frameHeight="116" path="textures/digging/dgb_bottom_2.png" />
	<frame x="31" y="813" width="20" height="21" innerX="8" innerY="9" frameWidth="116" frameHeight="116" path="textures/digging/dgb_corner_bottom_left.png" />
	<frame x="3" y="843" width="20" height="20" innerX="87" innerY="9" frameWidth="116" frameHeight="116" path="textures/digging/dgb_corner_bottom_right.png" />
	<frame x="647" y="847" width="22" height="21" innerX="8" innerY="86" frameWidth="116" frameHeight="116" path="textures/digging/dgb_corner_top_left.png" />
	<frame x="938" y="983" width="23" height="20" innerX="85" innerY="86" frameWidth="116" frameHeight="116" path="textures/digging/dgb_corner_top_right.png" />
	<frame x="103" y="926" width="88" height="88" innerX="0" innerY="0" frameWidth="88" frameHeight="88" path="textures/digging/dgs_all.png" />
	<frame x="976" y="485" width="7" height="8" innerX="0" innerY="0" frameWidth="88" frameHeight="88" path="textures/digging/dgs_left_bottom_corner.png" />
	<frame x="557" y="503" width="7" height="7" innerX="0" innerY="81" frameWidth="88" frameHeight="88" path="textures/digging/dgs_left_top_corner.png" />
	<frame x="539" y="505" width="7" height="8" innerX="81" innerY="0" frameWidth="88" frameHeight="88" path="textures/digging/dgs_right_bottom_corner.png" />
	<frame x="571" y="503" width="7" height="7" innerX="81" innerY="81" frameWidth="88" frameHeight="88" path="textures/digging/dgs_right_top_corner.png" />
	<frame x="713" y="660" width="88" height="18" innerX="14" innerY="4" frameWidth="116" frameHeight="116" path="textures/digging/dhs_s_bottom.png" />
	<frame x="527" y="948" width="74" height="67" innerX="0" innerY="0" frameWidth="74" frameHeight="67" path="textures/digging/digBox.png" />
	<frame x="705" y="507" width="98" height="102" innerX="0" innerY="0" frameWidth="99" frameHeight="102" path="textures/digging/digBox2.png" />
	<frame x="201" y="658" width="9" height="88" innerX="10" innerY="14" frameWidth="116" frameHeight="116" path="textures/digging/dl_left.png" />
	<frame x="610" y="998" width="90" height="16" innerX="13" innerY="5" frameWidth="116" frameHeight="116" path="textures/digging/dl_s_bottom.png" />
	<frame x="676" y="847" width="22" height="21" innerX="7" innerY="8" frameWidth="116" frameHeight="116" path="textures/digging/dl_s_bottom_left.png" />
	<frame x="284" y="942" width="22" height="21" innerX="86" innerY="9" frameWidth="116" frameHeight="116" path="textures/digging/dl_s_bottom_right.png" />
	<frame x="972" y="454" width="23" height="22" innerX="6" innerY="88" frameWidth="116" frameHeight="116" path="textures/digging/dl_s_top_left.png" />
	<frame x="161" y="626" width="21" height="23" innerX="88" innerY="86" frameWidth="116" frameHeight="116" path="textures/digging/dl_s_top_right.png" />
	<frame x="746" y="901" width="85" height="88" innerX="2" innerY="0" frameWidth="88" frameHeight="88" path="textures/digging/dlc_1.png" />
	<frame x="942" y="5" width="72" height="88" innerX="0" innerY="0" frameWidth="88" frameHeight="88" path="textures/digging/dlc_2.png" />
	<frame x="838" y="991" width="90" height="17" innerX="13" innerY="5" frameWidth="116" frameHeight="116" path="textures/digging/dlh_s_bottom.png" />
	<frame x="132" y="626" width="22" height="22" innerX="7" innerY="7" frameWidth="116" frameHeight="116" path="textures/digging/dlh_s_bottom_left.png" />
	<frame x="180" y="482" width="23" height="22" innerX="85" innerY="8" frameWidth="116" frameHeight="116" path="textures/digging/dlh_s_bottom_right.png" />
	<frame x="941" y="454" width="24" height="22" innerX="5" innerY="88" frameWidth="116" frameHeight="116" path="textures/digging/dlh_s_top_left.png" />
	<frame x="210" y="482" width="22" height="23" innerX="88" innerY="86" frameWidth="116" frameHeight="116" path="textures/digging/dlh_s_top_right.png" />
	<frame x="970" y="985" width="15" height="16" innerX="0" innerY="0" frameWidth="15" frameHeight="16" path="textures/digging/dlp_1.png" />
	<frame x="1004" y="456" width="12" height="11" innerX="0" innerY="0" frameWidth="12" frameHeight="11" path="textures/digging/dlp_2.png" />
	<frame x="610" y="946" width="22" height="21" innerX="7" innerY="8" frameWidth="116" frameHeight="116" path="textures/digging/ds_bottom_left.png" />
	<frame x="284" y="970" width="22" height="21" innerX="86" innerY="9" frameWidth="116" frameHeight="116" path="textures/digging/ds_bottom_right.png" />
	<frame x="102" y="626" width="23" height="22" innerX="6" innerY="88" frameWidth="116" frameHeight="116" path="textures/digging/ds_top_left.png" />
	<frame x="3" y="813" width="21" height="23" innerX="88" innerY="86" frameWidth="116" frameHeight="116" path="textures/digging/ds_top_right.png" />
	<frame x="941" y="280" width="79" height="80" innerX="4" innerY="4" frameWidth="88" frameHeight="88" path="textures/digging/dsc_3.png" />
	<frame x="317" y="934" width="80" height="79" innerX="3" innerY="5" frameWidth="88" frameHeight="88" path="textures/digging/dsc_5.png" />
	<frame x="941" y="367" width="79" height="80" innerX="3" innerY="4" frameWidth="88" frameHeight="88" path="textures/digging/dsca_4.png" />
	<frame x="940" y="102" width="80" height="80" innerX="3" innerY="4" frameWidth="88" frameHeight="88" path="textures/digging/dsca_5.png" />
	<frame x="1004" y="478" width="10" height="12" innerX="0" innerY="0" frameWidth="10" frameHeight="12" path="textures/digging/dsp_1.png" />
	<frame x="958" y="485" width="7" height="6" innerX="0" innerY="0" frameWidth="7" frameHeight="6" path="textures/digging/dsp_2.png" />
	<frame x="319" y="836" width="98" height="89" innerX="0" innerY="0" frameWidth="98" frameHeight="89" path="textures/digging/front_container.png" />
	<frame x="129" y="845" width="62" height="72" innerX="12" innerY="8" frameWidth="88" frameHeight="88" path="textures/digging/gem1_s.png" />
	<frame x="539" y="414" width="67" height="82" innerX="11" innerY="2" frameWidth="88" frameHeight="88" path="textures/digging/gem3_s.png" />
	<frame x="3" y="812" width="120" height="115" innerX="0" innerY="0" frameWidth="120" frameHeight="115" path="textures/digging/grass2.png" count="9">
		<triangle>-3,97; -1,68; 21,61</triangle>
		<triangle>-3,97; 21,61; 53,121</triangle>
		<triangle>21,61; 23,33; 45,35</triangle>
		<triangle>21,61; 45,35; 103,38</triangle>
		<triangle>21,61; 53,121; 103,38</triangle>
		<triangle>45,35; 56,-3; 86,32</triangle>
		<triangle>45,35; 86,32; 103,38</triangle>
		<triangle>53,121; 103,38; 128,98</triangle>
		<triangle>56,-3; 86,32; 94,1</triangle>
	</frame>
	<frame x="539" y="325" width="69" height="82" innerX="9" innerY="3" frameWidth="88" frameHeight="88" path="textures/digging/m1_locked.png" />
	<frame x="-3" y="-23" width="695" height="613" innerX="0" innerY="0" frameWidth="695" frameHeight="613" path="textures/digging/mineFrame.png" count="10">
		<triangle>4,606; 5,24; 76,373</triangle>
		<triangle>4,606; 76,373; 79,543</triangle>
		<triangle>4,606; 79,543; 690,606</triangle>
		<triangle>5,24; 76,373; 81,95</triangle>
		<triangle>5,24; 81,95; 607,95</triangle>
		<triangle>5,24; 607,95; 688,24</triangle>
		<triangle>79,543; 619,539; 690,606</triangle>
		<triangle>607,95; 616,102; 688,24</triangle>
		<triangle>616,102; 619,539; 690,606</triangle>
		<triangle>616,102; 688,24; 690,606</triangle>
	</frame>
	<frame x="919" y="692" width="80" height="76" innerX="3" innerY="7" frameWidth="88" frameHeight="88" path="textures/digging/ore_1_locked.png" />
	<frame x="200" y="942" width="77" height="77" innerX="5" innerY="6" frameWidth="88" frameHeight="88" path="textures/digging/ore_2_locked.png" />
	<frame x="3" y="933" width="81" height="79" innerX="3" innerY="5" frameWidth="88" frameHeight="88" path="textures/digging/ore_4_locked.png" />
	<frame x="244" y="327" width="88" height="176" innerX="0" innerY="0" frameWidth="88" frameHeight="176" path="textures/digging/room/cave_l.png" />
	<frame x="343" y="327" width="88" height="176" innerX="0" innerY="0" frameWidth="88" frameHeight="176" path="textures/digging/room/cave_r.png" />
	<frame x="442" y="327" width="88" height="176" innerX="0" innerY="0" frameWidth="88" frameHeight="176" path="textures/digging/room/egypt_l.png" />
	<frame x="816" y="507" width="88" height="176" innerX="0" innerY="0" frameWidth="88" frameHeight="176" path="textures/digging/room/egypt_m1.png" />
	<frame x="915" y="507" width="88" height="176" innerX="0" innerY="0" frameWidth="88" frameHeight="176" path="textures/digging/room/egypt_m2.png" />
	<frame x="5" y="628" width="88" height="176" innerX="0" innerY="0" frameWidth="88" frameHeight="176" path="textures/digging/room/egypt_r.png" />
	<frame x="585" y="94" width="26" height="208" innerX="1" innerY="3" frameWidth="31" frameHeight="211" path="textures/digging/room/room_right.png" />
	<frame x="5" y="589" width="689" height="28" innerX="0" innerY="0" frameWidth="689" frameHeight="28" path="textures/digging/room/room_top.png" />
	<frame x="220" y="649" width="88" height="176" innerX="0" innerY="0" frameWidth="88" frameHeight="176" path="textures/digging/room/rover_l.png" />
	<frame x="319" y="649" width="88" height="176" innerX="0" innerY="0" frameWidth="88" frameHeight="176" path="textures/digging/room/rover_m1.png" />
	<frame x="418" y="649" width="88" height="176" innerX="0" innerY="0" frameWidth="88" frameHeight="176" path="textures/digging/room/rover_m2.png" />
	<frame x="517" y="649" width="88" height="176" innerX="0" innerY="0" frameWidth="88" frameHeight="176" path="textures/digging/room/rover_m3.png" />
	<frame x="104" y="660" width="88" height="176" innerX="0" innerY="0" frameWidth="88" frameHeight="176" path="textures/digging/room/rover_m4.png" />
	<frame x="616" y="662" width="88" height="176" innerX="0" innerY="0" frameWidth="88" frameHeight="176" path="textures/digging/room/rover_r.png" />
</Frames>
