<RSC002_Diana_1905.xml>
  <sections>
    <bow>
      <model>russia\ship\cruiser\RSC002_Diana_1905\RSC002_Diana_1905_bow_ports.model</model>
        <node>
           <name>HP_RGM_1</name>
           <model>russia\gun\main\RGM040_6in45_Cane\RGM040_6in45_Cane.model</model>
        </node>
        <node>
           <name>MP_RM042_Signal_Lamp_black</name>
           <model>russia\misc\RM042\RM042.model</model>
        </node>
        <node>
           <name>MP_CM019_Wood_Box_2</name>
           <model>common\misc\CM019\CM019.model</model>
        </node>
        <node>
           <name>MP_RM033_Hatch_black</name>
           <model>russia\misc\RM033\RM033.model</model>
        </node>
        <node>
           <name>HP_Fire_Burn_1</name>
           <model>UNKNOWN_ITEM</model>
        </node>
    </bow>
    <midfront>
      <model>russia\ship\cruiser\RSC002_Diana_1905\RSC002_Diana_1905_MidFront_ports.model</model>
        <node>
           <name>HP_RF_1</name>
           <model>russia\finder\RF016_Rangefinder_2_7m_black\RF016_Rangefinder_2_7m_black.model</model>
        </node>
        <node>
           <name>HP_RGM_2</name>
           <model>russia\gun\main\RGM040_6in45_Cane\RGM040_6in45_Cane.model</model>
        </node>
        <node>
           <name>HP_RGM_3</name>
           <model>russia\gun\main\RGM040_6in45_Cane\RGM040_6in45_Cane.model</model>
        </node>
        <node>
           <name>HP_RGM_4</name>
           <model>russia\gun\main\RGM040_6in45_Cane\RGM040_6in45_Cane.model</model>
        </node>
        <node>
           <name>HP_RGM_5</name>
           <model>russia\gun\main\RGM040_6in45_Cane\RGM040_6in45_Cane.model</model>
        </node>
        <node>
           <name>HP_RGS_1</name>
           <model>russia\gun\secondary\RGS036_75mm_Cane\RGS036_75mm_Cane.model</model>
        </node>
        <node>
           <name>HP_RGS_2</name>
           <model>russia\gun\secondary\RGS036_75mm_Cane\RGS036_75mm_Cane.model</model>
        </node>
        <node>
           <name>HP_flag_1</name>
           <model>russia\misc\RM001\RM001.model</model>
        </node>
        <node>
           <name>HP_flag_2</name>
           <model>russia\misc\RM001\RM001.model</model>
        </node>
        <node>
           <name>HP_flag_3</name>
           <model>russia\misc\RM001\RM001.model</model>
        </node>
        <node>
           <name>HP_flag_4</name>
           <model>russia\misc\RM001\RM001.model</model>
        </node>
        <node>
           <name>MP_RM045RSC002MidFront_0_0</name>
           <model>russia\misc\RM045RSC002MidFront\RM045RSC002MidFront.model</model>
        </node>
        <node>
           <name>MP_CM012RSC002MidFront_0_0</name>
           <model>common\misc\CM012RSC002MidFront\CM012RSC002MidFront.model</model>
        </node>
        <node>
           <name>MP_RM054RSC002MidFront_0_0</name>
           <model>russia\misc\RM054RSC002MidFront\RM054RSC002MidFront.model</model>
        </node>
        <node>
           <name>MP_RM036_Running_Light_R_black</name>
           <model>russia\misc\RM036\RM036.model</model>
        </node>
        <node>
           <name>MP_RM108_Ventilation_black</name>
           <model>russia\misc\RM108\RM108.model</model>
        </node>
        <node>
           <name>MP_RM041RSC002MidFront_0_0</name>
           <model>russia\misc\RM041RSC002MidFront\RM041RSC002MidFront.model</model>
        </node>
        <node>
           <name>MP_CM051RSC002MidFront_0_0</name>
           <model>common\misc\CM051RSC002MidFront\CM051RSC002MidFront.model</model>
        </node>
        <node>
           <name>MP_CM022RSC002MidFront_0_0</name>
           <model>common\misc\CM022RSC002MidFront\CM022RSC002MidFront.model</model>
        </node>
        <node>
           <name>MP_RM079RSC002MidFront_0_0</name>
           <model>russia\misc\RM079RSC002MidFront\RM079RSC002MidFront.model</model>
        </node>
        <node>
           <name>MP_RM019_Reels</name>
           <model>russia\misc\RM019\RM019.model</model>
        </node>
        <node>
           <name>MP_RM106RSC002MidFront_0_0</name>
           <model>russia\misc\RM106RSC002MidFront\RM106RSC002MidFront.model</model>
        </node>
        <node>
           <name>MP_RM039RSC002MidFront_0_0</name>
           <model>russia\misc\RM039RSC002MidFront\RM039RSC002MidFront.model</model>
        </node>
        <node>
           <name>MP_RM007RSC002MidFront_0_0</name>
           <model>russia\misc\RM007RSC002MidFront\RM007RSC002MidFront.model</model>
        </node>
        <node>
           <name>MP_CM011RSC002MidFront_0_0</name>
           <model>common\misc\CM011RSC002MidFront\CM011RSC002MidFront.model</model>
        </node>
        <node>
           <name>MP_RM160RSC002MidFront_0_0</name>
           <model>russia\misc\RM160RSC002MidFront\RM160RSC002MidFront.model</model>
        </node>
        <node>
           <name>MP_RM112RSC002MidFront_0_0</name>
           <model>russia\misc\RM112RSC002MidFront\RM112RSC002MidFront.model</model>
        </node>
        <node>
           <name>MP_RM090_Searchlight_black</name>
           <model>russia\misc\RM090\RM090.model</model>
        </node>
        <node>
           <name>MP_CM056_Ships_bell</name>
           <model>common\misc\CM056\CM056.model</model>
        </node>
        <node>
           <name>MP_RM089_Hatch_black</name>
           <model>russia\misc\RM089\RM089.model</model>
        </node>
        <node>
           <name>MP_RM032RSC002MidFront_0_0</name>
           <model>russia\misc\RM032RSC002MidFront\RM032RSC002MidFront.model</model>
        </node>
        <node>
           <name>MP_RM046RSC002MidFront_0_0</name>
           <model>russia\misc\RM046RSC002MidFront\RM046RSC002MidFront.model</model>
        </node>
        <node>
           <name>MP_RM037_Running_Light_L_black</name>
           <model>russia\misc\RM037\RM037.model</model>
        </node>
        <node>
           <name>MP_RM033_Hatch_black</name>
           <model>russia\misc\RM033\RM033.model</model>
        </node>
        <node>
           <name>MP_RM040_Signal_Lamp_black</name>
           <model>russia\misc\RM040\RM040.model</model>
        </node>
        <node>
           <name>MP_CM107RSC002MidFront_0_0</name>
           <model>common\misc\CM107RSC002MidFront\CM107RSC002MidFront.model</model>
        </node>
        <node>
           <name>MP_CM108RSC002MidFront_0_0</name>
           <model>common\misc\CM108RSC002MidFront\CM108RSC002MidFront.model</model>
        </node>
        <node>
           <name>MP_RM015RSC002MidFront_0_0</name>
           <model>russia\misc\RM015RSC002MidFront\RM015RSC002MidFront.model</model>
        </node>
        <node>
           <name>MP_RM016RSC002MidFront_0_0</name>
           <model>russia\misc\RM016RSC002MidFront\RM016RSC002MidFront.model</model>
        </node>
        <node>
           <name>HP_Smoke_1</name>
           <model>UNKNOWN_ITEM</model>
        </node>
        <node>
           <name>HP_Fire_Burn_2</name>
           <model>UNKNOWN_ITEM</model>
        </node>
        <node>
           <name>HP_NoseWave_Speed</name>
           <model>UNKNOWN_ITEM</model>
        </node>
        <node>
           <name>HP_Smoke_2</name>
           <model>UNKNOWN_ITEM</model>
        </node>
        <node>
           <name>HP_Smoke_3</name>
           <model>UNKNOWN_ITEM</model>
        </node>
    </midfront>
    <midback>
      <model>russia\ship\cruiser\RSC002_Diana_1905\RSC002_Diana_1905_MidBack_ports.model</model>
        <node>
           <name>HP_RGS_3</name>
           <model>russia\gun\secondary\RGS036_75mm_Cane\RGS036_75mm_Cane.model</model>
        </node>
        <node>
           <name>HP_RGS_4</name>
           <model>russia\gun\secondary\RGS036_75mm_Cane\RGS036_75mm_Cane.model</model>
        </node>
        <node>
           <name>HP_RGS_5</name>
           <model>russia\gun\secondary\RGS036_75mm_Cane\RGS036_75mm_Cane.model</model>
        </node>
        <node>
           <name>HP_RGS_6</name>
           <model>russia\gun\secondary\RGS036_75mm_Cane\RGS036_75mm_Cane.model</model>
        </node>
        <node>
           <name>HP_RGS_7</name>
           <model>russia\gun\secondary\RGS036_75mm_Cane\RGS036_75mm_Cane.model</model>
        </node>
        <node>
           <name>HP_RGS_8</name>
           <model>russia\gun\secondary\RGS036_75mm_Cane\RGS036_75mm_Cane.model</model>
        </node>
        <node>
           <name>HP_RGS_9</name>
           <model>russia\gun\secondary\RGS036_75mm_Cane\RGS036_75mm_Cane.model</model>
        </node>
        <node>
           <name>HP_RGS_10</name>
           <model>russia\gun\secondary\RGS036_75mm_Cane\RGS036_75mm_Cane.model</model>
        </node>
        <node>
           <name>HP_RGS_11</name>
           <model>russia\gun\secondary\RGS036_75mm_Cane\RGS036_75mm_Cane.model</model>
        </node>
        <node>
           <name>HP_RGS_12</name>
           <model>russia\gun\secondary\RGS036_75mm_Cane\RGS036_75mm_Cane.model</model>
        </node>
        <node>
           <name>HP_flag_nation</name>
           <model>russia\misc\RM001\RM001.model</model>
        </node>
        <node>
           <name>MP_RM041RSC002MidBack_0_0</name>
           <model>russia\misc\RM041RSC002MidBack\RM041RSC002MidBack.model</model>
        </node>
        <node>
           <name>MP_RM108RSC002MidBack_0_0</name>
           <model>russia\misc\RM108RSC002MidBack\RM108RSC002MidBack.model</model>
        </node>
        <node>
           <name>MP_CM012RSC002MidBack_0_0</name>
           <model>common\misc\CM012RSC002MidBack\CM012RSC002MidBack.model</model>
        </node>
        <node>
           <name>MP_CM040_Steering_Wheel</name>
           <model>common\misc\CM040\CM040.model</model>
        </node>
        <node>
           <name>MP_RM033RSC002MidBack_0_0</name>
           <model>russia\misc\RM033RSC002MidBack\RM033RSC002MidBack.model</model>
        </node>
        <node>
           <name>MP_RM008RSC002MidBack_0_0</name>
           <model>russia\misc\RM008RSC002MidBack\RM008RSC002MidBack.model</model>
        </node>
        <node>
           <name>MP_RM038_Insulator_black</name>
           <model>russia\misc\RM038\RM038.model</model>
        </node>
        <node>
           <name>MP_RM007RSC002MidBack_0_0</name>
           <model>russia\misc\RM007RSC002MidBack\RM007RSC002MidBack.model</model>
        </node>
        <node>
           <name>MP_RM039_Signal_Lamp_black</name>
           <model>russia\misc\RM039\RM039.model</model>
        </node>
        <node>
           <name>MP_CM011RSC002MidBack_0_0</name>
           <model>common\misc\CM011RSC002MidBack\CM011RSC002MidBack.model</model>
        </node>
        <node>
           <name>MP_RM112RSC002MidBack_0_0</name>
           <model>russia\misc\RM112RSC002MidBack\RM112RSC002MidBack.model</model>
        </node>
        <node>
           <name>MP_RM079RSC002MidBack_0_0</name>
           <model>russia\misc\RM079RSC002MidBack\RM079RSC002MidBack.model</model>
        </node>
        <node>
           <name>MP_RM054RSC002MidBack_0_0</name>
           <model>russia\misc\RM054RSC002MidBack\RM054RSC002MidBack.model</model>
        </node>
        <node>
           <name>MP_RM150RSC002MidBack_0_0</name>
           <model>russia\misc\RM150RSC002MidBack\RM150RSC002MidBack.model</model>
        </node>
        <node>
           <name>MP_CM059RSC002MidBack_0_0</name>
           <model>common\misc\CM059RSC002MidBack\CM059RSC002MidBack.model</model>
        </node>
        <node>
           <name>MP_RM113_Electric_Wheel</name>
           <model>russia\misc\RM113\RM113.model</model>
        </node>
        <node>
           <name>MP_RM032RSC002MidBack_0_0</name>
           <model>russia\misc\RM032RSC002MidBack\RM032RSC002MidBack.model</model>
        </node>
        <node>
           <name>MP_RM107RSC002MidBack_0_0</name>
           <model>russia\misc\RM107RSC002MidBack\RM107RSC002MidBack.model</model>
        </node>
        <node>
           <name>MP_CM053_Telegraph</name>
           <model>common\misc\CM053\CM053.model</model>
        </node>
        <node>
           <name>MP_RM098RSC002MidBack_0_0</name>
           <model>russia\misc\RM098RSC002MidBack\RM098RSC002MidBack.model</model>
        </node>
        <node>
           <name>MP_CM056_Ships_bell</name>
           <model>common\misc\CM056\CM056.model</model>
        </node>
        <node>
           <name>MP_RM047RSC002MidBack_0_0</name>
           <model>russia\misc\RM047RSC002MidBack\RM047RSC002MidBack.model</model>
        </node>
        <node>
           <name>MP_RM090_Searchlight_black</name>
           <model>russia\misc\RM090\RM090.model</model>
        </node>
        <node>
           <name>MP_RM051_Screened_speed_light_black</name>
           <model>russia\misc\RM051\RM051.model</model>
        </node>
        <node>
           <name>MP_CM107RSC002MidBack_0_0</name>
           <model>common\misc\CM107RSC002MidBack\CM107RSC002MidBack.model</model>
        </node>
        <node>
           <name>MP_RM015RSC002MidBack_0_0</name>
           <model>russia\misc\RM015RSC002MidBack\RM015RSC002MidBack.model</model>
        </node>
        <node>
           <name>HP_Fire_Burn_3</name>
           <model>UNKNOWN_ITEM</model>
        </node>
    </midback>
    <stern>
      <model>russia\ship\cruiser\RSC002_Diana_1905\RSC002_Diana_1905_Stern_ports.model</model>
        <node>
           <name>HP_RGM_6</name>
           <model>russia\gun\main\RGM040_6in45_Cane\RGM040_6in45_Cane.model</model>
        </node>
        <node>
           <name>HP_RGM_7</name>
           <model>russia\gun\main\RGM040_6in45_Cane\RGM040_6in45_Cane.model</model>
        </node>
        <node>
           <name>HP_RGM_8</name>
           <model>russia\gun\main\RGM040_6in45_Cane\RGM040_6in45_Cane.model</model>
        </node>
        <node>
           <name>MP_RM112RSC002Stern_0_0</name>
           <model>russia\misc\RM112RSC002Stern\RM112RSC002Stern.model</model>
        </node>
        <node>
           <name>MP_RM054RSC002Stern_0_0</name>
           <model>russia\misc\RM054RSC002Stern\RM054RSC002Stern.model</model>
        </node>
        <node>
           <name>MP_RM089_Hatch_black</name>
           <model>russia\misc\RM089\RM089.model</model>
        </node>
        <node>
           <name>MP_CM011RSC002Stern_0_0</name>
           <model>common\misc\CM011RSC002Stern\CM011RSC002Stern.model</model>
        </node>
        <node>
           <name>MP_RM039RSC002Stern_0_0</name>
           <model>russia\misc\RM039RSC002Stern\RM039RSC002Stern.model</model>
        </node>
        <node>
           <name>MP_CM012RSC002Stern_0_0</name>
           <model>common\misc\CM012RSC002Stern\CM012RSC002Stern.model</model>
        </node>
        <node>
           <name>MP_RM107_Reels_black</name>
           <model>russia\misc\RM107\RM107.model</model>
        </node>
        <node>
           <name>MP_RM150_Spare_Blade</name>
           <model>russia\misc\RM150\RM150.model</model>
        </node>
        <node>
           <name>MP_CM022RSC002Stern_0_0</name>
           <model>common\misc\CM022RSC002Stern\CM022RSC002Stern.model</model>
        </node>
        <node>
           <name>MP_CM032_Propeller3_R</name>
           <model>common\misc\CM032\CM032.model</model>
        </node>
        <node>
           <name>MP_CM001_Propeller3_L</name>
           <model>common\misc\CM001\CM001.model</model>
        </node>
        <node>
           <name>MP_RM100_Reel</name>
           <model>russia\misc\RM100\RM100.model</model>
        </node>
        <node>
           <name>MP_CM032_Propeller3_R_INDEX_1</name>
           <model>common\misc\CM032\CM032.model</model>
        </node>
        <node>
           <name>MP_RM078RSC002Stern_0_0</name>
           <model>russia\misc\RM078RSC002Stern\RM078RSC002Stern.model</model>
        </node>
        <node>
           <name>MP_RM015RSC002Stern_0_0</name>
           <model>russia\misc\RM015RSC002Stern\RM015RSC002Stern.model</model>
        </node>
        <node>
           <name>HP_Fire_Burn_4</name>
           <model>UNKNOWN_ITEM</model>
        </node>
    </stern>
  </sections>
</RSC002_Diana_1905.xml>
