<JSC014_Kitakami_1945.xml>
  <sections>
    <bow>
      <model>japan\ship\cruiser\JSC014_Kitakami_1945\JSC014_Kitakami_1945_bow_ports.model</model>
        <node>
           <name>HP_JGM_1</name>
           <model>japan\gun\main\JGM035_140mm50_Type_3Year\JGM035_140mm50_Type_3Year.model</model>
        </node>
        <node>
           <name>HP_JGM_2</name>
           <model>japan\gun\main\JGM035_140mm50_Type_3Year\JGM035_140mm50_Type_3Year.model</model>
        </node>
        <node>
           <name>MP_JM027JSC014Bow_0_0</name>
           <model>japan\misc\JM027JSC014Bow\JM027JSC014Bow.model</model>
        </node>
        <node>
           <name>MP_JM064JSC014Bow_0_0</name>
           <model>japan\misc\JM064JSC014Bow\JM064JSC014Bow.model</model>
        </node>
        <node>
           <name>MP_JM029JSC014Bow_0_0</name>
           <model>japan\misc\JM029JSC014Bow\JM029JSC014Bow.model</model>
        </node>
        <node>
           <name>MP_JM062_Deck_Hatch_11</name>
           <model>japan\misc\JM062\JM062.model</model>
        </node>
        <node>
           <name>MP_JM019JSC014Bow_0_0</name>
           <model>japan\misc\JM019JSC014Bow\JM019JSC014Bow.model</model>
        </node>
        <node>
           <name>MP_CM011_Fire_Fighting_Gear</name>
           <model>common\misc\CM011\CM011.model</model>
        </node>
        <node>
           <name>MP_CM005JSC014Bow_0_0</name>
           <model>common\misc\CM005JSC014Bow\CM005JSC014Bow.model</model>
        </node>
        <node>
           <name>MP_JM079_Roller_Fairled</name>
           <model>japan\misc\JM079\JM079.model</model>
        </node>
        <node>
           <name>MP_JM033_Roller_Fairled</name>
           <model>japan\misc\JM033\JM033.model</model>
        </node>
        <node>
           <name>MP_JM310_Chrysanthemum_full</name>
           <model>japan\misc\JM310\JM310.model</model>
        </node>
        <node>
           <name>HP_Fire_Burn_1</name>
           <model>UNKNOWN_ITEM</model>
        </node>
    </bow>
    <midfront>
      <model>japan\ship\cruiser\JSC014_Kitakami_1945\JSC014_Kitakami_1945_MidFront_ports.model</model>
        <node>
           <name>HP_JD_1</name>
           <model>japan\director\JD045_Director_Type_94_14\JD045_Director_Type_94_14.model</model>
        </node>
        <node>
           <name>HP_JD_2</name>
           <model>japan\director\JD061_Torpedo_Director\JD061_Torpedo_Director.model</model>
        </node>
        <node>
           <name>HP_JD_3</name>
           <model>japan\director\JD061_Torpedo_Director\JD061_Torpedo_Director.model</model>
        </node>
        <node>
           <name>HP_JD_4</name>
           <model>japan\director\JD056_MachineGun_Control_Position\JD056_MachineGun_Control_Position.model</model>
        </node>
        <node>
           <name>HP_JD_5</name>
           <model>japan\director\JD056_MachineGun_Control_Position\JD056_MachineGun_Control_Position.model</model>
        </node>
        <node>
           <name>HP_JF_1</name>
           <model>japan\finder\JF057_Rangefinder_1_5m\JF057_Rangefinder_1_5m.model</model>
        </node>
        <node>
           <name>HP_JF_2</name>
           <model>japan\finder\JF057_Rangefinder_1_5m\JF057_Rangefinder_1_5m.model</model>
        </node>
        <node>
           <name>HP_JGA_1</name>
           <model>japan\gun\aaircraft\JGA010_25mm_Type96\JGA010_25mm_Type96.model</model>
        </node>
        <node>
           <name>HP_JGA_2</name>
           <model>japan\gun\aaircraft\JGA010_25mm_Type96\JGA010_25mm_Type96.model</model>
        </node>
        <node>
           <name>HP_JGA_3</name>
           <model>japan\gun\aaircraft\JGA010_25mm_Type96\JGA010_25mm_Type96.model</model>
        </node>
        <node>
           <name>HP_JGA_4</name>
           <model>japan\gun\aaircraft\JGA010_25mm_Type96\JGA010_25mm_Type96.model</model>
        </node>
        <node>
           <name>HP_JGM_3</name>
           <model>japan\gun\main\JGM035_140mm50_Type_3Year\JGM035_140mm50_Type_3Year.model</model>
        </node>
        <node>
           <name>HP_JGM_4</name>
           <model>japan\gun\main\JGM035_140mm50_Type_3Year\JGM035_140mm50_Type_3Year.model</model>
        </node>
        <node>
           <name>HP_JGT_1</name>
           <model>japan\gun\torpedo\JGT077_610mm4_Type_93L\JGT077_610mm4_Type_93L.model</model>
        </node>
        <node>
           <name>HP_JGT_2</name>
           <model>japan\gun\torpedo\JGT078_610mm4_Type_93R\JGT078_610mm4_Type_93R.model</model>
        </node>
        <node>
           <name>HP_JRS_1</name>
           <model>japan\radar\search\JRS070_Radar_Type_22\JRS070_Radar_Type_22.model</model>
        </node>
        <node>
           <name>HP_JRS_2</name>
           <model>japan\radar\search\JRS010_Radar_Type_13\JRS010_Radar_Type_13.model</model>
        </node>
        <node>
           <name>HP_JRS_3</name>
           <model>japan\radar\search\JRS062_Radar_Type_A6\JRS062_Radar_Type_A6.model</model>
        </node>
        <node>
           <name>HP_flag_1</name>
           <model>japan\misc\JM001\JM001.model</model>
        </node>
        <node>
           <name>HP_flag_2</name>
           <model>japan\misc\JM001\JM001.model</model>
        </node>
        <node>
           <name>HP_flag_3</name>
           <model>japan\misc\JM001\JM001.model</model>
        </node>
        <node>
           <name>HP_flag_4</name>
           <model>japan\misc\JM001\JM001.model</model>
        </node>
        <node>
           <name>MP_JM037JSC014MidFront_0_0</name>
           <model>japan\misc\JM037JSC014MidFront\JM037JSC014MidFront.model</model>
        </node>
        <node>
           <name>MP_JM064JSC014MidFront_0_0</name>
           <model>japan\misc\JM064JSC014MidFront\JM064JSC014MidFront.model</model>
        </node>
        <node>
           <name>MP_CM060JSC014MidFront_0_0</name>
           <model>common\misc\CM060JSC014MidFront\CM060JSC014MidFront.model</model>
        </node>
        <node>
           <name>MP_JM161JSC014MidFront_0_0</name>
           <model>japan\misc\JM161JSC014MidFront\JM161JSC014MidFront.model</model>
        </node>
        <node>
           <name>MP_JM168_Ventilation</name>
           <model>japan\misc\JM168\JM168.model</model>
        </node>
        <node>
           <name>MP_JM202JSC014MidFront_0_0</name>
           <model>japan\misc\JM202JSC014MidFront\JM202JSC014MidFront.model</model>
        </node>
        <node>
           <name>MP_JM191_SanBox</name>
           <model>japan\misc\JM191\JM191.model</model>
        </node>
        <node>
           <name>MP_JM006JSC014MidFront_0_0</name>
           <model>japan\misc\JM006JSC014MidFront\JM006JSC014MidFront.model</model>
        </node>
        <node>
           <name>MP_CM009JSC014MidFront_0_0</name>
           <model>common\misc\CM009JSC014MidFront\CM009JSC014MidFront.model</model>
        </node>
        <node>
           <name>MP_JM030_Wind_Direction</name>
           <model>japan\misc\JM030\JM030.model</model>
        </node>
        <node>
           <name>MP_JM215_Day_Light_Wind_Intensity</name>
           <model>japan\misc\JM215\JM215.model</model>
        </node>
        <node>
           <name>MP_CM029JSC014MidFront_0_0</name>
           <model>common\misc\CM029JSC014MidFront\CM029JSC014MidFront.model</model>
        </node>
        <node>
           <name>MP_JM192JSC014MidFront_0_0</name>
           <model>japan\misc\JM192JSC014MidFront\JM192JSC014MidFront.model</model>
        </node>
        <node>
           <name>MP_JM196JSC014MidFront_0_0</name>
           <model>japan\misc\JM196JSC014MidFront\JM196JSC014MidFront.model</model>
        </node>
        <node>
           <name>MP_JM152JSC014MidFront_0_0</name>
           <model>japan\misc\JM152JSC014MidFront\JM152JSC014MidFront.model</model>
        </node>
        <node>
           <name>MP_JM219JSC014MidFront_0_0</name>
           <model>japan\misc\JM219JSC014MidFront\JM219JSC014MidFront.model</model>
        </node>
        <node>
           <name>MP_JM234_Antenna</name>
           <model>japan\misc\JM234\JM234.model</model>
        </node>
        <node>
           <name>MP_JM059JSC014MidFront_0_0</name>
           <model>japan\misc\JM059JSC014MidFront\JM059JSC014MidFront.model</model>
        </node>
        <node>
           <name>MP_JM058JSC014MidFront_0_0</name>
           <model>japan\misc\JM058JSC014MidFront\JM058JSC014MidFront.model</model>
        </node>
        <node>
           <name>MP_JM029JSC014MidFront_0_0</name>
           <model>japan\misc\JM029JSC014MidFront\JM029JSC014MidFront.model</model>
        </node>
        <node>
           <name>MP_JM062JSC014MidFront_0_0</name>
           <model>japan\misc\JM062JSC014MidFront\JM062JSC014MidFront.model</model>
        </node>
        <node>
           <name>MP_JM019_Ventilators_3</name>
           <model>japan\misc\JM019\JM019.model</model>
        </node>
        <node>
           <name>MP_CM011JSC014MidFront_0_0</name>
           <model>common\misc\CM011JSC014MidFront\CM011JSC014MidFront.model</model>
        </node>
        <node>
           <name>MP_JM052JSC014MidFront_0_0</name>
           <model>japan\misc\JM052JSC014MidFront\JM052JSC014MidFront.model</model>
        </node>
        <node>
           <name>MP_JM078JSC014MidFront_0_0</name>
           <model>japan\misc\JM078JSC014MidFront\JM078JSC014MidFront.model</model>
        </node>
        <node>
           <name>MP_JM093_Running_Lights_L</name>
           <model>japan\misc\JM093\JM093.model</model>
        </node>
        <node>
           <name>MP_JM092_Running_Lights_R</name>
           <model>japan\misc\JM092\JM092.model</model>
        </node>
        <node>
           <name>MP_CM012JSC014MidFront_0_0</name>
           <model>common\misc\CM012JSC014MidFront\CM012JSC014MidFront.model</model>
        </node>
        <node>
           <name>MP_CM019JSC014MidFront_0_0</name>
           <model>common\misc\CM019JSC014MidFront\CM019JSC014MidFront.model</model>
        </node>
        <node>
           <name>MP_JM010JSC014MidFront_0_0</name>
           <model>japan\misc\JM010JSC014MidFront\JM010JSC014MidFront.model</model>
        </node>
        <node>
           <name>MP_JM002JSC014MidFront_0_0</name>
           <model>japan\misc\JM002JSC014MidFront\JM002JSC014MidFront.model</model>
        </node>
        <node>
           <name>MP_JM106JSC014MidFront_0_0</name>
           <model>japan\misc\JM106JSC014MidFront\JM106JSC014MidFront.model</model>
        </node>
        <node>
           <name>MP_JM011_Day_Light</name>
           <model>japan\misc\JM011\JM011.model</model>
        </node>
        <node>
           <name>MP_JM125JSC014MidFront_0_0</name>
           <model>japan\misc\JM125JSC014MidFront\JM125JSC014MidFront.model</model>
        </node>
        <node>
           <name>MP_JM099_Signal_Lamp_1</name>
           <model>japan\misc\JM099\JM099.model</model>
        </node>
        <node>
           <name>HP_Smoke_1</name>
           <model>UNKNOWN_ITEM</model>
        </node>
        <node>
           <name>HP_Smoke_2</name>
           <model>UNKNOWN_ITEM</model>
        </node>
        <node>
           <name>HP_Fire_Burn_2</name>
           <model>UNKNOWN_ITEM</model>
        </node>
        <node>
           <name>HP_NoseWave_Speed</name>
           <model>UNKNOWN_ITEM</model>
        </node>
    </midfront>
    <midback>
      <model>japan\ship\cruiser\JSC014_Kitakami_1945\JSC014_Kitakami_1945_MidBack_ports.model</model>
        <node>
           <name>HP_JF_3</name>
           <model>japan\finder\JF073_Rangefinder_3m\JF073_Rangefinder_3m.model</model>
        </node>
        <node>
           <name>HP_JGT_3</name>
           <model>japan\gun\torpedo\JGT077_610mm4_Type_93L\JGT077_610mm4_Type_93L.model</model>
        </node>
        <node>
           <name>HP_JGT_4</name>
           <model>japan\gun\torpedo\JGT078_610mm4_Type_93R\JGT078_610mm4_Type_93R.model</model>
        </node>
        <node>
           <name>HP_JGT_5</name>
           <model>japan\gun\torpedo\JGT077_610mm4_Type_93L\JGT077_610mm4_Type_93L.model</model>
        </node>
        <node>
           <name>HP_JGT_6</name>
           <model>japan\gun\torpedo\JGT078_610mm4_Type_93R\JGT078_610mm4_Type_93R.model</model>
        </node>
        <node>
           <name>HP_JGT_7</name>
           <model>japan\gun\torpedo\JGT077_610mm4_Type_93L\JGT077_610mm4_Type_93L.model</model>
        </node>
        <node>
           <name>HP_JGT_8</name>
           <model>japan\gun\torpedo\JGT078_610mm4_Type_93R\JGT078_610mm4_Type_93R.model</model>
        </node>
        <node>
           <name>MP_JM115_Antenna_2</name>
           <model>japan\misc\JM115\JM115.model</model>
        </node>
        <node>
           <name>MP_JM168_Ventilation</name>
           <model>japan\misc\JM168\JM168.model</model>
        </node>
        <node>
           <name>MP_CM029JSC014MidBack_0_0</name>
           <model>common\misc\CM029JSC014MidBack\CM029JSC014MidBack.model</model>
        </node>
        <node>
           <name>MP_JM219JSC014MidBack_0_0</name>
           <model>japan\misc\JM219JSC014MidBack\JM219JSC014MidBack.model</model>
        </node>
        <node>
           <name>MP_JM019JSC014MidBack_0_0</name>
           <model>japan\misc\JM019JSC014MidBack\JM019JSC014MidBack.model</model>
        </node>
        <node>
           <name>MP_CM011JSC014MidBack_0_0</name>
           <model>common\misc\CM011JSC014MidBack\CM011JSC014MidBack.model</model>
        </node>
        <node>
           <name>MP_JM052_Deck_Hatch_1</name>
           <model>japan\misc\JM052\JM052.model</model>
        </node>
        <node>
           <name>MP_CM012JSC014MidBack_0_0</name>
           <model>common\misc\CM012JSC014MidBack\CM012JSC014MidBack.model</model>
        </node>
        <node>
           <name>MP_CM019JSC014MidBack_0_0</name>
           <model>common\misc\CM019JSC014MidBack\CM019JSC014MidBack.model</model>
        </node>
        <node>
           <name>MP_JM009_Signal_Lamp</name>
           <model>japan\misc\JM009\JM009.model</model>
        </node>
        <node>
           <name>MP_JM106JSC014MidBack_0_0</name>
           <model>japan\misc\JM106JSC014MidBack\JM106JSC014MidBack.model</model>
        </node>
        <node>
           <name>HP_Smoke_3</name>
           <model>UNKNOWN_ITEM</model>
        </node>
        <node>
           <name>HP_Fire_Burn_3</name>
           <model>UNKNOWN_ITEM</model>
        </node>
    </midback>
    <stern>
      <model>japan\ship\cruiser\JSC014_Kitakami_1945\JSC014_Kitakami_1945_Stern_ports.model</model>
        <node>
           <name>HP_JD_6</name>
           <model>japan\director\JD056_MachineGun_Control_Position\JD056_MachineGun_Control_Position.model</model>
        </node>
        <node>
           <name>HP_JD_7</name>
           <model>japan\director\JD061_Torpedo_Director\JD061_Torpedo_Director.model</model>
        </node>
        <node>
           <name>HP_JD_8</name>
           <model>japan\director\JD061_Torpedo_Director\JD061_Torpedo_Director.model</model>
        </node>
        <node>
           <name>HP_JD_9</name>
           <model>japan\director\JD056_MachineGun_Control_Position\JD056_MachineGun_Control_Position.model</model>
        </node>
        <node>
           <name>HP_JD_10</name>
           <model>japan\director\JD025_Director_Type_94_Mod1\JD025_Director_Type_94_Mod1.model</model>
        </node>
        <node>
           <name>HP_JGA_5</name>
           <model>japan\gun\aaircraft\JGA010_25mm_Type96\JGA010_25mm_Type96.model</model>
        </node>
        <node>
           <name>HP_JGA_6</name>
           <model>japan\gun\aaircraft\JGA010_25mm_Type96\JGA010_25mm_Type96.model</model>
        </node>
        <node>
           <name>HP_JGA_7</name>
           <model>japan\gun\aaircraft\JGA010_25mm_Type96\JGA010_25mm_Type96.model</model>
        </node>
        <node>
           <name>HP_JGA_8</name>
           <model>japan\gun\aaircraft\JGA010_25mm_Type96\JGA010_25mm_Type96.model</model>
        </node>
        <node>
           <name>HP_JGA_9</name>
           <model>japan\gun\aaircraft\JGA010_25mm_Type96\JGA010_25mm_Type96.model</model>
        </node>
        <node>
           <name>HP_JGA_10</name>
           <model>japan\gun\aaircraft\JGA010_25mm_Type96\JGA010_25mm_Type96.model</model>
        </node>
        <node>
           <name>HP_JGS_1</name>
           <model>japan\gun\secondary\JGS009_127mm40_Type_89\JGS009_127mm40_Type_89.model</model>
        </node>
        <node>
           <name>HP_JGT_9</name>
           <model>japan\gun\torpedo\JGT077_610mm4_Type_93L\JGT077_610mm4_Type_93L.model</model>
        </node>
        <node>
           <name>HP_JGT_10</name>
           <model>japan\gun\torpedo\JGT078_610mm4_Type_93R\JGT078_610mm4_Type_93R.model</model>
        </node>
        <node>
           <name>HP_flag_nation</name>
           <model>japan\misc\JM001\JM001.model</model>
        </node>
        <node>
           <name>MP_JM027JSC014Stern_0_0</name>
           <model>japan\misc\JM027JSC014Stern\JM027JSC014Stern.model</model>
        </node>
        <node>
           <name>MP_JM064JSC014Stern_0_0</name>
           <model>japan\misc\JM064JSC014Stern\JM064JSC014Stern.model</model>
        </node>
        <node>
           <name>MP_CM059JSC014Stern_0_0</name>
           <model>common\misc\CM059JSC014Stern\CM059JSC014Stern.model</model>
        </node>
        <node>
           <name>MP_JM124_Signal_Lamp_2</name>
           <model>japan\misc\JM124\JM124.model</model>
        </node>
        <node>
           <name>MP_JM044_After_Capstan</name>
           <model>japan\misc\JM044\JM044.model</model>
        </node>
        <node>
           <name>MP_CM009JSC014Stern_0_0</name>
           <model>common\misc\CM009JSC014Stern\CM009JSC014Stern.model</model>
        </node>
        <node>
           <name>MP_JM211_Day_Light_WindDir</name>
           <model>japan\misc\JM211\JM211.model</model>
        </node>
        <node>
           <name>MP_JM043JSC014Stern_0_0</name>
           <model>japan\misc\JM043JSC014Stern\JM043JSC014Stern.model</model>
        </node>
        <node>
           <name>MP_CM029JSC014Stern_0_0</name>
           <model>common\misc\CM029JSC014Stern\CM029JSC014Stern.model</model>
        </node>
        <node>
           <name>MP_JM135_Runway_Lights_Back</name>
           <model>japan\misc\JM135\JM135.model</model>
        </node>
        <node>
           <name>MP_JM166_Voice_Tube</name>
           <model>japan\misc\JM166\JM166.model</model>
        </node>
        <node>
           <name>MP_JM219JSC014Stern_0_0</name>
           <model>japan\misc\JM219JSC014Stern\JM219JSC014Stern.model</model>
        </node>
        <node>
           <name>MP_JM212JSC014Stern_0_0</name>
           <model>japan\misc\JM212JSC014Stern\JM212JSC014Stern.model</model>
        </node>
        <node>
           <name>MP_JM059JSC014Stern_0_0</name>
           <model>japan\misc\JM059JSC014Stern\JM059JSC014Stern.model</model>
        </node>
        <node>
           <name>MP_JM058JSC014Stern_0_0</name>
           <model>japan\misc\JM058JSC014Stern\JM058JSC014Stern.model</model>
        </node>
        <node>
           <name>MP_CM011JSC014Stern_0_0</name>
           <model>common\misc\CM011JSC014Stern\CM011JSC014Stern.model</model>
        </node>
        <node>
           <name>MP_JM052_Deck_Hatch_1</name>
           <model>japan\misc\JM052\JM052.model</model>
        </node>
        <node>
           <name>MP_CM012JSC014Stern_0_0</name>
           <model>common\misc\CM012JSC014Stern\CM012JSC014Stern.model</model>
        </node>
        <node>
           <name>MP_CM001_Propeller3_L</name>
           <model>common\misc\CM001\CM001.model</model>
        </node>
        <node>
           <name>MP_CM001_Propeller3_L_INDEX_1</name>
           <model>common\misc\CM001\CM001.model</model>
        </node>
        <node>
           <name>MP_CM032_Propeller3_R</name>
           <model>common\misc\CM032\CM032.model</model>
        </node>
        <node>
           <name>MP_CM032_Propeller3_R_INDEX_1</name>
           <model>common\misc\CM032\CM032.model</model>
        </node>
        <node>
           <name>MP_CM022_Anchor_3</name>
           <model>common\misc\CM022\CM022.model</model>
        </node>
        <node>
           <name>MP_CM019JSC014Stern_0_0</name>
           <model>common\misc\CM019JSC014Stern\CM019JSC014Stern.model</model>
        </node>
        <node>
           <name>MP_JM158_Main_Wheel</name>
           <model>japan\misc\JM158\JM158.model</model>
        </node>
        <node>
           <name>MP_JM189_Compass_Binnacle</name>
           <model>japan\misc\JM189\JM189.model</model>
        </node>
        <node>
           <name>MP_JM172JSC014Stern_0_0</name>
           <model>japan\misc\JM172JSC014Stern\JM172JSC014Stern.model</model>
        </node>
        <node>
           <name>MP_JM072_Crane_Small_1</name>
           <model>japan\misc\JM072\JM072.model</model>
        </node>
        <node>
           <name>MP_JM083_Depth_Charge_Roller_Rack</name>
           <model>japan\misc\JM083\JM083.model</model>
        </node>
        <node>
           <name>MP_JM084_Depth_Charge_Thrower</name>
           <model>japan\misc\JM084\JM084.model</model>
        </node>
        <node>
           <name>MP_JM111JSC014Stern_0_0</name>
           <model>japan\misc\JM111JSC014Stern\JM111JSC014Stern.model</model>
        </node>
        <node>
           <name>MP_JM125_Signal_Lamp_3</name>
           <model>japan\misc\JM125\JM125.model</model>
        </node>
        <node>
           <name>HP_Fire_Burn_4</name>
           <model>UNKNOWN_ITEM</model>
        </node>
    </stern>
  </sections>
</JSC014_Kitakami_1945.xml>
