﻿"Time of Day","Process Name","PID","Operation","Path","Result","Detail"
"5:24:27.5068414","worldofwarships.exe","4648","ReadFile","V:\Games\World of Warships\res\content\gameplay\japan\ship\battleship\JSB018_Yamato_1944\JSB018_Yamato_1944.model","SUCCESS","Offset: 0, Length: 613, Priority: Normal"
"5:24:27.5071004","worldofwarships.exe","4648","ReadFile","V:\Games\World of Warships\res\content\gameplay\japan\ship\battleship\JSB018_Yamato_1944\JSB018_Yamato_1944.model","SUCCESS","Offset: 0, Length: 613, Priority: Normal"
"5:24:27.5073225","worldofwarships.exe","4648","ReadFile","V:\Games\World of Warships\res\content\gameplay\japan\ship\battleship\JSB018_Yamato_1944\JSB018_Yamato_1944_Bow.model","SUCCESS","Offset: 0, Length: 728, Priority: Normal"
"5:24:27.5073433","worldofwarships.exe","4648","ReadFile","V:\Games\World of Warships\res\content\gameplay\japan\ship\battleship\JSB018_Yamato_1944\JSB018_Yamato_1944_Bow.model","SUCCESS","Offset: 0, Length: 728, I/O Flags: Non-cached, Paging I/O, Priority: Normal"
"5:24:27.5246892","worldofwarships.exe","4648","ReadFile","V:\Games\World of Warships\res\content\gameplay\japan\ship\battleship\JSB018_Yamato_1944\JSB018_Yamato_1944_Bow.model","SUCCESS","Offset: 0, Length: 728, Priority: Normal"
"5:24:27.5249731","worldofwarships.exe","4648","ReadFile","V:\Games\World of Warships\res\content\gameplay\japan\ship\battleship\JSB018_Yamato_1944\JSB018_Yamato_1944_Bow_ports.model","SUCCESS","Offset: 0, Length: 635, Priority: Normal"
"5:24:27.5252225","worldofwarships.exe","4648","ReadFile","V:\Games\World of Warships\res\content\gameplay\japan\ship\battleship\JSB018_Yamato_1944\JSB018_Yamato_1944_Bow_ports.model","SUCCESS","Offset: 0, Length: 635, Priority: Normal"
"5:24:27.5368278","worldofwarships.exe","4648","ReadFile","V:\Games\World of Warships\res\content\gameplay\japan\ship\battleship\JSB018_Yamato_1944\JSB018_Yamato_1944_MidBack.model","SUCCESS","Offset: 0, Length: 744, Priority: Normal"
"5:24:27.5368502","worldofwarships.exe","4648","ReadFile","V:\Games\World of Warships\res\content\gameplay\japan\ship\battleship\JSB018_Yamato_1944\JSB018_Yamato_1944_MidBack.model","SUCCESS","Offset: 0, Length: 744, I/O Flags: Non-cached, Paging I/O, Priority: Normal"
"5:24:27.5522953","worldofwarships.exe","4648","ReadFile","V:\Games\World of Warships\res\content\gameplay\japan\ship\battleship\JSB018_Yamato_1944\JSB018_Yamato_1944_MidBack.model","SUCCESS","Offset: 0, Length: 744, Priority: Normal"
"5:24:27.5525696","worldofwarships.exe","4648","ReadFile","V:\Games\World of Warships\res\content\gameplay\japan\ship\battleship\JSB018_Yamato_1944\JSB018_Yamato_1944_MidBack_ports.model","SUCCESS","Offset: 0, Length: 649, Priority: Normal"
"5:24:27.5528257","worldofwarships.exe","4648","ReadFile","V:\Games\World of Warships\res\content\gameplay\japan\ship\battleship\JSB018_Yamato_1944\JSB018_Yamato_1944_MidBack_ports.model","SUCCESS","Offset: 0, Length: 649, Priority: Normal"
"5:24:27.5530862","worldofwarships.exe","4648","ReadFile","V:\Games\World of Warships\res\content\gameplay\japan\ship\battleship\JSB018_Yamato_1944\JSB018_Yamato_1944_MidFront.model","SUCCESS","Offset: 0, Length: 748, Priority: Normal"
"5:24:27.5531063","worldofwarships.exe","4648","ReadFile","V:\Games\World of Warships\res\content\gameplay\japan\ship\battleship\JSB018_Yamato_1944\JSB018_Yamato_1944_MidFront.model","SUCCESS","Offset: 0, Length: 748, I/O Flags: Non-cached, Paging I/O, Priority: Normal"
"5:24:27.5570125","worldofwarships.exe","4648","ReadFile","V:\Games\World of Warships\res\content\gameplay\japan\ship\battleship\JSB018_Yamato_1944\JSB018_Yamato_1944_MidFront.model","SUCCESS","Offset: 0, Length: 748, Priority: Normal"
"5:24:27.5572504","worldofwarships.exe","4648","ReadFile","V:\Games\World of Warships\res\content\gameplay\japan\ship\battleship\JSB018_Yamato_1944\JSB018_Yamato_1944_MidFront_ports.model","SUCCESS","Offset: 0, Length: 652, Priority: Normal"
"5:24:27.5574898","worldofwarships.exe","4648","ReadFile","V:\Games\World of Warships\res\content\gameplay\japan\ship\battleship\JSB018_Yamato_1944\JSB018_Yamato_1944_MidFront_ports.model","SUCCESS","Offset: 0, Length: 652, Priority: Normal"
"5:24:27.5577641","worldofwarships.exe","4648","ReadFile","V:\Games\World of Warships\res\content\gameplay\japan\ship\battleship\JSB018_Yamato_1944\JSB018_Yamato_1944_Stern.model","SUCCESS","Offset: 0, Length: 736, Priority: Normal"
"5:24:27.5577826","worldofwarships.exe","4648","ReadFile","V:\Games\World of Warships\res\content\gameplay\japan\ship\battleship\JSB018_Yamato_1944\JSB018_Yamato_1944_Stern.model","SUCCESS","Offset: 0, Length: 736, I/O Flags: Non-cached, Paging I/O, Priority: Normal"
"5:24:27.5707981","worldofwarships.exe","4648","ReadFile","V:\Games\World of Warships\res\content\gameplay\japan\ship\battleship\JSB018_Yamato_1944\JSB018_Yamato_1944_Stern.model","SUCCESS","Offset: 0, Length: 736, Priority: Normal"
"5:24:27.5710325","worldofwarships.exe","4648","ReadFile","V:\Games\World of Warships\res\content\gameplay\japan\ship\battleship\JSB018_Yamato_1944\JSB018_Yamato_1944_Stern_ports.model","SUCCESS","Offset: 0, Length: 643, Priority: Normal"
"5:24:27.5712735","worldofwarships.exe","4648","ReadFile","V:\Games\World of Warships\res\content\gameplay\japan\ship\battleship\JSB018_Yamato_1944\JSB018_Yamato_1944_Stern_ports.model","SUCCESS","Offset: 0, Length: 643, Priority: Normal"
"5:24:27.5724806","worldofwarships.exe","4648","ReadFile","V:\Games\World of Warships\res\content\gameplay\japan\gun\main\JGM001_460mm45_Type96\JGM001_460mm45_Type96.model","SUCCESS","Offset: 0, Length: 721, Priority: Normal"
"5:24:27.5726945","worldofwarships.exe","4648","ReadFile","V:\Games\World of Warships\res\content\gameplay\japan\gun\main\JGM001_460mm45_Type96\JGM001_460mm45_Type96.model","SUCCESS","Offset: 0, Length: 721, Priority: Normal"
"5:24:27.5734716","worldofwarships.exe","4648","ReadFile","V:\Games\World of Warships\res\content\gameplay\japan\gun\secondary\JGS003_127mm40_Type89_Mod_A\JGS003_127mm40_Type89_Mod_A.model","SUCCESS","Offset: 0, Length: 766, Priority: Normal"
"5:24:27.5736823","worldofwarships.exe","4648","ReadFile","V:\Games\World of Warships\res\content\gameplay\japan\gun\secondary\JGS003_127mm40_Type89_Mod_A\JGS003_127mm40_Type89_Mod_A.model","SUCCESS","Offset: 0, Length: 766, Priority: Normal"
"5:24:27.5741852","worldofwarships.exe","4648","ReadFile","V:\Games\World of Warships\res\content\gameplay\japan\gun\secondary\JGS002_155mm60_Type3\JGS002_155mm60_Type3.model","SUCCESS","Offset: 0, Length: 724, Priority: Normal"
"5:24:27.5744118","worldofwarships.exe","4648","ReadFile","V:\Games\World of Warships\res\content\gameplay\japan\gun\secondary\JGS002_155mm60_Type3\JGS002_155mm60_Type3.model","SUCCESS","Offset: 0, Length: 724, Priority: Normal"
"5:24:27.5748897","worldofwarships.exe","4648","ReadFile","V:\Games\World of Warships\res\content\gameplay\japan\gun\secondary\JGS009_127mm40_Type_89\JGS009_127mm40_Type_89.model","SUCCESS","Offset: 0, Length: 732, Priority: Normal"
"5:24:27.5751014","worldofwarships.exe","4648","ReadFile","V:\Games\World of Warships\res\content\gameplay\japan\gun\secondary\JGS009_127mm40_Type_89\JGS009_127mm40_Type_89.model","SUCCESS","Offset: 0, Length: 732, Priority: Normal"
"5:24:27.5759079","worldofwarships.exe","4648","ReadFile","V:\Games\World of Warships\res\content\gameplay\japan\gun\aaircraft\JGA004_25mm_Type96_Triple_1\JGA004_25mm_Type96_Triple_1.model","SUCCESS","Offset: 0, Length: 764, Priority: Normal"
"5:24:27.5761196","worldofwarships.exe","4648","ReadFile","V:\Games\World of Warships\res\content\gameplay\japan\gun\aaircraft\JGA004_25mm_Type96_Triple_1\JGA004_25mm_Type96_Triple_1.model","SUCCESS","Offset: 0, Length: 764, Priority: Normal"
"5:24:27.5766128","worldofwarships.exe","4648","ReadFile","V:\Games\World of Warships\res\content\gameplay\japan\gun\aaircraft\JGA010_25mm_Type96\JGA010_25mm_Type96.model","SUCCESS","Offset: 0, Length: 671, Priority: Normal"
"5:24:27.5768174","worldofwarships.exe","4648","ReadFile","V:\Games\World of Warships\res\content\gameplay\japan\gun\aaircraft\JGA010_25mm_Type96\JGA010_25mm_Type96.model","SUCCESS","Offset: 0, Length: 671, Priority: Normal"
"5:24:27.5776838","worldofwarships.exe","4648","ReadFile","V:\Games\World of Warships\res\content\gameplay\japan\director\JD030_Director_Type_95_Mod2\JD030_Director_Type_95_Mod2.model","SUCCESS","Offset: 0, Length: 752, Priority: Normal"
"5:24:27.5777036","worldofwarships.exe","4648","ReadFile","V:\Games\World of Warships\res\content\gameplay\japan\director\JD030_Director_Type_95_Mod2\JD030_Director_Type_95_Mod2.model","SUCCESS","Offset: 0, Length: 752, I/O Flags: Non-cached, Paging I/O, Priority: Normal"
"5:24:27.5885369","worldofwarships.exe","4648","ReadFile","V:\Games\World of Warships\res\content\gameplay\japan\director\JD030_Director_Type_95_Mod2\JD030_Director_Type_95_Mod2.model","SUCCESS","Offset: 0, Length: 752, Priority: Normal"
"5:24:27.5890567","worldofwarships.exe","4648","ReadFile","V:\Games\World of Warships\res\content\gameplay\japan\director\JD019_Machine_Gun_ControlTower\JD019_Machine_Gun_ControlTower.model","SUCCESS","Offset: 0, Length: 770, Priority: Normal"
"5:24:27.5890762","worldofwarships.exe","4648","ReadFile","V:\Games\World of Warships\res\content\gameplay\japan\director\JD019_Machine_Gun_ControlTower\JD019_Machine_Gun_ControlTower.model","SUCCESS","Offset: 0, Length: 770, I/O Flags: Non-cached, Paging I/O, Priority: Normal"
"5:24:27.5897239","worldofwarships.exe","4648","ReadFile","V:\Games\World of Warships\res\content\gameplay\japan\director\JD019_Machine_Gun_ControlTower\JD019_Machine_Gun_ControlTower.model","SUCCESS","Offset: 0, Length: 770, Priority: Normal"
"5:24:27.5903233","worldofwarships.exe","4648","ReadFile","V:\Games\World of Warships\res\content\gameplay\japan\director\JD013_Director_Type_98_Mod1\JD013_Director_Type_98_Mod1.model","SUCCESS","Offset: 0, Length: 752, Priority: Normal"
"5:24:27.5903425","worldofwarships.exe","4648","ReadFile","V:\Games\World of Warships\res\content\gameplay\japan\director\JD013_Director_Type_98_Mod1\JD013_Director_Type_98_Mod1.model","SUCCESS","Offset: 0, Length: 752, I/O Flags: Non-cached, Paging I/O, Priority: Normal"
"5:24:27.5908022","worldofwarships.exe","4648","ReadFile","V:\Games\World of Warships\res\content\gameplay\japan\director\JD013_Director_Type_98_Mod1\JD013_Director_Type_98_Mod1.model","SUCCESS","Offset: 0, Length: 752, Priority: Normal"
"5:24:27.5913105","worldofwarships.exe","4648","ReadFile","V:\Games\World of Warships\res\content\gameplay\japan\director\JD018_Director_Type_98_15m\JD018_Director_Type_98_15m.model","SUCCESS","Offset: 0, Length: 748, Priority: Normal"
"5:24:27.5913284","worldofwarships.exe","4648","ReadFile","V:\Games\World of Warships\res\content\gameplay\japan\director\JD018_Director_Type_98_15m\JD018_Director_Type_98_15m.model","SUCCESS","Offset: 0, Length: 748, I/O Flags: Non-cached, Paging I/O, Priority: Normal"
"5:24:27.5956249","worldofwarships.exe","4648","ReadFile","V:\Games\World of Warships\res\content\gameplay\japan\director\JD018_Director_Type_98_15m\JD018_Director_Type_98_15m.model","SUCCESS","Offset: 0, Length: 748, Priority: Normal"
"5:24:27.5960990","worldofwarships.exe","4648","ReadFile","V:\Games\World of Warships\res\content\gameplay\japan\director\JD014_Director_Type_98_10m\JD014_Director_Type_98_10m.model","SUCCESS","Offset: 0, Length: 746, Priority: Normal"
"5:24:27.5961153","worldofwarships.exe","4648","ReadFile","V:\Games\World of Warships\res\content\gameplay\japan\director\JD014_Director_Type_98_10m\JD014_Director_Type_98_10m.model","SUCCESS","Offset: 0, Length: 746, I/O Flags: Non-cached, Paging I/O, Priority: Normal"
"5:24:27.5972572","worldofwarships.exe","4648","ReadFile","V:\Games\World of Warships\res\content\gameplay\japan\director\JD014_Director_Type_98_10m\JD014_Director_Type_98_10m.model","SUCCESS","Offset: 0, Length: 746, Priority: Normal"
"5:24:27.5982725","worldofwarships.exe","4648","ReadFile","V:\Games\World of Warships\res\content\gameplay\japan\finder\JF029_Rangefinder_1_5m_Yamato\JF029_Rangefinder_1_5m_Yamato.model","SUCCESS","Offset: 0, Length: 760, Priority: Normal"
"5:24:27.5982907","worldofwarships.exe","4648","ReadFile","V:\Games\World of Warships\res\content\gameplay\japan\finder\JF029_Rangefinder_1_5m_Yamato\JF029_Rangefinder_1_5m_Yamato.model","SUCCESS","Offset: 0, Length: 760, I/O Flags: Non-cached, Paging I/O, Priority: Normal"
"5:24:27.6070944","worldofwarships.exe","4648","ReadFile","V:\Games\World of Warships\res\content\gameplay\japan\finder\JF029_Rangefinder_1_5m_Yamato\JF029_Rangefinder_1_5m_Yamato.model","SUCCESS","Offset: 0, Length: 760, Priority: Normal"
"5:24:27.6076334","worldofwarships.exe","4648","ReadFile","V:\Games\World of Warships\res\content\gameplay\japan\finder\JF017_Rangefinder_4_5m\JF017_Rangefinder_4_5m.model","SUCCESS","Offset: 0, Length: 718, Priority: Normal"
"5:24:27.6076529","worldofwarships.exe","4648","ReadFile","V:\Games\World of Warships\res\content\gameplay\japan\finder\JF017_Rangefinder_4_5m\JF017_Rangefinder_4_5m.model","SUCCESS","Offset: 0, Length: 718, I/O Flags: Non-cached, Paging I/O, Priority: Normal"
"5:24:27.6100831","worldofwarships.exe","4648","ReadFile","V:\Games\World of Warships\res\content\gameplay\japan\finder\JF017_Rangefinder_4_5m\JF017_Rangefinder_4_5m.model","SUCCESS","Offset: 0, Length: 718, Priority: Normal"
"5:24:27.6108660","worldofwarships.exe","4648","ReadFile","V:\Games\World of Warships\res\content\gameplay\japan\catapult\JC001_Catapult_Shiki2\JC001_Catapult_Shiki2.model","SUCCESS","Offset: 0, Length: 716, Priority: Normal"
"5:24:27.6110770","worldofwarships.exe","4648","ReadFile","V:\Games\World of Warships\res\content\gameplay\japan\catapult\JC001_Catapult_Shiki2\JC001_Catapult_Shiki2.model","SUCCESS","Offset: 0, Length: 716, Priority: Normal"
"5:24:27.6281170","worldofwarships.exe","4648","ReadFile","V:\Games\World of Warships\res\content\gameplay\japan\aircraft\scout\JAS007_Kawanishi_E15K1\JAS007_Kawanishi_E15K1.model","SUCCESS","Offset: 0, Length: 1 170, Priority: Normal"
"5:24:27.6281362","worldofwarships.exe","4648","ReadFile","V:\Games\World of Warships\res\content\gameplay\japan\aircraft\scout\JAS007_Kawanishi_E15K1\JAS007_Kawanishi_E15K1.model","SUCCESS","Offset: 0, Length: 1 170, I/O Flags: Non-cached, Paging I/O, Priority: Normal"
"5:24:27.6376215","worldofwarships.exe","4648","ReadFile","V:\Games\World of Warships\res\content\gameplay\japan\aircraft\scout\JAS007_Kawanishi_E15K1\JAS007_Kawanishi_E15K1.model","SUCCESS","Offset: 0, Length: 1 170, Priority: Normal"
"5:24:30.7476423","worldofwarships.exe","4648","ReadFile","V:\Games\World of Warships\res\content\gameplay\japan\misc\JM025JSB018Bow\JM025JSB018Bow.model","SUCCESS","Offset: 0, Length: 662, Priority: Normal"
"5:24:30.7476647","worldofwarships.exe","4648","ReadFile","V:\Games\World of Warships\res\content\gameplay\japan\misc\JM025JSB018Bow\JM025JSB018Bow.model","SUCCESS","Offset: 0, Length: 662, I/O Flags: Non-cached, Paging I/O, Priority: Normal"
"5:24:30.7581068","worldofwarships.exe","4648","ReadFile","V:\Games\World of Warships\res\content\gameplay\japan\misc\JM025JSB018Bow\JM025JSB018Bow.model","SUCCESS","Offset: 0, Length: 662, Priority: Normal"
"5:24:30.8514560","worldofwarships.exe","4648","ReadFile","V:\Games\World of Warships\res\content\gameplay\japan\misc\JM026JSB018Bow\JM026JSB018Bow.model","SUCCESS","Offset: 0, Length: 625, Priority: Normal"
"5:24:30.8514796","worldofwarships.exe","4648","ReadFile","V:\Games\World of Warships\res\content\gameplay\japan\misc\JM026JSB018Bow\JM026JSB018Bow.model","SUCCESS","Offset: 0, Length: 625, I/O Flags: Non-cached, Paging I/O, Priority: Normal"
"5:24:30.8602607","worldofwarships.exe","4648","ReadFile","V:\Games\World of Warships\res\content\gameplay\japan\misc\JM026JSB018Bow\JM026JSB018Bow.model","SUCCESS","Offset: 0, Length: 625, Priority: Normal"
"5:24:30.9580640","worldofwarships.exe","4648","ReadFile","V:\Games\World of Warships\res\content\gameplay\japan\misc\JM029JSB018Bow\JM029JSB018Bow.model","SUCCESS","Offset: 0, Length: 626, Priority: Normal"
"5:24:30.9580873","worldofwarships.exe","4648","ReadFile","V:\Games\World of Warships\res\content\gameplay\japan\misc\JM029JSB018Bow\JM029JSB018Bow.model","SUCCESS","Offset: 0, Length: 626, I/O Flags: Non-cached, Paging I/O, Priority: Normal"
"5:24:30.9648252","worldofwarships.exe","4648","ReadFile","V:\Games\World of Warships\res\content\gameplay\japan\misc\JM029JSB018Bow\JM029JSB018Bow.model","SUCCESS","Offset: 0, Length: 626, Priority: Normal"
"5:24:31.0217675","worldofwarships.exe","4648","ReadFile","V:\Games\World of Warships\res\content\gameplay\japan\misc\JM033JSB018Bow\JM033JSB018Bow.model","SUCCESS","Offset: 0, Length: 662, Priority: Normal"
"5:24:31.0217921","worldofwarships.exe","4648","ReadFile","V:\Games\World of Warships\res\content\gameplay\japan\misc\JM033JSB018Bow\JM033JSB018Bow.model","SUCCESS","Offset: 0, Length: 662, I/O Flags: Non-cached, Paging I/O, Priority: Normal"
"5:24:31.0275096","worldofwarships.exe","4648","ReadFile","V:\Games\World of Warships\res\content\gameplay\japan\misc\JM033JSB018Bow\JM033JSB018Bow.model","SUCCESS","Offset: 0, Length: 662, Priority: Normal"
"5:24:31.1055202","worldofwarships.exe","4648","ReadFile","V:\Games\World of Warships\res\content\gameplay\japan\misc\JM109\JM109.model","SUCCESS","Offset: 0, Length: 612, Priority: Normal"
"5:24:31.1055464","worldofwarships.exe","4648","ReadFile","V:\Games\World of Warships\res\content\gameplay\japan\misc\JM109\JM109.model","SUCCESS","Offset: 0, Length: 612, I/O Flags: Non-cached, Paging I/O, Priority: Normal"
"5:24:31.1059079","worldofwarships.exe","4648","ReadFile","V:\Games\World of Warships\res\content\gameplay\japan\misc\JM109\JM109.model","SUCCESS","Offset: 0, Length: 612, Priority: Normal"
"5:24:31.3176543","worldofwarships.exe","4648","ReadFile","V:\Games\World of Warships\res\content\gameplay\japan\misc\JM311\JM311.model","SUCCESS","Offset: 0, Length: 451, Priority: Normal"
"5:24:31.3176783","worldofwarships.exe","4648","ReadFile","V:\Games\World of Warships\res\content\gameplay\japan\misc\JM311\JM311.model","SUCCESS","Offset: 0, Length: 451, I/O Flags: Non-cached, Paging I/O, Priority: Normal"
"5:24:31.3178922","worldofwarships.exe","4648","ReadFile","V:\Games\World of Warships\res\content\gameplay\japan\misc\JM311\JM311.model","SUCCESS","Offset: 0, Length: 451, Priority: Normal"
"5:24:31.3998671","worldofwarships.exe","4648","ReadFile","V:\Games\World of Warships\res\content\gameplay\japan\radar\search\JRS071_Radar_Type_22_L\JRS071_Radar_Type_22_L.model","SUCCESS","Offset: 0, Length: 1 040, Priority: Normal"
"5:24:31.3999387","worldofwarships.exe","4648","ReadFile","V:\Games\World of Warships\res\content\gameplay\japan\radar\search\JRS071_Radar_Type_22_L\JRS071_Radar_Type_22_L.model","SUCCESS","Offset: 0, Length: 1 040, I/O Flags: Non-cached, Paging I/O, Priority: Normal"
"5:24:31.4121934","worldofwarships.exe","4648","ReadFile","V:\Games\World of Warships\res\content\gameplay\japan\radar\search\JRS071_Radar_Type_22_L\JRS071_Radar_Type_22_L.model","SUCCESS","Offset: 0, Length: 1 040, Priority: Normal"
"5:24:31.5894420","worldofwarships.exe","4648","ReadFile","V:\Games\World of Warships\res\content\gameplay\japan\radar\search\JRS072_Radar_Type_22_R\JRS072_Radar_Type_22_R.model","SUCCESS","Offset: 0, Length: 1 040, Priority: Normal"
"5:24:31.5894643","worldofwarships.exe","4648","ReadFile","V:\Games\World of Warships\res\content\gameplay\japan\radar\search\JRS072_Radar_Type_22_R\JRS072_Radar_Type_22_R.model","SUCCESS","Offset: 0, Length: 1 040, I/O Flags: Non-cached, Paging I/O, Priority: Normal"
"5:24:31.5905592","worldofwarships.exe","4648","ReadFile","V:\Games\World of Warships\res\content\gameplay\japan\radar\search\JRS072_Radar_Type_22_R\JRS072_Radar_Type_22_R.model","SUCCESS","Offset: 0, Length: 1 040, Priority: Normal"
"5:24:31.6597022","worldofwarships.exe","4648","ReadFile","V:\Games\World of Warships\res\content\gameplay\japan\radar\search\JRS010_Radar_Type_13\JRS010_Radar_Type_13.model","SUCCESS","Offset: 0, Length: 999, Priority: Normal"
"5:24:31.6597364","worldofwarships.exe","4648","ReadFile","V:\Games\World of Warships\res\content\gameplay\japan\radar\search\JRS010_Radar_Type_13\JRS010_Radar_Type_13.model","SUCCESS","Offset: 0, Length: 999, I/O Flags: Non-cached, Paging I/O, Priority: Normal"
"5:24:31.6601034","worldofwarships.exe","4648","ReadFile","V:\Games\World of Warships\res\content\gameplay\japan\radar\search\JRS010_Radar_Type_13\JRS010_Radar_Type_13.model","SUCCESS","Offset: 0, Length: 999, Priority: Normal"
"5:24:31.7929172","worldofwarships.exe","4648","ReadFile","V:\Games\World of Warships\res\content\gameplay\japan\finder\JF029_Rangefinder_1_5m_Yamato\JF029_Rangefinder_1_5m_Yamato.model","SUCCESS","Offset: 0, Length: 760, Priority: Normal"
"5:24:31.7931097","worldofwarships.exe","4648","ReadFile","V:\Games\World of Warships\res\content\gameplay\japan\finder\JF029_Rangefinder_1_5m_Yamato\JF029_Rangefinder_1_5m_Yamato.model","SUCCESS","Offset: 0, Length: 760, Priority: Normal"
"5:24:31.8917681","worldofwarships.exe","4648","ReadFile","V:\Games\World of Warships\res\content\gameplay\japan\finder\JF017_Rangefinder_4_5m\JF017_Rangefinder_4_5m.model","SUCCESS","Offset: 0, Length: 718, Priority: Normal"
"5:24:31.8919730","worldofwarships.exe","4648","ReadFile","V:\Games\World of Warships\res\content\gameplay\japan\finder\JF017_Rangefinder_4_5m\JF017_Rangefinder_4_5m.model","SUCCESS","Offset: 0, Length: 718, Priority: Normal"
"5:24:32.0051377","worldofwarships.exe","4648","ReadFile","V:\Games\World of Warships\res\content\gameplay\japan\director\JD013_Director_Type_98_Mod1\JD013_Director_Type_98_Mod1.model","SUCCESS","Offset: 0, Length: 752, Priority: Normal"
"5:24:32.0053119","worldofwarships.exe","4648","ReadFile","V:\Games\World of Warships\res\content\gameplay\japan\director\JD013_Director_Type_98_Mod1\JD013_Director_Type_98_Mod1.model","SUCCESS","Offset: 0, Length: 752, Priority: Normal"
"5:24:32.0716605","worldofwarships.exe","4648","ReadFile","V:\Games\World of Warships\res\content\gameplay\japan\director\JD030_Director_Type_95_Mod2\JD030_Director_Type_95_Mod2.model","SUCCESS","Offset: 0, Length: 752, Priority: Normal"
"5:24:32.0718958","worldofwarships.exe","4648","ReadFile","V:\Games\World of Warships\res\content\gameplay\japan\director\JD030_Director_Type_95_Mod2\JD030_Director_Type_95_Mod2.model","SUCCESS","Offset: 0, Length: 752, Priority: Normal"
"5:24:32.1430632","worldofwarships.exe","4648","ReadFile","V:\Games\World of Warships\res\content\gameplay\japan\director\JD018_Director_Type_98_15m\JD018_Director_Type_98_15m.model","SUCCESS","Offset: 0, Length: 748, Priority: Normal"
"5:24:32.1432333","worldofwarships.exe","4648","ReadFile","V:\Games\World of Warships\res\content\gameplay\japan\director\JD018_Director_Type_98_15m\JD018_Director_Type_98_15m.model","SUCCESS","Offset: 0, Length: 748, Priority: Normal"
"5:24:32.2731729","worldofwarships.exe","4648","ReadFile","V:\Games\World of Warships\res\content\gameplay\japan\director\JD019_Machine_Gun_ControlTower\JD019_Machine_Gun_ControlTower.model","SUCCESS","Offset: 0, Length: 770, Priority: Normal"
"5:24:32.2733954","worldofwarships.exe","4648","ReadFile","V:\Games\World of Warships\res\content\gameplay\japan\director\JD019_Machine_Gun_ControlTower\JD019_Machine_Gun_ControlTower.model","SUCCESS","Offset: 0, Length: 770, Priority: Normal"
"5:24:32.3551974","worldofwarships.exe","4648","ReadFile","V:\Games\World of Warships\res\content\gameplay\japan\director\JD014_Director_Type_98_10m\JD014_Director_Type_98_10m.model","SUCCESS","Offset: 0, Length: 746, Priority: Normal"
"5:24:32.3553706","worldofwarships.exe","4648","ReadFile","V:\Games\World of Warships\res\content\gameplay\japan\director\JD014_Director_Type_98_10m\JD014_Director_Type_98_10m.model","SUCCESS","Offset: 0, Length: 746, Priority: Normal"
"5:24:32.4609988","worldofwarships.exe","4648","ReadFile","V:\Games\World of Warships\res\content\gameplay\japan\misc\JM310\JM310.model","SUCCESS","Offset: 0, Length: 451, Priority: Normal"
"5:24:32.4610276","worldofwarships.exe","4648","ReadFile","V:\Games\World of Warships\res\content\gameplay\japan\misc\JM310\JM310.model","SUCCESS","Offset: 0, Length: 451, I/O Flags: Non-cached, Paging I/O, Priority: Normal"
"5:24:32.4613220","worldofwarships.exe","4648","ReadFile","V:\Games\World of Warships\res\content\gameplay\japan\misc\JM310\JM310.model","SUCCESS","Offset: 0, Length: 451, Priority: Normal"
"5:24:32.5683877","worldofwarships.exe","4648","ReadFile","V:\Games\World of Warships\res\content\gameplay\common\misc\CM086JSB018Bow\CM086JSB018Bow.model","SUCCESS","Offset: 0, Length: 628, Priority: Normal"
"5:24:32.5684111","worldofwarships.exe","4648","ReadFile","V:\Games\World of Warships\res\content\gameplay\common\misc\CM086JSB018Bow\CM086JSB018Bow.model","SUCCESS","Offset: 0, Length: 628, I/O Flags: Non-cached, Paging I/O, Priority: Normal"
"5:24:32.5809336","worldofwarships.exe","4648","ReadFile","V:\Games\World of Warships\res\content\gameplay\common\misc\CM086JSB018Bow\CM086JSB018Bow.model","SUCCESS","Offset: 0, Length: 628, Priority: Normal"
"5:24:32.7222657","worldofwarships.exe","4648","ReadFile","V:\Games\World of Warships\res\content\gameplay\common\misc\CM087JSB018Bow\CM087JSB018Bow.model","SUCCESS","Offset: 0, Length: 628, Priority: Normal"
"5:24:32.7222900","worldofwarships.exe","4648","ReadFile","V:\Games\World of Warships\res\content\gameplay\common\misc\CM087JSB018Bow\CM087JSB018Bow.model","SUCCESS","Offset: 0, Length: 628, I/O Flags: Non-cached, Paging I/O, Priority: Normal"
"5:24:32.7275651","worldofwarships.exe","4648","ReadFile","V:\Games\World of Warships\res\content\gameplay\common\misc\CM087JSB018Bow\CM087JSB018Bow.model","SUCCESS","Offset: 0, Length: 628, Priority: Normal"
"5:24:32.8267510","worldofwarships.exe","4648","ReadFile","V:\Games\World of Warships\res\content\gameplay\japan\misc\JM010JSB018MidBack\JM010JSB018MidBack.model","SUCCESS","Offset: 0, Length: 685, Priority: Normal"
"5:24:32.8267747","worldofwarships.exe","4648","ReadFile","V:\Games\World of Warships\res\content\gameplay\japan\misc\JM010JSB018MidBack\JM010JSB018MidBack.model","SUCCESS","Offset: 0, Length: 685, I/O Flags: Non-cached, Paging I/O, Priority: Normal"
"5:24:32.8387407","worldofwarships.exe","4648","ReadFile","V:\Games\World of Warships\res\content\gameplay\japan\misc\JM010JSB018MidBack\JM010JSB018MidBack.model","SUCCESS","Offset: 0, Length: 685, Priority: Normal"
"5:24:32.9574243","worldofwarships.exe","4648","ReadFile","V:\Games\World of Warships\res\content\gameplay\japan\misc\JM009JSB018MidBack\JM009JSB018MidBack.model","SUCCESS","Offset: 0, Length: 523, Priority: Normal"
"5:24:32.9574460","worldofwarships.exe","4648","ReadFile","V:\Games\World of Warships\res\content\gameplay\japan\misc\JM009JSB018MidBack\JM009JSB018MidBack.model","SUCCESS","Offset: 0, Length: 523, I/O Flags: Non-cached, Paging I/O, Priority: Normal"
"5:24:32.9576867","worldofwarships.exe","4648","ReadFile","V:\Games\World of Warships\res\content\gameplay\japan\misc\JM009JSB018MidBack\JM009JSB018MidBack.model","SUCCESS","Offset: 0, Length: 523, Priority: Normal"
"5:24:33.0075426","worldofwarships.exe","4648","ReadFile","V:\Games\World of Warships\res\content\gameplay\japan\misc\JM003JSB018MidBack\JM003JSB018MidBack.model","SUCCESS","Offset: 0, Length: 685, Priority: Normal"
"5:24:33.0075647","worldofwarships.exe","4648","ReadFile","V:\Games\World of Warships\res\content\gameplay\japan\misc\JM003JSB018MidBack\JM003JSB018MidBack.model","SUCCESS","Offset: 0, Length: 685, I/O Flags: Non-cached, Paging I/O, Priority: Normal"
"5:24:33.0118177","worldofwarships.exe","4648","ReadFile","V:\Games\World of Warships\res\content\gameplay\japan\misc\JM003JSB018MidBack\JM003JSB018MidBack.model","SUCCESS","Offset: 0, Length: 685, Priority: Normal"
"5:24:33.0884626","worldofwarships.exe","4648","ReadFile","V:\Games\World of Warships\res\content\gameplay\japan\misc\JM011JSB018MidBack\JM011JSB018MidBack.model","SUCCESS","Offset: 0, Length: 685, Priority: Normal"
"5:24:33.0884850","worldofwarships.exe","4648","ReadFile","V:\Games\World of Warships\res\content\gameplay\japan\misc\JM011JSB018MidBack\JM011JSB018MidBack.model","SUCCESS","Offset: 0, Length: 685, I/O Flags: Non-cached, Paging I/O, Priority: Normal"
"5:24:33.0906297","worldofwarships.exe","4648","ReadFile","V:\Games\World of Warships\res\content\gameplay\japan\misc\JM011JSB018MidBack\JM011JSB018MidBack.model","SUCCESS","Offset: 0, Length: 685, Priority: Normal"
"5:24:33.1385918","worldofwarships.exe","4648","ReadFile","V:\Games\World of Warships\res\content\gameplay\japan\misc\JM006JSB018MidBack\JM006JSB018MidBack.model","SUCCESS","Offset: 0, Length: 685, Priority: Normal"
"5:24:33.1386149","worldofwarships.exe","4648","ReadFile","V:\Games\World of Warships\res\content\gameplay\japan\misc\JM006JSB018MidBack\JM006JSB018MidBack.model","SUCCESS","Offset: 0, Length: 685, I/O Flags: Non-cached, Paging I/O, Priority: Normal"
"5:24:33.1391177","worldofwarships.exe","4648","ReadFile","V:\Games\World of Warships\res\content\gameplay\japan\misc\JM006JSB018MidBack\JM006JSB018MidBack.model","SUCCESS","Offset: 0, Length: 685, Priority: Normal"
"5:24:33.3216021","worldofwarships.exe","4648","ReadFile","V:\Games\World of Warships\res\content\gameplay\japan\misc\JM059JSB018MidBack\JM059JSB018MidBack.model","SUCCESS","Offset: 0, Length: 688, Priority: Normal"
"5:24:33.3216283","worldofwarships.exe","4648","ReadFile","V:\Games\World of Warships\res\content\gameplay\japan\misc\JM059JSB018MidBack\JM059JSB018MidBack.model","SUCCESS","Offset: 0, Length: 688, I/O Flags: Non-cached, Paging I/O, Priority: Normal"
"5:24:33.3355590","worldofwarships.exe","4648","ReadFile","V:\Games\World of Warships\res\content\gameplay\japan\misc\JM059JSB018MidBack\JM059JSB018MidBack.model","SUCCESS","Offset: 0, Length: 688, Priority: Normal"
"5:24:33.4092098","worldofwarships.exe","4648","ReadFile","V:\Games\World of Warships\res\content\gameplay\japan\misc\JM112JSB018MidBack\JM112JSB018MidBack.model","SUCCESS","Offset: 0, Length: 687, Priority: Normal"
"5:24:33.4092344","worldofwarships.exe","4648","ReadFile","V:\Games\World of Warships\res\content\gameplay\japan\misc\JM112JSB018MidBack\JM112JSB018MidBack.model","SUCCESS","Offset: 0, Length: 687, I/O Flags: Non-cached, Paging I/O, Priority: Normal"
"5:24:33.4172798","worldofwarships.exe","4648","ReadFile","V:\Games\World of Warships\res\content\gameplay\japan\misc\JM112JSB018MidBack\JM112JSB018MidBack.model","SUCCESS","Offset: 0, Length: 687, Priority: Normal"
"5:24:33.5585997","worldofwarships.exe","4648","ReadFile","V:\Games\World of Warships\res\content\gameplay\japan\misc\JM090JSB018MidBack\JM090JSB018MidBack.model","SUCCESS","Offset: 0, Length: 685, Priority: Normal"
"5:24:33.5586237","worldofwarships.exe","4648","ReadFile","V:\Games\World of Warships\res\content\gameplay\japan\misc\JM090JSB018MidBack\JM090JSB018MidBack.model","SUCCESS","Offset: 0, Length: 685, I/O Flags: Non-cached, Paging I/O, Priority: Normal"
"5:24:33.5653508","worldofwarships.exe","4648","ReadFile","V:\Games\World of Warships\res\content\gameplay\japan\misc\JM090JSB018MidBack\JM090JSB018MidBack.model","SUCCESS","Offset: 0, Length: 685, Priority: Normal"
"5:24:33.7054358","worldofwarships.exe","4648","ReadFile","V:\Games\World of Warships\res\content\gameplay\japan\misc\JM008JSB018MidBack\JM008JSB018MidBack.model","SUCCESS","Offset: 0, Length: 523, Priority: Normal"
"5:24:33.7054604","worldofwarships.exe","4648","ReadFile","V:\Games\World of Warships\res\content\gameplay\japan\misc\JM008JSB018MidBack\JM008JSB018MidBack.model","SUCCESS","Offset: 0, Length: 523, I/O Flags: Non-cached, Paging I/O, Priority: Normal"
"5:24:33.7057865","worldofwarships.exe","4648","ReadFile","V:\Games\World of Warships\res\content\gameplay\japan\misc\JM008JSB018MidBack\JM008JSB018MidBack.model","SUCCESS","Offset: 0, Length: 523, Priority: Normal"
"5:24:33.8717740","worldofwarships.exe","4648","ReadFile","V:\Games\World of Warships\res\content\gameplay\japan\misc\JM025JSB018MidBack\JM025JSB018MidBack.model","SUCCESS","Offset: 0, Length: 686, Priority: Normal"
"5:24:33.8717992","worldofwarships.exe","4648","ReadFile","V:\Games\World of Warships\res\content\gameplay\japan\misc\JM025JSB018MidBack\JM025JSB018MidBack.model","SUCCESS","Offset: 0, Length: 686, I/O Flags: Non-cached, Paging I/O, Priority: Normal"
"5:24:33.8935040","worldofwarships.exe","4648","ReadFile","V:\Games\World of Warships\res\content\gameplay\japan\misc\JM025JSB018MidBack\JM025JSB018MidBack.model","SUCCESS","Offset: 0, Length: 686, Priority: Normal"
"5:24:33.9720756","worldofwarships.exe","4648","ReadFile","V:\Games\World of Warships\res\content\gameplay\japan\misc\JM013JSB018MidBack\JM013JSB018MidBack.model","SUCCESS","Offset: 0, Length: 686, Priority: Normal"
"5:24:33.9721024","worldofwarships.exe","4648","ReadFile","V:\Games\World of Warships\res\content\gameplay\japan\misc\JM013JSB018MidBack\JM013JSB018MidBack.model","SUCCESS","Offset: 0, Length: 686, I/O Flags: Non-cached, Paging I/O, Priority: Normal"
"5:24:33.9975066","worldofwarships.exe","4648","ReadFile","V:\Games\World of Warships\res\content\gameplay\japan\misc\JM013JSB018MidBack\JM013JSB018MidBack.model","SUCCESS","Offset: 0, Length: 686, Priority: Normal"
"5:24:34.1922884","worldofwarships.exe","4648","ReadFile","V:\Games\World of Warships\res\content\gameplay\japan\misc\JM031\JM031.model","SUCCESS","Offset: 0, Length: 575, Priority: Normal"
"5:24:34.1923108","worldofwarships.exe","4648","ReadFile","V:\Games\World of Warships\res\content\gameplay\japan\misc\JM031\JM031.model","SUCCESS","Offset: 0, Length: 575, I/O Flags: Non-cached, Paging I/O, Priority: Normal"
"5:24:34.1925889","worldofwarships.exe","4648","ReadFile","V:\Games\World of Warships\res\content\gameplay\japan\misc\JM031\JM031.model","SUCCESS","Offset: 0, Length: 575, Priority: Normal"
"5:24:34.2887235","worldofwarships.exe","4648","ReadFile","V:\Games\World of Warships\res\content\gameplay\japan\misc\JM111JSB018MidBack\JM111JSB018MidBack.model","SUCCESS","Offset: 0, Length: 686, Priority: Normal"
"5:24:34.2887503","worldofwarships.exe","4648","ReadFile","V:\Games\World of Warships\res\content\gameplay\japan\misc\JM111JSB018MidBack\JM111JSB018MidBack.model","SUCCESS","Offset: 0, Length: 686, I/O Flags: Non-cached, Paging I/O, Priority: Normal"
"5:24:34.2985818","worldofwarships.exe","4648","ReadFile","V:\Games\World of Warships\res\content\gameplay\japan\misc\JM111JSB018MidBack\JM111JSB018MidBack.model","SUCCESS","Offset: 0, Length: 686, Priority: Normal"
"5:24:34.4219788","worldofwarships.exe","4648","ReadFile","V:\Games\World of Warships\res\content\gameplay\japan\misc\JM030\JM030.model","SUCCESS","Offset: 0, Length: 574, Priority: Normal"
"5:24:34.4220057","worldofwarships.exe","4648","ReadFile","V:\Games\World of Warships\res\content\gameplay\japan\misc\JM030\JM030.model","SUCCESS","Offset: 0, Length: 574, I/O Flags: Non-cached, Paging I/O, Priority: Normal"
"5:24:34.4222362","worldofwarships.exe","4648","ReadFile","V:\Games\World of Warships\res\content\gameplay\japan\misc\JM030\JM030.model","SUCCESS","Offset: 0, Length: 574, Priority: Normal"
"5:24:34.4716883","worldofwarships.exe","4648","ReadFile","V:\Games\World of Warships\res\content\gameplay\japan\misc\JM059JSB018MidFront\JM059JSB018MidFront.model","SUCCESS","Offset: 0, Length: 694, Priority: Normal"
"5:24:34.4717164","worldofwarships.exe","4648","ReadFile","V:\Games\World of Warships\res\content\gameplay\japan\misc\JM059JSB018MidFront\JM059JSB018MidFront.model","SUCCESS","Offset: 0, Length: 694, I/O Flags: Non-cached, Paging I/O, Priority: Normal"
"5:24:34.4809968","worldofwarships.exe","4648","ReadFile","V:\Games\World of Warships\res\content\gameplay\japan\misc\JM059JSB018MidFront\JM059JSB018MidFront.model","SUCCESS","Offset: 0, Length: 694, Priority: Normal"
"5:24:34.5222024","worldofwarships.exe","4648","ReadFile","V:\Games\World of Warships\res\content\gameplay\japan\misc\JM026JSB018MidFront\JM026JSB018MidFront.model","SUCCESS","Offset: 0, Length: 655, Priority: Normal"
"5:24:34.5222334","worldofwarships.exe","4648","ReadFile","V:\Games\World of Warships\res\content\gameplay\japan\misc\JM026JSB018MidFront\JM026JSB018MidFront.model","SUCCESS","Offset: 0, Length: 655, I/O Flags: Non-cached, Paging I/O, Priority: Normal"
"5:24:34.5262266","worldofwarships.exe","4648","ReadFile","V:\Games\World of Warships\res\content\gameplay\japan\misc\JM026JSB018MidFront\JM026JSB018MidFront.model","SUCCESS","Offset: 0, Length: 655, Priority: Normal"
"5:24:34.5580240","worldofwarships.exe","4648","ReadFile","V:\Games\World of Warships\res\content\gameplay\japan\misc\JM111JSB018MidFront\JM111JSB018MidFront.model","SUCCESS","Offset: 0, Length: 692, Priority: Normal"
"5:24:34.5586573","worldofwarships.exe","4648","ReadFile","V:\Games\World of Warships\res\content\gameplay\japan\misc\JM111JSB018MidFront\JM111JSB018MidFront.model","SUCCESS","Offset: 0, Length: 692, I/O Flags: Non-cached, Paging I/O, Priority: Normal"
"5:24:34.5590620","worldofwarships.exe","4648","ReadFile","V:\Games\World of Warships\res\content\gameplay\japan\misc\JM111JSB018MidFront\JM111JSB018MidFront.model","SUCCESS","Offset: 0, Length: 692, Priority: Normal"
"5:24:34.6101033","worldofwarships.exe","4648","ReadFile","V:\Games\World of Warships\res\content\gameplay\japan\misc\JM013JSB018MidFront\JM013JSB018MidFront.model","SUCCESS","Offset: 0, Length: 692, Priority: Normal"
"5:24:34.6101388","worldofwarships.exe","4648","ReadFile","V:\Games\World of Warships\res\content\gameplay\japan\misc\JM013JSB018MidFront\JM013JSB018MidFront.model","SUCCESS","Offset: 0, Length: 692, I/O Flags: Non-cached, Paging I/O, Priority: Normal"
"5:24:34.6104760","worldofwarships.exe","4648","ReadFile","V:\Games\World of Warships\res\content\gameplay\japan\misc\JM013JSB018MidFront\JM013JSB018MidFront.model","SUCCESS","Offset: 0, Length: 692, Priority: Normal"
"5:24:34.6611717","worldofwarships.exe","4648","ReadFile","V:\Games\World of Warships\res\content\gameplay\japan\misc\JM112JSB018MidFront\JM112JSB018MidFront.model","SUCCESS","Offset: 0, Length: 697, Priority: Normal"
"5:24:34.6611938","worldofwarships.exe","4648","ReadFile","V:\Games\World of Warships\res\content\gameplay\japan\misc\JM112JSB018MidFront\JM112JSB018MidFront.model","SUCCESS","Offset: 0, Length: 697, I/O Flags: Non-cached, Paging I/O, Priority: Normal"
"5:24:34.6655715","worldofwarships.exe","4648","ReadFile","V:\Games\World of Warships\res\content\gameplay\japan\misc\JM112JSB018MidFront\JM112JSB018MidFront.model","SUCCESS","Offset: 0, Length: 697, Priority: Normal"
"5:24:34.7717345","worldofwarships.exe","4648","ReadFile","V:\Games\World of Warships\res\content\gameplay\japan\misc\JM014JSB018MidFront\JM014JSB018MidFront.model","SUCCESS","Offset: 0, Length: 692, Priority: Normal"
"5:24:34.7717633","worldofwarships.exe","4648","ReadFile","V:\Games\World of Warships\res\content\gameplay\japan\misc\JM014JSB018MidFront\JM014JSB018MidFront.model","SUCCESS","Offset: 0, Length: 692, I/O Flags: Non-cached, Paging I/O, Priority: Normal"
"5:24:34.7809889","worldofwarships.exe","4648","ReadFile","V:\Games\World of Warships\res\content\gameplay\japan\misc\JM014JSB018MidFront\JM014JSB018MidFront.model","SUCCESS","Offset: 0, Length: 692, Priority: Normal"
"5:24:34.8928486","worldofwarships.exe","4648","ReadFile","V:\Games\World of Warships\res\content\gameplay\common\misc\CM008JSB018MidFront\CM008JSB018MidFront.model","SUCCESS","Offset: 0, Length: 694, Priority: Normal"
"5:24:34.8928777","worldofwarships.exe","4648","ReadFile","V:\Games\World of Warships\res\content\gameplay\common\misc\CM008JSB018MidFront\CM008JSB018MidFront.model","SUCCESS","Offset: 0, Length: 694, I/O Flags: Non-cached, Paging I/O, Priority: Normal"
"5:24:34.9045519","worldofwarships.exe","4648","ReadFile","V:\Games\World of Warships\res\content\gameplay\common\misc\CM008JSB018MidFront\CM008JSB018MidFront.model","SUCCESS","Offset: 0, Length: 694, Priority: Normal"
"5:24:35.0604505","worldofwarships.exe","4648","ReadFile","V:\Games\World of Warships\res\content\gameplay\japan\misc\JM110\JM110.model","SUCCESS","Offset: 0, Length: 612, Priority: Normal"
"5:24:35.0604726","worldofwarships.exe","4648","ReadFile","V:\Games\World of Warships\res\content\gameplay\japan\misc\JM110\JM110.model","SUCCESS","Offset: 0, Length: 612, I/O Flags: Non-cached, Paging I/O, Priority: Normal"
"5:24:35.0606935","worldofwarships.exe","4648","ReadFile","V:\Games\World of Warships\res\content\gameplay\japan\misc\JM110\JM110.model","SUCCESS","Offset: 0, Length: 612, Priority: Normal"
"5:24:35.1710293","worldofwarships.exe","4648","ReadFile","V:\Games\World of Warships\res\content\gameplay\japan\misc\JM002JSB018MidFront\JM002JSB018MidFront.model","SUCCESS","Offset: 0, Length: 692, Priority: Normal"
"5:24:35.1710501","worldofwarships.exe","4648","ReadFile","V:\Games\World of Warships\res\content\gameplay\japan\misc\JM002JSB018MidFront\JM002JSB018MidFront.model","SUCCESS","Offset: 0, Length: 692, I/O Flags: Non-cached, Paging I/O, Priority: Normal"
"5:24:35.1806773","worldofwarships.exe","4648","ReadFile","V:\Games\World of Warships\res\content\gameplay\japan\misc\JM002JSB018MidFront\JM002JSB018MidFront.model","SUCCESS","Offset: 0, Length: 692, Priority: Normal"
"5:24:35.3345706","worldofwarships.exe","4648","ReadFile","V:\Games\World of Warships\res\content\gameplay\japan\misc\JM109JSB018MidFront\JM109JSB018MidFront.model","SUCCESS","Offset: 0, Length: 692, Priority: Normal"
"5:24:35.3345942","worldofwarships.exe","4648","ReadFile","V:\Games\World of Warships\res\content\gameplay\japan\misc\JM109JSB018MidFront\JM109JSB018MidFront.model","SUCCESS","Offset: 0, Length: 692, I/O Flags: Non-cached, Paging I/O, Priority: Normal"
"5:24:35.3409735","worldofwarships.exe","4648","ReadFile","V:\Games\World of Warships\res\content\gameplay\japan\misc\JM109JSB018MidFront\JM109JSB018MidFront.model","SUCCESS","Offset: 0, Length: 692, Priority: Normal"
"5:24:35.3915429","worldofwarships.exe","4648","ReadFile","V:\Games\World of Warships\res\content\gameplay\japan\misc\JM109JSB018Stern\JM109JSB018Stern.model","SUCCESS","Offset: 0, Length: 674, Priority: Normal"
"5:24:35.3915675","worldofwarships.exe","4648","ReadFile","V:\Games\World of Warships\res\content\gameplay\japan\misc\JM109JSB018Stern\JM109JSB018Stern.model","SUCCESS","Offset: 0, Length: 674, I/O Flags: Non-cached, Paging I/O, Priority: Normal"
"5:24:35.3919556","worldofwarships.exe","4648","ReadFile","V:\Games\World of Warships\res\content\gameplay\japan\misc\JM109JSB018Stern\JM109JSB018Stern.model","SUCCESS","Offset: 0, Length: 674, Priority: Normal"
"5:24:35.4129258","worldofwarships.exe","4648","ReadFile","V:\Games\World of Warships\res\content\gameplay\japan\misc\JM025JSB018Stern\JM025JSB018Stern.model","SUCCESS","Offset: 0, Length: 674, Priority: Normal"
"5:24:35.4129427","worldofwarships.exe","4648","ReadFile","V:\Games\World of Warships\res\content\gameplay\japan\misc\JM025JSB018Stern\JM025JSB018Stern.model","SUCCESS","Offset: 0, Length: 674, I/O Flags: Non-cached, Paging I/O, Priority: Normal"
"5:24:35.4197730","worldofwarships.exe","4648","ReadFile","V:\Games\World of Warships\res\content\gameplay\japan\misc\JM025JSB018Stern\JM025JSB018Stern.model","SUCCESS","Offset: 0, Length: 674, Priority: Normal"
"5:24:35.4902273","worldofwarships.exe","4648","ReadFile","V:\Games\World of Warships\res\content\gameplay\japan\misc\JM111JSB018Stern\JM111JSB018Stern.model","SUCCESS","Offset: 0, Length: 674, Priority: Normal"
"5:24:35.4902503","worldofwarships.exe","4648","ReadFile","V:\Games\World of Warships\res\content\gameplay\japan\misc\JM111JSB018Stern\JM111JSB018Stern.model","SUCCESS","Offset: 0, Length: 674, I/O Flags: Non-cached, Paging I/O, Priority: Normal"
"5:24:35.4905837","worldofwarships.exe","4648","ReadFile","V:\Games\World of Warships\res\content\gameplay\japan\misc\JM111JSB018Stern\JM111JSB018Stern.model","SUCCESS","Offset: 0, Length: 674, Priority: Normal"
"5:24:35.5554522","worldofwarships.exe","4648","ReadFile","V:\Games\World of Warships\res\content\gameplay\japan\misc\JM026JSB018Stern\JM026JSB018Stern.model","SUCCESS","Offset: 0, Length: 637, Priority: Normal"
"5:24:35.5554800","worldofwarships.exe","4648","ReadFile","V:\Games\World of Warships\res\content\gameplay\japan\misc\JM026JSB018Stern\JM026JSB018Stern.model","SUCCESS","Offset: 0, Length: 637, I/O Flags: Non-cached, Paging I/O, Priority: Normal"
"5:24:35.5629528","worldofwarships.exe","4648","ReadFile","V:\Games\World of Warships\res\content\gameplay\japan\misc\JM026JSB018Stern\JM026JSB018Stern.model","SUCCESS","Offset: 0, Length: 637, Priority: Normal"
"5:24:35.6220044","worldofwarships.exe","4648","ReadFile","V:\Games\World of Warships\res\content\gameplay\japan\misc\JM059JSB018Stern\JM059JSB018Stern.model","SUCCESS","Offset: 0, Length: 676, Priority: Normal"
"5:24:35.6220293","worldofwarships.exe","4648","ReadFile","V:\Games\World of Warships\res\content\gameplay\japan\misc\JM059JSB018Stern\JM059JSB018Stern.model","SUCCESS","Offset: 0, Length: 676, I/O Flags: Non-cached, Paging I/O, Priority: Normal"
"5:24:35.6264169","worldofwarships.exe","4648","ReadFile","V:\Games\World of Warships\res\content\gameplay\japan\misc\JM059JSB018Stern\JM059JSB018Stern.model","SUCCESS","Offset: 0, Length: 676, Priority: Normal"
"5:24:35.6717906","worldofwarships.exe","4648","ReadFile","V:\Games\World of Warships\res\content\gameplay\japan\misc\JM013JSB018Stern\JM013JSB018Stern.model","SUCCESS","Offset: 0, Length: 674, Priority: Normal"
"5:24:35.6718155","worldofwarships.exe","4648","ReadFile","V:\Games\World of Warships\res\content\gameplay\japan\misc\JM013JSB018Stern\JM013JSB018Stern.model","SUCCESS","Offset: 0, Length: 674, I/O Flags: Non-cached, Paging I/O, Priority: Normal"
"5:24:35.6853454","worldofwarships.exe","4648","ReadFile","V:\Games\World of Warships\res\content\gameplay\japan\misc\JM013JSB018Stern\JM013JSB018Stern.model","SUCCESS","Offset: 0, Length: 674, Priority: Normal"
"5:24:35.7796891","worldofwarships.exe","4648","ReadFile","V:\Games\World of Warships\res\content\gameplay\common\misc\CM001\CM001.model","SUCCESS","Offset: 0, Length: 891, Priority: Normal"
"5:24:35.7801926","worldofwarships.exe","4648","ReadFile","V:\Games\World of Warships\res\content\gameplay\common\misc\CM001\CM001.model","SUCCESS","Offset: 0, Length: 891, Priority: Normal"
"5:24:35.8087811","worldofwarships.exe","4648","ReadFile","V:\Games\World of Warships\res\content\gameplay\japan\misc\JM112JSB018Stern\JM112JSB018Stern.model","SUCCESS","Offset: 0, Length: 679, Priority: Normal"
"5:24:35.8088031","worldofwarships.exe","4648","ReadFile","V:\Games\World of Warships\res\content\gameplay\japan\misc\JM112JSB018Stern\JM112JSB018Stern.model","SUCCESS","Offset: 0, Length: 679, I/O Flags: Non-cached, Paging I/O, Priority: Normal"
"5:24:35.8264854","worldofwarships.exe","4648","ReadFile","V:\Games\World of Warships\res\content\gameplay\japan\misc\JM112JSB018Stern\JM112JSB018Stern.model","SUCCESS","Offset: 0, Length: 679, Priority: Normal"
"5:24:35.8885911","worldofwarships.exe","4648","ReadFile","V:\Games\World of Warships\res\content\gameplay\common\misc\CM005JSB018Stern\CM005JSB018Stern.model","SUCCESS","Offset: 0, Length: 530, Priority: Normal"
"5:24:35.8886157","worldofwarships.exe","4648","ReadFile","V:\Games\World of Warships\res\content\gameplay\common\misc\CM005JSB018Stern\CM005JSB018Stern.model","SUCCESS","Offset: 0, Length: 530, I/O Flags: Non-cached, Paging I/O, Priority: Normal"
"5:24:35.8888504","worldofwarships.exe","4648","ReadFile","V:\Games\World of Warships\res\content\gameplay\common\misc\CM005JSB018Stern\CM005JSB018Stern.model","SUCCESS","Offset: 0, Length: 530, Priority: Normal"
"5:24:36.0889482","worldofwarships.exe","4648","ReadFile","V:\Games\World of Warships\res\content\gameplay\japan\misc\JM066JSB018Stern\JM066JSB018Stern.model","SUCCESS","Offset: 0, Length: 673, Priority: Normal"
"5:24:36.0889744","worldofwarships.exe","4648","ReadFile","V:\Games\World of Warships\res\content\gameplay\japan\misc\JM066JSB018Stern\JM066JSB018Stern.model","SUCCESS","Offset: 0, Length: 673, I/O Flags: Non-cached, Paging I/O, Priority: Normal"
"5:24:36.1174248","worldofwarships.exe","4648","ReadFile","V:\Games\World of Warships\res\content\gameplay\japan\misc\JM066JSB018Stern\JM066JSB018Stern.model","SUCCESS","Offset: 0, Length: 673, Priority: Normal"
"5:24:36.3217907","worldofwarships.exe","4648","ReadFile","V:\Games\World of Warships\res\content\gameplay\japan\misc\JM007JSB018Stern\JM007JSB018Stern.model","SUCCESS","Offset: 0, Length: 674, Priority: Normal"
"5:24:36.3218169","worldofwarships.exe","4648","ReadFile","V:\Games\World of Warships\res\content\gameplay\japan\misc\JM007JSB018Stern\JM007JSB018Stern.model","SUCCESS","Offset: 0, Length: 674, I/O Flags: Non-cached, Paging I/O, Priority: Normal"
"5:24:36.3352541","worldofwarships.exe","4648","ReadFile","V:\Games\World of Warships\res\content\gameplay\japan\misc\JM007JSB018Stern\JM007JSB018Stern.model","SUCCESS","Offset: 0, Length: 674, Priority: Normal"
"5:24:36.4608159","worldofwarships.exe","4648","ReadFile","V:\Games\World of Warships\res\content\gameplay\japan\misc\JM039JSB018Stern\JM039JSB018Stern.model","SUCCESS","Offset: 0, Length: 675, Priority: Normal"
"5:24:36.4608380","worldofwarships.exe","4648","ReadFile","V:\Games\World of Warships\res\content\gameplay\japan\misc\JM039JSB018Stern\JM039JSB018Stern.model","SUCCESS","Offset: 0, Length: 675, I/O Flags: Non-cached, Paging I/O, Priority: Normal"
"5:24:36.4699515","worldofwarships.exe","4648","ReadFile","V:\Games\World of Warships\res\content\gameplay\japan\misc\JM039JSB018Stern\JM039JSB018Stern.model","SUCCESS","Offset: 0, Length: 675, Priority: Normal"
"5:24:36.6763096","worldofwarships.exe","4648","ReadFile","V:\Games\World of Warships\res\content\gameplay\common\misc\CM032\CM032.model","SUCCESS","Offset: 0, Length: 891, Priority: Normal"
"5:24:36.6765110","worldofwarships.exe","4648","ReadFile","V:\Games\World of Warships\res\content\gameplay\common\misc\CM032\CM032.model","SUCCESS","Offset: 0, Length: 891, Priority: Normal"
"5:24:36.7230275","worldofwarships.exe","4648","ReadFile","V:\Games\World of Warships\res\content\gameplay\japan\misc\JM086\JM086.model","SUCCESS","Offset: 0, Length: 612, Priority: Normal"
"5:24:36.7230505","worldofwarships.exe","4648","ReadFile","V:\Games\World of Warships\res\content\gameplay\japan\misc\JM086\JM086.model","SUCCESS","Offset: 0, Length: 612, I/O Flags: Non-cached, Paging I/O, Priority: Normal"
"5:24:36.7252822","worldofwarships.exe","4648","ReadFile","V:\Games\World of Warships\res\content\gameplay\japan\misc\JM086\JM086.model","SUCCESS","Offset: 0, Length: 612, Priority: Normal"
