<JSB018_Yamato_1944.xml>
  <sections>
    <bow>
      <model>japan\ship\battleship\JSB018_Yamato_1944\JSB018_Yamato_1944_bow_ports.visual</model>
        <node>
           <name>MP_JM025JSB018Bow_0_0</name>
           <model>\japan\misc\JM025JSB018Bow\JM025JSB018Bow.primitives</model>
        </node>
        <node>
           <name>MP_JM026JSB018Bow_0_0</name>
           <model>\japan\misc\JM026JSB018Bow\JM026JSB018Bow.primitives</model>
        </node>
        <node>
           <name>MP_JM029JSB018Bow_0_0</name>
           <model>\japan\misc\JM029JSB018Bow\JM029JSB018Bow.primitives</model>
        </node>
        <node>
           <name>MP_JM033JSB018Bow_0_0</name>
           <model>\japan\misc\JM033JSB018Bow\JM033JSB018Bow.primitives</model>
        </node>
        <node>
           <name>MP_JM109_Deck_Hatch_11</name>
           <model>\japan\misc\JM109\JM109.primitives</model>
        </node>
        <node>
           <name>MP_JM310_Chrysanthemum_full</name>
           <model>\japan\misc\JM310\JM310.primitives</model>
        </node>
        <node>
           <name>MP_CM086JSB018Bow_0_0</name>
           <model>\common\misc\CM086JSB018Bow\CM086JSB018Bow.primitives</model>
        </node>
        <node>
           <name>MP_CM087JSB018Bow_0_0</name>
           <model>\common\misc\CM087JSB018Bow\CM087JSB018Bow.primitives</model>
        </node>
        <node>
           <name>HP_Fire_Burn_1</name>
           <model>UNKNOWN_ITEM</model>
        </node>
    </bow>
    <midfront>
      <model>japan\ship\battleship\JSB018_Yamato_1944\JSB018_Yamato_1944_MidFront_ports.visual</model>
        <node>
           <name>HP_JGA_47</name>
           <model>\japan\gun\aaircraft\JGA010_25mm_Type96\JGA010_25mm_Type96.primitives</model>
        </node>
        <node>
           <name>HP_JGA_48</name>
           <model>\japan\gun\aaircraft\JGA010_25mm_Type96\JGA010_25mm_Type96.primitives</model>
        </node>
        <node>
           <name>HP_JGA_50</name>
           <model>\japan\gun\aaircraft\JGA010_25mm_Type96\JGA010_25mm_Type96.primitives</model>
        </node>
        <node>
           <name>HP_JGA_51</name>
           <model>\japan\gun\aaircraft\JGA010_25mm_Type96\JGA010_25mm_Type96.primitives</model>
        </node>
        <node>
           <name>HP_JGM_2</name>
           <model>\japan\gun\main\JGM001_460mm45_Type96\JGM001_460mm45_Type96.primitives</model>
        </node>
        <node>
           <name>HP_JGM_1</name>
           <model>\japan\gun\main\JGM001_460mm45_Type96\JGM001_460mm45_Type96.primitives</model>
        </node>
        <node>
           <name>HP_JGS_1</name>
           <model>\japan\gun\secondary\JGS002_155mm60_Type3\JGS002_155mm60_Type3.primitives</model>
        </node>
        <node>
           <name>MP_JM059JSB018MidFront_0_0</name>
           <model>\japan\misc\JM059JSB018MidFront\JM059JSB018MidFront.primitives</model>
        </node>
        <node>
           <name>MP_JM026JSB018MidFront_0_0</name>
           <model>\japan\misc\JM026JSB018MidFront\JM026JSB018MidFront.primitives</model>
        </node>
        <node>
           <name>MP_JM111JSB018MidFront_0_0</name>
           <model>\japan\misc\JM111JSB018MidFront\JM111JSB018MidFront.primitives</model>
        </node>
        <node>
           <name>MP_JM013JSB018MidFront_0_0</name>
           <model>\japan\misc\JM013JSB018MidFront\JM013JSB018MidFront.primitives</model>
        </node>
        <node>
           <name>MP_JM112JSB018MidFront_0_0</name>
           <model>\japan\misc\JM112JSB018MidFront\JM112JSB018MidFront.primitives</model>
        </node>
        <node>
           <name>MP_JM014JSB018MidFront_0_0</name>
           <model>\japan\misc\JM014JSB018MidFront\JM014JSB018MidFront.primitives</model>
        </node>
        <node>
           <name>MP_CM008JSB018MidFront_0_0</name>
           <model>\common\misc\CM008JSB018MidFront\CM008JSB018MidFront.primitives</model>
        </node>
        <node>
           <name>MP_JM110_Deck_Hatch_12</name>
           <model>\japan\misc\JM110\JM110.primitives</model>
        </node>
        <node>
           <name>MP_JM002JSB018MidFront_0_0</name>
           <model>\japan\misc\JM002JSB018MidFront\JM002JSB018MidFront.primitives</model>
        </node>
        <node>
           <name>MP_JM109JSB018MidFront_0_0</name>
           <model>\japan\misc\JM109JSB018MidFront\JM109JSB018MidFront.primitives</model>
        </node>
        <node>
           <name>HP_Fire_Burn_2</name>
           <model>UNKNOWN_ITEM</model>
        </node>
        <node>
           <name>HP_NoseWave_Speed</name>
           <model>UNKNOWN_ITEM</model>
        </node>
    </midfront>
    <midback>
      <model>japan\ship\battleship\JSB018_Yamato_1944\JSB018_Yamato_1944_MidBack_ports.visual</model>
        <node>
           <name>HP_JD_1</name>
           <model>\japan\director\JD013_Director_Type_98_Mod1\JD013_Director_Type_98_Mod1.primitives</model>
        </node>
        <node>
           <name>HP_JD_2</name>
           <model>\japan\director\JD013_Director_Type_98_Mod1\JD013_Director_Type_98_Mod1.primitives</model>
        </node>
        <node>
           <name>HP_JD_3</name>
           <model>\japan\director\JD013_Director_Type_98_Mod1\JD013_Director_Type_98_Mod1.primitives</model>
        </node>
        <node>
           <name>HP_JD_4</name>
           <model>\japan\director\JD013_Director_Type_98_Mod1\JD013_Director_Type_98_Mod1.primitives</model>
        </node>
        <node>
           <name>HP_JD_5</name>
           <model>\japan\director\JD014_Director_Type_98_10m\JD014_Director_Type_98_10m.primitives</model>
        </node>
        <node>
           <name>HP_JD_6</name>
           <model>\japan\director\JD018_Director_Type_98_15m\JD018_Director_Type_98_15m.primitives</model>
        </node>
        <node>
           <name>HP_JD_7</name>
           <model>\japan\director\JD019_Machine_Gun_ControlTower\JD019_Machine_Gun_ControlTower.primitives</model>
        </node>
        <node>
           <name>HP_JD_8</name>
           <model>\japan\director\JD019_Machine_Gun_ControlTower\JD019_Machine_Gun_ControlTower.primitives</model>
        </node>
        <node>
           <name>HP_JD_9</name>
           <model>\japan\director\JD019_Machine_Gun_ControlTower\JD019_Machine_Gun_ControlTower.primitives</model>
        </node>
        <node>
           <name>HP_JD_10</name>
           <model>\japan\director\JD019_Machine_Gun_ControlTower\JD019_Machine_Gun_ControlTower.primitives</model>
        </node>
        <node>
           <name>HP_JD_11</name>
           <model>\japan\director\JD019_Machine_Gun_ControlTower\JD019_Machine_Gun_ControlTower.primitives</model>
        </node>
        <node>
           <name>HP_JD_12</name>
           <model>\japan\director\JD019_Machine_Gun_ControlTower\JD019_Machine_Gun_ControlTower.primitives</model>
        </node>
        <node>
           <name>HP_JD_13</name>
           <model>\japan\director\JD019_Machine_Gun_ControlTower\JD019_Machine_Gun_ControlTower.primitives</model>
        </node>
        <node>
           <name>HP_JD_14</name>
           <model>\japan\director\JD019_Machine_Gun_ControlTower\JD019_Machine_Gun_ControlTower.primitives</model>
        </node>
        <node>
           <name>HP_JD_15</name>
           <model>\japan\director\JD019_Machine_Gun_ControlTower\JD019_Machine_Gun_ControlTower.primitives</model>
        </node>
        <node>
           <name>HP_JD_18</name>
           <model>\japan\director\JD019_Machine_Gun_ControlTower\JD019_Machine_Gun_ControlTower.primitives</model>
        </node>
        <node>
           <name>HP_JD_19</name>
           <model>\japan\director\JD030_Director_Type_95_Mod2\JD030_Director_Type_95_Mod2.primitives</model>
        </node>
        <node>
           <name>HP_JD_20</name>
           <model>\japan\director\JD030_Director_Type_95_Mod2\JD030_Director_Type_95_Mod2.primitives</model>
        </node>
        <node>
           <name>HP_JD_21</name>
           <model>\japan\director\JD030_Director_Type_95_Mod2\JD030_Director_Type_95_Mod2.primitives</model>
        </node>
        <node>
           <name>HP_JD_22</name>
           <model>\japan\director\JD030_Director_Type_95_Mod2\JD030_Director_Type_95_Mod2.primitives</model>
        </node>
        <node>
           <name>HP_JF_1</name>
           <model>\japan\finder\JF017_Rangefinder_4_5m\JF017_Rangefinder_4_5m.primitives</model>
        </node>
        <node>
           <name>HP_JF_2</name>
           <model>\japan\finder\JF017_Rangefinder_4_5m\JF017_Rangefinder_4_5m.primitives</model>
        </node>
        <node>
           <name>HP_JF_3</name>
           <model>\japan\finder\JF017_Rangefinder_4_5m\JF017_Rangefinder_4_5m.primitives</model>
        </node>
        <node>
           <name>HP_JF_4</name>
           <model>\japan\finder\JF017_Rangefinder_4_5m\JF017_Rangefinder_4_5m.primitives</model>
        </node>
        <node>
           <name>HP_JF_5</name>
           <model>\japan\finder\JF029_Rangefinder_1_5m_Yamato\JF029_Rangefinder_1_5m_Yamato.primitives</model>
        </node>
        <node>
           <name>HP_JGS_13</name>
           <model>\japan\gun\secondary\JGS003_127mm40_Type89_Mod_A\JGS003_127mm40_Type89_Mod_A.primitives</model>
        </node>
        <node>
           <name>HP_JGS_14</name>
           <model>\japan\gun\secondary\JGS003_127mm40_Type89_Mod_A\JGS003_127mm40_Type89_Mod_A.primitives</model>
        </node>
        <node>
           <name>HP_JGS_15</name>
           <model>\japan\gun\secondary\JGS003_127mm40_Type89_Mod_A\JGS003_127mm40_Type89_Mod_A.primitives</model>
        </node>
        <node>
           <name>HP_JGS_11</name>
           <model>\japan\gun\secondary\JGS003_127mm40_Type89_Mod_A\JGS003_127mm40_Type89_Mod_A.primitives</model>
        </node>
        <node>
           <name>HP_JGS_12</name>
           <model>\japan\gun\secondary\JGS003_127mm40_Type89_Mod_A\JGS003_127mm40_Type89_Mod_A.primitives</model>
        </node>
        <node>
           <name>HP_JGA_7</name>
           <model>\japan\gun\aaircraft\JGA004_25mm_Type96_Triple_1\JGA004_25mm_Type96_Triple_1.primitives</model>
        </node>
        <node>
           <name>HP_JGA_8</name>
           <model>\japan\gun\aaircraft\JGA004_25mm_Type96_Triple_1\JGA004_25mm_Type96_Triple_1.primitives</model>
        </node>
        <node>
           <name>HP_JGA_9</name>
           <model>\japan\gun\aaircraft\JGA004_25mm_Type96_Triple_1\JGA004_25mm_Type96_Triple_1.primitives</model>
        </node>
        <node>
           <name>HP_JGA_10</name>
           <model>\japan\gun\aaircraft\JGA004_25mm_Type96_Triple_1\JGA004_25mm_Type96_Triple_1.primitives</model>
        </node>
        <node>
           <name>HP_JGA_11</name>
           <model>\japan\gun\aaircraft\JGA004_25mm_Type96_Triple_1\JGA004_25mm_Type96_Triple_1.primitives</model>
        </node>
        <node>
           <name>HP_JGA_12</name>
           <model>\japan\gun\aaircraft\JGA004_25mm_Type96_Triple_1\JGA004_25mm_Type96_Triple_1.primitives</model>
        </node>
        <node>
           <name>HP_JGA_13</name>
           <model>\japan\gun\aaircraft\JGA004_25mm_Type96_Triple_1\JGA004_25mm_Type96_Triple_1.primitives</model>
        </node>
        <node>
           <name>HP_JGA_14</name>
           <model>\japan\gun\aaircraft\JGA004_25mm_Type96_Triple_1\JGA004_25mm_Type96_Triple_1.primitives</model>
        </node>
        <node>
           <name>HP_JGA_15</name>
           <model>\japan\gun\aaircraft\JGA004_25mm_Type96_Triple_1\JGA004_25mm_Type96_Triple_1.primitives</model>
        </node>
        <node>
           <name>HP_JGA_16</name>
           <model>\japan\gun\aaircraft\JGA004_25mm_Type96_Triple_1\JGA004_25mm_Type96_Triple_1.primitives</model>
        </node>
        <node>
           <name>HP_JGA_17</name>
           <model>\japan\gun\aaircraft\JGA004_25mm_Type96_Triple_1\JGA004_25mm_Type96_Triple_1.primitives</model>
        </node>
        <node>
           <name>HP_JGA_18</name>
           <model>\japan\gun\aaircraft\JGA004_25mm_Type96_Triple_1\JGA004_25mm_Type96_Triple_1.primitives</model>
        </node>
        <node>
           <name>HP_JGA_19</name>
           <model>\japan\gun\aaircraft\JGA004_25mm_Type96_Triple_1\JGA004_25mm_Type96_Triple_1.primitives</model>
        </node>
        <node>
           <name>HP_JGA_20</name>
           <model>\japan\gun\aaircraft\JGA004_25mm_Type96_Triple_1\JGA004_25mm_Type96_Triple_1.primitives</model>
        </node>
        <node>
           <name>HP_JGA_21</name>
           <model>\japan\gun\aaircraft\JGA004_25mm_Type96_Triple_1\JGA004_25mm_Type96_Triple_1.primitives</model>
        </node>
        <node>
           <name>HP_JGA_22</name>
           <model>\japan\gun\aaircraft\JGA004_25mm_Type96_Triple_1\JGA004_25mm_Type96_Triple_1.primitives</model>
        </node>
        <node>
           <name>HP_JGA_23</name>
           <model>\japan\gun\aaircraft\JGA004_25mm_Type96_Triple_1\JGA004_25mm_Type96_Triple_1.primitives</model>
        </node>
        <node>
           <name>HP_JGA_24</name>
           <model>\japan\gun\aaircraft\JGA004_25mm_Type96_Triple_1\JGA004_25mm_Type96_Triple_1.primitives</model>
        </node>
        <node>
           <name>HP_JGA_25</name>
           <model>\japan\gun\aaircraft\JGA004_25mm_Type96_Triple_1\JGA004_25mm_Type96_Triple_1.primitives</model>
        </node>
        <node>
           <name>HP_JGA_26</name>
           <model>\japan\gun\aaircraft\JGA004_25mm_Type96_Triple_1\JGA004_25mm_Type96_Triple_1.primitives</model>
        </node>
        <node>
           <name>HP_JGA_31</name>
           <model>\japan\gun\aaircraft\JGA010_25mm_Type96\JGA010_25mm_Type96.primitives</model>
        </node>
        <node>
           <name>HP_JGA_32</name>
           <model>\japan\gun\aaircraft\JGA010_25mm_Type96\JGA010_25mm_Type96.primitives</model>
        </node>
        <node>
           <name>HP_JGA_33</name>
           <model>\japan\gun\aaircraft\JGA010_25mm_Type96\JGA010_25mm_Type96.primitives</model>
        </node>
        <node>
           <name>HP_JGA_34</name>
           <model>\japan\gun\aaircraft\JGA010_25mm_Type96\JGA010_25mm_Type96.primitives</model>
        </node>
        <node>
           <name>HP_JGA_38</name>
           <model>\japan\gun\aaircraft\JGA010_25mm_Type96\JGA010_25mm_Type96.primitives</model>
        </node>
        <node>
           <name>HP_JGA_39</name>
           <model>\japan\gun\aaircraft\JGA010_25mm_Type96\JGA010_25mm_Type96.primitives</model>
        </node>
        <node>
           <name>HP_JGA_40</name>
           <model>\japan\gun\aaircraft\JGA010_25mm_Type96\JGA010_25mm_Type96.primitives</model>
        </node>
        <node>
           <name>HP_JGA_41</name>
           <model>\japan\gun\aaircraft\JGA010_25mm_Type96\JGA010_25mm_Type96.primitives</model>
        </node>
        <node>
           <name>HP_JGA_42</name>
           <model>\japan\gun\aaircraft\JGA010_25mm_Type96\JGA010_25mm_Type96.primitives</model>
        </node>
        <node>
           <name>HP_JGA_43</name>
           <model>\japan\gun\aaircraft\JGA010_25mm_Type96\JGA010_25mm_Type96.primitives</model>
        </node>
        <node>
           <name>HP_JGA_44</name>
           <model>\japan\gun\aaircraft\JGA010_25mm_Type96\JGA010_25mm_Type96.primitives</model>
        </node>
        <node>
           <name>HP_JGA_45</name>
           <model>\japan\gun\aaircraft\JGA010_25mm_Type96\JGA010_25mm_Type96.primitives</model>
        </node>
        <node>
           <name>HP_JGS_2</name>
           <model>\japan\gun\secondary\JGS002_155mm60_Type3\JGS002_155mm60_Type3.primitives</model>
        </node>
        <node>
           <name>HP_JGS_3</name>
           <model>\japan\gun\secondary\JGS009_127mm40_Type_89\JGS009_127mm40_Type_89.primitives</model>
        </node>
        <node>
           <name>HP_JGS_4</name>
           <model>\japan\gun\secondary\JGS009_127mm40_Type_89\JGS009_127mm40_Type_89.primitives</model>
        </node>
        <node>
           <name>HP_JGS_5</name>
           <model>\japan\gun\secondary\JGS009_127mm40_Type_89\JGS009_127mm40_Type_89.primitives</model>
        </node>
        <node>
           <name>HP_JGS_6</name>
           <model>\japan\gun\secondary\JGS009_127mm40_Type_89\JGS009_127mm40_Type_89.primitives</model>
        </node>
        <node>
           <name>HP_JGS_7</name>
           <model>\japan\gun\secondary\JGS009_127mm40_Type_89\JGS009_127mm40_Type_89.primitives</model>
        </node>
        <node>
           <name>HP_JGS_8</name>
           <model>\japan\gun\secondary\JGS009_127mm40_Type_89\JGS009_127mm40_Type_89.primitives</model>
        </node>
        <node>
           <name>HP_JRS_1</name>
           <model>\japan\radar\search\JRS007_Radar_Type_22\JRS007_Radar_Type_22.primitives</model>
        </node>
        <node>
           <name>HP_JRS_2</name>
           <model>\japan\radar\search\JRS007_Radar_Type_22\JRS007_Radar_Type_22.primitives</model>
        </node>
        <node>
           <name>HP_JRS_3</name>
           <model>\radar\search\JRS010_Radar_Type_13\JRS010_Radar_Type_13.primitives</model>
        </node>
        <node>
           <name>HP_JRS_4</name>
           <model>\radar\search\JRS010_Radar_Type_13\JRS010_Radar_Type_13.primitives</model>
        </node>
        <node>
           <name>HP_JGA_49</name>
           <model>\japan\gun\aaircraft\JGA010_25mm_Type96\JGA010_25mm_Type96.primitives</model>
        </node>
        <node>
           <name>HP_JGA_52</name>
           <model>\japan\gun\aaircraft\JGA010_25mm_Type96\JGA010_25mm_Type96.primitives</model>
        </node>
        <node>
           <name>HP_JGS_10</name>
           <model>\japan\gun\secondary\JGS003_127mm40_Type89_Mod_A\JGS003_127mm40_Type89_Mod_A.primitives</model>
        </node>
        <node>
           <name>HP_flag_1</name>
           <model>\japan\misc\JM001\JM001.primitives</model>
        </node>
        <node>
           <name>HP_flag_2</name>
           <model>\japan\misc\JM001\JM001.primitives</model>
        </node>
        <node>
           <name>HP_flag_3</name>
           <model>\japan\misc\JM001\JM001.primitives</model>
        </node>
        <node>
           <name>HP_flag_4</name>
           <model>\japan\misc\JM001\JM001.primitives</model>
        </node>
        <node>
           <name>MP_JM010JSB018MidBack_0_0</name>
           <model>\japan\misc\JM010JSB018MidBack\JM010JSB018MidBack.primitives</model>
        </node>
        <node>
           <name>MP_JM009JSB018MidBack_0_0</name>
           <model>\japan\misc\JM009JSB018MidBack\JM009JSB018MidBack.primitives</model>
        </node>
        <node>
           <name>MP_JM003JSB018MidBack_0_0</name>
           <model>\japan\misc\JM003JSB018MidBack\JM003JSB018MidBack.primitives</model>
        </node>
        <node>
           <name>MP_JM011JSB018MidBack_0_0</name>
           <model>\japan\misc\JM011JSB018MidBack\JM011JSB018MidBack.primitives</model>
        </node>
        <node>
           <name>MP_JM006JSB018MidBack_0_0</name>
           <model>\japan\misc\JM006JSB018MidBack\JM006JSB018MidBack.primitives</model>
        </node>
        <node>
           <name>MP_JM059JSB018MidBack_0_0</name>
           <model>\japan\misc\JM059JSB018MidBack\JM059JSB018MidBack.primitives</model>
        </node>
        <node>
           <name>MP_JM112JSB018MidBack_0_0</name>
           <model>\japan\misc\JM112JSB018MidBack\JM112JSB018MidBack.primitives</model>
        </node>
        <node>
           <name>MP_JM090JSB018MidBack_0_0</name>
           <model>\japan\misc\JM090JSB018MidBack\JM090JSB018MidBack.primitives</model>
        </node>
        <node>
           <name>MP_JM109_Deck_Hatch_11</name>
           <model>\japan\misc\JM109\JM109.primitives</model>
        </node>
        <node>
           <name>MP_JM008JSB018MidBack_0_0</name>
           <model>\japan\misc\JM008JSB018MidBack\JM008JSB018MidBack.primitives</model>
        </node>
        <node>
           <name>MP_JM025JSB018MidBack_0_0</name>
           <model>\japan\misc\JM025JSB018MidBack\JM025JSB018MidBack.primitives</model>
        </node>
        <node>
           <name>MP_JM013JSB018MidBack_0_0</name>
           <model>\japan\misc\JM013JSB018MidBack\JM013JSB018MidBack.primitives</model>
        </node>
        <node>
           <name>MP_JM031_Wind_Intensity</name>
           <model>\japan\misc\JM031\JM031.primitives</model>
        </node>
        <node>
           <name>MP_JM111JSB018MidBack_0_0</name>
           <model>\japan\misc\JM111JSB018MidBack\JM111JSB018MidBack.primitives</model>
        </node>
        <node>
           <name>MP_JM030_Wind_Direction</name>
           <model>\japan\misc\JM030\JM030.primitives</model>
        </node>
        <node>
           <name>HP_Smoke_2</name>
           <model>UNKNOWN_ITEM</model>
        </node>
        <node>
           <name>HP_Smoke_1</name>
           <model>UNKNOWN_ITEM</model>
        </node>
        <node>
           <name>HP_Fire_Burn_3</name>
           <model>UNKNOWN_ITEM</model>
        </node>
    </midback>
    <stern>
      <model>japan\ship\battleship\JSB018_Yamato_1944\JSB018_Yamato_1944_Stern_ports.visual</model>
        <node>
           <name>HP_JD_16</name>
           <model>\japan\director\JD019_Machine_Gun_ControlTower\JD019_Machine_Gun_ControlTower.primitives</model>
        </node>
        <node>
           <name>HP_JD_17</name>
           <model>\japan\director\JD019_Machine_Gun_ControlTower\JD019_Machine_Gun_ControlTower.primitives</model>
        </node>
        <node>
           <name>HP_JGA_27</name>
           <model>\japan\gun\aaircraft\JGA004_25mm_Type96_Triple_1\JGA004_25mm_Type96_Triple_1.primitives</model>
        </node>
        <node>
           <name>HP_JGA_28</name>
           <model>\japan\gun\aaircraft\JGA004_25mm_Type96_Triple_1\JGA004_25mm_Type96_Triple_1.primitives</model>
        </node>
        <node>
           <name>HP_JGA_29</name>
           <model>\japan\gun\aaircraft\JGA004_25mm_Type96_Triple_1\JGA004_25mm_Type96_Triple_1.primitives</model>
        </node>
        <node>
           <name>HP_JGA_30</name>
           <model>\japan\gun\aaircraft\JGA004_25mm_Type96_Triple_1\JGA004_25mm_Type96_Triple_1.primitives</model>
        </node>
        <node>
           <name>HP_JGA_35</name>
           <model>\japan\gun\aaircraft\JGA010_25mm_Type96\JGA010_25mm_Type96.primitives</model>
        </node>
        <node>
           <name>HP_JGA_36</name>
           <model>\japan\gun\aaircraft\JGA010_25mm_Type96\JGA010_25mm_Type96.primitives</model>
        </node>
        <node>
           <name>HP_JGA_37</name>
           <model>\japan\gun\aaircraft\JGA010_25mm_Type96\JGA010_25mm_Type96.primitives</model>
        </node>
        <node>
           <name>HP_JGA_46</name>
           <model>\japan\gun\aaircraft\JGA010_25mm_Type96\JGA010_25mm_Type96.primitives</model>
        </node>
        <node>
           <name>HP_JC_1</name>
           <model>\japan\catapult\JC001_Catapult_Shiki2\JC001_Catapult_Shiki2.primitives</model>
        </node>
        <node>
           <name>HP_JC_2</name>
           <model>\japan\catapult\JC001_Catapult_Shiki2\JC001_Catapult_Shiki2.primitives</model>
        </node>
        <node>
           <name>HP_JGM_3</name>
           <model>\japan\gun\main\JGM001_460mm45_Type96\JGM001_460mm45_Type96.primitives</model>
        </node>
        <node>
           <name>HP_flag_nation</name>
           <model>\japan\misc\JM001\JM001.primitives</model>
        </node>
        <node>
           <name>MP_JM109JSB018Stern_0_0</name>
           <model>\japan\misc\JM109JSB018Stern\JM109JSB018Stern.primitives</model>
        </node>
        <node>
           <name>MP_JM025JSB018Stern_0_0</name>
           <model>\japan\misc\JM025JSB018Stern\JM025JSB018Stern.primitives</model>
        </node>
        <node>
           <name>MP_JM111JSB018Stern_0_0</name>
           <model>\japan\misc\JM111JSB018Stern\JM111JSB018Stern.primitives</model>
        </node>
        <node>
           <name>MP_JM026JSB018Stern_0_0</name>
           <model>\japan\misc\JM026JSB018Stern\JM026JSB018Stern.primitives</model>
        </node>
        <node>
           <name>MP_JM059JSB018Stern_0_0</name>
           <model>\japan\misc\JM059JSB018Stern\JM059JSB018Stern.primitives</model>
        </node>
        <node>
           <name>MP_JM013JSB018Stern_0_0</name>
           <model>\japan\misc\JM013JSB018Stern\JM013JSB018Stern.primitives</model>
        </node>
        <node>
           <name>MP_CM001_Propeller3_L</name>
           <model>\common\misc\CM001\CM001.primitives</model>
        </node>
        <node>
           <name>MP_JM112JSB018Stern_0_0</name>
           <model>\japan\misc\JM112JSB018Stern\JM112JSB018Stern.primitives</model>
        </node>
        <node>
           <name>MP_CM005JSB018Stern_0_0</name>
           <model>\common\misc\CM005JSB018Stern\CM005JSB018Stern.primitives</model>
        </node>
        <node>
           <name>MP_JM066JSB018Stern_0_0</name>
           <model>\japan\misc\JM066JSB018Stern\JM066JSB018Stern.primitives</model>
        </node>
        <node>
           <name>MP_JM007JSB018Stern_0_0</name>
           <model>\japan\misc\JM007JSB018Stern\JM007JSB018Stern.primitives</model>
        </node>
        <node>
           <name>MP_JM039JSB018Stern_0_0</name>
           <model>\japan\misc\JM039JSB018Stern\JM039JSB018Stern.primitives</model>
        </node>
        <node>
           <name>MP_CM032_Propeller3_R</name>
           <model>\common\misc\CM032\CM032.primitives</model>
        </node>
        <node>
           <name>MP_JM086_Crane_3</name>
           <model>\japan\misc\JM086\JM086.primitives</model>
        </node>
        <node>
           <name>MP_CM001_Propeller3_L_INDEX_1</name>
           <model>\common\misc\CM001\CM001.primitives</model>
        </node>
        <node>
           <name>MP_CM032_Propeller3_R_INDEX_1</name>
           <model>\common\misc\CM032\CM032.primitives</model>
        </node>
        <node>
           <name>HP_Fire_Burn_4</name>
           <model>UNKNOWN_ITEM</model>
        </node>
    </stern>
  </sections>
</JSB018_Yamato_1944.xml>
