<root>
	<!-- 
		Thank you Steve64 for this awesome list for Far Cry Primal file paths/names!
        Version: 1.0
        
        Find the latest version of this list at http://steve.farcry.eu
	-->
	<File name="credits.xml" />
	<File name="entityarchetypeslibrary\7935697048370.ark.fcb" />
	<File name="entityarchetypeslibrary\9015265131053056.ark.fcb" />	
	<File name="entityarchetypeslibrary\9015265133035256.ark.fcb" />	
	<File name="entityarchetypeslibrary\9015256136112266.ark.fcb" />	
	<File name="entityarchetypeslibrary\9015285136347986.ark.fcb" />	
	<File name="entityarchetypeslibrary\9015269139338206.ark.fcb" />	
	<File name="entityarchetypeslibrary\9015252633662172.ark.fcb" />	
	<File name="entityarchetypeslibrary\9015252633802442.ark.fcb" />
	<File name="entityarchetypeslibrary\9015279631246412.ark.fcb" />
	<File name="entityarchetypeslibrary\9015292631675082.ark.fcb" />
	<File name="entityarchetypeslibrary\9015190638706282.ark.fcb" />
	<File name="entityarchetypeslibrary\7914633814998.ark.fcb" />
	<File name="entityarchetypeslibrary\7914635348948.ark.fcb" />
	<File name="entityarchetypeslibrary\9015271437717081.ark.fcb" />
	<File name="entityarchetypeslibrary\9015180437251081.ark.fcb" />
	<File name="entityarchetypeslibrary\9015182438262601.ark.fcb" />
	<File name="entityarchetypeslibrary\9015182332391195.ark.fcb" />
	<File name="entityarchetypeslibrary\9015268334301135.ark.fcb" />
	<File name="entityarchetypeslibrary\9015253336743525.ark.fcb" />
	<File name="entityarchetypeslibrary\9015246338102375.ark.fcb" />
	<File name="entityarchetypeslibrary\9015260438077372.ark.fcb" />
	<File name="entityarchetypeslibrary\9015180437045372.ark.fcb" />
	<File name="entityarchetypeslibrary\9015191437819172.ark.fcb" />
	<File name="entityarchetypeslibrary\9015180433794542.ark.fcb" />
	<File name="entityarchetypeslibrary\9015260438218042.ark.fcb" />	
	<File name="entityarchetypeslibrary\9015253434725282.ark.fcb" />	
	<File name="entityarchetypeslibrary\9015289432063012.ark.fcb" />	
	<File name="entityarchetypeslibrary\9015249433585622.ark.fcb" />	
	<File name="entityarchetypeslibrary\9015290339422956.ark.fcb" />	
	<File name="entityarchetypeslibrary\9015206330073216.ark.fcb" />	
	<File name="entityarchetypeslibrary\9015257332324096.ark.fcb" />	
	<File name="entityarchetypeslibrary\9015285139759915.ark.fcb" />	
	<File name="entityarchetypeslibrary\9015256135977715.ark.fcb" />	
	<File name="entityarchetypeslibrary\9015256136244265.ark.fcb" />	
	<File name="entityarchetypeslibrary\9015214139281245.ark.fcb" />	
	<File name="entityarchetypeslibrary\9015274132055275.ark.fcb" />	
	<File name="entityarchetypeslibrary\9015210638626091.ark.fcb" />	
	<File name="entityarchetypeslibrary\9015277633661921.ark.fcb" />	
	<File name="entityarchetypeslibrary\9015251835015409.ark.fcb" />	
	<File name="entityarchetypeslibrary\9015278834412559.ark.fcb" />	
	<File name="entityarchetypeslibrary\9015198839947009.ark.fcb" />	
	<File name="entityarchetypeslibrary\9015270237988497.ark.fcb" />	
	<File name="entityarchetypeslibrary\9015254238552697.ark.fcb" />	
	<File name="entityarchetypeslibrary\9015261234914817.ark.fcb" />	
	<File name="entityarchetypeslibrary\9015219231406287.ark.fcb" />	
	<File name="entityarchetypeslibrary\9015258534604043.ark.fcb" />	
	<File name="entityarchetypeslibrary\9015156537875933.ark.fcb" />	
	<File name="entityarchetypeslibrary\9015277730904240.ark.fcb" />	
	<File name="entityarchetypeslibrary\9015288734314820.ark.fcb" />	
	<File name="entityarchetypeslibrary\9015251031769304.ark.fcb" />	
	<File name="entityarchetypeslibrary\9015273035223224.ark.fcb" />	
	<File name="entityarchetypeslibrary\9015262033459014.ark.fcb" />	
	<File name="entityarchetypeslibrary\9015273034673494.ark.fcb" />	
	<File name="entityarchetypeslibrary\7929930033952.ark.fcb" />	
	<File name="entityarchetypeslibrary\9015289937931948.ark.fcb" />	
	<File name="entityarchetypeslibrary\9015245933452058.ark.fcb" />	
	<File name="entityarchetypeslibrary\9015269138487254.ark.fcb" />	
	<File name="entityarchetypeslibrary\9015265130997084.ark.fcb" />	
	<File name="entityarchetypeslibrary\9015272130339904.ark.fcb" />	
	<File name="entityarchetypeslibrary\9015207133952934.ark.fcb" />	
	<File name="entityarchetypeslibrary\9015285131895424.ark.fcb" />	
	<File name="entityarchetypeslibrary\9015256137698004.ark.fcb" />	
	<File name="entityarchetypeslibrary\9015257632098830.ark.fcb" />	
	<File name="entityarchetypeslibrary\9015279631814980.ark.fcb" />	
	<File name="entityarchetypeslibrary\9015277632927570.ark.fcb" />	
	<File name="entityarchetypeslibrary\9015271839656328.ark.fcb" />	
	<File name="entityarchetypeslibrary\9015251835177398.ark.fcb" />	
	<!-- <File name="entityarchetypeslibrary\901527803..тO654.ark.fcb" />	 -->
	<File name="graphics\_common\_textures\fx\fc_vfx_l.oс.glow01.xbt" />
	<File name="graphics\_common\_textures\weapons\_shared\reticle_01.xbt" />
	<File name="graphics\_common\_textures\generic\mask\perlin.xbt" />
	<!-- <File name="graphics\_common\Vehicle/Land/VEH_Markers_Civilian_Minivan\....xbt" /> -->
</root>

<!-- Rifles.4570SG_Classic -->
<!-- WPN_REPEATER_RIFLE_MODERNLONG_TP.xbg -->
<!-- engine\–. s\«.%\c9..a9.’\stp\pawn..‚_moveandА..….Ѓ.ai.rml -->
<!-- engine\scripts\game\c>..a>.\\stp\Ѓ.с.ai.rml -->
<!-- SimpleAnimation.Fiesta_CleanGlass_St_F -->
<!-- move\decisiontrees\aiv...\...\я.....-..p_start.V.с..bin - (6D 6F 76 65 5C 64 65 63 69 73 69 6F 6E 74 72 65 65 73 5C 61 69 76 00 01 13 5C 1C 07 12 5C FF 06 03 07 00 1B 2D 06 07 70 5F 73 74 61 72 74 2E 56 00 F1 2E 2E 62 69 6E) -->
<!-- Bunker_Eli_BathRoom_01 -->
<!-- graphics\world\manmade\structures\milit..–fortress\У.т3_01.xml -->
<!-- xchen3-M-20170629180329 - (materials "*.bin") -->


<!-- Vehicles -->
<!--          -->
<!-- Vehicles/CargoTruk -->
<!-- Vehicle/Land/VEH_Markers_Civilian_Minivan -->
