<ASC037_Chester_1915.xml>
  <sections>
    <bow>
      <model>usa\ship\cruiser\ASC037_Chester_1915\ASC037_Chester_1915_bow_ports.model</model>
        <node>
           <name>HP_AGM_1</name>
           <model>usa\gun\secondary\AGS139_6in50_MK6\AGS139_6in50_MK6.model</model>
        </node>
        <node>
           <name>MP_AM207_Crane</name>
           <model>usa\misc\AM207\AM207.model</model>
        </node>
        <node>
           <name>MP_AM347ASC037Bow_0_0</name>
           <model>usa\misc\AM347ASC037Bow\AM347ASC037Bow.model</model>
        </node>
        <node>
           <name>MP_AM519ASC037Bow_0_0</name>
           <model>usa\misc\AM519ASC037Bow\AM519ASC037Bow.model</model>
        </node>
        <node>
           <name>MP_CM006ASC037Bow_0_0</name>
           <model>common\misc\CM006ASC037Bow\CM006ASC037Bow.model</model>
        </node>
        <node>
           <name>MP_CM037_Anchor_Close</name>
           <model>common\misc\CM037\CM037.model</model>
        </node>
        <node>
           <name>HP_Fire_Burn_1</name>
           <model>UNKNOWN_ITEM</model>
        </node>
    </bow>
    <midfront>
      <model>usa\ship\cruiser\ASC037_Chester_1915\ASC037_Chester_1915_MidFront_ports.model</model>
        <node>
           <name>HP_AGS_1</name>
           <model>usa\gun\secondary\AGS141_3in50_Mk4_a\AGS141_3in50_Mk4_a.model</model>
        </node>
        <node>
           <name>HP_AGS_2</name>
           <model>usa\gun\secondary\AGS141_3in50_Mk4_a\AGS141_3in50_Mk4_a.model</model>
        </node>
        <node>
           <name>HP_AGS_3</name>
           <model>usa\gun\secondary\AGS102_3in23\AGS102_3in23.model</model>
        </node>
        <node>
           <name>HP_AGS_4</name>
           <model>usa\gun\secondary\AGS102_3in23\AGS102_3in23.model</model>
        </node>
        <node>
           <name>HP_AGA_1</name>
           <model>usa\gun\aaircraft\AGA104_3in50_Mk10\AGA104_3in50_Mk10.model</model>
        </node>
        <node>
           <name>HP_AGM_2</name>
           <model>usa\gun\secondary\AGS139_6in50_MK6\AGS139_6in50_MK6.model</model>
        </node>
        <node>
           <name>HP_AGM_3</name>
           <model>usa\gun\secondary\AGS139_6in50_MK6\AGS139_6in50_MK6.model</model>
        </node>
        <node>
           <name>HP_flag_1</name>
           <model>usa\misc\AM032\AM032.model</model>
        </node>
        <node>
           <name>HP_flag_2</name>
           <model>usa\misc\AM032\AM032.model</model>
        </node>
        <node>
           <name>HP_flag_3</name>
           <model>usa\misc\AM032\AM032.model</model>
        </node>
        <node>
           <name>HP_flag_4</name>
           <model>usa\misc\AM032\AM032.model</model>
        </node>
        <node>
           <name>MP_AM225_Searchlight_900mm</name>
           <model>usa\misc\AM225\AM225.model</model>
        </node>
        <node>
           <name>MP_AM072_Ships_bell</name>
           <model>usa\misc\AM072\AM072.model</model>
        </node>
        <node>
           <name>MP_AM271ASC037MidFront_0_0</name>
           <model>usa\misc\AM271ASC037MidFront\AM271ASC037MidFront.model</model>
        </node>
        <node>
           <name>MP_AM288ASC037MidFront_0_0</name>
           <model>usa\misc\AM288ASC037MidFront\AM288ASC037MidFront.model</model>
        </node>
        <node>
           <name>MP_CM030_Swab_Rack_2</name>
           <model>common\misc\CM030\CM030.model</model>
        </node>
        <node>
           <name>MP_CM011ASC037MidFront_0_0</name>
           <model>common\misc\CM011ASC037MidFront\CM011ASC037MidFront.model</model>
        </node>
        <node>
           <name>MP_CM013ASC037MidFront_0_0</name>
           <model>common\misc\CM013ASC037MidFront\CM013ASC037MidFront.model</model>
        </node>
        <node>
           <name>MP_CM012_Fire_Hose_Rack_1</name>
           <model>common\misc\CM012\CM012.model</model>
        </node>
        <node>
           <name>MP_AM209ASC037MidFront_0_0</name>
           <model>usa\misc\AM209ASC037MidFront\AM209ASC037MidFront.model</model>
        </node>
        <node>
           <name>MP_AM018ASC037MidFront_0_0</name>
           <model>usa\misc\AM018ASC037MidFront\AM018ASC037MidFront.model</model>
        </node>
        <node>
           <name>MP_AM025ASC037MidFront_0_0</name>
           <model>usa\misc\AM025ASC037MidFront\AM025ASC037MidFront.model</model>
        </node>
        <node>
           <name>MP_AM048_Running_Lights_L</name>
           <model>usa\misc\AM048\AM048.model</model>
        </node>
        <node>
           <name>MP_AM047_Running_Lights_R</name>
           <model>usa\misc\AM047\AM047.model</model>
        </node>
        <node>
           <name>MP_AM108_Reels_4</name>
           <model>usa\misc\AM108\AM108.model</model>
        </node>
        <node>
           <name>MP_AM150_Telegraph_Engine</name>
           <model>usa\misc\AM150\AM150.model</model>
        </node>
        <node>
           <name>MP_AM159ASC037MidFront_0_0</name>
           <model>usa\misc\AM159ASC037MidFront\AM159ASC037MidFront.model</model>
        </node>
        <node>
           <name>MP_AM158_Turning_Indicator</name>
           <model>usa\misc\AM158\AM158.model</model>
        </node>
        <node>
           <name>MP_CM040_Steering_Wheel</name>
           <model>common\misc\CM040\CM040.model</model>
        </node>
        <node>
           <name>MP_AM218_Hatch</name>
           <model>usa\misc\AM218\AM218.model</model>
        </node>
        <node>
           <name>MP_AM347ASC037MidFront_0_0</name>
           <model>usa\misc\AM347ASC037MidFront\AM347ASC037MidFront.model</model>
        </node>
        <node>
           <name>MP_AM327_Ventilation</name>
           <model>usa\misc\AM327\AM327.model</model>
        </node>
        <node>
           <name>MP_AM329_Ventilation</name>
           <model>usa\misc\AM329\AM329.model</model>
        </node>
        <node>
           <name>MP_AM092ASC037MidFront_0_0</name>
           <model>usa\misc\AM092ASC037MidFront\AM092ASC037MidFront.model</model>
        </node>
        <node>
           <name>MP_AM292ASC037MidFront_0_0</name>
           <model>usa\misc\AM292ASC037MidFront\AM292ASC037MidFront.model</model>
        </node>
        <node>
           <name>MP_AM280ASC037MidFront_0_0</name>
           <model>usa\misc\AM280ASC037MidFront\AM280ASC037MidFront.model</model>
        </node>
        <node>
           <name>MP_AM503ASC037MidFront_0_0</name>
           <model>usa\misc\AM503ASC037MidFront\AM503ASC037MidFront.model</model>
        </node>
        <node>
           <name>MP_AM517_Hatch</name>
           <model>usa\misc\AM517\AM517.model</model>
        </node>
        <node>
           <name>MP_AM518_Flag_Box</name>
           <model>usa\misc\AM518\AM518.model</model>
        </node>
        <node>
           <name>MP_AM289_Ventilation</name>
           <model>usa\misc\AM289\AM289.model</model>
        </node>
        <node>
           <name>MP_AM519ASC037MidFront_0_0</name>
           <model>usa\misc\AM519ASC037MidFront\AM519ASC037MidFront.model</model>
        </node>
        <node>
           <name>MP_AM428ASC037MidFront_0_0</name>
           <model>usa\misc\AM428ASC037MidFront\AM428ASC037MidFront.model</model>
        </node>
        <node>
           <name>HP_Smoke_1</name>
           <model>UNKNOWN_ITEM</model>
        </node>
        <node>
           <name>HP_Smoke_2</name>
           <model>UNKNOWN_ITEM</model>
        </node>
        <node>
           <name>HP_Smoke_3</name>
           <model>UNKNOWN_ITEM</model>
        </node>
        <node>
           <name>HP_Fire_Burn_2</name>
           <model>UNKNOWN_ITEM</model>
        </node>
        <node>
           <name>HP_NoseWave_Speed</name>
           <model>UNKNOWN_ITEM</model>
        </node>
    </midfront>
    <midback>
      <model>usa\ship\cruiser\ASC037_Chester_1915\ASC037_Chester_1915_MidBack_ports.model</model>
        <node>
           <name>MP_AM288ASC037MidBack_0_0</name>
           <model>usa\misc\AM288ASC037MidBack\AM288ASC037MidBack.model</model>
        </node>
        <node>
           <name>MP_CM011ASC037MidBack_0_0</name>
           <model>common\misc\CM011ASC037MidBack\CM011ASC037MidBack.model</model>
        </node>
        <node>
           <name>MP_CM012ASC037MidBack_0_0</name>
           <model>common\misc\CM012ASC037MidBack\CM012ASC037MidBack.model</model>
        </node>
        <node>
           <name>MP_AM209ASC037MidBack_0_0</name>
           <model>usa\misc\AM209ASC037MidBack\AM209ASC037MidBack.model</model>
        </node>
        <node>
           <name>MP_AM218ASC037MidBack_0_0</name>
           <model>usa\misc\AM218ASC037MidBack\AM218ASC037MidBack.model</model>
        </node>
        <node>
           <name>MP_AM255_Hatch</name>
           <model>usa\misc\AM255\AM255.model</model>
        </node>
        <node>
           <name>MP_AM347ASC037MidBack_0_0</name>
           <model>usa\misc\AM347ASC037MidBack\AM347ASC037MidBack.model</model>
        </node>
        <node>
           <name>MP_AM327ASC037MidBack_0_0</name>
           <model>usa\misc\AM327ASC037MidBack\AM327ASC037MidBack.model</model>
        </node>
        <node>
           <name>MP_AM329_Ventilation</name>
           <model>usa\misc\AM329\AM329.model</model>
        </node>
        <node>
           <name>MP_AM094ASC037MidBack_0_0</name>
           <model>usa\misc\AM094ASC037MidBack\AM094ASC037MidBack.model</model>
        </node>
        <node>
           <name>MP_AM093_Motor_boat_35ft</name>
           <model>usa\misc\AM093\AM093.model</model>
        </node>
        <node>
           <name>MP_AM292ASC037MidBack_0_0</name>
           <model>usa\misc\AM292ASC037MidBack\AM292ASC037MidBack.model</model>
        </node>
        <node>
           <name>MP_AM503ASC037MidBack_0_0</name>
           <model>usa\misc\AM503ASC037MidBack\AM503ASC037MidBack.model</model>
        </node>
        <node>
           <name>MP_AM516ASC037MidBack_0_0</name>
           <model>usa\misc\AM516ASC037MidBack\AM516ASC037MidBack.model</model>
        </node>
        <node>
           <name>MP_AM517_Hatch</name>
           <model>usa\misc\AM517\AM517.model</model>
        </node>
        <node>
           <name>MP_AM519ASC037MidBack_0_0</name>
           <model>usa\misc\AM519ASC037MidBack\AM519ASC037MidBack.model</model>
        </node>
        <node>
           <name>HP_flag_nation</name>
           <model>usa\misc\AM032\AM032.model</model>
        </node>
        <node>
           <name>HP_Smoke_4</name>
           <model>UNKNOWN_ITEM</model>
        </node>
        <node>
           <name>HP_Fire_Burn_3</name>
           <model>UNKNOWN_ITEM</model>
        </node>
    </midback>
    <stern>
      <model>usa\ship\cruiser\ASC037_Chester_1915\ASC037_Chester_1915_Stern_ports.model</model>
        <node>
           <name>HP_AGM_4</name>
           <model>usa\gun\secondary\AGS139_6in50_MK6\AGS139_6in50_MK6.model</model>
        </node>
        <node>
           <name>HP_AGM_5</name>
           <model>usa\gun\secondary\AGS139_6in50_MK6\AGS139_6in50_MK6.model</model>
        </node>
        <node>
           <name>HP_AGM_6</name>
           <model>usa\gun\secondary\AGS139_6in50_MK6\AGS139_6in50_MK6.model</model>
        </node>
        <node>
           <name>HP_AGS_5</name>
           <model>usa\gun\secondary\AGS141_3in50_Mk4_a\AGS141_3in50_Mk4_a.model</model>
        </node>
        <node>
           <name>HP_AGS_6</name>
           <model>usa\gun\secondary\AGS141_3in50_Mk4_a\AGS141_3in50_Mk4_a.model</model>
        </node>
        <node>
           <name>MP_CM001_Propeller3_L</name>
           <model>common\misc\CM001\CM001.model</model>
        </node>
        <node>
           <name>MP_CM001_Propeller3_L_INDEX_1</name>
           <model>common\misc\CM001\CM001.model</model>
        </node>
        <node>
           <name>MP_CM032_Propeller3_R</name>
           <model>common\misc\CM032\CM032.model</model>
        </node>
        <node>
           <name>MP_CM032_Propeller3_R_INDEX_1</name>
           <model>common\misc\CM032\CM032.model</model>
        </node>
        <node>
           <name>MP_AM225_Searchlight_900mm</name>
           <model>usa\misc\AM225\AM225.model</model>
        </node>
        <node>
           <name>MP_AM218_Hatch</name>
           <model>usa\misc\AM218\AM218.model</model>
        </node>
        <node>
           <name>MP_AM255_Hatch</name>
           <model>usa\misc\AM255\AM255.model</model>
        </node>
        <node>
           <name>MP_AM347ASC037Stern_0_0</name>
           <model>usa\misc\AM347ASC037Stern\AM347ASC037Stern.model</model>
        </node>
        <node>
           <name>MP_AM329_Ventilation</name>
           <model>usa\misc\AM329\AM329.model</model>
        </node>
        <node>
           <name>MP_AM289_Ventilation</name>
           <model>usa\misc\AM289\AM289.model</model>
        </node>
        <node>
           <name>MP_AM292ASC037Stern_0_0</name>
           <model>usa\misc\AM292ASC037Stern\AM292ASC037Stern.model</model>
        </node>
        <node>
           <name>MP_AM280_Signal_Lamp</name>
           <model>usa\misc\AM280\AM280.model</model>
        </node>
        <node>
           <name>MP_AM516_Hatch</name>
           <model>usa\misc\AM516\AM516.model</model>
        </node>
        <node>
           <name>MP_AM515_Hatch</name>
           <model>usa\misc\AM515\AM515.model</model>
        </node>
        <node>
           <name>MP_AM519ASC037Stern_0_0</name>
           <model>usa\misc\AM519ASC037Stern\AM519ASC037Stern.model</model>
        </node>
        <node>
           <name>HP_Fire_Burn_4</name>
           <model>UNKNOWN_ITEM</model>
        </node>
    </stern>
  </sections>
</ASC037_Chester_1915.xml>
