<ASC002_Chester_1908.xml>
  <sections>
    <bow>
      <model>usa\ship\cruiser\ASC002_Chester_1908\ASC002_Chester_1908_bow_ports.model</model>
        <node>
           <name>HP_AGM_1</name>
           <model>usa\gun\secondary\AGS061_5in50_Mk5\AGS061_5in50_Mk5.model</model>
        </node>
        <node>
           <name>MP_AM269ASC002Bow_0_0</name>
           <model>usa\misc\AM269ASC002Bow\AM269ASC002Bow.model</model>
        </node>
        <node>
           <name>MP_AM278_Crane</name>
           <model>usa\misc\AM278\AM278.model</model>
        </node>
        <node>
           <name>MP_CM041ASC002Bow_0_0</name>
           <model>common\misc\CM041ASC002Bow\CM041ASC002Bow.model</model>
        </node>
        <node>
           <name>MP_AM268ASC002Bow_0_0</name>
           <model>usa\misc\AM268ASC002Bow\AM268ASC002Bow.model</model>
        </node>
        <node>
           <name>MP_CM042_Anchor</name>
           <model>common\misc\CM042\CM042.model</model>
        </node>
        <node>
           <name>HP_Fire_Burn_1</name>
           <model>UNKNOWN_ITEM</model>
        </node>
    </bow>
    <midfront>
      <model>usa\ship\cruiser\ASC002_Chester_1908\ASC002_Chester_1908_MidFront_ports.model</model>
        <node>
           <name>HP_AGS_1</name>
           <model>usa\gun\secondary\AGS050_3in50_Mk4\AGS050_3in50_Mk4.model</model>
        </node>
        <node>
           <name>HP_AGS_2</name>
           <model>usa\gun\secondary\AGS050_3in50_Mk4\AGS050_3in50_Mk4.model</model>
        </node>
        <node>
           <name>HP_AGM_2</name>
           <model>usa\gun\secondary\AGS061_5in50_Mk5\AGS061_5in50_Mk5.model</model>
        </node>
        <node>
           <name>HP_AGM_3</name>
           <model>usa\gun\secondary\AGS061_5in50_Mk5\AGS061_5in50_Mk5.model</model>
        </node>
        <node>
           <name>HP_flag_1</name>
           <model>usa\misc\AM032\AM032.model</model>
        </node>
        <node>
           <name>HP_flag_2</name>
           <model>usa\misc\AM032\AM032.model</model>
        </node>
        <node>
           <name>HP_flag_3</name>
           <model>usa\misc\AM032\AM032.model</model>
        </node>
        <node>
           <name>HP_flag_4</name>
           <model>usa\misc\AM032\AM032.model</model>
        </node>
        <node>
           <name>MP_AM225_Searchlight_900mm</name>
           <model>usa\misc\AM225\AM225.model</model>
        </node>
        <node>
           <name>MP_AM072_Ships_bell</name>
           <model>usa\misc\AM072\AM072.model</model>
        </node>
        <node>
           <name>MP_AM269ASC002MidFront_0_0</name>
           <model>usa\misc\AM269ASC002MidFront\AM269ASC002MidFront.model</model>
        </node>
        <node>
           <name>MP_AM264ASC002MidFront_0_0</name>
           <model>usa\misc\AM264ASC002MidFront\AM264ASC002MidFront.model</model>
        </node>
        <node>
           <name>MP_AM267_Ventilation</name>
           <model>usa\misc\AM267\AM267.model</model>
        </node>
        <node>
           <name>MP_CM040_Steering_Wheel</name>
           <model>common\misc\CM040\CM040.model</model>
        </node>
        <node>
           <name>MP_CM030_Swab_Rack_2</name>
           <model>common\misc\CM030\CM030.model</model>
        </node>
        <node>
           <name>MP_CM011ASC002MidFront_0_0</name>
           <model>common\misc\CM011ASC002MidFront\CM011ASC002MidFront.model</model>
        </node>
        <node>
           <name>MP_CM013ASC002MidFront_0_0</name>
           <model>common\misc\CM013ASC002MidFront\CM013ASC002MidFront.model</model>
        </node>
        <node>
           <name>MP_CM012_Fire_Hose_Rack_1</name>
           <model>common\misc\CM012\CM012.model</model>
        </node>
        <node>
           <name>MP_AM263_Ventilation</name>
           <model>usa\misc\AM263\AM263.model</model>
        </node>
        <node>
           <name>MP_AM309_Flag_Box</name>
           <model>usa\misc\AM309\AM309.model</model>
        </node>
        <node>
           <name>MP_AM314ASC002MidFront_0_0</name>
           <model>usa\misc\AM314ASC002MidFront\AM314ASC002MidFront.model</model>
        </node>
        <node>
           <name>MP_AM281ASC002MidFront_0_0</name>
           <model>usa\misc\AM281ASC002MidFront\AM281ASC002MidFront.model</model>
        </node>
        <node>
           <name>MP_AM279_Hatch</name>
           <model>usa\misc\AM279\AM279.model</model>
        </node>
        <node>
           <name>MP_AM268ASC002MidFront_0_0</name>
           <model>usa\misc\AM268ASC002MidFront\AM268ASC002MidFront.model</model>
        </node>
        <node>
           <name>MP_AM272_Telegraph_Engine</name>
           <model>usa\misc\AM272\AM272.model</model>
        </node>
        <node>
           <name>MP_AM274_Turning_Indicator</name>
           <model>usa\misc\AM274\AM274.model</model>
        </node>
        <node>
           <name>MP_AM315_Ventilation</name>
           <model>usa\misc\AM315\AM315.model</model>
        </node>
        <node>
           <name>MP_AM346_Reels</name>
           <model>usa\misc\AM346\AM346.model</model>
        </node>
        <node>
           <name>MP_AM344_Running_Lights_R</name>
           <model>usa\misc\AM344\AM344.model</model>
        </node>
        <node>
           <name>MP_AM345_Runnng_Lights_L</name>
           <model>usa\misc\AM345\AM345.model</model>
        </node>
        <node>
           <name>MP_AM312_Hatch</name>
           <model>usa\misc\AM312\AM312.model</model>
        </node>
        <node>
           <name>MP_AM275ASC002MidFront_0_0</name>
           <model>usa\misc\AM275ASC002MidFront\AM275ASC002MidFront.model</model>
        </node>
        <node>
           <name>MP_AM397ASC002MidFront_0_0</name>
           <model>usa\misc\AM397ASC002MidFront\AM397ASC002MidFront.model</model>
        </node>
        <node>
           <name>MP_AM270ASC002MidFront_0_0</name>
           <model>usa\misc\AM270ASC002MidFront\AM270ASC002MidFront.model</model>
        </node>
        <node>
           <name>MP_AM343ASC002MidFront_0_0</name>
           <model>usa\misc\AM343ASC002MidFront\AM343ASC002MidFront.model</model>
        </node>
        <node>
           <name>MP_AM576ASC002MidFront_0_0</name>
           <model>usa\misc\AM576ASC002MidFront\AM576ASC002MidFront.model</model>
        </node>
        <node>
           <name>MP_AM580ASC002MidFront_0_0</name>
           <model>usa\misc\AM580ASC002MidFront\AM580ASC002MidFront.model</model>
        </node>
        <node>
           <name>MP_AM581ASC002MidFront_0_0</name>
           <model>usa\misc\AM581ASC002MidFront\AM581ASC002MidFront.model</model>
        </node>
        <node>
           <name>MP_AM406ASC002MidFront_0_0</name>
           <model>usa\misc\AM406ASC002MidFront\AM406ASC002MidFront.model</model>
        </node>
        <node>
           <name>HP_Smoke_1</name>
           <model>UNKNOWN_ITEM</model>
        </node>
        <node>
           <name>HP_Smoke_2</name>
           <model>UNKNOWN_ITEM</model>
        </node>
        <node>
           <name>HP_Smoke_3</name>
           <model>UNKNOWN_ITEM</model>
        </node>
        <node>
           <name>HP_Fire_Burn_2</name>
           <model>UNKNOWN_ITEM</model>
        </node>
        <node>
           <name>HP_NoseWave_Speed</name>
           <model>UNKNOWN_ITEM</model>
        </node>
    </midfront>
    <midback>
      <model>usa\ship\cruiser\ASC002_Chester_1908\ASC002_Chester_1908_MidBack_ports.model</model>
        <node>
           <name>MP_AM269ASC002MidBack_0_0</name>
           <model>usa\misc\AM269ASC002MidBack\AM269ASC002MidBack.model</model>
        </node>
        <node>
           <name>MP_AM264ASC002MidBack_0_0</name>
           <model>usa\misc\AM264ASC002MidBack\AM264ASC002MidBack.model</model>
        </node>
        <node>
           <name>MP_AM263ASC002MidBack_0_0</name>
           <model>usa\misc\AM263ASC002MidBack\AM263ASC002MidBack.model</model>
        </node>
        <node>
           <name>MP_CM011ASC002MidBack_0_0</name>
           <model>common\misc\CM011ASC002MidBack\CM011ASC002MidBack.model</model>
        </node>
        <node>
           <name>MP_CM012ASC002MidBack_0_0</name>
           <model>common\misc\CM012ASC002MidBack\CM012ASC002MidBack.model</model>
        </node>
        <node>
           <name>MP_AM267_Ventilation</name>
           <model>usa\misc\AM267\AM267.model</model>
        </node>
        <node>
           <name>MP_AM313ASC002MidBack_0_0</name>
           <model>usa\misc\AM313ASC002MidBack\AM313ASC002MidBack.model</model>
        </node>
        <node>
           <name>MP_AM281ASC002MidBack_0_0</name>
           <model>usa\misc\AM281ASC002MidBack\AM281ASC002MidBack.model</model>
        </node>
        <node>
           <name>MP_AM279ASC002MidBack_0_0</name>
           <model>usa\misc\AM279ASC002MidBack\AM279ASC002MidBack.model</model>
        </node>
        <node>
           <name>MP_AM265_Hatch</name>
           <model>usa\misc\AM265\AM265.model</model>
        </node>
        <node>
           <name>MP_AM268ASC002MidBack_0_0</name>
           <model>usa\misc\AM268ASC002MidBack\AM268ASC002MidBack.model</model>
        </node>
        <node>
           <name>MP_AM311ASC002MidBack_0_0</name>
           <model>usa\misc\AM311ASC002MidBack\AM311ASC002MidBack.model</model>
        </node>
        <node>
           <name>MP_AM312_Hatch</name>
           <model>usa\misc\AM312\AM312.model</model>
        </node>
        <node>
           <name>MP_AM400_Motor_boat_35ft</name>
           <model>usa\misc\AM400\AM400.model</model>
        </node>
        <node>
           <name>MP_AM401ASC002MidBack_0_0</name>
           <model>usa\misc\AM401ASC002MidBack\AM401ASC002MidBack.model</model>
        </node>
        <node>
           <name>MP_AM576ASC002MidBack_0_0</name>
           <model>usa\misc\AM576ASC002MidBack\AM576ASC002MidBack.model</model>
        </node>
        <node>
           <name>HP_flag_nation</name>
           <model>usa\misc\AM032\AM032.model</model>
        </node>
        <node>
           <name>HP_Smoke_4</name>
           <model>UNKNOWN_ITEM</model>
        </node>
        <node>
           <name>HP_Fire_Burn_3</name>
           <model>UNKNOWN_ITEM</model>
        </node>
    </midback>
    <stern>
      <model>usa\ship\cruiser\ASC002_Chester_1908\ASC002_Chester_1908_Stern_ports.model</model>
        <node>
           <name>HP_AGM_4</name>
           <model>usa\gun\secondary\AGS061_5in50_Mk5\AGS061_5in50_Mk5.model</model>
        </node>
        <node>
           <name>HP_AGS_3</name>
           <model>usa\gun\secondary\AGS050_3in50_Mk4\AGS050_3in50_Mk4.model</model>
        </node>
        <node>
           <name>HP_AGS_4</name>
           <model>usa\gun\secondary\AGS050_3in50_Mk4\AGS050_3in50_Mk4.model</model>
        </node>
        <node>
           <name>MP_CM001_Propeller3_L</name>
           <model>common\misc\CM001\CM001.model</model>
        </node>
        <node>
           <name>MP_CM001_Propeller3_L_INDEX_1</name>
           <model>common\misc\CM001\CM001.model</model>
        </node>
        <node>
           <name>MP_CM032_Propeller3_R</name>
           <model>common\misc\CM032\CM032.model</model>
        </node>
        <node>
           <name>MP_CM032_Propeller3_R_INDEX_1</name>
           <model>common\misc\CM032\CM032.model</model>
        </node>
        <node>
           <name>MP_AM225_Searchlight_900mm</name>
           <model>usa\misc\AM225\AM225.model</model>
        </node>
        <node>
           <name>MP_AM269ASC002Stern_0_0</name>
           <model>usa\misc\AM269ASC002Stern\AM269ASC002Stern.model</model>
        </node>
        <node>
           <name>MP_AM267_Ventilation</name>
           <model>usa\misc\AM267\AM267.model</model>
        </node>
        <node>
           <name>MP_AM264ASC002Stern_0_0</name>
           <model>usa\misc\AM264ASC002Stern\AM264ASC002Stern.model</model>
        </node>
        <node>
           <name>MP_AM279_Hatch</name>
           <model>usa\misc\AM279\AM279.model</model>
        </node>
        <node>
           <name>MP_AM265_Hatch</name>
           <model>usa\misc\AM265\AM265.model</model>
        </node>
        <node>
           <name>MP_AM268ASC002Stern_0_0</name>
           <model>usa\misc\AM268ASC002Stern\AM268ASC002Stern.model</model>
        </node>
        <node>
           <name>MP_AM315_Ventilation</name>
           <model>usa\misc\AM315\AM315.model</model>
        </node>
        <node>
           <name>MP_AM310_Hatch</name>
           <model>usa\misc\AM310\AM310.model</model>
        </node>
        <node>
           <name>MP_AM311_Hatch</name>
           <model>usa\misc\AM311\AM311.model</model>
        </node>
        <node>
           <name>MP_AM580_Signal_Lamp</name>
           <model>usa\misc\AM580\AM580.model</model>
        </node>
        <node>
           <name>HP_Fire_Burn_4</name>
           <model>UNKNOWN_ITEM</model>
        </node>
    </stern>
  </sections>
</ASC002_Chester_1908.xml>
